drop table if exists gpa;
drop table if exists gpa;
drop table if exists eleves;
drop table if exists notes_details;
drop table if exists contentieux;

create table eleves (
nom varchar(255),
civil integer,
bac_code varchar(10),
bac_mention varchar(20),
entree_fil varchar(30),
entree_prep varchar(20),
personne_id varchar(50),
primary key (personne_id)
);

create table notes_details (
cycle varchar(9), 
sem varchar(5),
nom varchar(255), 
code_ue varchar(10),
moy_ue float,
grade_gpa float,
grade_ects varchar(2),
credits_ects integer,
session integer
);

create table gpa (
cycle varchar(9),
sem varchar(5),
nom varchar(255),
gpa float,
primary key (cycle, sem, nom)
);

create table contentieux (
cycle varchar(9),
sem varchar(5),
nom varchar(255),
code_ue varchar(10)
);

insert into eleves values ('Maurice Potter', 1, 'S', 'Tres bien', 'etranger', 'MP', 'mpotter');
insert into notes_details values ('2011-2012', 'SEM-5', 'Maurice Potter', 'ALG-1', 11.32, 3.67, 'A', 3, 1);
insert into notes_details values ('2011-2012', 'SEM-5', 'Maurice Potter', 'DPP-1', 11.32, 2.0, 'A', 0, 1);
insert into notes_details values ('2011-2012', 'SEM-5', 'Maurice Potter', 'DPP-1', 11.32, 3.0, 'A', 2, 2);
insert into notes_details values ('2011-2012', 'SEM-5', 'Maurice Potter', 'ELE-1', 11.32, 3.67, 'A', 3, 1);
insert into notes_details values ('2011-2012', 'SEM-5', 'Maurice Potter', 'INP-1', 11.32, 2.67, 'A', 3, 1);
insert into notes_details values ('2011-2012', 'SEM-5', 'Maurice Potter', 'LCI-1', 11.32, 4.0, 'A', 3, 1);
insert into notes_details values ('2011-2012', 'SEM-5', 'Maurice Potter', 'MAT-1', 11.32, 1.33, 'A', 0, 1);
insert into notes_details values ('2011-2012', 'SEM-5', 'Maurice Potter', 'MAT-1', 11.32, 3.67, 'A', 3, 2);
insert into notes_details values ('2011-2012', 'SEM-5', 'Maurice Potter', 'MGP-1', 11.32, 3.67, 'A', 4, 1);
insert into notes_details values ('2011-2012', 'SEM-5', 'Maurice Potter', 'PHO-1', 11.32, 2.67, 'A', 3, 1);
insert into notes_details values ('2011-2012', 'SEM-5', 'Maurice Potter', 'PHQ-1', 11.32, 2.0, 'A', 0, 1);
insert into notes_details values ('2011-2012', 'SEM-5', 'Maurice Potter', 'PHQ-1', 11.32, 3.33, 'A', 3, 2);
insert into notes_details values ('2011-2012', 'SEM-5', 'Maurice Potter', 'SPM-1', 11.32, 2.0, 'A', 0, 1);
insert into notes_details values ('2011-2012', 'SEM-5', 'Maurice Potter', 'SPM-1', 11.32, 4.0, 'A', 3, 2);
insert into notes_details values ('2011-2012', 'SEM-6', 'Maurice Potter', 'DPP-2', 11.32, 3.67, 'A', 1, 1);
insert into notes_details values ('2011-2012', 'SEM-6', 'Maurice Potter', 'EAO-2', 11.32, 3.67, 'A', 3, 1);
insert into notes_details values ('2011-2012', 'SEM-6', 'Maurice Potter', 'ECO-2', 11.32, 3.67, 'A', 3, 1);
insert into notes_details values ('2011-2012', 'SEM-6', 'Maurice Potter', 'LCI-2', 11.32, 1.0, 'A', 0, 1);
insert into notes_details values ('2011-2012', 'SEM-6', 'Maurice Potter', 'LCI-2', 11.32, 2.0, 'A', 3, 99);
insert into notes_details values ('2011-2012', 'SEM-6', 'Maurice Potter', 'MAT-2', 11.32, 4.0, 'A', 2, 1);
insert into notes_details values ('2011-2012', 'SEM-6', 'Maurice Potter', 'MCO-2', 11.32, 3.67, 'A', 2, 1);
insert into notes_details values ('2011-2012', 'SEM-6', 'Maurice Potter', 'MGP-2', 11.32, 3.33, 'A', 4, 1);
insert into notes_details values ('2011-2012', 'SEM-6', 'Maurice Potter', 'PHS-2', 11.32, 1.0, 'A', 0, 1);
insert into notes_details values ('2011-2012', 'SEM-6', 'Maurice Potter', 'PHS-2', 11.32, 3.67, 'A', 2, 2);
insert into notes_details values ('2011-2012', 'SEM-6', 'Maurice Potter', 'PJT-2', 11.32, 2.33, 'A', 0, 1);
insert into notes_details values ('2011-2012', 'SEM-6', 'Maurice Potter', 'PJT-2', 11.32, 3.0, 'A', 1, 2);
insert into notes_details values ('2011-2012', 'SEM-6', 'Maurice Potter', 'RMS-2', 11.32, 1.67, 'A', 0, 1);
insert into notes_details values ('2011-2012', 'SEM-6', 'Maurice Potter', 'RMS-2', 11.32, 3.67, 'A', 4, 2);
insert into notes_details values ('2011-2012', 'SEM-6', 'Maurice Potter', 'STG-2', 11.32, 2.67, 'A', 2, 1);
insert into notes_details values ('2011-2012', 'SEM-6', 'Maurice Potter', 'THS-2', 11.32, 3.67, 'A', 3, 1);
insert into notes_details values ('2012-2013', 'SEM-7', 'Maurice Potter', 'ASL-3', 11.32, 2.33, 'A', 0, 1);
insert into notes_details values ('2012-2013', 'SEM-7', 'Maurice Potter', 'ASL-3', 11.32, 1.0, 'A', 2, 99);
insert into notes_details values ('2012-2013', 'SEM-7', 'Maurice Potter', 'DPP-3', 11.32, 3.33, 'A', 2, 1);
insert into notes_details values ('2012-2013', 'SEM-7', 'Maurice Potter', 'EAO-31', 11.32, 1.67, 'A', 0, 1);
insert into notes_details values ('2012-2013', 'SEM-7', 'Maurice Potter', 'EAO-31', 11.32, 3.67, 'A', 2, 2);
insert into notes_details values ('2012-2013', 'SEM-7', 'Maurice Potter', 'EAO-32', 11.32, 3.0, 'A', 2, 1);
insert into notes_details values ('2012-2013', 'SEM-7', 'Maurice Potter', 'EAO-33', 11.32, 1.67, 'A', 0, 1);
insert into notes_details values ('2012-2013', 'SEM-7', 'Maurice Potter', 'EAO-33', 11.32, 4.0, 'A', 2, 2);
insert into notes_details values ('2012-2013', 'SEM-7', 'Maurice Potter', 'EAO-34', 11.32, 3.33, 'A', 2, 1);
insert into notes_details values ('2012-2013', 'SEM-7', 'Maurice Potter', 'EAO-35', 11.32, 1.33, 'A', 0, 1);
insert into notes_details values ('2012-2013', 'SEM-7', 'Maurice Potter', 'EAO-35', 11.32, 3.33, 'A', 2, 2);
insert into notes_details values ('2012-2013', 'SEM-7', 'Maurice Potter', 'LCI-3', 11.32, 2.33, 'A', 0, 1);
insert into notes_details values ('2012-2013', 'SEM-7', 'Maurice Potter', 'LCI-3', 11.32, 2.67, 'A', 3, 2);
insert into notes_details values ('2012-2013', 'SEM-7', 'Maurice Potter', 'MAT-3', 11.32, 2.0, 'A', 0, 1);
insert into notes_details values ('2012-2013', 'SEM-7', 'Maurice Potter', 'MAT-3', 11.32, 2.33, 'A', 0, 2);
insert into contentieux values ('2012-2013', 'SEM-7', 'Maurice Potter', 'MAT-3');
insert into notes_details values ('2012-2013', 'SEM-7', 'Maurice Potter', 'MNG-3', 11.32, 1.0, 'A', 0, 1);
insert into notes_details values ('2012-2013', 'SEM-7', 'Maurice Potter', 'MNG-3', 11.32, 1.0, 'A', 0, 2);
insert into contentieux values ('2012-2013', 'SEM-7', 'Maurice Potter', 'MNG-3');
insert into notes_details values ('2012-2013', 'SEM-7', 'Maurice Potter', 'PJT-3', 11.32, 2.33, 'A', 0, 1);
insert into notes_details values ('2012-2013', 'SEM-7', 'Maurice Potter', 'PJT-3', 11.32, 1.0, 'A', 0, 2);
insert into contentieux values ('2012-2013', 'SEM-7', 'Maurice Potter', 'PJT-3');
insert into notes_details values ('2012-2013', 'SEM-7', 'Maurice Potter', 'STD-3', 11.32, 2.0, 'A', 0, 1);
insert into notes_details values ('2012-2013', 'SEM-7', 'Maurice Potter', 'STD-3', 11.32, 4.0, 'A', 2, 2);
insert into gpa values ('2011-2012', 'SEM-5', 'Maurice Potter', 3.02);
insert into gpa values ('2011-2012', 'SEM-6', 'Maurice Potter', 3.56);
insert into gpa values ('2012-2013', 'SEM-7', 'Maurice Potter', 2.66);
insert into eleves values ('Sarah Racicot', 1, 'S', 'Tres bien', 'MP', 'MP', 'sracicot');
insert into notes_details values ('2011-2012', 'SEM-5', 'Sarah Racicot', 'ALG-1', 11.32, 4.0, 'A', 3, 1);
insert into notes_details values ('2011-2012', 'SEM-5', 'Sarah Racicot', 'DPP-1', 11.32, 2.67, 'A', 2, 1);
insert into notes_details values ('2011-2012', 'SEM-5', 'Sarah Racicot', 'ELE-1', 11.32, 3.33, 'A', 3, 1);
insert into notes_details values ('2011-2012', 'SEM-5', 'Sarah Racicot', 'INP-1', 11.32, 2.0, 'A', 0, 1);
insert into notes_details values ('2011-2012', 'SEM-5', 'Sarah Racicot', 'INP-1', 11.32, 3.33, 'A', 3, 2);
insert into notes_details values ('2011-2012', 'SEM-5', 'Sarah Racicot', 'LCI-1', 11.32, 3.0, 'A', 3, 1);
insert into notes_details values ('2011-2012', 'SEM-5', 'Sarah Racicot', 'MAT-1', 11.32, 1.33, 'A', 0, 1);
insert into notes_details values ('2011-2012', 'SEM-5', 'Sarah Racicot', 'MAT-1', 11.32, 3.67, 'A', 3, 2);
insert into notes_details values ('2011-2012', 'SEM-5', 'Sarah Racicot', 'MGP-1', 11.32, 3.67, 'A', 4, 1);
insert into notes_details values ('2011-2012', 'SEM-5', 'Sarah Racicot', 'PHO-1', 11.32, 2.67, 'A', 3, 1);
insert into notes_details values ('2011-2012', 'SEM-5', 'Sarah Racicot', 'PHQ-1', 11.32, 4.0, 'A', 3, 1);
insert into notes_details values ('2011-2012', 'SEM-5', 'Sarah Racicot', 'SPM-1', 11.32, 2.67, 'A', 3, 1);
insert into notes_details values ('2011-2012', 'SEM-6', 'Sarah Racicot', 'DPP-2', 11.32, 1.0, 'A', 0, 1);
insert into notes_details values ('2011-2012', 'SEM-6', 'Sarah Racicot', 'DPP-2', 11.32, 4.0, 'A', 1, 2);
insert into notes_details values ('2011-2012', 'SEM-6', 'Sarah Racicot', 'EAO-2', 11.32, 3.33, 'A', 3, 1);
insert into notes_details values ('2011-2012', 'SEM-6', 'Sarah Racicot', 'ECO-2', 11.32, 1.67, 'A', 0, 1);
insert into notes_details values ('2011-2012', 'SEM-6', 'Sarah Racicot', 'ECO-2', 11.32, 3.0, 'A', 3, 2);
insert into notes_details values ('2011-2012', 'SEM-6', 'Sarah Racicot', 'LCI-2', 11.32, 3.0, 'A', 3, 1);
insert into notes_details values ('2011-2012', 'SEM-6', 'Sarah Racicot', 'MAT-2', 11.32, 3.33, 'A', 2, 1);
insert into notes_details values ('2011-2012', 'SEM-6', 'Sarah Racicot', 'MCO-2', 11.32, 2.0, 'A', 0, 1);
insert into notes_details values ('2011-2012', 'SEM-6', 'Sarah Racicot', 'MCO-2', 11.32, 4.0, 'A', 2, 2);
insert into notes_details values ('2011-2012', 'SEM-6', 'Sarah Racicot', 'MGP-2', 11.32, 3.33, 'A', 4, 1);
insert into notes_details values ('2011-2012', 'SEM-6', 'Sarah Racicot', 'PHS-2', 11.32, 2.33, 'A', 0, 1);
insert into notes_details values ('2011-2012', 'SEM-6', 'Sarah Racicot', 'PHS-2', 11.32, 2.0, 'A', 2, 99);
insert into notes_details values ('2011-2012', 'SEM-6', 'Sarah Racicot', 'PJT-2', 11.32, 2.33, 'A', 0, 1);
insert into notes_details values ('2011-2012', 'SEM-6', 'Sarah Racicot', 'PJT-2', 11.32, 3.67, 'A', 1, 2);
insert into notes_details values ('2011-2012', 'SEM-6', 'Sarah Racicot', 'RMS-2', 11.32, 3.67, 'A', 4, 1);
insert into notes_details values ('2011-2012', 'SEM-6', 'Sarah Racicot', 'STG-2', 11.32, 2.67, 'A', 2, 1);
insert into notes_details values ('2011-2012', 'SEM-6', 'Sarah Racicot', 'THS-2', 11.32, 2.67, 'A', 3, 1);
insert into notes_details values ('2012-2013', 'SEM-7', 'Sarah Racicot', 'ASL-3', 11.32, 3.33, 'A', 2, 1);
insert into notes_details values ('2012-2013', 'SEM-7', 'Sarah Racicot', 'DPP-3', 11.32, 1.0, 'A', 0, 1);
insert into notes_details values ('2012-2013', 'SEM-7', 'Sarah Racicot', 'DPP-3', 11.32, 2.33, 'A', 0, 2);
insert into contentieux values ('2012-2013', 'SEM-7', 'Sarah Racicot', 'DPP-3');
insert into notes_details values ('2012-2013', 'SEM-7', 'Sarah Racicot', 'EAO-31', 11.32, 4.0, 'A', 2, 1);
insert into notes_details values ('2012-2013', 'SEM-7', 'Sarah Racicot', 'EAO-32', 11.32, 1.33, 'A', 0, 1);
insert into notes_details values ('2012-2013', 'SEM-7', 'Sarah Racicot', 'EAO-32', 11.32, 2.0, 'A', 0, 2);
insert into contentieux values ('2012-2013', 'SEM-7', 'Sarah Racicot', 'EAO-32');
insert into notes_details values ('2012-2013', 'SEM-7', 'Sarah Racicot', 'EAO-33', 11.32, 2.67, 'A', 2, 1);
insert into notes_details values ('2012-2013', 'SEM-7', 'Sarah Racicot', 'EAO-34', 11.32, 2.0, 'A', 0, 1);
insert into notes_details values ('2012-2013', 'SEM-7', 'Sarah Racicot', 'EAO-34', 11.32, 1.0, 'A', 0, 2);
insert into contentieux values ('2012-2013', 'SEM-7', 'Sarah Racicot', 'EAO-34');
insert into notes_details values ('2012-2013', 'SEM-7', 'Sarah Racicot', 'EAO-35', 11.32, 1.33, 'A', 0, 1);
insert into notes_details values ('2012-2013', 'SEM-7', 'Sarah Racicot', 'EAO-35', 11.32, 1.67, 'A', 0, 2);
insert into contentieux values ('2012-2013', 'SEM-7', 'Sarah Racicot', 'EAO-35');
insert into notes_details values ('2012-2013', 'SEM-7', 'Sarah Racicot', 'LCI-3', 11.32, 1.33, 'A', 0, 1);
insert into notes_details values ('2012-2013', 'SEM-7', 'Sarah Racicot', 'LCI-3', 11.32, 1.33, 'A', 0, 2);
insert into contentieux values ('2012-2013', 'SEM-7', 'Sarah Racicot', 'LCI-3');
insert into notes_details values ('2012-2013', 'SEM-7', 'Sarah Racicot', 'MAT-3', 11.32, 1.33, 'A', 0, 1);
insert into notes_details values ('2012-2013', 'SEM-7', 'Sarah Racicot', 'MAT-3', 11.32, 3.0, 'A', 3, 2);
insert into notes_details values ('2012-2013', 'SEM-7', 'Sarah Racicot', 'MNG-3', 11.32, 3.0, 'A', 3, 1);
insert into notes_details values ('2012-2013', 'SEM-7', 'Sarah Racicot', 'PJT-3', 11.32, 3.0, 'A', 5, 1);
insert into notes_details values ('2012-2013', 'SEM-7', 'Sarah Racicot', 'STD-3', 11.32, 1.67, 'A', 0, 1);
insert into notes_details values ('2012-2013', 'SEM-7', 'Sarah Racicot', 'STD-3', 11.32, 2.0, 'A', 0, 2);
insert into contentieux values ('2012-2013', 'SEM-7', 'Sarah Racicot', 'STD-3');
insert into gpa values ('2011-2012', 'SEM-5', 'Sarah Racicot', 3.96);
insert into gpa values ('2011-2012', 'SEM-6', 'Sarah Racicot', 2.33);
insert into gpa values ('2012-2013', 'SEM-7', 'Sarah Racicot', 2.36);
insert into eleves values ('Florent Deno', 1, 'S', 'Tres bien', 'MP', 'MP', 'fdeno');
insert into notes_details values ('2011-2012', 'SEM-5', 'Florent Deno', 'ALG-1', 11.32, 3.0, 'A', 3, 1);
insert into notes_details values ('2011-2012', 'SEM-5', 'Florent Deno', 'DPP-1', 11.32, 1.33, 'A', 0, 1);
insert into notes_details values ('2011-2012', 'SEM-5', 'Florent Deno', 'DPP-1', 11.32, 3.33, 'A', 2, 2);
insert into notes_details values ('2011-2012', 'SEM-5', 'Florent Deno', 'ELE-1', 11.32, 1.67, 'A', 0, 1);
insert into notes_details values ('2011-2012', 'SEM-5', 'Florent Deno', 'ELE-1', 11.32, 1.33, 'A', 3, 99);
insert into notes_details values ('2011-2012', 'SEM-5', 'Florent Deno', 'INP-1', 11.32, 1.0, 'A', 0, 1);
insert into notes_details values ('2011-2012', 'SEM-5', 'Florent Deno', 'INP-1', 11.32, 3.33, 'A', 3, 2);
insert into notes_details values ('2011-2012', 'SEM-5', 'Florent Deno', 'LCI-1', 11.32, 1.33, 'A', 0, 1);
insert into notes_details values ('2011-2012', 'SEM-5', 'Florent Deno', 'LCI-1', 11.32, 2.33, 'A', 3, 99);
insert into notes_details values ('2011-2012', 'SEM-5', 'Florent Deno', 'MAT-1', 11.32, 2.67, 'A', 3, 1);
insert into notes_details values ('2011-2012', 'SEM-5', 'Florent Deno', 'MGP-1', 11.32, 2.67, 'A', 4, 1);
insert into notes_details values ('2011-2012', 'SEM-5', 'Florent Deno', 'PHO-1', 11.32, 3.0, 'A', 3, 1);
insert into notes_details values ('2011-2012', 'SEM-5', 'Florent Deno', 'PHQ-1', 11.32, 3.67, 'A', 3, 1);
insert into notes_details values ('2011-2012', 'SEM-5', 'Florent Deno', 'SPM-1', 11.32, 2.0, 'A', 0, 1);
insert into notes_details values ('2011-2012', 'SEM-5', 'Florent Deno', 'SPM-1', 11.32, 3.33, 'A', 3, 2);
insert into notes_details values ('2011-2012', 'SEM-6', 'Florent Deno', 'DPP-2', 11.32, 1.67, 'A', 0, 1);
insert into notes_details values ('2011-2012', 'SEM-6', 'Florent Deno', 'DPP-2', 11.32, 2.67, 'A', 1, 2);
insert into notes_details values ('2011-2012', 'SEM-6', 'Florent Deno', 'EAO-2', 11.32, 1.0, 'A', 0, 1);
insert into notes_details values ('2011-2012', 'SEM-6', 'Florent Deno', 'EAO-2', 11.32, 2.67, 'A', 3, 2);
insert into notes_details values ('2011-2012', 'SEM-6', 'Florent Deno', 'ECO-2', 11.32, 2.0, 'A', 0, 1);
insert into notes_details values ('2011-2012', 'SEM-6', 'Florent Deno', 'ECO-2', 11.32, 4.0, 'A', 3, 2);
insert into notes_details values ('2011-2012', 'SEM-6', 'Florent Deno', 'LCI-2', 11.32, 3.67, 'A', 3, 1);
insert into notes_details values ('2011-2012', 'SEM-6', 'Florent Deno', 'MAT-2', 11.32, 2.33, 'A', 0, 1);
insert into notes_details values ('2011-2012', 'SEM-6', 'Florent Deno', 'MAT-2', 11.32, 2.67, 'A', 2, 2);
insert into notes_details values ('2011-2012', 'SEM-6', 'Florent Deno', 'MCO-2', 11.32, 1.0, 'A', 0, 1);
insert into notes_details values ('2011-2012', 'SEM-6', 'Florent Deno', 'MCO-2', 11.32, 2.67, 'A', 2, 2);
insert into notes_details values ('2011-2012', 'SEM-6', 'Florent Deno', 'MGP-2', 11.32, 3.67, 'A', 4, 1);
insert into notes_details values ('2011-2012', 'SEM-6', 'Florent Deno', 'PHS-2', 11.32, 2.33, 'A', 0, 1);
insert into notes_details values ('2011-2012', 'SEM-6', 'Florent Deno', 'PHS-2', 11.32, 2.67, 'A', 2, 2);
insert into notes_details values ('2011-2012', 'SEM-6', 'Florent Deno', 'PJT-2', 11.32, 1.67, 'A', 0, 1);
insert into notes_details values ('2011-2012', 'SEM-6', 'Florent Deno', 'PJT-2', 11.32, 1.0, 'A', 1, 99);
insert into notes_details values ('2011-2012', 'SEM-6', 'Florent Deno', 'RMS-2', 11.32, 1.67, 'A', 0, 1);
insert into notes_details values ('2011-2012', 'SEM-6', 'Florent Deno', 'RMS-2', 11.32, 3.33, 'A', 4, 2);
insert into notes_details values ('2011-2012', 'SEM-6', 'Florent Deno', 'STG-2', 11.32, 2.0, 'A', 0, 1);
insert into notes_details values ('2011-2012', 'SEM-6', 'Florent Deno', 'STG-2', 11.32, 3.33, 'A', 2, 2);
insert into notes_details values ('2011-2012', 'SEM-6', 'Florent Deno', 'THS-2', 11.32, 1.67, 'A', 0, 1);
insert into notes_details values ('2011-2012', 'SEM-6', 'Florent Deno', 'THS-2', 11.32, 3.33, 'A', 3, 2);
insert into notes_details values ('2012-2013', 'SEM-7', 'Florent Deno', 'ASL-3', 11.32, 2.33, 'A', 0, 1);
insert into notes_details values ('2012-2013', 'SEM-7', 'Florent Deno', 'ASL-3', 11.32, 1.67, 'A', 0, 2);
insert into contentieux values ('2012-2013', 'SEM-7', 'Florent Deno', 'ASL-3');
insert into notes_details values ('2012-2013', 'SEM-7', 'Florent Deno', 'DPP-3', 11.32, 2.33, 'A', 0, 1);
insert into notes_details values ('2012-2013', 'SEM-7', 'Florent Deno', 'DPP-3', 11.32, 3.67, 'A', 2, 2);
insert into notes_details values ('2012-2013', 'SEM-7', 'Florent Deno', 'EAO-31', 11.32, 2.33, 'A', 0, 1);
insert into notes_details values ('2012-2013', 'SEM-7', 'Florent Deno', 'EAO-31', 11.32, 1.67, 'A', 2, 99);
insert into notes_details values ('2012-2013', 'SEM-7', 'Florent Deno', 'EAO-32', 11.32, 1.33, 'A', 0, 1);
insert into notes_details values ('2012-2013', 'SEM-7', 'Florent Deno', 'EAO-32', 11.32, 1.33, 'A', 0, 2);
insert into contentieux values ('2012-2013', 'SEM-7', 'Florent Deno', 'EAO-32');
insert into notes_details values ('2012-2013', 'SEM-7', 'Florent Deno', 'EAO-33', 11.32, 3.67, 'A', 2, 1);
insert into notes_details values ('2012-2013', 'SEM-7', 'Florent Deno', 'EAO-34', 11.32, 1.67, 'A', 0, 1);
insert into notes_details values ('2012-2013', 'SEM-7', 'Florent Deno', 'EAO-34', 11.32, 1.67, 'A', 0, 2);
insert into contentieux values ('2012-2013', 'SEM-7', 'Florent Deno', 'EAO-34');
insert into notes_details values ('2012-2013', 'SEM-7', 'Florent Deno', 'EAO-35', 11.32, 1.33, 'A', 0, 1);
insert into notes_details values ('2012-2013', 'SEM-7', 'Florent Deno', 'EAO-35', 11.32, 3.67, 'A', 2, 2);
insert into notes_details values ('2012-2013', 'SEM-7', 'Florent Deno', 'LCI-3', 11.32, 4.0, 'A', 3, 1);
insert into notes_details values ('2012-2013', 'SEM-7', 'Florent Deno', 'MAT-3', 11.32, 1.33, 'A', 0, 1);
insert into notes_details values ('2012-2013', 'SEM-7', 'Florent Deno', 'MAT-3', 11.32, 4.0, 'A', 3, 2);
insert into notes_details values ('2012-2013', 'SEM-7', 'Florent Deno', 'MNG-3', 11.32, 1.0, 'A', 0, 1);
insert into notes_details values ('2012-2013', 'SEM-7', 'Florent Deno', 'MNG-3', 11.32, 3.67, 'A', 3, 2);
insert into notes_details values ('2012-2013', 'SEM-7', 'Florent Deno', 'PJT-3', 11.32, 2.0, 'A', 0, 1);
insert into notes_details values ('2012-2013', 'SEM-7', 'Florent Deno', 'PJT-3', 11.32, 1.67, 'A', 0, 2);
insert into contentieux values ('2012-2013', 'SEM-7', 'Florent Deno', 'PJT-3');
insert into notes_details values ('2012-2013', 'SEM-7', 'Florent Deno', 'STD-3', 11.32, 2.67, 'A', 2, 1);
insert into gpa values ('2011-2012', 'SEM-5', 'Florent Deno', 3.84);
insert into gpa values ('2011-2012', 'SEM-6', 'Florent Deno', 2.98);
insert into gpa values ('2012-2013', 'SEM-7', 'Florent Deno', 3.15);
insert into eleves values ('Marjolaine Domenech', 1, 'S', 'Tres bien', 'MP', 'MP', 'mdomenech');
insert into notes_details values ('2011-2012', 'SEM-5', 'Marjolaine Domenech', 'ALG-1', 11.32, 4.0, 'A', 3, 1);
insert into notes_details values ('2011-2012', 'SEM-5', 'Marjolaine Domenech', 'DPP-1', 11.32, 3.0, 'A', 2, 1);
insert into notes_details values ('2011-2012', 'SEM-5', 'Marjolaine Domenech', 'ELE-1', 11.32, 3.67, 'A', 3, 1);
insert into notes_details values ('2011-2012', 'SEM-5', 'Marjolaine Domenech', 'INP-1', 11.32, 2.33, 'A', 0, 1);
insert into notes_details values ('2011-2012', 'SEM-5', 'Marjolaine Domenech', 'INP-1', 11.32, 3.67, 'A', 3, 2);
insert into notes_details values ('2011-2012', 'SEM-5', 'Marjolaine Domenech', 'LCI-1', 11.32, 2.67, 'A', 3, 1);
insert into notes_details values ('2011-2012', 'SEM-5', 'Marjolaine Domenech', 'MAT-1', 11.32, 2.67, 'A', 3, 1);
insert into notes_details values ('2011-2012', 'SEM-5', 'Marjolaine Domenech', 'MGP-1', 11.32, 3.33, 'A', 4, 1);
insert into notes_details values ('2011-2012', 'SEM-5', 'Marjolaine Domenech', 'PHO-1', 11.32, 3.0, 'A', 3, 1);
insert into notes_details values ('2011-2012', 'SEM-5', 'Marjolaine Domenech', 'PHQ-1', 11.32, 3.67, 'A', 3, 1);
insert into notes_details values ('2011-2012', 'SEM-5', 'Marjolaine Domenech', 'SPM-1', 11.32, 2.67, 'A', 3, 1);
insert into notes_details values ('2011-2012', 'SEM-6', 'Marjolaine Domenech', 'DPP-2', 11.32, 3.33, 'A', 1, 1);
insert into notes_details values ('2011-2012', 'SEM-6', 'Marjolaine Domenech', 'EAO-2', 11.32, 3.67, 'A', 3, 1);
insert into notes_details values ('2011-2012', 'SEM-6', 'Marjolaine Domenech', 'ECO-2', 11.32, 1.67, 'A', 0, 1);
insert into notes_details values ('2011-2012', 'SEM-6', 'Marjolaine Domenech', 'ECO-2', 11.32, 4.0, 'A', 3, 2);
insert into notes_details values ('2011-2012', 'SEM-6', 'Marjolaine Domenech', 'LCI-2', 11.32, 3.0, 'A', 3, 1);
insert into notes_details values ('2011-2012', 'SEM-6', 'Marjolaine Domenech', 'MAT-2', 11.32, 2.0, 'A', 0, 1);
insert into notes_details values ('2011-2012', 'SEM-6', 'Marjolaine Domenech', 'MAT-2', 11.32, 1.67, 'A', 2, 99);
insert into notes_details values ('2011-2012', 'SEM-6', 'Marjolaine Domenech', 'MCO-2', 11.32, 2.33, 'A', 0, 1);
insert into notes_details values ('2011-2012', 'SEM-6', 'Marjolaine Domenech', 'MCO-2', 11.32, 3.67, 'A', 2, 2);
insert into notes_details values ('2011-2012', 'SEM-6', 'Marjolaine Domenech', 'MGP-2', 11.32, 4.0, 'A', 4, 1);
insert into notes_details values ('2011-2012', 'SEM-6', 'Marjolaine Domenech', 'PHS-2', 11.32, 2.67, 'A', 2, 1);
insert into notes_details values ('2011-2012', 'SEM-6', 'Marjolaine Domenech', 'PJT-2', 11.32, 2.0, 'A', 0, 1);
insert into notes_details values ('2011-2012', 'SEM-6', 'Marjolaine Domenech', 'PJT-2', 11.32, 3.67, 'A', 1, 2);
insert into notes_details values ('2011-2012', 'SEM-6', 'Marjolaine Domenech', 'RMS-2', 11.32, 1.67, 'A', 0, 1);
insert into notes_details values ('2011-2012', 'SEM-6', 'Marjolaine Domenech', 'RMS-2', 11.32, 4.0, 'A', 4, 2);
insert into notes_details values ('2011-2012', 'SEM-6', 'Marjolaine Domenech', 'STG-2', 11.32, 4.0, 'A', 2, 1);
insert into notes_details values ('2011-2012', 'SEM-6', 'Marjolaine Domenech', 'THS-2', 11.32, 2.33, 'A', 0, 1);
insert into notes_details values ('2011-2012', 'SEM-6', 'Marjolaine Domenech', 'THS-2', 11.32, 1.67, 'A', 3, 99);
insert into notes_details values ('2012-2013', 'SEM-7', 'Marjolaine Domenech', 'ASL-3', 11.32, 1.33, 'A', 0, 1);
insert into notes_details values ('2012-2013', 'SEM-7', 'Marjolaine Domenech', 'ASL-3', 11.32, 2.33, 'A', 0, 2);
insert into contentieux values ('2012-2013', 'SEM-7', 'Marjolaine Domenech', 'ASL-3');
insert into notes_details values ('2012-2013', 'SEM-7', 'Marjolaine Domenech', 'DPP-3', 11.32, 1.0, 'A', 0, 1);
insert into notes_details values ('2012-2013', 'SEM-7', 'Marjolaine Domenech', 'DPP-3', 11.32, 1.0, 'A', 0, 2);
insert into contentieux values ('2012-2013', 'SEM-7', 'Marjolaine Domenech', 'DPP-3');
insert into notes_details values ('2012-2013', 'SEM-7', 'Marjolaine Domenech', 'EAO-31', 11.32, 2.33, 'A', 0, 1);
insert into notes_details values ('2012-2013', 'SEM-7', 'Marjolaine Domenech', 'EAO-31', 11.32, 1.33, 'A', 2, 99);
insert into notes_details values ('2012-2013', 'SEM-7', 'Marjolaine Domenech', 'EAO-32', 11.32, 1.33, 'A', 0, 1);
insert into notes_details values ('2012-2013', 'SEM-7', 'Marjolaine Domenech', 'EAO-32', 11.32, 2.33, 'A', 0, 2);
insert into contentieux values ('2012-2013', 'SEM-7', 'Marjolaine Domenech', 'EAO-32');
insert into notes_details values ('2012-2013', 'SEM-7', 'Marjolaine Domenech', 'EAO-33', 11.32, 2.67, 'A', 2, 1);
insert into notes_details values ('2012-2013', 'SEM-7', 'Marjolaine Domenech', 'EAO-34', 11.32, 3.67, 'A', 2, 1);
insert into notes_details values ('2012-2013', 'SEM-7', 'Marjolaine Domenech', 'EAO-35', 11.32, 3.33, 'A', 2, 1);
insert into notes_details values ('2012-2013', 'SEM-7', 'Marjolaine Domenech', 'LCI-3', 11.32, 2.33, 'A', 0, 1);
insert into notes_details values ('2012-2013', 'SEM-7', 'Marjolaine Domenech', 'LCI-3', 11.32, 2.0, 'A', 0, 2);
insert into contentieux values ('2012-2013', 'SEM-7', 'Marjolaine Domenech', 'LCI-3');
insert into notes_details values ('2012-2013', 'SEM-7', 'Marjolaine Domenech', 'MAT-3', 11.32, 1.0, 'A', 0, 1);
insert into notes_details values ('2012-2013', 'SEM-7', 'Marjolaine Domenech', 'MAT-3', 11.32, 1.67, 'A', 0, 2);
insert into contentieux values ('2012-2013', 'SEM-7', 'Marjolaine Domenech', 'MAT-3');
insert into notes_details values ('2012-2013', 'SEM-7', 'Marjolaine Domenech', 'MNG-3', 11.32, 2.0, 'A', 0, 1);
insert into notes_details values ('2012-2013', 'SEM-7', 'Marjolaine Domenech', 'MNG-3', 11.32, 2.0, 'A', 0, 2);
insert into contentieux values ('2012-2013', 'SEM-7', 'Marjolaine Domenech', 'MNG-3');
insert into notes_details values ('2012-2013', 'SEM-7', 'Marjolaine Domenech', 'PJT-3', 11.32, 1.67, 'A', 0, 1);
insert into notes_details values ('2012-2013', 'SEM-7', 'Marjolaine Domenech', 'PJT-3', 11.32, 4.0, 'A', 5, 2);
insert into notes_details values ('2012-2013', 'SEM-7', 'Marjolaine Domenech', 'STD-3', 11.32, 4.0, 'A', 2, 1);
insert into gpa values ('2011-2012', 'SEM-5', 'Marjolaine Domenech', 3.51);
insert into gpa values ('2011-2012', 'SEM-6', 'Marjolaine Domenech', 3.08);
insert into gpa values ('2012-2013', 'SEM-7', 'Marjolaine Domenech', 2.3);
insert into eleves values ('Jade Aleatoire', 1, 'S', 'Tres bien', 'MP', 'MP', 'jaleatoire');
insert into notes_details values ('2011-2012', 'SEM-5', 'Jade Aleatoire', 'ALG-1', 11.32, 1.0, 'A', 0, 1);
insert into notes_details values ('2011-2012', 'SEM-5', 'Jade Aleatoire', 'ALG-1', 11.32, 3.67, 'A', 3, 2);
insert into notes_details values ('2011-2012', 'SEM-5', 'Jade Aleatoire', 'DPP-1', 11.32, 2.33, 'A', 0, 1);
insert into notes_details values ('2011-2012', 'SEM-5', 'Jade Aleatoire', 'DPP-1', 11.32, 1.33, 'A', 2, 99);
insert into notes_details values ('2011-2012', 'SEM-5', 'Jade Aleatoire', 'ELE-1', 11.32, 1.0, 'A', 0, 1);
insert into notes_details values ('2011-2012', 'SEM-5', 'Jade Aleatoire', 'ELE-1', 11.32, 3.33, 'A', 3, 2);
insert into notes_details values ('2011-2012', 'SEM-5', 'Jade Aleatoire', 'INP-1', 11.32, 3.67, 'A', 3, 1);
insert into notes_details values ('2011-2012', 'SEM-5', 'Jade Aleatoire', 'LCI-1', 11.32, 3.0, 'A', 3, 1);
insert into notes_details values ('2011-2012', 'SEM-5', 'Jade Aleatoire', 'MAT-1', 11.32, 1.67, 'A', 0, 1);
insert into notes_details values ('2011-2012', 'SEM-5', 'Jade Aleatoire', 'MAT-1', 11.32, 1.33, 'A', 3, 99);
insert into notes_details values ('2011-2012', 'SEM-5', 'Jade Aleatoire', 'MGP-1', 11.32, 1.67, 'A', 0, 1);
insert into notes_details values ('2011-2012', 'SEM-5', 'Jade Aleatoire', 'MGP-1', 11.32, 3.33, 'A', 4, 2);
insert into notes_details values ('2011-2012', 'SEM-5', 'Jade Aleatoire', 'PHO-1', 11.32, 2.67, 'A', 3, 1);
insert into notes_details values ('2011-2012', 'SEM-5', 'Jade Aleatoire', 'PHQ-1', 11.32, 2.67, 'A', 3, 1);
insert into notes_details values ('2011-2012', 'SEM-5', 'Jade Aleatoire', 'SPM-1', 11.32, 4.0, 'A', 3, 1);
insert into notes_details values ('2011-2012', 'SEM-6', 'Jade Aleatoire', 'DPP-2', 11.32, 3.0, 'A', 1, 1);
insert into notes_details values ('2011-2012', 'SEM-6', 'Jade Aleatoire', 'EAO-2', 11.32, 3.67, 'A', 3, 1);
insert into notes_details values ('2011-2012', 'SEM-6', 'Jade Aleatoire', 'ECO-2', 11.32, 3.67, 'A', 3, 1);
insert into notes_details values ('2011-2012', 'SEM-6', 'Jade Aleatoire', 'LCI-2', 11.32, 3.67, 'A', 3, 1);
insert into notes_details values ('2011-2012', 'SEM-6', 'Jade Aleatoire', 'MAT-2', 11.32, 2.33, 'A', 0, 1);
insert into notes_details values ('2011-2012', 'SEM-6', 'Jade Aleatoire', 'MAT-2', 11.32, 3.33, 'A', 2, 2);
insert into notes_details values ('2011-2012', 'SEM-6', 'Jade Aleatoire', 'MCO-2', 11.32, 3.33, 'A', 2, 1);
insert into notes_details values ('2011-2012', 'SEM-6', 'Jade Aleatoire', 'MGP-2', 11.32, 4.0, 'A', 4, 1);
insert into notes_details values ('2011-2012', 'SEM-6', 'Jade Aleatoire', 'PHS-2', 11.32, 1.67, 'A', 0, 1);
insert into notes_details values ('2011-2012', 'SEM-6', 'Jade Aleatoire', 'PHS-2', 11.32, 2.67, 'A', 2, 2);
insert into notes_details values ('2011-2012', 'SEM-6', 'Jade Aleatoire', 'PJT-2', 11.32, 3.33, 'A', 1, 1);
insert into notes_details values ('2011-2012', 'SEM-6', 'Jade Aleatoire', 'RMS-2', 11.32, 3.67, 'A', 4, 1);
insert into notes_details values ('2011-2012', 'SEM-6', 'Jade Aleatoire', 'STG-2', 11.32, 1.67, 'A', 0, 1);
insert into notes_details values ('2011-2012', 'SEM-6', 'Jade Aleatoire', 'STG-2', 11.32, 2.67, 'A', 2, 2);
insert into notes_details values ('2011-2012', 'SEM-6', 'Jade Aleatoire', 'THS-2', 11.32, 3.33, 'A', 3, 1);
insert into notes_details values ('2012-2013', 'SEM-7', 'Jade Aleatoire', 'ASL-3', 11.32, 1.33, 'A', 0, 1);
insert into notes_details values ('2012-2013', 'SEM-7', 'Jade Aleatoire', 'ASL-3', 11.32, 1.33, 'A', 0, 2);
insert into contentieux values ('2012-2013', 'SEM-7', 'Jade Aleatoire', 'ASL-3');
insert into notes_details values ('2012-2013', 'SEM-7', 'Jade Aleatoire', 'DPP-3', 11.32, 3.0, 'A', 2, 1);
insert into notes_details values ('2012-2013', 'SEM-7', 'Jade Aleatoire', 'EAO-31', 11.32, 2.0, 'A', 0, 1);
insert into notes_details values ('2012-2013', 'SEM-7', 'Jade Aleatoire', 'EAO-31', 11.32, 4.0, 'A', 2, 2);
insert into notes_details values ('2012-2013', 'SEM-7', 'Jade Aleatoire', 'EAO-32', 11.32, 2.0, 'A', 0, 1);
insert into notes_details values ('2012-2013', 'SEM-7', 'Jade Aleatoire', 'EAO-32', 11.32, 3.67, 'A', 2, 2);
insert into notes_details values ('2012-2013', 'SEM-7', 'Jade Aleatoire', 'EAO-33', 11.32, 3.33, 'A', 2, 1);
insert into notes_details values ('2012-2013', 'SEM-7', 'Jade Aleatoire', 'EAO-34', 11.32, 1.67, 'A', 0, 1);
insert into notes_details values ('2012-2013', 'SEM-7', 'Jade Aleatoire', 'EAO-34', 11.32, 2.33, 'A', 0, 2);
insert into contentieux values ('2012-2013', 'SEM-7', 'Jade Aleatoire', 'EAO-34');
insert into notes_details values ('2012-2013', 'SEM-7', 'Jade Aleatoire', 'EAO-35', 11.32, 3.33, 'A', 2, 1);
insert into notes_details values ('2012-2013', 'SEM-7', 'Jade Aleatoire', 'LCI-3', 11.32, 2.33, 'A', 0, 1);
insert into notes_details values ('2012-2013', 'SEM-7', 'Jade Aleatoire', 'LCI-3', 11.32, 2.33, 'A', 0, 2);
insert into contentieux values ('2012-2013', 'SEM-7', 'Jade Aleatoire', 'LCI-3');
insert into notes_details values ('2012-2013', 'SEM-7', 'Jade Aleatoire', 'MAT-3', 11.32, 4.0, 'A', 3, 1);
insert into notes_details values ('2012-2013', 'SEM-7', 'Jade Aleatoire', 'MNG-3', 11.32, 3.0, 'A', 3, 1);
insert into notes_details values ('2012-2013', 'SEM-7', 'Jade Aleatoire', 'PJT-3', 11.32, 3.67, 'A', 5, 1);
insert into notes_details values ('2012-2013', 'SEM-7', 'Jade Aleatoire', 'STD-3', 11.32, 2.67, 'A', 2, 1);
insert into gpa values ('2011-2012', 'SEM-5', 'Jade Aleatoire', 3.63);
insert into gpa values ('2011-2012', 'SEM-6', 'Jade Aleatoire', 2.73);
insert into gpa values ('2012-2013', 'SEM-7', 'Jade Aleatoire', 3.72);
insert into eleves values ('Stanley Demers', 1, 'S', 'Tres bien', 'etranger', 'MP', 'sdemers');
insert into notes_details values ('2011-2012', 'SEM-5', 'Stanley Demers', 'ALG-1', 11.32, 1.67, 'A', 0, 1);
insert into notes_details values ('2011-2012', 'SEM-5', 'Stanley Demers', 'ALG-1', 11.32, 4.0, 'A', 3, 2);
insert into notes_details values ('2011-2012', 'SEM-5', 'Stanley Demers', 'DPP-1', 11.32, 1.33, 'A', 0, 1);
insert into notes_details values ('2011-2012', 'SEM-5', 'Stanley Demers', 'DPP-1', 11.32, 3.33, 'A', 2, 2);
insert into notes_details values ('2011-2012', 'SEM-5', 'Stanley Demers', 'ELE-1', 11.32, 4.0, 'A', 3, 1);
insert into notes_details values ('2011-2012', 'SEM-5', 'Stanley Demers', 'INP-1', 11.32, 3.33, 'A', 3, 1);
insert into notes_details values ('2011-2012', 'SEM-5', 'Stanley Demers', 'LCI-1', 11.32, 3.67, 'A', 3, 1);
insert into notes_details values ('2011-2012', 'SEM-5', 'Stanley Demers', 'MAT-1', 11.32, 3.67, 'A', 3, 1);
insert into notes_details values ('2011-2012', 'SEM-5', 'Stanley Demers', 'MGP-1', 11.32, 2.67, 'A', 4, 1);
insert into notes_details values ('2011-2012', 'SEM-5', 'Stanley Demers', 'PHO-1', 11.32, 2.67, 'A', 3, 1);
insert into notes_details values ('2011-2012', 'SEM-5', 'Stanley Demers', 'PHQ-1', 11.32, 1.67, 'A', 0, 1);
insert into notes_details values ('2011-2012', 'SEM-5', 'Stanley Demers', 'PHQ-1', 11.32, 3.33, 'A', 3, 2);
insert into notes_details values ('2011-2012', 'SEM-5', 'Stanley Demers', 'SPM-1', 11.32, 3.0, 'A', 3, 1);
insert into notes_details values ('2011-2012', 'SEM-6', 'Stanley Demers', 'DPP-2', 11.32, 4.0, 'A', 1, 1);
insert into notes_details values ('2011-2012', 'SEM-6', 'Stanley Demers', 'EAO-2', 11.32, 4.0, 'A', 3, 1);
insert into notes_details values ('2011-2012', 'SEM-6', 'Stanley Demers', 'ECO-2', 11.32, 1.33, 'A', 0, 1);
insert into notes_details values ('2011-2012', 'SEM-6', 'Stanley Demers', 'ECO-2', 11.32, 3.67, 'A', 3, 2);
insert into notes_details values ('2011-2012', 'SEM-6', 'Stanley Demers', 'LCI-2', 11.32, 3.67, 'A', 3, 1);
insert into notes_details values ('2011-2012', 'SEM-6', 'Stanley Demers', 'MAT-2', 11.32, 2.33, 'A', 0, 1);
insert into notes_details values ('2011-2012', 'SEM-6', 'Stanley Demers', 'MAT-2', 11.32, 3.33, 'A', 2, 2);
insert into notes_details values ('2011-2012', 'SEM-6', 'Stanley Demers', 'MCO-2', 11.32, 3.33, 'A', 2, 1);
insert into notes_details values ('2011-2012', 'SEM-6', 'Stanley Demers', 'MGP-2', 11.32, 3.0, 'A', 4, 1);
insert into notes_details values ('2011-2012', 'SEM-6', 'Stanley Demers', 'PHS-2', 11.32, 2.0, 'A', 0, 1);
insert into notes_details values ('2011-2012', 'SEM-6', 'Stanley Demers', 'PHS-2', 11.32, 2.67, 'A', 2, 2);
insert into notes_details values ('2011-2012', 'SEM-6', 'Stanley Demers', 'PJT-2', 11.32, 2.0, 'A', 0, 1);
insert into notes_details values ('2011-2012', 'SEM-6', 'Stanley Demers', 'PJT-2', 11.32, 3.0, 'A', 1, 2);
insert into notes_details values ('2011-2012', 'SEM-6', 'Stanley Demers', 'RMS-2', 11.32, 4.0, 'A', 4, 1);
insert into notes_details values ('2011-2012', 'SEM-6', 'Stanley Demers', 'STG-2', 11.32, 3.67, 'A', 2, 1);
insert into notes_details values ('2011-2012', 'SEM-6', 'Stanley Demers', 'THS-2', 11.32, 2.33, 'A', 0, 1);
insert into notes_details values ('2011-2012', 'SEM-6', 'Stanley Demers', 'THS-2', 11.32, 2.33, 'A', 3, 99);
insert into notes_details values ('2012-2013', 'SEM-7', 'Stanley Demers', 'ASL-3', 11.32, 1.0, 'A', 0, 1);
insert into notes_details values ('2012-2013', 'SEM-7', 'Stanley Demers', 'ASL-3', 11.32, 4.0, 'A', 2, 2);
insert into notes_details values ('2012-2013', 'SEM-7', 'Stanley Demers', 'DPP-3', 11.32, 2.33, 'A', 0, 1);
insert into notes_details values ('2012-2013', 'SEM-7', 'Stanley Demers', 'DPP-3', 11.32, 3.67, 'A', 2, 2);
insert into notes_details values ('2012-2013', 'SEM-7', 'Stanley Demers', 'EAO-31', 11.32, 2.33, 'A', 0, 1);
insert into notes_details values ('2012-2013', 'SEM-7', 'Stanley Demers', 'EAO-31', 11.32, 3.67, 'A', 2, 2);
insert into notes_details values ('2012-2013', 'SEM-7', 'Stanley Demers', 'EAO-32', 11.32, 2.0, 'A', 0, 1);
insert into notes_details values ('2012-2013', 'SEM-7', 'Stanley Demers', 'EAO-32', 11.32, 2.33, 'A', 2, 99);
insert into notes_details values ('2012-2013', 'SEM-7', 'Stanley Demers', 'EAO-33', 11.32, 1.33, 'A', 0, 1);
insert into notes_details values ('2012-2013', 'SEM-7', 'Stanley Demers', 'EAO-33', 11.32, 1.33, 'A', 0, 2);
insert into contentieux values ('2012-2013', 'SEM-7', 'Stanley Demers', 'EAO-33');
insert into notes_details values ('2012-2013', 'SEM-7', 'Stanley Demers', 'EAO-34', 11.32, 1.0, 'A', 0, 1);
insert into notes_details values ('2012-2013', 'SEM-7', 'Stanley Demers', 'EAO-34', 11.32, 2.33, 'A', 0, 2);
insert into contentieux values ('2012-2013', 'SEM-7', 'Stanley Demers', 'EAO-34');
insert into notes_details values ('2012-2013', 'SEM-7', 'Stanley Demers', 'EAO-35', 11.32, 1.33, 'A', 0, 1);
insert into notes_details values ('2012-2013', 'SEM-7', 'Stanley Demers', 'EAO-35', 11.32, 2.33, 'A', 2, 99);
insert into notes_details values ('2012-2013', 'SEM-7', 'Stanley Demers', 'LCI-3', 11.32, 2.67, 'A', 3, 1);
insert into notes_details values ('2012-2013', 'SEM-7', 'Stanley Demers', 'MAT-3', 11.32, 3.67, 'A', 3, 1);
insert into notes_details values ('2012-2013', 'SEM-7', 'Stanley Demers', 'MNG-3', 11.32, 4.0, 'A', 3, 1);
insert into notes_details values ('2012-2013', 'SEM-7', 'Stanley Demers', 'PJT-3', 11.32, 2.33, 'A', 0, 1);
insert into notes_details values ('2012-2013', 'SEM-7', 'Stanley Demers', 'PJT-3', 11.32, 2.67, 'A', 5, 2);
insert into notes_details values ('2012-2013', 'SEM-7', 'Stanley Demers', 'STD-3', 11.32, 4.0, 'A', 2, 1);
insert into gpa values ('2011-2012', 'SEM-5', 'Stanley Demers', 2.77);
insert into gpa values ('2011-2012', 'SEM-6', 'Stanley Demers', 2.8);
insert into gpa values ('2012-2013', 'SEM-7', 'Stanley Demers', 2.65);
insert into eleves values ('Theo Francois', 1, 'S', 'Tres bien', 'MP', 'MP', 'tfrancois');
insert into notes_details values ('2011-2012', 'SEM-5', 'Theo Francois', 'ALG-1', 11.32, 3.0, 'A', 3, 1);
insert into notes_details values ('2011-2012', 'SEM-5', 'Theo Francois', 'DPP-1', 11.32, 1.0, 'A', 0, 1);
insert into notes_details values ('2011-2012', 'SEM-5', 'Theo Francois', 'DPP-1', 11.32, 3.33, 'A', 2, 2);
insert into notes_details values ('2011-2012', 'SEM-5', 'Theo Francois', 'ELE-1', 11.32, 3.0, 'A', 3, 1);
insert into notes_details values ('2011-2012', 'SEM-5', 'Theo Francois', 'INP-1', 11.32, 2.33, 'A', 0, 1);
insert into notes_details values ('2011-2012', 'SEM-5', 'Theo Francois', 'INP-1', 11.32, 2.67, 'A', 3, 2);
insert into notes_details values ('2011-2012', 'SEM-5', 'Theo Francois', 'LCI-1', 11.32, 3.0, 'A', 3, 1);
insert into notes_details values ('2011-2012', 'SEM-5', 'Theo Francois', 'MAT-1', 11.32, 3.33, 'A', 3, 1);
insert into notes_details values ('2011-2012', 'SEM-5', 'Theo Francois', 'MGP-1', 11.32, 2.33, 'A', 0, 1);
insert into notes_details values ('2011-2012', 'SEM-5', 'Theo Francois', 'MGP-1', 11.32, 3.0, 'A', 4, 2);
insert into notes_details values ('2011-2012', 'SEM-5', 'Theo Francois', 'PHO-1', 11.32, 1.33, 'A', 0, 1);
insert into notes_details values ('2011-2012', 'SEM-5', 'Theo Francois', 'PHO-1', 11.32, 2.67, 'A', 3, 2);
insert into notes_details values ('2011-2012', 'SEM-5', 'Theo Francois', 'PHQ-1', 11.32, 4.0, 'A', 3, 1);
insert into notes_details values ('2011-2012', 'SEM-5', 'Theo Francois', 'SPM-1', 11.32, 3.0, 'A', 3, 1);
insert into notes_details values ('2011-2012', 'SEM-6', 'Theo Francois', 'DPP-2', 11.32, 4.0, 'A', 1, 1);
insert into notes_details values ('2011-2012', 'SEM-6', 'Theo Francois', 'EAO-2', 11.32, 2.33, 'A', 0, 1);
insert into notes_details values ('2011-2012', 'SEM-6', 'Theo Francois', 'EAO-2', 11.32, 1.67, 'A', 3, 99);
insert into notes_details values ('2011-2012', 'SEM-6', 'Theo Francois', 'ECO-2', 11.32, 2.33, 'A', 0, 1);
insert into notes_details values ('2011-2012', 'SEM-6', 'Theo Francois', 'ECO-2', 11.32, 2.67, 'A', 3, 2);
insert into notes_details values ('2011-2012', 'SEM-6', 'Theo Francois', 'LCI-2', 11.32, 2.0, 'A', 0, 1);
insert into notes_details values ('2011-2012', 'SEM-6', 'Theo Francois', 'LCI-2', 11.32, 3.33, 'A', 3, 2);
insert into notes_details values ('2011-2012', 'SEM-6', 'Theo Francois', 'MAT-2', 11.32, 2.0, 'A', 0, 1);
insert into notes_details values ('2011-2012', 'SEM-6', 'Theo Francois', 'MAT-2', 11.32, 3.67, 'A', 2, 2);
insert into notes_details values ('2011-2012', 'SEM-6', 'Theo Francois', 'MCO-2', 11.32, 2.0, 'A', 0, 1);
insert into notes_details values ('2011-2012', 'SEM-6', 'Theo Francois', 'MCO-2', 11.32, 4.0, 'A', 2, 2);
insert into notes_details values ('2011-2012', 'SEM-6', 'Theo Francois', 'MGP-2', 11.32, 2.67, 'A', 4, 1);
insert into notes_details values ('2011-2012', 'SEM-6', 'Theo Francois', 'PHS-2', 11.32, 3.0, 'A', 2, 1);
insert into notes_details values ('2011-2012', 'SEM-6', 'Theo Francois', 'PJT-2', 11.32, 4.0, 'A', 1, 1);
insert into notes_details values ('2011-2012', 'SEM-6', 'Theo Francois', 'RMS-2', 11.32, 1.0, 'A', 0, 1);
insert into notes_details values ('2011-2012', 'SEM-6', 'Theo Francois', 'RMS-2', 11.32, 4.0, 'A', 4, 2);
insert into notes_details values ('2011-2012', 'SEM-6', 'Theo Francois', 'STG-2', 11.32, 2.0, 'A', 0, 1);
insert into notes_details values ('2011-2012', 'SEM-6', 'Theo Francois', 'STG-2', 11.32, 3.0, 'A', 2, 2);
insert into notes_details values ('2011-2012', 'SEM-6', 'Theo Francois', 'THS-2', 11.32, 3.33, 'A', 3, 1);
insert into notes_details values ('2012-2013', 'SEM-7', 'Theo Francois', 'ASL-3', 11.32, 1.67, 'A', 0, 1);
insert into notes_details values ('2012-2013', 'SEM-7', 'Theo Francois', 'ASL-3', 11.32, 1.67, 'A', 0, 2);
insert into contentieux values ('2012-2013', 'SEM-7', 'Theo Francois', 'ASL-3');
insert into notes_details values ('2012-2013', 'SEM-7', 'Theo Francois', 'DPP-3', 11.32, 2.0, 'A', 0, 1);
insert into notes_details values ('2012-2013', 'SEM-7', 'Theo Francois', 'DPP-3', 11.32, 3.33, 'A', 2, 2);
insert into notes_details values ('2012-2013', 'SEM-7', 'Theo Francois', 'EAO-31', 11.32, 4.0, 'A', 2, 1);
insert into notes_details values ('2012-2013', 'SEM-7', 'Theo Francois', 'EAO-32', 11.32, 2.0, 'A', 0, 1);
insert into notes_details values ('2012-2013', 'SEM-7', 'Theo Francois', 'EAO-32', 11.32, 1.67, 'A', 2, 99);
insert into notes_details values ('2012-2013', 'SEM-7', 'Theo Francois', 'EAO-33', 11.32, 2.0, 'A', 0, 1);
insert into notes_details values ('2012-2013', 'SEM-7', 'Theo Francois', 'EAO-33', 11.32, 1.33, 'A', 2, 99);
insert into notes_details values ('2012-2013', 'SEM-7', 'Theo Francois', 'EAO-34', 11.32, 3.33, 'A', 2, 1);
insert into notes_details values ('2012-2013', 'SEM-7', 'Theo Francois', 'EAO-35', 11.32, 1.67, 'A', 0, 1);
insert into notes_details values ('2012-2013', 'SEM-7', 'Theo Francois', 'EAO-35', 11.32, 2.33, 'A', 2, 99);
insert into notes_details values ('2012-2013', 'SEM-7', 'Theo Francois', 'LCI-3', 11.32, 1.67, 'A', 0, 1);
insert into notes_details values ('2012-2013', 'SEM-7', 'Theo Francois', 'LCI-3', 11.32, 4.0, 'A', 3, 2);
insert into notes_details values ('2012-2013', 'SEM-7', 'Theo Francois', 'MAT-3', 11.32, 4.0, 'A', 3, 1);
insert into notes_details values ('2012-2013', 'SEM-7', 'Theo Francois', 'MNG-3', 11.32, 2.0, 'A', 0, 1);
insert into notes_details values ('2012-2013', 'SEM-7', 'Theo Francois', 'MNG-3', 11.32, 1.0, 'A', 3, 99);
insert into notes_details values ('2012-2013', 'SEM-7', 'Theo Francois', 'PJT-3', 11.32, 2.67, 'A', 5, 1);
insert into notes_details values ('2012-2013', 'SEM-7', 'Theo Francois', 'STD-3', 11.32, 1.0, 'A', 0, 1);
insert into notes_details values ('2012-2013', 'SEM-7', 'Theo Francois', 'STD-3', 11.32, 3.0, 'A', 2, 2);
insert into gpa values ('2011-2012', 'SEM-5', 'Theo Francois', 2.03);
insert into gpa values ('2011-2012', 'SEM-6', 'Theo Francois', 3.13);
insert into gpa values ('2012-2013', 'SEM-7', 'Theo Francois', 3.12);
insert into eleves values ('Nicolas Lefebvre', 1, 'S', 'Tres bien', 'MP', 'MP', 'nlefebvre');
insert into notes_details values ('2011-2012', 'SEM-5', 'Nicolas Lefebvre', 'ALG-1', 11.32, 3.0, 'A', 3, 1);
insert into notes_details values ('2011-2012', 'SEM-5', 'Nicolas Lefebvre', 'DPP-1', 11.32, 2.33, 'A', 0, 1);
insert into notes_details values ('2011-2012', 'SEM-5', 'Nicolas Lefebvre', 'DPP-1', 11.32, 3.67, 'A', 2, 2);
insert into notes_details values ('2011-2012', 'SEM-5', 'Nicolas Lefebvre', 'ELE-1', 11.32, 2.0, 'A', 0, 1);
insert into notes_details values ('2011-2012', 'SEM-5', 'Nicolas Lefebvre', 'ELE-1', 11.32, 2.33, 'A', 3, 99);
insert into notes_details values ('2011-2012', 'SEM-5', 'Nicolas Lefebvre', 'INP-1', 11.32, 3.67, 'A', 3, 1);
insert into notes_details values ('2011-2012', 'SEM-5', 'Nicolas Lefebvre', 'LCI-1', 11.32, 3.67, 'A', 3, 1);
insert into notes_details values ('2011-2012', 'SEM-5', 'Nicolas Lefebvre', 'MAT-1', 11.32, 2.0, 'A', 0, 1);
insert into notes_details values ('2011-2012', 'SEM-5', 'Nicolas Lefebvre', 'MAT-1', 11.32, 2.0, 'A', 3, 99);
insert into notes_details values ('2011-2012', 'SEM-5', 'Nicolas Lefebvre', 'MGP-1', 11.32, 3.67, 'A', 4, 1);
insert into notes_details values ('2011-2012', 'SEM-5', 'Nicolas Lefebvre', 'PHO-1', 11.32, 3.67, 'A', 3, 1);
insert into notes_details values ('2011-2012', 'SEM-5', 'Nicolas Lefebvre', 'PHQ-1', 11.32, 3.0, 'A', 3, 1);
insert into notes_details values ('2011-2012', 'SEM-5', 'Nicolas Lefebvre', 'SPM-1', 11.32, 2.0, 'A', 0, 1);
insert into notes_details values ('2011-2012', 'SEM-5', 'Nicolas Lefebvre', 'SPM-1', 11.32, 1.0, 'A', 3, 99);
insert into notes_details values ('2011-2012', 'SEM-6', 'Nicolas Lefebvre', 'DPP-2', 11.32, 3.33, 'A', 1, 1);
insert into notes_details values ('2011-2012', 'SEM-6', 'Nicolas Lefebvre', 'EAO-2', 11.32, 2.33, 'A', 0, 1);
insert into notes_details values ('2011-2012', 'SEM-6', 'Nicolas Lefebvre', 'EAO-2', 11.32, 2.67, 'A', 3, 2);
insert into notes_details values ('2011-2012', 'SEM-6', 'Nicolas Lefebvre', 'ECO-2', 11.32, 3.67, 'A', 3, 1);
insert into notes_details values ('2011-2012', 'SEM-6', 'Nicolas Lefebvre', 'LCI-2', 11.32, 3.33, 'A', 3, 1);
insert into notes_details values ('2011-2012', 'SEM-6', 'Nicolas Lefebvre', 'MAT-2', 11.32, 2.33, 'A', 0, 1);
insert into notes_details values ('2011-2012', 'SEM-6', 'Nicolas Lefebvre', 'MAT-2', 11.32, 3.0, 'A', 2, 2);
insert into notes_details values ('2011-2012', 'SEM-6', 'Nicolas Lefebvre', 'MCO-2', 11.32, 2.67, 'A', 2, 1);
insert into notes_details values ('2011-2012', 'SEM-6', 'Nicolas Lefebvre', 'MGP-2', 11.32, 1.33, 'A', 0, 1);
insert into notes_details values ('2011-2012', 'SEM-6', 'Nicolas Lefebvre', 'MGP-2', 11.32, 2.67, 'A', 4, 2);
insert into notes_details values ('2011-2012', 'SEM-6', 'Nicolas Lefebvre', 'PHS-2', 11.32, 1.33, 'A', 0, 1);
insert into notes_details values ('2011-2012', 'SEM-6', 'Nicolas Lefebvre', 'PHS-2', 11.32, 2.67, 'A', 2, 2);
insert into notes_details values ('2011-2012', 'SEM-6', 'Nicolas Lefebvre', 'PJT-2', 11.32, 2.67, 'A', 1, 1);
insert into notes_details values ('2011-2012', 'SEM-6', 'Nicolas Lefebvre', 'RMS-2', 11.32, 4.0, 'A', 4, 1);
insert into notes_details values ('2011-2012', 'SEM-6', 'Nicolas Lefebvre', 'STG-2', 11.32, 2.67, 'A', 2, 1);
insert into notes_details values ('2011-2012', 'SEM-6', 'Nicolas Lefebvre', 'THS-2', 11.32, 3.67, 'A', 3, 1);
insert into notes_details values ('2012-2013', 'SEM-7', 'Nicolas Lefebvre', 'ASL-3', 11.32, 4.0, 'A', 2, 1);
insert into notes_details values ('2012-2013', 'SEM-7', 'Nicolas Lefebvre', 'DPP-3', 11.32, 3.0, 'A', 2, 1);
insert into notes_details values ('2012-2013', 'SEM-7', 'Nicolas Lefebvre', 'EAO-31', 11.32, 1.67, 'A', 0, 1);
insert into notes_details values ('2012-2013', 'SEM-7', 'Nicolas Lefebvre', 'EAO-31', 11.32, 4.0, 'A', 2, 2);
insert into notes_details values ('2012-2013', 'SEM-7', 'Nicolas Lefebvre', 'EAO-32', 11.32, 3.67, 'A', 2, 1);
insert into notes_details values ('2012-2013', 'SEM-7', 'Nicolas Lefebvre', 'EAO-33', 11.32, 1.67, 'A', 0, 1);
insert into notes_details values ('2012-2013', 'SEM-7', 'Nicolas Lefebvre', 'EAO-33', 11.32, 2.33, 'A', 2, 99);
insert into notes_details values ('2012-2013', 'SEM-7', 'Nicolas Lefebvre', 'EAO-34', 11.32, 2.0, 'A', 0, 1);
insert into notes_details values ('2012-2013', 'SEM-7', 'Nicolas Lefebvre', 'EAO-34', 11.32, 2.33, 'A', 0, 2);
insert into contentieux values ('2012-2013', 'SEM-7', 'Nicolas Lefebvre', 'EAO-34');
insert into notes_details values ('2012-2013', 'SEM-7', 'Nicolas Lefebvre', 'EAO-35', 11.32, 3.0, 'A', 2, 1);
insert into notes_details values ('2012-2013', 'SEM-7', 'Nicolas Lefebvre', 'LCI-3', 11.32, 2.0, 'A', 0, 1);
insert into notes_details values ('2012-2013', 'SEM-7', 'Nicolas Lefebvre', 'LCI-3', 11.32, 3.67, 'A', 3, 2);
insert into notes_details values ('2012-2013', 'SEM-7', 'Nicolas Lefebvre', 'MAT-3', 11.32, 1.67, 'A', 0, 1);
insert into notes_details values ('2012-2013', 'SEM-7', 'Nicolas Lefebvre', 'MAT-3', 11.32, 3.67, 'A', 3, 2);
insert into notes_details values ('2012-2013', 'SEM-7', 'Nicolas Lefebvre', 'MNG-3', 11.32, 1.67, 'A', 0, 1);
insert into notes_details values ('2012-2013', 'SEM-7', 'Nicolas Lefebvre', 'MNG-3', 11.32, 1.33, 'A', 0, 2);
insert into contentieux values ('2012-2013', 'SEM-7', 'Nicolas Lefebvre', 'MNG-3');
insert into notes_details values ('2012-2013', 'SEM-7', 'Nicolas Lefebvre', 'PJT-3', 11.32, 2.0, 'A', 0, 1);
insert into notes_details values ('2012-2013', 'SEM-7', 'Nicolas Lefebvre', 'PJT-3', 11.32, 1.33, 'A', 5, 99);
insert into notes_details values ('2012-2013', 'SEM-7', 'Nicolas Lefebvre', 'STD-3', 11.32, 2.67, 'A', 2, 1);
insert into gpa values ('2011-2012', 'SEM-5', 'Nicolas Lefebvre', 2.82);
insert into gpa values ('2011-2012', 'SEM-6', 'Nicolas Lefebvre', 2.01);
insert into gpa values ('2012-2013', 'SEM-7', 'Nicolas Lefebvre', 2.44);
insert into eleves values ('Cyrille Henry', 1, 'S', 'Tres bien', 'MP', 'MP', 'chenry');
insert into notes_details values ('2011-2012', 'SEM-5', 'Cyrille Henry', 'ALG-1', 11.32, 2.0, 'A', 0, 1);
insert into notes_details values ('2011-2012', 'SEM-5', 'Cyrille Henry', 'ALG-1', 11.32, 2.0, 'A', 3, 99);
insert into notes_details values ('2011-2012', 'SEM-5', 'Cyrille Henry', 'DPP-1', 11.32, 2.33, 'A', 0, 1);
insert into notes_details values ('2011-2012', 'SEM-5', 'Cyrille Henry', 'DPP-1', 11.32, 2.67, 'A', 2, 2);
insert into notes_details values ('2011-2012', 'SEM-5', 'Cyrille Henry', 'ELE-1', 11.32, 2.33, 'A', 0, 1);
insert into notes_details values ('2011-2012', 'SEM-5', 'Cyrille Henry', 'ELE-1', 11.32, 2.67, 'A', 3, 2);
insert into notes_details values ('2011-2012', 'SEM-5', 'Cyrille Henry', 'INP-1', 11.32, 2.0, 'A', 0, 1);
insert into notes_details values ('2011-2012', 'SEM-5', 'Cyrille Henry', 'INP-1', 11.32, 3.0, 'A', 3, 2);
insert into notes_details values ('2011-2012', 'SEM-5', 'Cyrille Henry', 'LCI-1', 11.32, 2.0, 'A', 0, 1);
insert into notes_details values ('2011-2012', 'SEM-5', 'Cyrille Henry', 'LCI-1', 11.32, 2.33, 'A', 3, 99);
insert into notes_details values ('2011-2012', 'SEM-5', 'Cyrille Henry', 'MAT-1', 11.32, 1.33, 'A', 0, 1);
insert into notes_details values ('2011-2012', 'SEM-5', 'Cyrille Henry', 'MAT-1', 11.32, 1.0, 'A', 3, 99);
insert into notes_details values ('2011-2012', 'SEM-5', 'Cyrille Henry', 'MGP-1', 11.32, 3.0, 'A', 4, 1);
insert into notes_details values ('2011-2012', 'SEM-5', 'Cyrille Henry', 'PHO-1', 11.32, 1.33, 'A', 0, 1);
insert into notes_details values ('2011-2012', 'SEM-5', 'Cyrille Henry', 'PHO-1', 11.32, 3.0, 'A', 3, 2);
insert into notes_details values ('2011-2012', 'SEM-5', 'Cyrille Henry', 'PHQ-1', 11.32, 1.0, 'A', 0, 1);
insert into notes_details values ('2011-2012', 'SEM-5', 'Cyrille Henry', 'PHQ-1', 11.32, 4.0, 'A', 3, 2);
insert into notes_details values ('2011-2012', 'SEM-5', 'Cyrille Henry', 'SPM-1', 11.32, 1.0, 'A', 0, 1);
insert into notes_details values ('2011-2012', 'SEM-5', 'Cyrille Henry', 'SPM-1', 11.32, 3.67, 'A', 3, 2);
insert into notes_details values ('2011-2012', 'SEM-6', 'Cyrille Henry', 'DPP-2', 11.32, 3.0, 'A', 1, 1);
insert into notes_details values ('2011-2012', 'SEM-6', 'Cyrille Henry', 'EAO-2', 11.32, 3.67, 'A', 3, 1);
insert into notes_details values ('2011-2012', 'SEM-6', 'Cyrille Henry', 'ECO-2', 11.32, 3.0, 'A', 3, 1);
insert into notes_details values ('2011-2012', 'SEM-6', 'Cyrille Henry', 'LCI-2', 11.32, 1.67, 'A', 0, 1);
insert into notes_details values ('2011-2012', 'SEM-6', 'Cyrille Henry', 'LCI-2', 11.32, 3.33, 'A', 3, 2);
insert into notes_details values ('2011-2012', 'SEM-6', 'Cyrille Henry', 'MAT-2', 11.32, 3.67, 'A', 2, 1);
insert into notes_details values ('2011-2012', 'SEM-6', 'Cyrille Henry', 'MCO-2', 11.32, 2.33, 'A', 0, 1);
insert into notes_details values ('2011-2012', 'SEM-6', 'Cyrille Henry', 'MCO-2', 11.32, 3.0, 'A', 2, 2);
insert into notes_details values ('2011-2012', 'SEM-6', 'Cyrille Henry', 'MGP-2', 11.32, 2.67, 'A', 4, 1);
insert into notes_details values ('2011-2012', 'SEM-6', 'Cyrille Henry', 'PHS-2', 11.32, 1.67, 'A', 0, 1);
insert into notes_details values ('2011-2012', 'SEM-6', 'Cyrille Henry', 'PHS-2', 11.32, 4.0, 'A', 2, 2);
insert into notes_details values ('2011-2012', 'SEM-6', 'Cyrille Henry', 'PJT-2', 11.32, 2.67, 'A', 1, 1);
insert into notes_details values ('2011-2012', 'SEM-6', 'Cyrille Henry', 'RMS-2', 11.32, 1.0, 'A', 0, 1);
insert into notes_details values ('2011-2012', 'SEM-6', 'Cyrille Henry', 'RMS-2', 11.32, 3.0, 'A', 4, 2);
insert into notes_details values ('2011-2012', 'SEM-6', 'Cyrille Henry', 'STG-2', 11.32, 3.0, 'A', 2, 1);
insert into notes_details values ('2011-2012', 'SEM-6', 'Cyrille Henry', 'THS-2', 11.32, 2.67, 'A', 3, 1);
insert into notes_details values ('2012-2013', 'SEM-7', 'Cyrille Henry', 'ASL-3', 11.32, 2.67, 'A', 2, 1);
insert into notes_details values ('2012-2013', 'SEM-7', 'Cyrille Henry', 'DPP-3', 11.32, 2.0, 'A', 0, 1);
insert into notes_details values ('2012-2013', 'SEM-7', 'Cyrille Henry', 'DPP-3', 11.32, 2.0, 'A', 0, 2);
insert into contentieux values ('2012-2013', 'SEM-7', 'Cyrille Henry', 'DPP-3');
insert into notes_details values ('2012-2013', 'SEM-7', 'Cyrille Henry', 'EAO-31', 11.32, 2.33, 'A', 0, 1);
insert into notes_details values ('2012-2013', 'SEM-7', 'Cyrille Henry', 'EAO-31', 11.32, 1.0, 'A', 0, 2);
insert into contentieux values ('2012-2013', 'SEM-7', 'Cyrille Henry', 'EAO-31');
insert into notes_details values ('2012-2013', 'SEM-7', 'Cyrille Henry', 'EAO-32', 11.32, 2.33, 'A', 0, 1);
insert into notes_details values ('2012-2013', 'SEM-7', 'Cyrille Henry', 'EAO-32', 11.32, 2.33, 'A', 2, 99);
insert into notes_details values ('2012-2013', 'SEM-7', 'Cyrille Henry', 'EAO-33', 11.32, 1.0, 'A', 0, 1);
insert into notes_details values ('2012-2013', 'SEM-7', 'Cyrille Henry', 'EAO-33', 11.32, 1.33, 'A', 0, 2);
insert into contentieux values ('2012-2013', 'SEM-7', 'Cyrille Henry', 'EAO-33');
insert into notes_details values ('2012-2013', 'SEM-7', 'Cyrille Henry', 'EAO-34', 11.32, 2.0, 'A', 0, 1);
insert into notes_details values ('2012-2013', 'SEM-7', 'Cyrille Henry', 'EAO-34', 11.32, 2.33, 'A', 0, 2);
insert into contentieux values ('2012-2013', 'SEM-7', 'Cyrille Henry', 'EAO-34');
insert into notes_details values ('2012-2013', 'SEM-7', 'Cyrille Henry', 'EAO-35', 11.32, 2.33, 'A', 0, 1);
insert into notes_details values ('2012-2013', 'SEM-7', 'Cyrille Henry', 'EAO-35', 11.32, 1.33, 'A', 0, 2);
insert into contentieux values ('2012-2013', 'SEM-7', 'Cyrille Henry', 'EAO-35');
insert into notes_details values ('2012-2013', 'SEM-7', 'Cyrille Henry', 'LCI-3', 11.32, 3.33, 'A', 3, 1);
insert into notes_details values ('2012-2013', 'SEM-7', 'Cyrille Henry', 'MAT-3', 11.32, 3.0, 'A', 3, 1);
insert into notes_details values ('2012-2013', 'SEM-7', 'Cyrille Henry', 'MNG-3', 11.32, 1.33, 'A', 0, 1);
insert into notes_details values ('2012-2013', 'SEM-7', 'Cyrille Henry', 'MNG-3', 11.32, 2.33, 'A', 0, 2);
insert into contentieux values ('2012-2013', 'SEM-7', 'Cyrille Henry', 'MNG-3');
insert into notes_details values ('2012-2013', 'SEM-7', 'Cyrille Henry', 'PJT-3', 11.32, 3.0, 'A', 5, 1);
insert into notes_details values ('2012-2013', 'SEM-7', 'Cyrille Henry', 'STD-3', 11.32, 2.33, 'A', 0, 1);
insert into notes_details values ('2012-2013', 'SEM-7', 'Cyrille Henry', 'STD-3', 11.32, 3.67, 'A', 2, 2);
insert into gpa values ('2011-2012', 'SEM-5', 'Cyrille Henry', 3.37);
insert into gpa values ('2011-2012', 'SEM-6', 'Cyrille Henry', 3.33);
insert into gpa values ('2012-2013', 'SEM-7', 'Cyrille Henry', 2.68);
insert into eleves values ('Searlas Loiseau', 1, 'S', 'Tres bien', 'MP', 'MP', 'sloiseau');
insert into notes_details values ('2011-2012', 'SEM-5', 'Searlas Loiseau', 'ALG-1', 11.32, 4.0, 'A', 3, 1);
insert into notes_details values ('2011-2012', 'SEM-5', 'Searlas Loiseau', 'DPP-1', 11.32, 1.0, 'A', 0, 1);
insert into notes_details values ('2011-2012', 'SEM-5', 'Searlas Loiseau', 'DPP-1', 11.32, 3.0, 'A', 2, 2);
insert into notes_details values ('2011-2012', 'SEM-5', 'Searlas Loiseau', 'ELE-1', 11.32, 3.33, 'A', 3, 1);
insert into notes_details values ('2011-2012', 'SEM-5', 'Searlas Loiseau', 'INP-1', 11.32, 2.33, 'A', 0, 1);
insert into notes_details values ('2011-2012', 'SEM-5', 'Searlas Loiseau', 'INP-1', 11.32, 3.33, 'A', 3, 2);
insert into notes_details values ('2011-2012', 'SEM-5', 'Searlas Loiseau', 'LCI-1', 11.32, 1.33, 'A', 0, 1);
insert into notes_details values ('2011-2012', 'SEM-5', 'Searlas Loiseau', 'LCI-1', 11.32, 2.67, 'A', 3, 2);
insert into notes_details values ('2011-2012', 'SEM-5', 'Searlas Loiseau', 'MAT-1', 11.32, 1.67, 'A', 0, 1);
insert into notes_details values ('2011-2012', 'SEM-5', 'Searlas Loiseau', 'MAT-1', 11.32, 3.0, 'A', 3, 2);
insert into notes_details values ('2011-2012', 'SEM-5', 'Searlas Loiseau', 'MGP-1', 11.32, 1.0, 'A', 0, 1);
insert into notes_details values ('2011-2012', 'SEM-5', 'Searlas Loiseau', 'MGP-1', 11.32, 1.0, 'A', 4, 99);
insert into notes_details values ('2011-2012', 'SEM-5', 'Searlas Loiseau', 'PHO-1', 11.32, 4.0, 'A', 3, 1);
insert into notes_details values ('2011-2012', 'SEM-5', 'Searlas Loiseau', 'PHQ-1', 11.32, 1.0, 'A', 0, 1);
insert into notes_details values ('2011-2012', 'SEM-5', 'Searlas Loiseau', 'PHQ-1', 11.32, 4.0, 'A', 3, 2);
insert into notes_details values ('2011-2012', 'SEM-5', 'Searlas Loiseau', 'SPM-1', 11.32, 4.0, 'A', 3, 1);
insert into notes_details values ('2011-2012', 'SEM-6', 'Searlas Loiseau', 'DPP-2', 11.32, 2.0, 'A', 0, 1);
insert into notes_details values ('2011-2012', 'SEM-6', 'Searlas Loiseau', 'DPP-2', 11.32, 3.0, 'A', 1, 2);
insert into notes_details values ('2011-2012', 'SEM-6', 'Searlas Loiseau', 'EAO-2', 11.32, 4.0, 'A', 3, 1);
insert into notes_details values ('2011-2012', 'SEM-6', 'Searlas Loiseau', 'ECO-2', 11.32, 4.0, 'A', 3, 1);
insert into notes_details values ('2011-2012', 'SEM-6', 'Searlas Loiseau', 'LCI-2', 11.32, 2.33, 'A', 0, 1);
insert into notes_details values ('2011-2012', 'SEM-6', 'Searlas Loiseau', 'LCI-2', 11.32, 3.33, 'A', 3, 2);
insert into notes_details values ('2011-2012', 'SEM-6', 'Searlas Loiseau', 'MAT-2', 11.32, 2.0, 'A', 0, 1);
insert into notes_details values ('2011-2012', 'SEM-6', 'Searlas Loiseau', 'MAT-2', 11.32, 1.67, 'A', 2, 99);
insert into notes_details values ('2011-2012', 'SEM-6', 'Searlas Loiseau', 'MCO-2', 11.32, 2.33, 'A', 0, 1);
insert into notes_details values ('2011-2012', 'SEM-6', 'Searlas Loiseau', 'MCO-2', 11.32, 3.67, 'A', 2, 2);
insert into notes_details values ('2011-2012', 'SEM-6', 'Searlas Loiseau', 'MGP-2', 11.32, 4.0, 'A', 4, 1);
insert into notes_details values ('2011-2012', 'SEM-6', 'Searlas Loiseau', 'PHS-2', 11.32, 2.0, 'A', 0, 1);
insert into notes_details values ('2011-2012', 'SEM-6', 'Searlas Loiseau', 'PHS-2', 11.32, 1.33, 'A', 2, 99);
insert into notes_details values ('2011-2012', 'SEM-6', 'Searlas Loiseau', 'PJT-2', 11.32, 2.0, 'A', 0, 1);
insert into notes_details values ('2011-2012', 'SEM-6', 'Searlas Loiseau', 'PJT-2', 11.32, 2.67, 'A', 1, 2);
insert into notes_details values ('2011-2012', 'SEM-6', 'Searlas Loiseau', 'RMS-2', 11.32, 3.33, 'A', 4, 1);
insert into notes_details values ('2011-2012', 'SEM-6', 'Searlas Loiseau', 'STG-2', 11.32, 1.33, 'A', 0, 1);
insert into notes_details values ('2011-2012', 'SEM-6', 'Searlas Loiseau', 'STG-2', 11.32, 3.33, 'A', 2, 2);
insert into notes_details values ('2011-2012', 'SEM-6', 'Searlas Loiseau', 'THS-2', 11.32, 3.67, 'A', 3, 1);
insert into notes_details values ('2012-2013', 'SEM-7', 'Searlas Loiseau', 'ASL-3', 11.32, 3.0, 'A', 2, 1);
insert into notes_details values ('2012-2013', 'SEM-7', 'Searlas Loiseau', 'DPP-3', 11.32, 2.0, 'A', 0, 1);
insert into notes_details values ('2012-2013', 'SEM-7', 'Searlas Loiseau', 'DPP-3', 11.32, 2.0, 'A', 0, 2);
insert into contentieux values ('2012-2013', 'SEM-7', 'Searlas Loiseau', 'DPP-3');
insert into notes_details values ('2012-2013', 'SEM-7', 'Searlas Loiseau', 'EAO-31', 11.32, 2.0, 'A', 0, 1);
insert into notes_details values ('2012-2013', 'SEM-7', 'Searlas Loiseau', 'EAO-31', 11.32, 2.33, 'A', 0, 2);
insert into contentieux values ('2012-2013', 'SEM-7', 'Searlas Loiseau', 'EAO-31');
insert into notes_details values ('2012-2013', 'SEM-7', 'Searlas Loiseau', 'EAO-32', 11.32, 3.33, 'A', 2, 1);
insert into notes_details values ('2012-2013', 'SEM-7', 'Searlas Loiseau', 'EAO-33', 11.32, 4.0, 'A', 2, 1);
insert into notes_details values ('2012-2013', 'SEM-7', 'Searlas Loiseau', 'EAO-34', 11.32, 2.67, 'A', 2, 1);
insert into notes_details values ('2012-2013', 'SEM-7', 'Searlas Loiseau', 'EAO-35', 11.32, 1.0, 'A', 0, 1);
insert into notes_details values ('2012-2013', 'SEM-7', 'Searlas Loiseau', 'EAO-35', 11.32, 3.0, 'A', 2, 2);
insert into notes_details values ('2012-2013', 'SEM-7', 'Searlas Loiseau', 'LCI-3', 11.32, 1.0, 'A', 0, 1);
insert into notes_details values ('2012-2013', 'SEM-7', 'Searlas Loiseau', 'LCI-3', 11.32, 4.0, 'A', 3, 2);
insert into notes_details values ('2012-2013', 'SEM-7', 'Searlas Loiseau', 'MAT-3', 11.32, 3.0, 'A', 3, 1);
insert into notes_details values ('2012-2013', 'SEM-7', 'Searlas Loiseau', 'MNG-3', 11.32, 1.0, 'A', 0, 1);
insert into notes_details values ('2012-2013', 'SEM-7', 'Searlas Loiseau', 'MNG-3', 11.32, 3.33, 'A', 3, 2);
insert into notes_details values ('2012-2013', 'SEM-7', 'Searlas Loiseau', 'PJT-3', 11.32, 1.67, 'A', 0, 1);
insert into notes_details values ('2012-2013', 'SEM-7', 'Searlas Loiseau', 'PJT-3', 11.32, 1.67, 'A', 0, 2);
insert into contentieux values ('2012-2013', 'SEM-7', 'Searlas Loiseau', 'PJT-3');
insert into notes_details values ('2012-2013', 'SEM-7', 'Searlas Loiseau', 'STD-3', 11.32, 2.67, 'A', 2, 1);
insert into gpa values ('2011-2012', 'SEM-5', 'Searlas Loiseau', 2.18);
insert into gpa values ('2011-2012', 'SEM-6', 'Searlas Loiseau', 2.7);
insert into gpa values ('2012-2013', 'SEM-7', 'Searlas Loiseau', 3.17);
insert into eleves values ('Alphonse DeGaulles', 1, 'S', 'Tres bien', 'MP', 'MP', 'adegaulles');
insert into notes_details values ('2011-2012', 'SEM-5', 'Alphonse DeGaulles', 'ALG-1', 11.32, 2.0, 'A', 0, 1);
insert into notes_details values ('2011-2012', 'SEM-5', 'Alphonse DeGaulles', 'ALG-1', 11.32, 2.67, 'A', 3, 2);
insert into notes_details values ('2011-2012', 'SEM-5', 'Alphonse DeGaulles', 'DPP-1', 11.32, 3.33, 'A', 2, 1);
insert into notes_details values ('2011-2012', 'SEM-5', 'Alphonse DeGaulles', 'ELE-1', 11.32, 2.67, 'A', 3, 1);
insert into notes_details values ('2011-2012', 'SEM-5', 'Alphonse DeGaulles', 'INP-1', 11.32, 3.67, 'A', 3, 1);
insert into notes_details values ('2011-2012', 'SEM-5', 'Alphonse DeGaulles', 'LCI-1', 11.32, 1.0, 'A', 0, 1);
insert into notes_details values ('2011-2012', 'SEM-5', 'Alphonse DeGaulles', 'LCI-1', 11.32, 1.33, 'A', 3, 99);
insert into notes_details values ('2011-2012', 'SEM-5', 'Alphonse DeGaulles', 'MAT-1', 11.32, 3.0, 'A', 3, 1);
insert into notes_details values ('2011-2012', 'SEM-5', 'Alphonse DeGaulles', 'MGP-1', 11.32, 1.0, 'A', 0, 1);
insert into notes_details values ('2011-2012', 'SEM-5', 'Alphonse DeGaulles', 'MGP-1', 11.32, 2.33, 'A', 4, 99);
insert into notes_details values ('2011-2012', 'SEM-5', 'Alphonse DeGaulles', 'PHO-1', 11.32, 3.33, 'A', 3, 1);
insert into notes_details values ('2011-2012', 'SEM-5', 'Alphonse DeGaulles', 'PHQ-1', 11.32, 1.0, 'A', 0, 1);
insert into notes_details values ('2011-2012', 'SEM-5', 'Alphonse DeGaulles', 'PHQ-1', 11.32, 4.0, 'A', 3, 2);
insert into notes_details values ('2011-2012', 'SEM-5', 'Alphonse DeGaulles', 'SPM-1', 11.32, 2.0, 'A', 0, 1);
insert into notes_details values ('2011-2012', 'SEM-5', 'Alphonse DeGaulles', 'SPM-1', 11.32, 2.67, 'A', 3, 2);
insert into notes_details values ('2011-2012', 'SEM-6', 'Alphonse DeGaulles', 'DPP-2', 11.32, 2.33, 'A', 0, 1);
insert into notes_details values ('2011-2012', 'SEM-6', 'Alphonse DeGaulles', 'DPP-2', 11.32, 3.67, 'A', 1, 2);
insert into notes_details values ('2011-2012', 'SEM-6', 'Alphonse DeGaulles', 'EAO-2', 11.32, 2.0, 'A', 0, 1);
insert into notes_details values ('2011-2012', 'SEM-6', 'Alphonse DeGaulles', 'EAO-2', 11.32, 4.0, 'A', 3, 2);
insert into notes_details values ('2011-2012', 'SEM-6', 'Alphonse DeGaulles', 'ECO-2', 11.32, 3.67, 'A', 3, 1);
insert into notes_details values ('2011-2012', 'SEM-6', 'Alphonse DeGaulles', 'LCI-2', 11.32, 3.67, 'A', 3, 1);
insert into notes_details values ('2011-2012', 'SEM-6', 'Alphonse DeGaulles', 'MAT-2', 11.32, 1.33, 'A', 0, 1);
insert into notes_details values ('2011-2012', 'SEM-6', 'Alphonse DeGaulles', 'MAT-2', 11.32, 2.67, 'A', 2, 2);
insert into notes_details values ('2011-2012', 'SEM-6', 'Alphonse DeGaulles', 'MCO-2', 11.32, 2.0, 'A', 0, 1);
insert into notes_details values ('2011-2012', 'SEM-6', 'Alphonse DeGaulles', 'MCO-2', 11.32, 3.0, 'A', 2, 2);
insert into notes_details values ('2011-2012', 'SEM-6', 'Alphonse DeGaulles', 'MGP-2', 11.32, 4.0, 'A', 4, 1);
insert into notes_details values ('2011-2012', 'SEM-6', 'Alphonse DeGaulles', 'PHS-2', 11.32, 1.0, 'A', 0, 1);
insert into notes_details values ('2011-2012', 'SEM-6', 'Alphonse DeGaulles', 'PHS-2', 11.32, 4.0, 'A', 2, 2);
insert into notes_details values ('2011-2012', 'SEM-6', 'Alphonse DeGaulles', 'PJT-2', 11.32, 1.33, 'A', 0, 1);
insert into notes_details values ('2011-2012', 'SEM-6', 'Alphonse DeGaulles', 'PJT-2', 11.32, 3.33, 'A', 1, 2);
insert into notes_details values ('2011-2012', 'SEM-6', 'Alphonse DeGaulles', 'RMS-2', 11.32, 1.33, 'A', 0, 1);
insert into notes_details values ('2011-2012', 'SEM-6', 'Alphonse DeGaulles', 'RMS-2', 11.32, 3.67, 'A', 4, 2);
insert into notes_details values ('2011-2012', 'SEM-6', 'Alphonse DeGaulles', 'STG-2', 11.32, 3.33, 'A', 2, 1);
insert into notes_details values ('2011-2012', 'SEM-6', 'Alphonse DeGaulles', 'THS-2', 11.32, 3.33, 'A', 3, 1);
insert into notes_details values ('2012-2013', 'SEM-7', 'Alphonse DeGaulles', 'ASL-3', 11.32, 1.0, 'A', 0, 1);
insert into notes_details values ('2012-2013', 'SEM-7', 'Alphonse DeGaulles', 'ASL-3', 11.32, 2.0, 'A', 0, 2);
insert into contentieux values ('2012-2013', 'SEM-7', 'Alphonse DeGaulles', 'ASL-3');
insert into notes_details values ('2012-2013', 'SEM-7', 'Alphonse DeGaulles', 'DPP-3', 11.32, 1.67, 'A', 0, 1);
insert into notes_details values ('2012-2013', 'SEM-7', 'Alphonse DeGaulles', 'DPP-3', 11.32, 3.0, 'A', 2, 2);
insert into notes_details values ('2012-2013', 'SEM-7', 'Alphonse DeGaulles', 'EAO-31', 11.32, 1.0, 'A', 0, 1);
insert into notes_details values ('2012-2013', 'SEM-7', 'Alphonse DeGaulles', 'EAO-31', 11.32, 3.33, 'A', 2, 2);
insert into notes_details values ('2012-2013', 'SEM-7', 'Alphonse DeGaulles', 'EAO-32', 11.32, 4.0, 'A', 2, 1);
insert into notes_details values ('2012-2013', 'SEM-7', 'Alphonse DeGaulles', 'EAO-33', 11.32, 2.67, 'A', 2, 1);
insert into notes_details values ('2012-2013', 'SEM-7', 'Alphonse DeGaulles', 'EAO-34', 11.32, 1.33, 'A', 0, 1);
insert into notes_details values ('2012-2013', 'SEM-7', 'Alphonse DeGaulles', 'EAO-34', 11.32, 2.0, 'A', 0, 2);
insert into contentieux values ('2012-2013', 'SEM-7', 'Alphonse DeGaulles', 'EAO-34');
insert into notes_details values ('2012-2013', 'SEM-7', 'Alphonse DeGaulles', 'EAO-35', 11.32, 1.0, 'A', 0, 1);
insert into notes_details values ('2012-2013', 'SEM-7', 'Alphonse DeGaulles', 'EAO-35', 11.32, 1.67, 'A', 0, 2);
insert into contentieux values ('2012-2013', 'SEM-7', 'Alphonse DeGaulles', 'EAO-35');
insert into notes_details values ('2012-2013', 'SEM-7', 'Alphonse DeGaulles', 'LCI-3', 11.32, 2.0, 'A', 0, 1);
insert into notes_details values ('2012-2013', 'SEM-7', 'Alphonse DeGaulles', 'LCI-3', 11.32, 1.0, 'A', 3, 99);
insert into notes_details values ('2012-2013', 'SEM-7', 'Alphonse DeGaulles', 'MAT-3', 11.32, 1.0, 'A', 0, 1);
insert into notes_details values ('2012-2013', 'SEM-7', 'Alphonse DeGaulles', 'MAT-3', 11.32, 3.0, 'A', 3, 2);
insert into notes_details values ('2012-2013', 'SEM-7', 'Alphonse DeGaulles', 'MNG-3', 11.32, 1.33, 'A', 0, 1);
insert into notes_details values ('2012-2013', 'SEM-7', 'Alphonse DeGaulles', 'MNG-3', 11.32, 4.0, 'A', 3, 2);
insert into notes_details values ('2012-2013', 'SEM-7', 'Alphonse DeGaulles', 'PJT-3', 11.32, 1.67, 'A', 0, 1);
insert into notes_details values ('2012-2013', 'SEM-7', 'Alphonse DeGaulles', 'PJT-3', 11.32, 3.67, 'A', 5, 2);
insert into notes_details values ('2012-2013', 'SEM-7', 'Alphonse DeGaulles', 'STD-3', 11.32, 2.0, 'A', 0, 1);
insert into notes_details values ('2012-2013', 'SEM-7', 'Alphonse DeGaulles', 'STD-3', 11.32, 2.67, 'A', 2, 2);
insert into gpa values ('2011-2012', 'SEM-5', 'Alphonse DeGaulles', 2.99);
insert into gpa values ('2011-2012', 'SEM-6', 'Alphonse DeGaulles', 3.48);
insert into gpa values ('2012-2013', 'SEM-7', 'Alphonse DeGaulles', 2.3);
insert into eleves values ('Florent Garnier', 1, 'S', 'Tres bien', 'MP', 'MP', 'fgarnier');
insert into notes_details values ('2011-2012', 'SEM-5', 'Florent Garnier', 'ALG-1', 11.32, 2.67, 'A', 3, 1);
insert into notes_details values ('2011-2012', 'SEM-5', 'Florent Garnier', 'DPP-1', 11.32, 2.67, 'A', 2, 1);
insert into notes_details values ('2011-2012', 'SEM-5', 'Florent Garnier', 'ELE-1', 11.32, 3.33, 'A', 3, 1);
insert into notes_details values ('2011-2012', 'SEM-5', 'Florent Garnier', 'INP-1', 11.32, 3.33, 'A', 3, 1);
insert into notes_details values ('2011-2012', 'SEM-5', 'Florent Garnier', 'LCI-1', 11.32, 2.0, 'A', 0, 1);
insert into notes_details values ('2011-2012', 'SEM-5', 'Florent Garnier', 'LCI-1', 11.32, 2.0, 'A', 3, 99);
insert into notes_details values ('2011-2012', 'SEM-5', 'Florent Garnier', 'MAT-1', 11.32, 2.0, 'A', 0, 1);
insert into notes_details values ('2011-2012', 'SEM-5', 'Florent Garnier', 'MAT-1', 11.32, 3.67, 'A', 3, 2);
insert into notes_details values ('2011-2012', 'SEM-5', 'Florent Garnier', 'MGP-1', 11.32, 4.0, 'A', 4, 1);
insert into notes_details values ('2011-2012', 'SEM-5', 'Florent Garnier', 'PHO-1', 11.32, 2.33, 'A', 0, 1);
insert into notes_details values ('2011-2012', 'SEM-5', 'Florent Garnier', 'PHO-1', 11.32, 4.0, 'A', 3, 2);
insert into notes_details values ('2011-2012', 'SEM-5', 'Florent Garnier', 'PHQ-1', 11.32, 2.33, 'A', 0, 1);
insert into notes_details values ('2011-2012', 'SEM-5', 'Florent Garnier', 'PHQ-1', 11.32, 3.0, 'A', 3, 2);
insert into notes_details values ('2011-2012', 'SEM-5', 'Florent Garnier', 'SPM-1', 11.32, 3.0, 'A', 3, 1);
insert into notes_details values ('2011-2012', 'SEM-6', 'Florent Garnier', 'DPP-2', 11.32, 1.67, 'A', 0, 1);
insert into notes_details values ('2011-2012', 'SEM-6', 'Florent Garnier', 'DPP-2', 11.32, 4.0, 'A', 1, 2);
insert into notes_details values ('2011-2012', 'SEM-6', 'Florent Garnier', 'EAO-2', 11.32, 2.33, 'A', 0, 1);
insert into notes_details values ('2011-2012', 'SEM-6', 'Florent Garnier', 'EAO-2', 11.32, 3.67, 'A', 3, 2);
insert into notes_details values ('2011-2012', 'SEM-6', 'Florent Garnier', 'ECO-2', 11.32, 2.0, 'A', 0, 1);
insert into notes_details values ('2011-2012', 'SEM-6', 'Florent Garnier', 'ECO-2', 11.32, 3.33, 'A', 3, 2);
insert into notes_details values ('2011-2012', 'SEM-6', 'Florent Garnier', 'LCI-2', 11.32, 4.0, 'A', 3, 1);
insert into notes_details values ('2011-2012', 'SEM-6', 'Florent Garnier', 'MAT-2', 11.32, 1.0, 'A', 0, 1);
insert into notes_details values ('2011-2012', 'SEM-6', 'Florent Garnier', 'MAT-2', 11.32, 3.67, 'A', 2, 2);
insert into notes_details values ('2011-2012', 'SEM-6', 'Florent Garnier', 'MCO-2', 11.32, 1.0, 'A', 0, 1);
insert into notes_details values ('2011-2012', 'SEM-6', 'Florent Garnier', 'MCO-2', 11.32, 3.67, 'A', 2, 2);
insert into notes_details values ('2011-2012', 'SEM-6', 'Florent Garnier', 'MGP-2', 11.32, 1.0, 'A', 0, 1);
insert into notes_details values ('2011-2012', 'SEM-6', 'Florent Garnier', 'MGP-2', 11.32, 2.0, 'A', 4, 99);
insert into notes_details values ('2011-2012', 'SEM-6', 'Florent Garnier', 'PHS-2', 11.32, 1.0, 'A', 0, 1);
insert into notes_details values ('2011-2012', 'SEM-6', 'Florent Garnier', 'PHS-2', 11.32, 3.67, 'A', 2, 2);
insert into notes_details values ('2011-2012', 'SEM-6', 'Florent Garnier', 'PJT-2', 11.32, 3.0, 'A', 1, 1);
insert into notes_details values ('2011-2012', 'SEM-6', 'Florent Garnier', 'RMS-2', 11.32, 2.67, 'A', 4, 1);
insert into notes_details values ('2011-2012', 'SEM-6', 'Florent Garnier', 'STG-2', 11.32, 3.33, 'A', 2, 1);
insert into notes_details values ('2011-2012', 'SEM-6', 'Florent Garnier', 'THS-2', 11.32, 3.33, 'A', 3, 1);
insert into notes_details values ('2012-2013', 'SEM-7', 'Florent Garnier', 'ASL-3', 11.32, 2.33, 'A', 0, 1);
insert into notes_details values ('2012-2013', 'SEM-7', 'Florent Garnier', 'ASL-3', 11.32, 1.67, 'A', 0, 2);
insert into contentieux values ('2012-2013', 'SEM-7', 'Florent Garnier', 'ASL-3');
insert into notes_details values ('2012-2013', 'SEM-7', 'Florent Garnier', 'DPP-3', 11.32, 3.0, 'A', 2, 1);
insert into notes_details values ('2012-2013', 'SEM-7', 'Florent Garnier', 'EAO-31', 11.32, 1.67, 'A', 0, 1);
insert into notes_details values ('2012-2013', 'SEM-7', 'Florent Garnier', 'EAO-31', 11.32, 2.33, 'A', 2, 99);
insert into notes_details values ('2012-2013', 'SEM-7', 'Florent Garnier', 'EAO-32', 11.32, 1.33, 'A', 0, 1);
insert into notes_details values ('2012-2013', 'SEM-7', 'Florent Garnier', 'EAO-32', 11.32, 2.0, 'A', 0, 2);
insert into contentieux values ('2012-2013', 'SEM-7', 'Florent Garnier', 'EAO-32');
insert into notes_details values ('2012-2013', 'SEM-7', 'Florent Garnier', 'EAO-33', 11.32, 2.33, 'A', 0, 1);
insert into notes_details values ('2012-2013', 'SEM-7', 'Florent Garnier', 'EAO-33', 11.32, 1.67, 'A', 0, 2);
insert into contentieux values ('2012-2013', 'SEM-7', 'Florent Garnier', 'EAO-33');
insert into notes_details values ('2012-2013', 'SEM-7', 'Florent Garnier', 'EAO-34', 11.32, 1.33, 'A', 0, 1);
insert into notes_details values ('2012-2013', 'SEM-7', 'Florent Garnier', 'EAO-34', 11.32, 1.33, 'A', 2, 99);
insert into notes_details values ('2012-2013', 'SEM-7', 'Florent Garnier', 'EAO-35', 11.32, 3.0, 'A', 2, 1);
insert into notes_details values ('2012-2013', 'SEM-7', 'Florent Garnier', 'LCI-3', 11.32, 1.0, 'A', 0, 1);
insert into notes_details values ('2012-2013', 'SEM-7', 'Florent Garnier', 'LCI-3', 11.32, 2.67, 'A', 3, 2);
insert into notes_details values ('2012-2013', 'SEM-7', 'Florent Garnier', 'MAT-3', 11.32, 2.33, 'A', 0, 1);
insert into notes_details values ('2012-2013', 'SEM-7', 'Florent Garnier', 'MAT-3', 11.32, 2.33, 'A', 0, 2);
insert into contentieux values ('2012-2013', 'SEM-7', 'Florent Garnier', 'MAT-3');
insert into notes_details values ('2012-2013', 'SEM-7', 'Florent Garnier', 'MNG-3', 11.32, 4.0, 'A', 3, 1);
insert into notes_details values ('2012-2013', 'SEM-7', 'Florent Garnier', 'PJT-3', 11.32, 3.67, 'A', 5, 1);
insert into notes_details values ('2012-2013', 'SEM-7', 'Florent Garnier', 'STD-3', 11.32, 2.67, 'A', 2, 1);
insert into gpa values ('2011-2012', 'SEM-5', 'Florent Garnier', 2.78);
insert into gpa values ('2011-2012', 'SEM-6', 'Florent Garnier', 2.84);
insert into gpa values ('2012-2013', 'SEM-7', 'Florent Garnier', 2.99);
insert into eleves values ('Alphonse Lefebvre', 1, 'S', 'Tres bien', 'etranger', 'MP', 'alefebvre');
insert into notes_details values ('2011-2012', 'SEM-5', 'Alphonse Lefebvre', 'ALG-1', 11.32, 2.33, 'A', 0, 1);
insert into notes_details values ('2011-2012', 'SEM-5', 'Alphonse Lefebvre', 'ALG-1', 11.32, 2.67, 'A', 3, 2);
insert into notes_details values ('2011-2012', 'SEM-5', 'Alphonse Lefebvre', 'DPP-1', 11.32, 2.67, 'A', 2, 1);
insert into notes_details values ('2011-2012', 'SEM-5', 'Alphonse Lefebvre', 'ELE-1', 11.32, 2.67, 'A', 3, 1);
insert into notes_details values ('2011-2012', 'SEM-5', 'Alphonse Lefebvre', 'INP-1', 11.32, 3.33, 'A', 3, 1);
insert into notes_details values ('2011-2012', 'SEM-5', 'Alphonse Lefebvre', 'LCI-1', 11.32, 1.67, 'A', 0, 1);
insert into notes_details values ('2011-2012', 'SEM-5', 'Alphonse Lefebvre', 'LCI-1', 11.32, 3.33, 'A', 3, 2);
insert into notes_details values ('2011-2012', 'SEM-5', 'Alphonse Lefebvre', 'MAT-1', 11.32, 2.0, 'A', 0, 1);
insert into notes_details values ('2011-2012', 'SEM-5', 'Alphonse Lefebvre', 'MAT-1', 11.32, 2.67, 'A', 3, 2);
insert into notes_details values ('2011-2012', 'SEM-5', 'Alphonse Lefebvre', 'MGP-1', 11.32, 3.0, 'A', 4, 1);
insert into notes_details values ('2011-2012', 'SEM-5', 'Alphonse Lefebvre', 'PHO-1', 11.32, 3.33, 'A', 3, 1);
insert into notes_details values ('2011-2012', 'SEM-5', 'Alphonse Lefebvre', 'PHQ-1', 11.32, 3.33, 'A', 3, 1);
insert into notes_details values ('2011-2012', 'SEM-5', 'Alphonse Lefebvre', 'SPM-1', 11.32, 1.67, 'A', 0, 1);
insert into notes_details values ('2011-2012', 'SEM-5', 'Alphonse Lefebvre', 'SPM-1', 11.32, 2.67, 'A', 3, 2);
insert into notes_details values ('2011-2012', 'SEM-6', 'Alphonse Lefebvre', 'DPP-2', 11.32, 2.33, 'A', 0, 1);
insert into notes_details values ('2011-2012', 'SEM-6', 'Alphonse Lefebvre', 'DPP-2', 11.32, 3.33, 'A', 1, 2);
insert into notes_details values ('2011-2012', 'SEM-6', 'Alphonse Lefebvre', 'EAO-2', 11.32, 1.0, 'A', 0, 1);
insert into notes_details values ('2011-2012', 'SEM-6', 'Alphonse Lefebvre', 'EAO-2', 11.32, 3.67, 'A', 3, 2);
insert into notes_details values ('2011-2012', 'SEM-6', 'Alphonse Lefebvre', 'ECO-2', 11.32, 1.33, 'A', 0, 1);
insert into notes_details values ('2011-2012', 'SEM-6', 'Alphonse Lefebvre', 'ECO-2', 11.32, 2.67, 'A', 3, 2);
insert into notes_details values ('2011-2012', 'SEM-6', 'Alphonse Lefebvre', 'LCI-2', 11.32, 2.33, 'A', 0, 1);
insert into notes_details values ('2011-2012', 'SEM-6', 'Alphonse Lefebvre', 'LCI-2', 11.32, 3.0, 'A', 3, 2);
insert into notes_details values ('2011-2012', 'SEM-6', 'Alphonse Lefebvre', 'MAT-2', 11.32, 1.67, 'A', 0, 1);
insert into notes_details values ('2011-2012', 'SEM-6', 'Alphonse Lefebvre', 'MAT-2', 11.32, 2.67, 'A', 2, 2);
insert into notes_details values ('2011-2012', 'SEM-6', 'Alphonse Lefebvre', 'MCO-2', 11.32, 3.67, 'A', 2, 1);
insert into notes_details values ('2011-2012', 'SEM-6', 'Alphonse Lefebvre', 'MGP-2', 11.32, 1.67, 'A', 0, 1);
insert into notes_details values ('2011-2012', 'SEM-6', 'Alphonse Lefebvre', 'MGP-2', 11.32, 4.0, 'A', 4, 2);
insert into notes_details values ('2011-2012', 'SEM-6', 'Alphonse Lefebvre', 'PHS-2', 11.32, 4.0, 'A', 2, 1);
insert into notes_details values ('2011-2012', 'SEM-6', 'Alphonse Lefebvre', 'PJT-2', 11.32, 3.0, 'A', 1, 1);
insert into notes_details values ('2011-2012', 'SEM-6', 'Alphonse Lefebvre', 'RMS-2', 11.32, 3.0, 'A', 4, 1);
insert into notes_details values ('2011-2012', 'SEM-6', 'Alphonse Lefebvre', 'STG-2', 11.32, 2.33, 'A', 0, 1);
insert into notes_details values ('2011-2012', 'SEM-6', 'Alphonse Lefebvre', 'STG-2', 11.32, 4.0, 'A', 2, 2);
insert into notes_details values ('2011-2012', 'SEM-6', 'Alphonse Lefebvre', 'THS-2', 11.32, 4.0, 'A', 3, 1);
insert into notes_details values ('2012-2013', 'SEM-7', 'Alphonse Lefebvre', 'ASL-3', 11.32, 2.0, 'A', 0, 1);
insert into notes_details values ('2012-2013', 'SEM-7', 'Alphonse Lefebvre', 'ASL-3', 11.32, 3.0, 'A', 2, 2);
insert into notes_details values ('2012-2013', 'SEM-7', 'Alphonse Lefebvre', 'DPP-3', 11.32, 1.0, 'A', 0, 1);
insert into notes_details values ('2012-2013', 'SEM-7', 'Alphonse Lefebvre', 'DPP-3', 11.32, 1.67, 'A', 0, 2);
insert into contentieux values ('2012-2013', 'SEM-7', 'Alphonse Lefebvre', 'DPP-3');
insert into notes_details values ('2012-2013', 'SEM-7', 'Alphonse Lefebvre', 'EAO-31', 11.32, 1.33, 'A', 0, 1);
insert into notes_details values ('2012-2013', 'SEM-7', 'Alphonse Lefebvre', 'EAO-31', 11.32, 4.0, 'A', 2, 2);
insert into notes_details values ('2012-2013', 'SEM-7', 'Alphonse Lefebvre', 'EAO-32', 11.32, 1.33, 'A', 0, 1);
insert into notes_details values ('2012-2013', 'SEM-7', 'Alphonse Lefebvre', 'EAO-32', 11.32, 2.33, 'A', 0, 2);
insert into contentieux values ('2012-2013', 'SEM-7', 'Alphonse Lefebvre', 'EAO-32');
insert into notes_details values ('2012-2013', 'SEM-7', 'Alphonse Lefebvre', 'EAO-33', 11.32, 4.0, 'A', 2, 1);
insert into notes_details values ('2012-2013', 'SEM-7', 'Alphonse Lefebvre', 'EAO-34', 11.32, 3.0, 'A', 2, 1);
insert into notes_details values ('2012-2013', 'SEM-7', 'Alphonse Lefebvre', 'EAO-35', 11.32, 3.33, 'A', 2, 1);
insert into notes_details values ('2012-2013', 'SEM-7', 'Alphonse Lefebvre', 'LCI-3', 11.32, 1.0, 'A', 0, 1);
insert into notes_details values ('2012-2013', 'SEM-7', 'Alphonse Lefebvre', 'LCI-3', 11.32, 3.33, 'A', 3, 2);
insert into notes_details values ('2012-2013', 'SEM-7', 'Alphonse Lefebvre', 'MAT-3', 11.32, 1.67, 'A', 0, 1);
insert into notes_details values ('2012-2013', 'SEM-7', 'Alphonse Lefebvre', 'MAT-3', 11.32, 2.33, 'A', 3, 99);
insert into notes_details values ('2012-2013', 'SEM-7', 'Alphonse Lefebvre', 'MNG-3', 11.32, 2.33, 'A', 0, 1);
insert into notes_details values ('2012-2013', 'SEM-7', 'Alphonse Lefebvre', 'MNG-3', 11.32, 2.33, 'A', 0, 2);
insert into contentieux values ('2012-2013', 'SEM-7', 'Alphonse Lefebvre', 'MNG-3');
insert into notes_details values ('2012-2013', 'SEM-7', 'Alphonse Lefebvre', 'PJT-3', 11.32, 3.0, 'A', 5, 1);
insert into notes_details values ('2012-2013', 'SEM-7', 'Alphonse Lefebvre', 'STD-3', 11.32, 3.67, 'A', 2, 1);
insert into gpa values ('2011-2012', 'SEM-5', 'Alphonse Lefebvre', 3.26);
insert into gpa values ('2011-2012', 'SEM-6', 'Alphonse Lefebvre', 2.77);
insert into gpa values ('2012-2013', 'SEM-7', 'Alphonse Lefebvre', 3.75);
insert into eleves values ('Etienne Dufresnes', 1, 'S', 'Tres bien', 'MP', 'MP', 'edufresnes');
insert into notes_details values ('2011-2012', 'SEM-5', 'Etienne Dufresnes', 'ALG-1', 11.32, 4.0, 'A', 3, 1);
insert into notes_details values ('2011-2012', 'SEM-5', 'Etienne Dufresnes', 'DPP-1', 11.32, 3.67, 'A', 2, 1);
insert into notes_details values ('2011-2012', 'SEM-5', 'Etienne Dufresnes', 'ELE-1', 11.32, 3.0, 'A', 3, 1);
insert into notes_details values ('2011-2012', 'SEM-5', 'Etienne Dufresnes', 'INP-1', 11.32, 1.0, 'A', 0, 1);
insert into notes_details values ('2011-2012', 'SEM-5', 'Etienne Dufresnes', 'INP-1', 11.32, 4.0, 'A', 3, 2);
insert into notes_details values ('2011-2012', 'SEM-5', 'Etienne Dufresnes', 'LCI-1', 11.32, 3.67, 'A', 3, 1);
insert into notes_details values ('2011-2012', 'SEM-5', 'Etienne Dufresnes', 'MAT-1', 11.32, 3.0, 'A', 3, 1);
insert into notes_details values ('2011-2012', 'SEM-5', 'Etienne Dufresnes', 'MGP-1', 11.32, 1.33, 'A', 0, 1);
insert into notes_details values ('2011-2012', 'SEM-5', 'Etienne Dufresnes', 'MGP-1', 11.32, 3.0, 'A', 4, 2);
insert into notes_details values ('2011-2012', 'SEM-5', 'Etienne Dufresnes', 'PHO-1', 11.32, 1.67, 'A', 0, 1);
insert into notes_details values ('2011-2012', 'SEM-5', 'Etienne Dufresnes', 'PHO-1', 11.32, 3.67, 'A', 3, 2);
insert into notes_details values ('2011-2012', 'SEM-5', 'Etienne Dufresnes', 'PHQ-1', 11.32, 2.33, 'A', 0, 1);
insert into notes_details values ('2011-2012', 'SEM-5', 'Etienne Dufresnes', 'PHQ-1', 11.32, 1.33, 'A', 3, 99);
insert into notes_details values ('2011-2012', 'SEM-5', 'Etienne Dufresnes', 'SPM-1', 11.32, 2.67, 'A', 3, 1);
insert into notes_details values ('2011-2012', 'SEM-6', 'Etienne Dufresnes', 'DPP-2', 11.32, 4.0, 'A', 1, 1);
insert into notes_details values ('2011-2012', 'SEM-6', 'Etienne Dufresnes', 'EAO-2', 11.32, 2.67, 'A', 3, 1);
insert into notes_details values ('2011-2012', 'SEM-6', 'Etienne Dufresnes', 'ECO-2', 11.32, 2.33, 'A', 0, 1);
insert into notes_details values ('2011-2012', 'SEM-6', 'Etienne Dufresnes', 'ECO-2', 11.32, 3.67, 'A', 3, 2);
insert into notes_details values ('2011-2012', 'SEM-6', 'Etienne Dufresnes', 'LCI-2', 11.32, 1.0, 'A', 0, 1);
insert into notes_details values ('2011-2012', 'SEM-6', 'Etienne Dufresnes', 'LCI-2', 11.32, 1.33, 'A', 3, 99);
insert into notes_details values ('2011-2012', 'SEM-6', 'Etienne Dufresnes', 'MAT-2', 11.32, 1.33, 'A', 0, 1);
insert into notes_details values ('2011-2012', 'SEM-6', 'Etienne Dufresnes', 'MAT-2', 11.32, 2.67, 'A', 2, 2);
insert into notes_details values ('2011-2012', 'SEM-6', 'Etienne Dufresnes', 'MCO-2', 11.32, 2.67, 'A', 2, 1);
insert into notes_details values ('2011-2012', 'SEM-6', 'Etienne Dufresnes', 'MGP-2', 11.32, 3.33, 'A', 4, 1);
insert into notes_details values ('2011-2012', 'SEM-6', 'Etienne Dufresnes', 'PHS-2', 11.32, 1.0, 'A', 0, 1);
insert into notes_details values ('2011-2012', 'SEM-6', 'Etienne Dufresnes', 'PHS-2', 11.32, 4.0, 'A', 2, 2);
insert into notes_details values ('2011-2012', 'SEM-6', 'Etienne Dufresnes', 'PJT-2', 11.32, 1.67, 'A', 0, 1);
insert into notes_details values ('2011-2012', 'SEM-6', 'Etienne Dufresnes', 'PJT-2', 11.32, 1.0, 'A', 1, 99);
insert into notes_details values ('2011-2012', 'SEM-6', 'Etienne Dufresnes', 'RMS-2', 11.32, 2.33, 'A', 0, 1);
insert into notes_details values ('2011-2012', 'SEM-6', 'Etienne Dufresnes', 'RMS-2', 11.32, 4.0, 'A', 4, 2);
insert into notes_details values ('2011-2012', 'SEM-6', 'Etienne Dufresnes', 'STG-2', 11.32, 2.33, 'A', 0, 1);
insert into notes_details values ('2011-2012', 'SEM-6', 'Etienne Dufresnes', 'STG-2', 11.32, 3.33, 'A', 2, 2);
insert into notes_details values ('2011-2012', 'SEM-6', 'Etienne Dufresnes', 'THS-2', 11.32, 2.67, 'A', 3, 1);
insert into notes_details values ('2012-2013', 'SEM-7', 'Etienne Dufresnes', 'ASL-3', 11.32, 1.0, 'A', 0, 1);
insert into notes_details values ('2012-2013', 'SEM-7', 'Etienne Dufresnes', 'ASL-3', 11.32, 2.33, 'A', 2, 99);
insert into notes_details values ('2012-2013', 'SEM-7', 'Etienne Dufresnes', 'DPP-3', 11.32, 1.67, 'A', 0, 1);
insert into notes_details values ('2012-2013', 'SEM-7', 'Etienne Dufresnes', 'DPP-3', 11.32, 1.0, 'A', 0, 2);
insert into contentieux values ('2012-2013', 'SEM-7', 'Etienne Dufresnes', 'DPP-3');
insert into notes_details values ('2012-2013', 'SEM-7', 'Etienne Dufresnes', 'EAO-31', 11.32, 2.33, 'A', 0, 1);
insert into notes_details values ('2012-2013', 'SEM-7', 'Etienne Dufresnes', 'EAO-31', 11.32, 3.33, 'A', 2, 2);
insert into notes_details values ('2012-2013', 'SEM-7', 'Etienne Dufresnes', 'EAO-32', 11.32, 2.33, 'A', 0, 1);
insert into notes_details values ('2012-2013', 'SEM-7', 'Etienne Dufresnes', 'EAO-32', 11.32, 3.0, 'A', 2, 2);
insert into notes_details values ('2012-2013', 'SEM-7', 'Etienne Dufresnes', 'EAO-33', 11.32, 1.67, 'A', 0, 1);
insert into notes_details values ('2012-2013', 'SEM-7', 'Etienne Dufresnes', 'EAO-33', 11.32, 3.67, 'A', 2, 2);
insert into notes_details values ('2012-2013', 'SEM-7', 'Etienne Dufresnes', 'EAO-34', 11.32, 1.0, 'A', 0, 1);
insert into notes_details values ('2012-2013', 'SEM-7', 'Etienne Dufresnes', 'EAO-34', 11.32, 2.67, 'A', 2, 2);
insert into notes_details values ('2012-2013', 'SEM-7', 'Etienne Dufresnes', 'EAO-35', 11.32, 4.0, 'A', 2, 1);
insert into notes_details values ('2012-2013', 'SEM-7', 'Etienne Dufresnes', 'LCI-3', 11.32, 4.0, 'A', 3, 1);
insert into notes_details values ('2012-2013', 'SEM-7', 'Etienne Dufresnes', 'MAT-3', 11.32, 3.67, 'A', 3, 1);
insert into notes_details values ('2012-2013', 'SEM-7', 'Etienne Dufresnes', 'MNG-3', 11.32, 3.33, 'A', 3, 1);
insert into notes_details values ('2012-2013', 'SEM-7', 'Etienne Dufresnes', 'PJT-3', 11.32, 2.33, 'A', 0, 1);
insert into notes_details values ('2012-2013', 'SEM-7', 'Etienne Dufresnes', 'PJT-3', 11.32, 2.33, 'A', 5, 99);
insert into notes_details values ('2012-2013', 'SEM-7', 'Etienne Dufresnes', 'STD-3', 11.32, 1.33, 'A', 0, 1);
insert into notes_details values ('2012-2013', 'SEM-7', 'Etienne Dufresnes', 'STD-3', 11.32, 2.0, 'A', 0, 2);
insert into contentieux values ('2012-2013', 'SEM-7', 'Etienne Dufresnes', 'STD-3');
insert into gpa values ('2011-2012', 'SEM-5', 'Etienne Dufresnes', 3.23);
insert into gpa values ('2011-2012', 'SEM-6', 'Etienne Dufresnes', 3.74);
insert into gpa values ('2012-2013', 'SEM-7', 'Etienne Dufresnes', 2.77);
insert into eleves values ('Theodore Ratte', 1, 'S', 'Tres bien', 'MP', 'MP', 'tratte');
insert into notes_details values ('2011-2012', 'SEM-5', 'Theodore Ratte', 'ALG-1', 11.32, 2.33, 'A', 0, 1);
insert into notes_details values ('2011-2012', 'SEM-5', 'Theodore Ratte', 'ALG-1', 11.32, 3.33, 'A', 3, 2);
insert into notes_details values ('2011-2012', 'SEM-5', 'Theodore Ratte', 'DPP-1', 11.32, 2.67, 'A', 2, 1);
insert into notes_details values ('2011-2012', 'SEM-5', 'Theodore Ratte', 'ELE-1', 11.32, 3.0, 'A', 3, 1);
insert into notes_details values ('2011-2012', 'SEM-5', 'Theodore Ratte', 'INP-1', 11.32, 2.0, 'A', 0, 1);
insert into notes_details values ('2011-2012', 'SEM-5', 'Theodore Ratte', 'INP-1', 11.32, 3.0, 'A', 3, 2);
insert into notes_details values ('2011-2012', 'SEM-5', 'Theodore Ratte', 'LCI-1', 11.32, 2.0, 'A', 0, 1);
insert into notes_details values ('2011-2012', 'SEM-5', 'Theodore Ratte', 'LCI-1', 11.32, 4.0, 'A', 3, 2);
insert into notes_details values ('2011-2012', 'SEM-5', 'Theodore Ratte', 'MAT-1', 11.32, 2.67, 'A', 3, 1);
insert into notes_details values ('2011-2012', 'SEM-5', 'Theodore Ratte', 'MGP-1', 11.32, 3.67, 'A', 4, 1);
insert into notes_details values ('2011-2012', 'SEM-5', 'Theodore Ratte', 'PHO-1', 11.32, 1.33, 'A', 0, 1);
insert into notes_details values ('2011-2012', 'SEM-5', 'Theodore Ratte', 'PHO-1', 11.32, 3.0, 'A', 3, 2);
insert into notes_details values ('2011-2012', 'SEM-5', 'Theodore Ratte', 'PHQ-1', 11.32, 2.67, 'A', 3, 1);
insert into notes_details values ('2011-2012', 'SEM-5', 'Theodore Ratte', 'SPM-1', 11.32, 1.67, 'A', 0, 1);
insert into notes_details values ('2011-2012', 'SEM-5', 'Theodore Ratte', 'SPM-1', 11.32, 2.67, 'A', 3, 2);
insert into notes_details values ('2011-2012', 'SEM-6', 'Theodore Ratte', 'DPP-2', 11.32, 1.33, 'A', 0, 1);
insert into notes_details values ('2011-2012', 'SEM-6', 'Theodore Ratte', 'DPP-2', 11.32, 2.67, 'A', 1, 2);
insert into notes_details values ('2011-2012', 'SEM-6', 'Theodore Ratte', 'EAO-2', 11.32, 2.0, 'A', 0, 1);
insert into notes_details values ('2011-2012', 'SEM-6', 'Theodore Ratte', 'EAO-2', 11.32, 2.33, 'A', 3, 99);
insert into notes_details values ('2011-2012', 'SEM-6', 'Theodore Ratte', 'ECO-2', 11.32, 3.67, 'A', 3, 1);
insert into notes_details values ('2011-2012', 'SEM-6', 'Theodore Ratte', 'LCI-2', 11.32, 2.33, 'A', 0, 1);
insert into notes_details values ('2011-2012', 'SEM-6', 'Theodore Ratte', 'LCI-2', 11.32, 2.67, 'A', 3, 2);
insert into notes_details values ('2011-2012', 'SEM-6', 'Theodore Ratte', 'MAT-2', 11.32, 3.67, 'A', 2, 1);
insert into notes_details values ('2011-2012', 'SEM-6', 'Theodore Ratte', 'MCO-2', 11.32, 1.0, 'A', 0, 1);
insert into notes_details values ('2011-2012', 'SEM-6', 'Theodore Ratte', 'MCO-2', 11.32, 3.0, 'A', 2, 2);
insert into notes_details values ('2011-2012', 'SEM-6', 'Theodore Ratte', 'MGP-2', 11.32, 1.67, 'A', 0, 1);
insert into notes_details values ('2011-2012', 'SEM-6', 'Theodore Ratte', 'MGP-2', 11.32, 4.0, 'A', 4, 2);
insert into notes_details values ('2011-2012', 'SEM-6', 'Theodore Ratte', 'PHS-2', 11.32, 2.67, 'A', 2, 1);
insert into notes_details values ('2011-2012', 'SEM-6', 'Theodore Ratte', 'PJT-2', 11.32, 1.67, 'A', 0, 1);
insert into notes_details values ('2011-2012', 'SEM-6', 'Theodore Ratte', 'PJT-2', 11.32, 4.0, 'A', 1, 2);
insert into notes_details values ('2011-2012', 'SEM-6', 'Theodore Ratte', 'RMS-2', 11.32, 2.67, 'A', 4, 1);
insert into notes_details values ('2011-2012', 'SEM-6', 'Theodore Ratte', 'STG-2', 11.32, 3.67, 'A', 2, 1);
insert into notes_details values ('2011-2012', 'SEM-6', 'Theodore Ratte', 'THS-2', 11.32, 1.33, 'A', 0, 1);
insert into notes_details values ('2011-2012', 'SEM-6', 'Theodore Ratte', 'THS-2', 11.32, 3.0, 'A', 3, 2);
insert into notes_details values ('2012-2013', 'SEM-7', 'Theodore Ratte', 'ASL-3', 11.32, 3.33, 'A', 2, 1);
insert into notes_details values ('2012-2013', 'SEM-7', 'Theodore Ratte', 'DPP-3', 11.32, 1.33, 'A', 0, 1);
insert into notes_details values ('2012-2013', 'SEM-7', 'Theodore Ratte', 'DPP-3', 11.32, 2.33, 'A', 0, 2);
insert into contentieux values ('2012-2013', 'SEM-7', 'Theodore Ratte', 'DPP-3');
insert into notes_details values ('2012-2013', 'SEM-7', 'Theodore Ratte', 'EAO-31', 11.32, 1.0, 'A', 0, 1);
insert into notes_details values ('2012-2013', 'SEM-7', 'Theodore Ratte', 'EAO-31', 11.32, 1.67, 'A', 0, 2);
insert into contentieux values ('2012-2013', 'SEM-7', 'Theodore Ratte', 'EAO-31');
insert into notes_details values ('2012-2013', 'SEM-7', 'Theodore Ratte', 'EAO-32', 11.32, 3.33, 'A', 2, 1);
insert into notes_details values ('2012-2013', 'SEM-7', 'Theodore Ratte', 'EAO-33', 11.32, 2.33, 'A', 0, 1);
insert into notes_details values ('2012-2013', 'SEM-7', 'Theodore Ratte', 'EAO-33', 11.32, 1.33, 'A', 0, 2);
insert into contentieux values ('2012-2013', 'SEM-7', 'Theodore Ratte', 'EAO-33');
insert into notes_details values ('2012-2013', 'SEM-7', 'Theodore Ratte', 'EAO-34', 11.32, 1.0, 'A', 0, 1);
insert into notes_details values ('2012-2013', 'SEM-7', 'Theodore Ratte', 'EAO-34', 11.32, 2.67, 'A', 2, 2);
insert into notes_details values ('2012-2013', 'SEM-7', 'Theodore Ratte', 'EAO-35', 11.32, 2.67, 'A', 2, 1);
insert into notes_details values ('2012-2013', 'SEM-7', 'Theodore Ratte', 'LCI-3', 11.32, 2.0, 'A', 0, 1);
insert into notes_details values ('2012-2013', 'SEM-7', 'Theodore Ratte', 'LCI-3', 11.32, 4.0, 'A', 3, 2);
insert into notes_details values ('2012-2013', 'SEM-7', 'Theodore Ratte', 'MAT-3', 11.32, 3.67, 'A', 3, 1);
insert into notes_details values ('2012-2013', 'SEM-7', 'Theodore Ratte', 'MNG-3', 11.32, 1.33, 'A', 0, 1);
insert into notes_details values ('2012-2013', 'SEM-7', 'Theodore Ratte', 'MNG-3', 11.32, 2.67, 'A', 3, 2);
insert into notes_details values ('2012-2013', 'SEM-7', 'Theodore Ratte', 'PJT-3', 11.32, 4.0, 'A', 5, 1);
insert into notes_details values ('2012-2013', 'SEM-7', 'Theodore Ratte', 'STD-3', 11.32, 2.67, 'A', 2, 1);
insert into gpa values ('2011-2012', 'SEM-5', 'Theodore Ratte', 3.82);
insert into gpa values ('2011-2012', 'SEM-6', 'Theodore Ratte', 3.84);
insert into gpa values ('2012-2013', 'SEM-7', 'Theodore Ratte', 3.86);
insert into eleves values ('Lucie Suarez', 1, 'S', 'Tres bien', 'MP', 'MP', 'lsuarez');
insert into notes_details values ('2011-2012', 'SEM-5', 'Lucie Suarez', 'ALG-1', 11.32, 1.33, 'A', 0, 1);
insert into notes_details values ('2011-2012', 'SEM-5', 'Lucie Suarez', 'ALG-1', 11.32, 1.33, 'A', 3, 99);
insert into notes_details values ('2011-2012', 'SEM-5', 'Lucie Suarez', 'DPP-1', 11.32, 3.0, 'A', 2, 1);
insert into notes_details values ('2011-2012', 'SEM-5', 'Lucie Suarez', 'ELE-1', 11.32, 2.33, 'A', 0, 1);
insert into notes_details values ('2011-2012', 'SEM-5', 'Lucie Suarez', 'ELE-1', 11.32, 2.0, 'A', 3, 99);
insert into notes_details values ('2011-2012', 'SEM-5', 'Lucie Suarez', 'INP-1', 11.32, 3.67, 'A', 3, 1);
insert into notes_details values ('2011-2012', 'SEM-5', 'Lucie Suarez', 'LCI-1', 11.32, 1.33, 'A', 0, 1);
insert into notes_details values ('2011-2012', 'SEM-5', 'Lucie Suarez', 'LCI-1', 11.32, 2.0, 'A', 3, 99);
insert into notes_details values ('2011-2012', 'SEM-5', 'Lucie Suarez', 'MAT-1', 11.32, 2.33, 'A', 0, 1);
insert into notes_details values ('2011-2012', 'SEM-5', 'Lucie Suarez', 'MAT-1', 11.32, 1.33, 'A', 3, 99);
insert into notes_details values ('2011-2012', 'SEM-5', 'Lucie Suarez', 'MGP-1', 11.32, 3.0, 'A', 4, 1);
insert into notes_details values ('2011-2012', 'SEM-5', 'Lucie Suarez', 'PHO-1', 11.32, 2.0, 'A', 0, 1);
insert into notes_details values ('2011-2012', 'SEM-5', 'Lucie Suarez', 'PHO-1', 11.32, 2.33, 'A', 3, 99);
insert into notes_details values ('2011-2012', 'SEM-5', 'Lucie Suarez', 'PHQ-1', 11.32, 4.0, 'A', 3, 1);
insert into notes_details values ('2011-2012', 'SEM-5', 'Lucie Suarez', 'SPM-1', 11.32, 3.0, 'A', 3, 1);
insert into notes_details values ('2011-2012', 'SEM-6', 'Lucie Suarez', 'DPP-2', 11.32, 2.33, 'A', 0, 1);
insert into notes_details values ('2011-2012', 'SEM-6', 'Lucie Suarez', 'DPP-2', 11.32, 3.33, 'A', 1, 2);
insert into notes_details values ('2011-2012', 'SEM-6', 'Lucie Suarez', 'EAO-2', 11.32, 1.0, 'A', 0, 1);
insert into notes_details values ('2011-2012', 'SEM-6', 'Lucie Suarez', 'EAO-2', 11.32, 2.0, 'A', 3, 99);
insert into notes_details values ('2011-2012', 'SEM-6', 'Lucie Suarez', 'ECO-2', 11.32, 3.67, 'A', 3, 1);
insert into notes_details values ('2011-2012', 'SEM-6', 'Lucie Suarez', 'LCI-2', 11.32, 2.33, 'A', 0, 1);
insert into notes_details values ('2011-2012', 'SEM-6', 'Lucie Suarez', 'LCI-2', 11.32, 3.33, 'A', 3, 2);
insert into notes_details values ('2011-2012', 'SEM-6', 'Lucie Suarez', 'MAT-2', 11.32, 3.33, 'A', 2, 1);
insert into notes_details values ('2011-2012', 'SEM-6', 'Lucie Suarez', 'MCO-2', 11.32, 2.0, 'A', 0, 1);
insert into notes_details values ('2011-2012', 'SEM-6', 'Lucie Suarez', 'MCO-2', 11.32, 3.67, 'A', 2, 2);
insert into notes_details values ('2011-2012', 'SEM-6', 'Lucie Suarez', 'MGP-2', 11.32, 3.33, 'A', 4, 1);
insert into notes_details values ('2011-2012', 'SEM-6', 'Lucie Suarez', 'PHS-2', 11.32, 2.0, 'A', 0, 1);
insert into notes_details values ('2011-2012', 'SEM-6', 'Lucie Suarez', 'PHS-2', 11.32, 1.67, 'A', 2, 99);
insert into notes_details values ('2011-2012', 'SEM-6', 'Lucie Suarez', 'PJT-2', 11.32, 3.67, 'A', 1, 1);
insert into notes_details values ('2011-2012', 'SEM-6', 'Lucie Suarez', 'RMS-2', 11.32, 4.0, 'A', 4, 1);
insert into notes_details values ('2011-2012', 'SEM-6', 'Lucie Suarez', 'STG-2', 11.32, 1.33, 'A', 0, 1);
insert into notes_details values ('2011-2012', 'SEM-6', 'Lucie Suarez', 'STG-2', 11.32, 3.0, 'A', 2, 2);
insert into notes_details values ('2011-2012', 'SEM-6', 'Lucie Suarez', 'THS-2', 11.32, 2.67, 'A', 3, 1);
insert into notes_details values ('2012-2013', 'SEM-7', 'Lucie Suarez', 'ASL-3', 11.32, 1.0, 'A', 0, 1);
insert into notes_details values ('2012-2013', 'SEM-7', 'Lucie Suarez', 'ASL-3', 11.32, 1.67, 'A', 2, 99);
insert into notes_details values ('2012-2013', 'SEM-7', 'Lucie Suarez', 'DPP-3', 11.32, 1.33, 'A', 0, 1);
insert into notes_details values ('2012-2013', 'SEM-7', 'Lucie Suarez', 'DPP-3', 11.32, 1.67, 'A', 0, 2);
insert into contentieux values ('2012-2013', 'SEM-7', 'Lucie Suarez', 'DPP-3');
insert into notes_details values ('2012-2013', 'SEM-7', 'Lucie Suarez', 'EAO-31', 11.32, 2.33, 'A', 0, 1);
insert into notes_details values ('2012-2013', 'SEM-7', 'Lucie Suarez', 'EAO-31', 11.32, 3.33, 'A', 2, 2);
insert into notes_details values ('2012-2013', 'SEM-7', 'Lucie Suarez', 'EAO-32', 11.32, 2.33, 'A', 0, 1);
insert into notes_details values ('2012-2013', 'SEM-7', 'Lucie Suarez', 'EAO-32', 11.32, 1.33, 'A', 0, 2);
insert into contentieux values ('2012-2013', 'SEM-7', 'Lucie Suarez', 'EAO-32');
insert into notes_details values ('2012-2013', 'SEM-7', 'Lucie Suarez', 'EAO-33', 11.32, 1.33, 'A', 0, 1);
insert into notes_details values ('2012-2013', 'SEM-7', 'Lucie Suarez', 'EAO-33', 11.32, 3.0, 'A', 2, 2);
insert into notes_details values ('2012-2013', 'SEM-7', 'Lucie Suarez', 'EAO-34', 11.32, 1.67, 'A', 0, 1);
insert into notes_details values ('2012-2013', 'SEM-7', 'Lucie Suarez', 'EAO-34', 11.32, 2.67, 'A', 2, 2);
insert into notes_details values ('2012-2013', 'SEM-7', 'Lucie Suarez', 'EAO-35', 11.32, 1.33, 'A', 0, 1);
insert into notes_details values ('2012-2013', 'SEM-7', 'Lucie Suarez', 'EAO-35', 11.32, 3.0, 'A', 2, 2);
insert into notes_details values ('2012-2013', 'SEM-7', 'Lucie Suarez', 'LCI-3', 11.32, 2.67, 'A', 3, 1);
insert into notes_details values ('2012-2013', 'SEM-7', 'Lucie Suarez', 'MAT-3', 11.32, 2.67, 'A', 3, 1);
insert into notes_details values ('2012-2013', 'SEM-7', 'Lucie Suarez', 'MNG-3', 11.32, 3.0, 'A', 3, 1);
insert into notes_details values ('2012-2013', 'SEM-7', 'Lucie Suarez', 'PJT-3', 11.32, 2.33, 'A', 0, 1);
insert into notes_details values ('2012-2013', 'SEM-7', 'Lucie Suarez', 'PJT-3', 11.32, 1.67, 'A', 0, 2);
insert into contentieux values ('2012-2013', 'SEM-7', 'Lucie Suarez', 'PJT-3');
insert into notes_details values ('2012-2013', 'SEM-7', 'Lucie Suarez', 'STD-3', 11.32, 2.67, 'A', 2, 1);
insert into gpa values ('2011-2012', 'SEM-5', 'Lucie Suarez', 2.35);
insert into gpa values ('2011-2012', 'SEM-6', 'Lucie Suarez', 3.86);
insert into gpa values ('2012-2013', 'SEM-7', 'Lucie Suarez', 3.47);
insert into eleves values ('Jade Dickinson', 1, 'S', 'Tres bien', 'MP', 'MP', 'jdickinson');
insert into notes_details values ('2011-2012', 'SEM-5', 'Jade Dickinson', 'ALG-1', 11.32, 1.0, 'A', 0, 1);
insert into notes_details values ('2011-2012', 'SEM-5', 'Jade Dickinson', 'ALG-1', 11.32, 2.0, 'A', 3, 99);
insert into notes_details values ('2011-2012', 'SEM-5', 'Jade Dickinson', 'DPP-1', 11.32, 4.0, 'A', 2, 1);
insert into notes_details values ('2011-2012', 'SEM-5', 'Jade Dickinson', 'ELE-1', 11.32, 2.0, 'A', 0, 1);
insert into notes_details values ('2011-2012', 'SEM-5', 'Jade Dickinson', 'ELE-1', 11.32, 2.67, 'A', 3, 2);
insert into notes_details values ('2011-2012', 'SEM-5', 'Jade Dickinson', 'INP-1', 11.32, 1.0, 'A', 0, 1);
insert into notes_details values ('2011-2012', 'SEM-5', 'Jade Dickinson', 'INP-1', 11.32, 1.33, 'A', 3, 99);
insert into notes_details values ('2011-2012', 'SEM-5', 'Jade Dickinson', 'LCI-1', 11.32, 3.33, 'A', 3, 1);
insert into notes_details values ('2011-2012', 'SEM-5', 'Jade Dickinson', 'MAT-1', 11.32, 3.0, 'A', 3, 1);
insert into notes_details values ('2011-2012', 'SEM-5', 'Jade Dickinson', 'MGP-1', 11.32, 1.0, 'A', 0, 1);
insert into notes_details values ('2011-2012', 'SEM-5', 'Jade Dickinson', 'MGP-1', 11.32, 2.67, 'A', 4, 2);
insert into notes_details values ('2011-2012', 'SEM-5', 'Jade Dickinson', 'PHO-1', 11.32, 3.67, 'A', 3, 1);
insert into notes_details values ('2011-2012', 'SEM-5', 'Jade Dickinson', 'PHQ-1', 11.32, 2.67, 'A', 3, 1);
insert into notes_details values ('2011-2012', 'SEM-5', 'Jade Dickinson', 'SPM-1', 11.32, 2.0, 'A', 0, 1);
insert into notes_details values ('2011-2012', 'SEM-5', 'Jade Dickinson', 'SPM-1', 11.32, 2.33, 'A', 3, 99);
insert into notes_details values ('2011-2012', 'SEM-6', 'Jade Dickinson', 'DPP-2', 11.32, 2.67, 'A', 1, 1);
insert into notes_details values ('2011-2012', 'SEM-6', 'Jade Dickinson', 'EAO-2', 11.32, 4.0, 'A', 3, 1);
insert into notes_details values ('2011-2012', 'SEM-6', 'Jade Dickinson', 'ECO-2', 11.32, 3.33, 'A', 3, 1);
insert into notes_details values ('2011-2012', 'SEM-6', 'Jade Dickinson', 'LCI-2', 11.32, 1.67, 'A', 0, 1);
insert into notes_details values ('2011-2012', 'SEM-6', 'Jade Dickinson', 'LCI-2', 11.32, 4.0, 'A', 3, 2);
insert into notes_details values ('2011-2012', 'SEM-6', 'Jade Dickinson', 'MAT-2', 11.32, 1.0, 'A', 0, 1);
insert into notes_details values ('2011-2012', 'SEM-6', 'Jade Dickinson', 'MAT-2', 11.32, 3.33, 'A', 2, 2);
insert into notes_details values ('2011-2012', 'SEM-6', 'Jade Dickinson', 'MCO-2', 11.32, 2.67, 'A', 2, 1);
insert into notes_details values ('2011-2012', 'SEM-6', 'Jade Dickinson', 'MGP-2', 11.32, 2.0, 'A', 0, 1);
insert into notes_details values ('2011-2012', 'SEM-6', 'Jade Dickinson', 'MGP-2', 11.32, 3.0, 'A', 4, 2);
insert into notes_details values ('2011-2012', 'SEM-6', 'Jade Dickinson', 'PHS-2', 11.32, 1.0, 'A', 0, 1);
insert into notes_details values ('2011-2012', 'SEM-6', 'Jade Dickinson', 'PHS-2', 11.32, 3.0, 'A', 2, 2);
insert into notes_details values ('2011-2012', 'SEM-6', 'Jade Dickinson', 'PJT-2', 11.32, 3.0, 'A', 1, 1);
insert into notes_details values ('2011-2012', 'SEM-6', 'Jade Dickinson', 'RMS-2', 11.32, 2.67, 'A', 4, 1);
insert into notes_details values ('2011-2012', 'SEM-6', 'Jade Dickinson', 'STG-2', 11.32, 4.0, 'A', 2, 1);
insert into notes_details values ('2011-2012', 'SEM-6', 'Jade Dickinson', 'THS-2', 11.32, 1.33, 'A', 0, 1);
insert into notes_details values ('2011-2012', 'SEM-6', 'Jade Dickinson', 'THS-2', 11.32, 3.67, 'A', 3, 2);
insert into notes_details values ('2012-2013', 'SEM-7', 'Jade Dickinson', 'ASL-3', 11.32, 1.67, 'A', 0, 1);
insert into notes_details values ('2012-2013', 'SEM-7', 'Jade Dickinson', 'ASL-3', 11.32, 3.0, 'A', 2, 2);
insert into notes_details values ('2012-2013', 'SEM-7', 'Jade Dickinson', 'DPP-3', 11.32, 3.67, 'A', 2, 1);
insert into notes_details values ('2012-2013', 'SEM-7', 'Jade Dickinson', 'EAO-31', 11.32, 1.0, 'A', 0, 1);
insert into notes_details values ('2012-2013', 'SEM-7', 'Jade Dickinson', 'EAO-31', 11.32, 1.67, 'A', 2, 99);
insert into notes_details values ('2012-2013', 'SEM-7', 'Jade Dickinson', 'EAO-32', 11.32, 2.0, 'A', 0, 1);
insert into notes_details values ('2012-2013', 'SEM-7', 'Jade Dickinson', 'EAO-32', 11.32, 1.33, 'A', 0, 2);
insert into contentieux values ('2012-2013', 'SEM-7', 'Jade Dickinson', 'EAO-32');
insert into notes_details values ('2012-2013', 'SEM-7', 'Jade Dickinson', 'EAO-33', 11.32, 2.0, 'A', 0, 1);
insert into notes_details values ('2012-2013', 'SEM-7', 'Jade Dickinson', 'EAO-33', 11.32, 1.0, 'A', 0, 2);
insert into contentieux values ('2012-2013', 'SEM-7', 'Jade Dickinson', 'EAO-33');
insert into notes_details values ('2012-2013', 'SEM-7', 'Jade Dickinson', 'EAO-34', 11.32, 2.33, 'A', 0, 1);
insert into notes_details values ('2012-2013', 'SEM-7', 'Jade Dickinson', 'EAO-34', 11.32, 1.67, 'A', 0, 2);
insert into contentieux values ('2012-2013', 'SEM-7', 'Jade Dickinson', 'EAO-34');
insert into notes_details values ('2012-2013', 'SEM-7', 'Jade Dickinson', 'EAO-35', 11.32, 2.0, 'A', 0, 1);
insert into notes_details values ('2012-2013', 'SEM-7', 'Jade Dickinson', 'EAO-35', 11.32, 4.0, 'A', 2, 2);
insert into notes_details values ('2012-2013', 'SEM-7', 'Jade Dickinson', 'LCI-3', 11.32, 4.0, 'A', 3, 1);
insert into notes_details values ('2012-2013', 'SEM-7', 'Jade Dickinson', 'MAT-3', 11.32, 1.0, 'A', 0, 1);
insert into notes_details values ('2012-2013', 'SEM-7', 'Jade Dickinson', 'MAT-3', 11.32, 2.67, 'A', 3, 2);
insert into notes_details values ('2012-2013', 'SEM-7', 'Jade Dickinson', 'MNG-3', 11.32, 1.67, 'A', 0, 1);
insert into notes_details values ('2012-2013', 'SEM-7', 'Jade Dickinson', 'MNG-3', 11.32, 1.0, 'A', 3, 99);
insert into notes_details values ('2012-2013', 'SEM-7', 'Jade Dickinson', 'PJT-3', 11.32, 1.67, 'A', 0, 1);
insert into notes_details values ('2012-2013', 'SEM-7', 'Jade Dickinson', 'PJT-3', 11.32, 2.67, 'A', 5, 2);
insert into notes_details values ('2012-2013', 'SEM-7', 'Jade Dickinson', 'STD-3', 11.32, 2.67, 'A', 2, 1);
insert into gpa values ('2011-2012', 'SEM-5', 'Jade Dickinson', 2.92);
insert into gpa values ('2011-2012', 'SEM-6', 'Jade Dickinson', 3.34);
insert into gpa values ('2012-2013', 'SEM-7', 'Jade Dickinson', 3.04);
insert into eleves values ('Sarah Davis', 1, 'S', 'Tres bien', 'MP', 'MP', 'sdavis');
insert into notes_details values ('2011-2012', 'SEM-5', 'Sarah Davis', 'ALG-1', 11.32, 3.0, 'A', 3, 1);
insert into notes_details values ('2011-2012', 'SEM-5', 'Sarah Davis', 'DPP-1', 11.32, 2.67, 'A', 2, 1);
insert into notes_details values ('2011-2012', 'SEM-5', 'Sarah Davis', 'ELE-1', 11.32, 1.33, 'A', 0, 1);
insert into notes_details values ('2011-2012', 'SEM-5', 'Sarah Davis', 'ELE-1', 11.32, 4.0, 'A', 3, 2);
insert into notes_details values ('2011-2012', 'SEM-5', 'Sarah Davis', 'INP-1', 11.32, 1.67, 'A', 0, 1);
insert into notes_details values ('2011-2012', 'SEM-5', 'Sarah Davis', 'INP-1', 11.32, 4.0, 'A', 3, 2);
insert into notes_details values ('2011-2012', 'SEM-5', 'Sarah Davis', 'LCI-1', 11.32, 3.0, 'A', 3, 1);
insert into notes_details values ('2011-2012', 'SEM-5', 'Sarah Davis', 'MAT-1', 11.32, 1.67, 'A', 0, 1);
insert into notes_details values ('2011-2012', 'SEM-5', 'Sarah Davis', 'MAT-1', 11.32, 1.0, 'A', 3, 99);
insert into notes_details values ('2011-2012', 'SEM-5', 'Sarah Davis', 'MGP-1', 11.32, 2.67, 'A', 4, 1);
insert into notes_details values ('2011-2012', 'SEM-5', 'Sarah Davis', 'PHO-1', 11.32, 3.0, 'A', 3, 1);
insert into notes_details values ('2011-2012', 'SEM-5', 'Sarah Davis', 'PHQ-1', 11.32, 1.67, 'A', 0, 1);
insert into notes_details values ('2011-2012', 'SEM-5', 'Sarah Davis', 'PHQ-1', 11.32, 3.0, 'A', 3, 2);
insert into notes_details values ('2011-2012', 'SEM-5', 'Sarah Davis', 'SPM-1', 11.32, 3.67, 'A', 3, 1);
insert into notes_details values ('2011-2012', 'SEM-6', 'Sarah Davis', 'DPP-2', 11.32, 1.33, 'A', 0, 1);
insert into notes_details values ('2011-2012', 'SEM-6', 'Sarah Davis', 'DPP-2', 11.32, 3.33, 'A', 1, 2);
insert into notes_details values ('2011-2012', 'SEM-6', 'Sarah Davis', 'EAO-2', 11.32, 2.67, 'A', 3, 1);
insert into notes_details values ('2011-2012', 'SEM-6', 'Sarah Davis', 'ECO-2', 11.32, 3.0, 'A', 3, 1);
insert into notes_details values ('2011-2012', 'SEM-6', 'Sarah Davis', 'LCI-2', 11.32, 3.67, 'A', 3, 1);
insert into notes_details values ('2011-2012', 'SEM-6', 'Sarah Davis', 'MAT-2', 11.32, 1.33, 'A', 0, 1);
insert into notes_details values ('2011-2012', 'SEM-6', 'Sarah Davis', 'MAT-2', 11.32, 3.33, 'A', 2, 2);
insert into notes_details values ('2011-2012', 'SEM-6', 'Sarah Davis', 'MCO-2', 11.32, 1.67, 'A', 0, 1);
insert into notes_details values ('2011-2012', 'SEM-6', 'Sarah Davis', 'MCO-2', 11.32, 4.0, 'A', 2, 2);
insert into notes_details values ('2011-2012', 'SEM-6', 'Sarah Davis', 'MGP-2', 11.32, 1.67, 'A', 0, 1);
insert into notes_details values ('2011-2012', 'SEM-6', 'Sarah Davis', 'MGP-2', 11.32, 3.0, 'A', 4, 2);
insert into notes_details values ('2011-2012', 'SEM-6', 'Sarah Davis', 'PHS-2', 11.32, 1.0, 'A', 0, 1);
insert into notes_details values ('2011-2012', 'SEM-6', 'Sarah Davis', 'PHS-2', 11.32, 3.67, 'A', 2, 2);
insert into notes_details values ('2011-2012', 'SEM-6', 'Sarah Davis', 'PJT-2', 11.32, 3.33, 'A', 1, 1);
insert into notes_details values ('2011-2012', 'SEM-6', 'Sarah Davis', 'RMS-2', 11.32, 3.0, 'A', 4, 1);
insert into notes_details values ('2011-2012', 'SEM-6', 'Sarah Davis', 'STG-2', 11.32, 3.67, 'A', 2, 1);
insert into notes_details values ('2011-2012', 'SEM-6', 'Sarah Davis', 'THS-2', 11.32, 1.0, 'A', 0, 1);
insert into notes_details values ('2011-2012', 'SEM-6', 'Sarah Davis', 'THS-2', 11.32, 3.33, 'A', 3, 2);
insert into notes_details values ('2012-2013', 'SEM-7', 'Sarah Davis', 'ASL-3', 11.32, 3.33, 'A', 2, 1);
insert into notes_details values ('2012-2013', 'SEM-7', 'Sarah Davis', 'DPP-3', 11.32, 1.33, 'A', 0, 1);
insert into notes_details values ('2012-2013', 'SEM-7', 'Sarah Davis', 'DPP-3', 11.32, 3.33, 'A', 2, 2);
insert into notes_details values ('2012-2013', 'SEM-7', 'Sarah Davis', 'EAO-31', 11.32, 1.0, 'A', 0, 1);
insert into notes_details values ('2012-2013', 'SEM-7', 'Sarah Davis', 'EAO-31', 11.32, 4.0, 'A', 2, 2);
insert into notes_details values ('2012-2013', 'SEM-7', 'Sarah Davis', 'EAO-32', 11.32, 3.33, 'A', 2, 1);
insert into notes_details values ('2012-2013', 'SEM-7', 'Sarah Davis', 'EAO-33', 11.32, 2.0, 'A', 0, 1);
insert into notes_details values ('2012-2013', 'SEM-7', 'Sarah Davis', 'EAO-33', 11.32, 1.0, 'A', 0, 2);
insert into contentieux values ('2012-2013', 'SEM-7', 'Sarah Davis', 'EAO-33');
insert into notes_details values ('2012-2013', 'SEM-7', 'Sarah Davis', 'EAO-34', 11.32, 1.67, 'A', 0, 1);
insert into notes_details values ('2012-2013', 'SEM-7', 'Sarah Davis', 'EAO-34', 11.32, 2.67, 'A', 2, 2);
insert into notes_details values ('2012-2013', 'SEM-7', 'Sarah Davis', 'EAO-35', 11.32, 2.0, 'A', 0, 1);
insert into notes_details values ('2012-2013', 'SEM-7', 'Sarah Davis', 'EAO-35', 11.32, 1.67, 'A', 2, 99);
insert into notes_details values ('2012-2013', 'SEM-7', 'Sarah Davis', 'LCI-3', 11.32, 1.0, 'A', 0, 1);
insert into notes_details values ('2012-2013', 'SEM-7', 'Sarah Davis', 'LCI-3', 11.32, 2.33, 'A', 0, 2);
insert into contentieux values ('2012-2013', 'SEM-7', 'Sarah Davis', 'LCI-3');
insert into notes_details values ('2012-2013', 'SEM-7', 'Sarah Davis', 'MAT-3', 11.32, 2.0, 'A', 0, 1);
insert into notes_details values ('2012-2013', 'SEM-7', 'Sarah Davis', 'MAT-3', 11.32, 3.33, 'A', 3, 2);
insert into notes_details values ('2012-2013', 'SEM-7', 'Sarah Davis', 'MNG-3', 11.32, 3.67, 'A', 3, 1);
insert into notes_details values ('2012-2013', 'SEM-7', 'Sarah Davis', 'PJT-3', 11.32, 3.33, 'A', 5, 1);
insert into notes_details values ('2012-2013', 'SEM-7', 'Sarah Davis', 'STD-3', 11.32, 3.67, 'A', 2, 1);
insert into gpa values ('2011-2012', 'SEM-5', 'Sarah Davis', 3.7);
insert into gpa values ('2011-2012', 'SEM-6', 'Sarah Davis', 3.36);
insert into gpa values ('2012-2013', 'SEM-7', 'Sarah Davis', 2.94);
insert into eleves values ('Zlatan Armstrong', 1, 'S', 'Tres bien', 'MP', 'MP', 'zarmstrong');
insert into notes_details values ('2011-2012', 'SEM-5', 'Zlatan Armstrong', 'ALG-1', 11.32, 2.67, 'A', 3, 1);
insert into notes_details values ('2011-2012', 'SEM-5', 'Zlatan Armstrong', 'DPP-1', 11.32, 3.0, 'A', 2, 1);
insert into notes_details values ('2011-2012', 'SEM-5', 'Zlatan Armstrong', 'ELE-1', 11.32, 3.0, 'A', 3, 1);
insert into notes_details values ('2011-2012', 'SEM-5', 'Zlatan Armstrong', 'INP-1', 11.32, 1.67, 'A', 0, 1);
insert into notes_details values ('2011-2012', 'SEM-5', 'Zlatan Armstrong', 'INP-1', 11.32, 2.33, 'A', 3, 99);
insert into notes_details values ('2011-2012', 'SEM-5', 'Zlatan Armstrong', 'LCI-1', 11.32, 3.33, 'A', 3, 1);
insert into notes_details values ('2011-2012', 'SEM-5', 'Zlatan Armstrong', 'MAT-1', 11.32, 3.33, 'A', 3, 1);
insert into notes_details values ('2011-2012', 'SEM-5', 'Zlatan Armstrong', 'MGP-1', 11.32, 1.67, 'A', 0, 1);
insert into notes_details values ('2011-2012', 'SEM-5', 'Zlatan Armstrong', 'MGP-1', 11.32, 3.67, 'A', 4, 2);
insert into notes_details values ('2011-2012', 'SEM-5', 'Zlatan Armstrong', 'PHO-1', 11.32, 2.33, 'A', 0, 1);
insert into notes_details values ('2011-2012', 'SEM-5', 'Zlatan Armstrong', 'PHO-1', 11.32, 3.33, 'A', 3, 2);
insert into notes_details values ('2011-2012', 'SEM-5', 'Zlatan Armstrong', 'PHQ-1', 11.32, 3.33, 'A', 3, 1);
insert into notes_details values ('2011-2012', 'SEM-5', 'Zlatan Armstrong', 'SPM-1', 11.32, 2.67, 'A', 3, 1);
insert into notes_details values ('2011-2012', 'SEM-6', 'Zlatan Armstrong', 'DPP-2', 11.32, 2.0, 'A', 0, 1);
insert into notes_details values ('2011-2012', 'SEM-6', 'Zlatan Armstrong', 'DPP-2', 11.32, 4.0, 'A', 1, 2);
insert into notes_details values ('2011-2012', 'SEM-6', 'Zlatan Armstrong', 'EAO-2', 11.32, 2.0, 'A', 0, 1);
insert into notes_details values ('2011-2012', 'SEM-6', 'Zlatan Armstrong', 'EAO-2', 11.32, 3.0, 'A', 3, 2);
insert into notes_details values ('2011-2012', 'SEM-6', 'Zlatan Armstrong', 'ECO-2', 11.32, 2.67, 'A', 3, 1);
insert into notes_details values ('2011-2012', 'SEM-6', 'Zlatan Armstrong', 'LCI-2', 11.32, 2.33, 'A', 0, 1);
insert into notes_details values ('2011-2012', 'SEM-6', 'Zlatan Armstrong', 'LCI-2', 11.32, 2.67, 'A', 3, 2);
insert into notes_details values ('2011-2012', 'SEM-6', 'Zlatan Armstrong', 'MAT-2', 11.32, 3.67, 'A', 2, 1);
insert into notes_details values ('2011-2012', 'SEM-6', 'Zlatan Armstrong', 'MCO-2', 11.32, 3.0, 'A', 2, 1);
insert into notes_details values ('2011-2012', 'SEM-6', 'Zlatan Armstrong', 'MGP-2', 11.32, 2.67, 'A', 4, 1);
insert into notes_details values ('2011-2012', 'SEM-6', 'Zlatan Armstrong', 'PHS-2', 11.32, 1.0, 'A', 0, 1);
insert into notes_details values ('2011-2012', 'SEM-6', 'Zlatan Armstrong', 'PHS-2', 11.32, 2.67, 'A', 2, 2);
insert into notes_details values ('2011-2012', 'SEM-6', 'Zlatan Armstrong', 'PJT-2', 11.32, 1.0, 'A', 0, 1);
insert into notes_details values ('2011-2012', 'SEM-6', 'Zlatan Armstrong', 'PJT-2', 11.32, 1.0, 'A', 1, 99);
insert into notes_details values ('2011-2012', 'SEM-6', 'Zlatan Armstrong', 'RMS-2', 11.32, 1.33, 'A', 0, 1);
insert into notes_details values ('2011-2012', 'SEM-6', 'Zlatan Armstrong', 'RMS-2', 11.32, 3.0, 'A', 4, 2);
insert into notes_details values ('2011-2012', 'SEM-6', 'Zlatan Armstrong', 'STG-2', 11.32, 1.67, 'A', 0, 1);
insert into notes_details values ('2011-2012', 'SEM-6', 'Zlatan Armstrong', 'STG-2', 11.32, 3.67, 'A', 2, 2);
insert into notes_details values ('2011-2012', 'SEM-6', 'Zlatan Armstrong', 'THS-2', 11.32, 1.67, 'A', 0, 1);
insert into notes_details values ('2011-2012', 'SEM-6', 'Zlatan Armstrong', 'THS-2', 11.32, 4.0, 'A', 3, 2);
insert into notes_details values ('2012-2013', 'SEM-7', 'Zlatan Armstrong', 'ASL-3', 11.32, 1.0, 'A', 0, 1);
insert into notes_details values ('2012-2013', 'SEM-7', 'Zlatan Armstrong', 'ASL-3', 11.32, 2.0, 'A', 0, 2);
insert into contentieux values ('2012-2013', 'SEM-7', 'Zlatan Armstrong', 'ASL-3');
insert into notes_details values ('2012-2013', 'SEM-7', 'Zlatan Armstrong', 'DPP-3', 11.32, 1.67, 'A', 0, 1);
insert into notes_details values ('2012-2013', 'SEM-7', 'Zlatan Armstrong', 'DPP-3', 11.32, 2.67, 'A', 2, 2);
insert into notes_details values ('2012-2013', 'SEM-7', 'Zlatan Armstrong', 'EAO-31', 11.32, 1.0, 'A', 0, 1);
insert into notes_details values ('2012-2013', 'SEM-7', 'Zlatan Armstrong', 'EAO-31', 11.32, 2.0, 'A', 0, 2);
insert into contentieux values ('2012-2013', 'SEM-7', 'Zlatan Armstrong', 'EAO-31');
insert into notes_details values ('2012-2013', 'SEM-7', 'Zlatan Armstrong', 'EAO-32', 11.32, 1.67, 'A', 0, 1);
insert into notes_details values ('2012-2013', 'SEM-7', 'Zlatan Armstrong', 'EAO-32', 11.32, 1.67, 'A', 0, 2);
insert into contentieux values ('2012-2013', 'SEM-7', 'Zlatan Armstrong', 'EAO-32');
insert into notes_details values ('2012-2013', 'SEM-7', 'Zlatan Armstrong', 'EAO-33', 11.32, 3.67, 'A', 2, 1);
insert into notes_details values ('2012-2013', 'SEM-7', 'Zlatan Armstrong', 'EAO-34', 11.32, 1.67, 'A', 0, 1);
insert into notes_details values ('2012-2013', 'SEM-7', 'Zlatan Armstrong', 'EAO-34', 11.32, 2.33, 'A', 0, 2);
insert into contentieux values ('2012-2013', 'SEM-7', 'Zlatan Armstrong', 'EAO-34');
insert into notes_details values ('2012-2013', 'SEM-7', 'Zlatan Armstrong', 'EAO-35', 11.32, 2.0, 'A', 0, 1);
insert into notes_details values ('2012-2013', 'SEM-7', 'Zlatan Armstrong', 'EAO-35', 11.32, 2.0, 'A', 0, 2);
insert into contentieux values ('2012-2013', 'SEM-7', 'Zlatan Armstrong', 'EAO-35');
insert into notes_details values ('2012-2013', 'SEM-7', 'Zlatan Armstrong', 'LCI-3', 11.32, 1.0, 'A', 0, 1);
insert into notes_details values ('2012-2013', 'SEM-7', 'Zlatan Armstrong', 'LCI-3', 11.32, 3.33, 'A', 3, 2);
insert into notes_details values ('2012-2013', 'SEM-7', 'Zlatan Armstrong', 'MAT-3', 11.32, 2.0, 'A', 0, 1);
insert into notes_details values ('2012-2013', 'SEM-7', 'Zlatan Armstrong', 'MAT-3', 11.32, 1.67, 'A', 0, 2);
insert into contentieux values ('2012-2013', 'SEM-7', 'Zlatan Armstrong', 'MAT-3');
insert into notes_details values ('2012-2013', 'SEM-7', 'Zlatan Armstrong', 'MNG-3', 11.32, 2.0, 'A', 0, 1);
insert into notes_details values ('2012-2013', 'SEM-7', 'Zlatan Armstrong', 'MNG-3', 11.32, 3.67, 'A', 3, 2);
insert into notes_details values ('2012-2013', 'SEM-7', 'Zlatan Armstrong', 'PJT-3', 11.32, 3.67, 'A', 5, 1);
insert into notes_details values ('2012-2013', 'SEM-7', 'Zlatan Armstrong', 'STD-3', 11.32, 2.0, 'A', 0, 1);
insert into notes_details values ('2012-2013', 'SEM-7', 'Zlatan Armstrong', 'STD-3', 11.32, 2.33, 'A', 0, 2);
insert into contentieux values ('2012-2013', 'SEM-7', 'Zlatan Armstrong', 'STD-3');
insert into gpa values ('2011-2012', 'SEM-5', 'Zlatan Armstrong', 3.28);
insert into gpa values ('2011-2012', 'SEM-6', 'Zlatan Armstrong', 3.69);
insert into gpa values ('2012-2013', 'SEM-7', 'Zlatan Armstrong', 2.17);
insert into eleves values ('Victoire Barthez', 1, 'S', 'Tres bien', 'MP', 'MP', 'vbarthez');
insert into notes_details values ('2011-2012', 'SEM-5', 'Victoire Barthez', 'ALG-1', 11.32, 3.67, 'A', 3, 1);
insert into notes_details values ('2011-2012', 'SEM-5', 'Victoire Barthez', 'DPP-1', 11.32, 2.33, 'A', 0, 1);
insert into notes_details values ('2011-2012', 'SEM-5', 'Victoire Barthez', 'DPP-1', 11.32, 4.0, 'A', 2, 2);
insert into notes_details values ('2011-2012', 'SEM-5', 'Victoire Barthez', 'ELE-1', 11.32, 1.67, 'A', 0, 1);
insert into notes_details values ('2011-2012', 'SEM-5', 'Victoire Barthez', 'ELE-1', 11.32, 2.0, 'A', 3, 99);
insert into notes_details values ('2011-2012', 'SEM-5', 'Victoire Barthez', 'INP-1', 11.32, 3.33, 'A', 3, 1);
insert into notes_details values ('2011-2012', 'SEM-5', 'Victoire Barthez', 'LCI-1', 11.32, 3.0, 'A', 3, 1);
insert into notes_details values ('2011-2012', 'SEM-5', 'Victoire Barthez', 'MAT-1', 11.32, 1.0, 'A', 0, 1);
insert into notes_details values ('2011-2012', 'SEM-5', 'Victoire Barthez', 'MAT-1', 11.32, 3.33, 'A', 3, 2);
insert into notes_details values ('2011-2012', 'SEM-5', 'Victoire Barthez', 'MGP-1', 11.32, 3.33, 'A', 4, 1);
insert into notes_details values ('2011-2012', 'SEM-5', 'Victoire Barthez', 'PHO-1', 11.32, 1.0, 'A', 0, 1);
insert into notes_details values ('2011-2012', 'SEM-5', 'Victoire Barthez', 'PHO-1', 11.32, 3.67, 'A', 3, 2);
insert into notes_details values ('2011-2012', 'SEM-5', 'Victoire Barthez', 'PHQ-1', 11.32, 2.0, 'A', 0, 1);
insert into notes_details values ('2011-2012', 'SEM-5', 'Victoire Barthez', 'PHQ-1', 11.32, 3.0, 'A', 3, 2);
insert into notes_details values ('2011-2012', 'SEM-5', 'Victoire Barthez', 'SPM-1', 11.32, 3.0, 'A', 3, 1);
insert into notes_details values ('2011-2012', 'SEM-6', 'Victoire Barthez', 'DPP-2', 11.32, 1.0, 'A', 0, 1);
insert into notes_details values ('2011-2012', 'SEM-6', 'Victoire Barthez', 'DPP-2', 11.32, 1.0, 'A', 1, 99);
insert into notes_details values ('2011-2012', 'SEM-6', 'Victoire Barthez', 'EAO-2', 11.32, 1.67, 'A', 0, 1);
insert into notes_details values ('2011-2012', 'SEM-6', 'Victoire Barthez', 'EAO-2', 11.32, 3.33, 'A', 3, 2);
insert into notes_details values ('2011-2012', 'SEM-6', 'Victoire Barthez', 'ECO-2', 11.32, 1.33, 'A', 0, 1);
insert into notes_details values ('2011-2012', 'SEM-6', 'Victoire Barthez', 'ECO-2', 11.32, 4.0, 'A', 3, 2);
insert into notes_details values ('2011-2012', 'SEM-6', 'Victoire Barthez', 'LCI-2', 11.32, 2.33, 'A', 0, 1);
insert into notes_details values ('2011-2012', 'SEM-6', 'Victoire Barthez', 'LCI-2', 11.32, 3.33, 'A', 3, 2);
insert into notes_details values ('2011-2012', 'SEM-6', 'Victoire Barthez', 'MAT-2', 11.32, 2.0, 'A', 0, 1);
insert into notes_details values ('2011-2012', 'SEM-6', 'Victoire Barthez', 'MAT-2', 11.32, 2.67, 'A', 2, 2);
insert into notes_details values ('2011-2012', 'SEM-6', 'Victoire Barthez', 'MCO-2', 11.32, 3.67, 'A', 2, 1);
insert into notes_details values ('2011-2012', 'SEM-6', 'Victoire Barthez', 'MGP-2', 11.32, 1.33, 'A', 0, 1);
insert into notes_details values ('2011-2012', 'SEM-6', 'Victoire Barthez', 'MGP-2', 11.32, 4.0, 'A', 4, 2);
insert into notes_details values ('2011-2012', 'SEM-6', 'Victoire Barthez', 'PHS-2', 11.32, 2.33, 'A', 0, 1);
insert into notes_details values ('2011-2012', 'SEM-6', 'Victoire Barthez', 'PHS-2', 11.32, 3.67, 'A', 2, 2);
insert into notes_details values ('2011-2012', 'SEM-6', 'Victoire Barthez', 'PJT-2', 11.32, 2.67, 'A', 1, 1);
insert into notes_details values ('2011-2012', 'SEM-6', 'Victoire Barthez', 'RMS-2', 11.32, 1.33, 'A', 0, 1);
insert into notes_details values ('2011-2012', 'SEM-6', 'Victoire Barthez', 'RMS-2', 11.32, 3.67, 'A', 4, 2);
insert into notes_details values ('2011-2012', 'SEM-6', 'Victoire Barthez', 'STG-2', 11.32, 1.67, 'A', 0, 1);
insert into notes_details values ('2011-2012', 'SEM-6', 'Victoire Barthez', 'STG-2', 11.32, 3.67, 'A', 2, 2);
insert into notes_details values ('2011-2012', 'SEM-6', 'Victoire Barthez', 'THS-2', 11.32, 2.33, 'A', 0, 1);
insert into notes_details values ('2011-2012', 'SEM-6', 'Victoire Barthez', 'THS-2', 11.32, 3.0, 'A', 3, 2);
insert into notes_details values ('2012-2013', 'SEM-7', 'Victoire Barthez', 'ASL-3', 11.32, 1.0, 'A', 0, 1);
insert into notes_details values ('2012-2013', 'SEM-7', 'Victoire Barthez', 'ASL-3', 11.32, 2.33, 'A', 0, 2);
insert into contentieux values ('2012-2013', 'SEM-7', 'Victoire Barthez', 'ASL-3');
insert into notes_details values ('2012-2013', 'SEM-7', 'Victoire Barthez', 'DPP-3', 11.32, 1.33, 'A', 0, 1);
insert into notes_details values ('2012-2013', 'SEM-7', 'Victoire Barthez', 'DPP-3', 11.32, 3.0, 'A', 2, 2);
insert into notes_details values ('2012-2013', 'SEM-7', 'Victoire Barthez', 'EAO-31', 11.32, 2.0, 'A', 0, 1);
insert into notes_details values ('2012-2013', 'SEM-7', 'Victoire Barthez', 'EAO-31', 11.32, 2.33, 'A', 0, 2);
insert into contentieux values ('2012-2013', 'SEM-7', 'Victoire Barthez', 'EAO-31');
insert into notes_details values ('2012-2013', 'SEM-7', 'Victoire Barthez', 'EAO-32', 11.32, 4.0, 'A', 2, 1);
insert into notes_details values ('2012-2013', 'SEM-7', 'Victoire Barthez', 'EAO-33', 11.32, 1.67, 'A', 0, 1);
insert into notes_details values ('2012-2013', 'SEM-7', 'Victoire Barthez', 'EAO-33', 11.32, 2.33, 'A', 0, 2);
insert into contentieux values ('2012-2013', 'SEM-7', 'Victoire Barthez', 'EAO-33');
insert into notes_details values ('2012-2013', 'SEM-7', 'Victoire Barthez', 'EAO-34', 11.32, 1.0, 'A', 0, 1);
insert into notes_details values ('2012-2013', 'SEM-7', 'Victoire Barthez', 'EAO-34', 11.32, 4.0, 'A', 2, 2);
insert into notes_details values ('2012-2013', 'SEM-7', 'Victoire Barthez', 'EAO-35', 11.32, 2.67, 'A', 2, 1);
insert into notes_details values ('2012-2013', 'SEM-7', 'Victoire Barthez', 'LCI-3', 11.32, 1.33, 'A', 0, 1);
insert into notes_details values ('2012-2013', 'SEM-7', 'Victoire Barthez', 'LCI-3', 11.32, 1.0, 'A', 0, 2);
insert into contentieux values ('2012-2013', 'SEM-7', 'Victoire Barthez', 'LCI-3');
insert into notes_details values ('2012-2013', 'SEM-7', 'Victoire Barthez', 'MAT-3', 11.32, 2.33, 'A', 0, 1);
insert into notes_details values ('2012-2013', 'SEM-7', 'Victoire Barthez', 'MAT-3', 11.32, 2.67, 'A', 3, 2);
insert into notes_details values ('2012-2013', 'SEM-7', 'Victoire Barthez', 'MNG-3', 11.32, 1.0, 'A', 0, 1);
insert into notes_details values ('2012-2013', 'SEM-7', 'Victoire Barthez', 'MNG-3', 11.32, 3.33, 'A', 3, 2);
insert into notes_details values ('2012-2013', 'SEM-7', 'Victoire Barthez', 'PJT-3', 11.32, 1.0, 'A', 0, 1);
insert into notes_details values ('2012-2013', 'SEM-7', 'Victoire Barthez', 'PJT-3', 11.32, 2.33, 'A', 0, 2);
insert into contentieux values ('2012-2013', 'SEM-7', 'Victoire Barthez', 'PJT-3');
insert into notes_details values ('2012-2013', 'SEM-7', 'Victoire Barthez', 'STD-3', 11.32, 3.67, 'A', 2, 1);
insert into gpa values ('2011-2012', 'SEM-5', 'Victoire Barthez', 3.41);
insert into gpa values ('2011-2012', 'SEM-6', 'Victoire Barthez', 2.34);
insert into gpa values ('2012-2013', 'SEM-7', 'Victoire Barthez', 3.35);
insert into eleves values ('Julien Boghossian', 1, 'S', 'Tres bien', 'MP', 'MP', 'jboghossian');
insert into notes_details values ('2011-2012', 'SEM-5', 'Julien Boghossian', 'ALG-1', 11.32, 1.0, 'A', 0, 1);
insert into notes_details values ('2011-2012', 'SEM-5', 'Julien Boghossian', 'ALG-1', 11.32, 3.67, 'A', 3, 2);
insert into notes_details values ('2011-2012', 'SEM-5', 'Julien Boghossian', 'DPP-1', 11.32, 1.67, 'A', 0, 1);
insert into notes_details values ('2011-2012', 'SEM-5', 'Julien Boghossian', 'DPP-1', 11.32, 3.0, 'A', 2, 2);
insert into notes_details values ('2011-2012', 'SEM-5', 'Julien Boghossian', 'ELE-1', 11.32, 2.0, 'A', 0, 1);
insert into notes_details values ('2011-2012', 'SEM-5', 'Julien Boghossian', 'ELE-1', 11.32, 1.0, 'A', 3, 99);
insert into notes_details values ('2011-2012', 'SEM-5', 'Julien Boghossian', 'INP-1', 11.32, 1.33, 'A', 0, 1);
insert into notes_details values ('2011-2012', 'SEM-5', 'Julien Boghossian', 'INP-1', 11.32, 2.67, 'A', 3, 2);
insert into notes_details values ('2011-2012', 'SEM-5', 'Julien Boghossian', 'LCI-1', 11.32, 4.0, 'A', 3, 1);
insert into notes_details values ('2011-2012', 'SEM-5', 'Julien Boghossian', 'MAT-1', 11.32, 1.67, 'A', 0, 1);
insert into notes_details values ('2011-2012', 'SEM-5', 'Julien Boghossian', 'MAT-1', 11.32, 3.67, 'A', 3, 2);
insert into notes_details values ('2011-2012', 'SEM-5', 'Julien Boghossian', 'MGP-1', 11.32, 1.67, 'A', 0, 1);
insert into notes_details values ('2011-2012', 'SEM-5', 'Julien Boghossian', 'MGP-1', 11.32, 1.0, 'A', 4, 99);
insert into notes_details values ('2011-2012', 'SEM-5', 'Julien Boghossian', 'PHO-1', 11.32, 2.0, 'A', 0, 1);
insert into notes_details values ('2011-2012', 'SEM-5', 'Julien Boghossian', 'PHO-1', 11.32, 4.0, 'A', 3, 2);
insert into notes_details values ('2011-2012', 'SEM-5', 'Julien Boghossian', 'PHQ-1', 11.32, 1.67, 'A', 0, 1);
insert into notes_details values ('2011-2012', 'SEM-5', 'Julien Boghossian', 'PHQ-1', 11.32, 3.33, 'A', 3, 2);
insert into notes_details values ('2011-2012', 'SEM-5', 'Julien Boghossian', 'SPM-1', 11.32, 1.0, 'A', 0, 1);
insert into notes_details values ('2011-2012', 'SEM-5', 'Julien Boghossian', 'SPM-1', 11.32, 3.67, 'A', 3, 2);
insert into notes_details values ('2011-2012', 'SEM-6', 'Julien Boghossian', 'DPP-2', 11.32, 3.33, 'A', 1, 1);
insert into notes_details values ('2011-2012', 'SEM-6', 'Julien Boghossian', 'EAO-2', 11.32, 1.33, 'A', 0, 1);
insert into notes_details values ('2011-2012', 'SEM-6', 'Julien Boghossian', 'EAO-2', 11.32, 4.0, 'A', 3, 2);
insert into notes_details values ('2011-2012', 'SEM-6', 'Julien Boghossian', 'ECO-2', 11.32, 3.67, 'A', 3, 1);
insert into notes_details values ('2011-2012', 'SEM-6', 'Julien Boghossian', 'LCI-2', 11.32, 2.0, 'A', 0, 1);
insert into notes_details values ('2011-2012', 'SEM-6', 'Julien Boghossian', 'LCI-2', 11.32, 1.33, 'A', 3, 99);
insert into notes_details values ('2011-2012', 'SEM-6', 'Julien Boghossian', 'MAT-2', 11.32, 1.67, 'A', 0, 1);
insert into notes_details values ('2011-2012', 'SEM-6', 'Julien Boghossian', 'MAT-2', 11.32, 4.0, 'A', 2, 2);
insert into notes_details values ('2011-2012', 'SEM-6', 'Julien Boghossian', 'MCO-2', 11.32, 3.33, 'A', 2, 1);
insert into notes_details values ('2011-2012', 'SEM-6', 'Julien Boghossian', 'MGP-2', 11.32, 1.67, 'A', 0, 1);
insert into notes_details values ('2011-2012', 'SEM-6', 'Julien Boghossian', 'MGP-2', 11.32, 2.33, 'A', 4, 99);
insert into notes_details values ('2011-2012', 'SEM-6', 'Julien Boghossian', 'PHS-2', 11.32, 1.67, 'A', 0, 1);
insert into notes_details values ('2011-2012', 'SEM-6', 'Julien Boghossian', 'PHS-2', 11.32, 3.33, 'A', 2, 2);
insert into notes_details values ('2011-2012', 'SEM-6', 'Julien Boghossian', 'PJT-2', 11.32, 3.67, 'A', 1, 1);
insert into notes_details values ('2011-2012', 'SEM-6', 'Julien Boghossian', 'RMS-2', 11.32, 3.67, 'A', 4, 1);
insert into notes_details values ('2011-2012', 'SEM-6', 'Julien Boghossian', 'STG-2', 11.32, 1.0, 'A', 0, 1);
insert into notes_details values ('2011-2012', 'SEM-6', 'Julien Boghossian', 'STG-2', 11.32, 4.0, 'A', 2, 2);
insert into notes_details values ('2011-2012', 'SEM-6', 'Julien Boghossian', 'THS-2', 11.32, 3.0, 'A', 3, 1);
insert into notes_details values ('2012-2013', 'SEM-7', 'Julien Boghossian', 'ASL-3', 11.32, 1.67, 'A', 0, 1);
insert into notes_details values ('2012-2013', 'SEM-7', 'Julien Boghossian', 'ASL-3', 11.32, 1.0, 'A', 0, 2);
insert into contentieux values ('2012-2013', 'SEM-7', 'Julien Boghossian', 'ASL-3');
insert into notes_details values ('2012-2013', 'SEM-7', 'Julien Boghossian', 'DPP-3', 11.32, 2.33, 'A', 0, 1);
insert into notes_details values ('2012-2013', 'SEM-7', 'Julien Boghossian', 'DPP-3', 11.32, 1.67, 'A', 0, 2);
insert into contentieux values ('2012-2013', 'SEM-7', 'Julien Boghossian', 'DPP-3');
insert into notes_details values ('2012-2013', 'SEM-7', 'Julien Boghossian', 'EAO-31', 11.32, 2.0, 'A', 0, 1);
insert into notes_details values ('2012-2013', 'SEM-7', 'Julien Boghossian', 'EAO-31', 11.32, 2.33, 'A', 0, 2);
insert into contentieux values ('2012-2013', 'SEM-7', 'Julien Boghossian', 'EAO-31');
insert into notes_details values ('2012-2013', 'SEM-7', 'Julien Boghossian', 'EAO-32', 11.32, 1.33, 'A', 0, 1);
insert into notes_details values ('2012-2013', 'SEM-7', 'Julien Boghossian', 'EAO-32', 11.32, 1.0, 'A', 0, 2);
insert into contentieux values ('2012-2013', 'SEM-7', 'Julien Boghossian', 'EAO-32');
insert into notes_details values ('2012-2013', 'SEM-7', 'Julien Boghossian', 'EAO-33', 11.32, 1.33, 'A', 0, 1);
insert into notes_details values ('2012-2013', 'SEM-7', 'Julien Boghossian', 'EAO-33', 11.32, 3.33, 'A', 2, 2);
insert into notes_details values ('2012-2013', 'SEM-7', 'Julien Boghossian', 'EAO-34', 11.32, 2.0, 'A', 0, 1);
insert into notes_details values ('2012-2013', 'SEM-7', 'Julien Boghossian', 'EAO-34', 11.32, 3.67, 'A', 2, 2);
insert into notes_details values ('2012-2013', 'SEM-7', 'Julien Boghossian', 'EAO-35', 11.32, 1.33, 'A', 0, 1);
insert into notes_details values ('2012-2013', 'SEM-7', 'Julien Boghossian', 'EAO-35', 11.32, 2.67, 'A', 2, 2);
insert into notes_details values ('2012-2013', 'SEM-7', 'Julien Boghossian', 'LCI-3', 11.32, 2.0, 'A', 0, 1);
insert into notes_details values ('2012-2013', 'SEM-7', 'Julien Boghossian', 'LCI-3', 11.32, 2.33, 'A', 0, 2);
insert into contentieux values ('2012-2013', 'SEM-7', 'Julien Boghossian', 'LCI-3');
insert into notes_details values ('2012-2013', 'SEM-7', 'Julien Boghossian', 'MAT-3', 11.32, 1.33, 'A', 0, 1);
insert into notes_details values ('2012-2013', 'SEM-7', 'Julien Boghossian', 'MAT-3', 11.32, 1.33, 'A', 0, 2);
insert into contentieux values ('2012-2013', 'SEM-7', 'Julien Boghossian', 'MAT-3');
insert into notes_details values ('2012-2013', 'SEM-7', 'Julien Boghossian', 'MNG-3', 11.32, 3.67, 'A', 3, 1);
insert into notes_details values ('2012-2013', 'SEM-7', 'Julien Boghossian', 'PJT-3', 11.32, 3.67, 'A', 5, 1);
insert into notes_details values ('2012-2013', 'SEM-7', 'Julien Boghossian', 'STD-3', 11.32, 4.0, 'A', 2, 1);
insert into gpa values ('2011-2012', 'SEM-5', 'Julien Boghossian', 2.1);
insert into gpa values ('2011-2012', 'SEM-6', 'Julien Boghossian', 3.16);
insert into gpa values ('2012-2013', 'SEM-7', 'Julien Boghossian', 3.06);
insert into eleves values ('Virginie Dostie', 1, 'S', 'Tres bien', 'MP', 'MP', 'vdostie');
insert into notes_details values ('2011-2012', 'SEM-5', 'Virginie Dostie', 'ALG-1', 11.32, 3.67, 'A', 3, 1);
insert into notes_details values ('2011-2012', 'SEM-5', 'Virginie Dostie', 'DPP-1', 11.32, 2.33, 'A', 0, 1);
insert into notes_details values ('2011-2012', 'SEM-5', 'Virginie Dostie', 'DPP-1', 11.32, 1.0, 'A', 2, 99);
insert into notes_details values ('2011-2012', 'SEM-5', 'Virginie Dostie', 'ELE-1', 11.32, 2.0, 'A', 0, 1);
insert into notes_details values ('2011-2012', 'SEM-5', 'Virginie Dostie', 'ELE-1', 11.32, 3.33, 'A', 3, 2);
insert into notes_details values ('2011-2012', 'SEM-5', 'Virginie Dostie', 'INP-1', 11.32, 2.67, 'A', 3, 1);
insert into notes_details values ('2011-2012', 'SEM-5', 'Virginie Dostie', 'LCI-1', 11.32, 1.0, 'A', 0, 1);
insert into notes_details values ('2011-2012', 'SEM-5', 'Virginie Dostie', 'LCI-1', 11.32, 3.0, 'A', 3, 2);
insert into notes_details values ('2011-2012', 'SEM-5', 'Virginie Dostie', 'MAT-1', 11.32, 2.33, 'A', 0, 1);
insert into notes_details values ('2011-2012', 'SEM-5', 'Virginie Dostie', 'MAT-1', 11.32, 3.33, 'A', 3, 2);
insert into notes_details values ('2011-2012', 'SEM-5', 'Virginie Dostie', 'MGP-1', 11.32, 2.0, 'A', 0, 1);
insert into notes_details values ('2011-2012', 'SEM-5', 'Virginie Dostie', 'MGP-1', 11.32, 3.0, 'A', 4, 2);
insert into notes_details values ('2011-2012', 'SEM-5', 'Virginie Dostie', 'PHO-1', 11.32, 1.33, 'A', 0, 1);
insert into notes_details values ('2011-2012', 'SEM-5', 'Virginie Dostie', 'PHO-1', 11.32, 4.0, 'A', 3, 2);
insert into notes_details values ('2011-2012', 'SEM-5', 'Virginie Dostie', 'PHQ-1', 11.32, 3.67, 'A', 3, 1);
insert into notes_details values ('2011-2012', 'SEM-5', 'Virginie Dostie', 'SPM-1', 11.32, 2.67, 'A', 3, 1);
insert into notes_details values ('2011-2012', 'SEM-6', 'Virginie Dostie', 'DPP-2', 11.32, 3.67, 'A', 1, 1);
insert into notes_details values ('2011-2012', 'SEM-6', 'Virginie Dostie', 'EAO-2', 11.32, 2.0, 'A', 0, 1);
insert into notes_details values ('2011-2012', 'SEM-6', 'Virginie Dostie', 'EAO-2', 11.32, 2.0, 'A', 3, 99);
insert into notes_details values ('2011-2012', 'SEM-6', 'Virginie Dostie', 'ECO-2', 11.32, 2.33, 'A', 0, 1);
insert into notes_details values ('2011-2012', 'SEM-6', 'Virginie Dostie', 'ECO-2', 11.32, 1.67, 'A', 3, 99);
insert into notes_details values ('2011-2012', 'SEM-6', 'Virginie Dostie', 'LCI-2', 11.32, 2.0, 'A', 0, 1);
insert into notes_details values ('2011-2012', 'SEM-6', 'Virginie Dostie', 'LCI-2', 11.32, 3.33, 'A', 3, 2);
insert into notes_details values ('2011-2012', 'SEM-6', 'Virginie Dostie', 'MAT-2', 11.32, 2.0, 'A', 0, 1);
insert into notes_details values ('2011-2012', 'SEM-6', 'Virginie Dostie', 'MAT-2', 11.32, 4.0, 'A', 2, 2);
insert into notes_details values ('2011-2012', 'SEM-6', 'Virginie Dostie', 'MCO-2', 11.32, 1.33, 'A', 0, 1);
insert into notes_details values ('2011-2012', 'SEM-6', 'Virginie Dostie', 'MCO-2', 11.32, 4.0, 'A', 2, 2);
insert into notes_details values ('2011-2012', 'SEM-6', 'Virginie Dostie', 'MGP-2', 11.32, 2.33, 'A', 0, 1);
insert into notes_details values ('2011-2012', 'SEM-6', 'Virginie Dostie', 'MGP-2', 11.32, 2.67, 'A', 4, 2);
insert into notes_details values ('2011-2012', 'SEM-6', 'Virginie Dostie', 'PHS-2', 11.32, 3.33, 'A', 2, 1);
insert into notes_details values ('2011-2012', 'SEM-6', 'Virginie Dostie', 'PJT-2', 11.32, 3.33, 'A', 1, 1);
insert into notes_details values ('2011-2012', 'SEM-6', 'Virginie Dostie', 'RMS-2', 11.32, 2.0, 'A', 0, 1);
insert into notes_details values ('2011-2012', 'SEM-6', 'Virginie Dostie', 'RMS-2', 11.32, 2.67, 'A', 4, 2);
insert into notes_details values ('2011-2012', 'SEM-6', 'Virginie Dostie', 'STG-2', 11.32, 2.33, 'A', 0, 1);
insert into notes_details values ('2011-2012', 'SEM-6', 'Virginie Dostie', 'STG-2', 11.32, 3.0, 'A', 2, 2);
insert into notes_details values ('2011-2012', 'SEM-6', 'Virginie Dostie', 'THS-2', 11.32, 1.33, 'A', 0, 1);
insert into notes_details values ('2011-2012', 'SEM-6', 'Virginie Dostie', 'THS-2', 11.32, 3.67, 'A', 3, 2);
insert into notes_details values ('2012-2013', 'SEM-7', 'Virginie Dostie', 'ASL-3', 11.32, 2.0, 'A', 0, 1);
insert into notes_details values ('2012-2013', 'SEM-7', 'Virginie Dostie', 'ASL-3', 11.32, 1.33, 'A', 0, 2);
insert into contentieux values ('2012-2013', 'SEM-7', 'Virginie Dostie', 'ASL-3');
insert into notes_details values ('2012-2013', 'SEM-7', 'Virginie Dostie', 'DPP-3', 11.32, 2.0, 'A', 0, 1);
insert into notes_details values ('2012-2013', 'SEM-7', 'Virginie Dostie', 'DPP-3', 11.32, 4.0, 'A', 2, 2);
insert into notes_details values ('2012-2013', 'SEM-7', 'Virginie Dostie', 'EAO-31', 11.32, 1.0, 'A', 0, 1);
insert into notes_details values ('2012-2013', 'SEM-7', 'Virginie Dostie', 'EAO-31', 11.32, 3.0, 'A', 2, 2);
insert into notes_details values ('2012-2013', 'SEM-7', 'Virginie Dostie', 'EAO-32', 11.32, 3.67, 'A', 2, 1);
insert into notes_details values ('2012-2013', 'SEM-7', 'Virginie Dostie', 'EAO-33', 11.32, 1.33, 'A', 0, 1);
insert into notes_details values ('2012-2013', 'SEM-7', 'Virginie Dostie', 'EAO-33', 11.32, 3.0, 'A', 2, 2);
insert into notes_details values ('2012-2013', 'SEM-7', 'Virginie Dostie', 'EAO-34', 11.32, 2.0, 'A', 0, 1);
insert into notes_details values ('2012-2013', 'SEM-7', 'Virginie Dostie', 'EAO-34', 11.32, 1.0, 'A', 0, 2);
insert into contentieux values ('2012-2013', 'SEM-7', 'Virginie Dostie', 'EAO-34');
insert into notes_details values ('2012-2013', 'SEM-7', 'Virginie Dostie', 'EAO-35', 11.32, 1.67, 'A', 0, 1);
insert into notes_details values ('2012-2013', 'SEM-7', 'Virginie Dostie', 'EAO-35', 11.32, 1.67, 'A', 0, 2);
insert into contentieux values ('2012-2013', 'SEM-7', 'Virginie Dostie', 'EAO-35');
insert into notes_details values ('2012-2013', 'SEM-7', 'Virginie Dostie', 'LCI-3', 11.32, 4.0, 'A', 3, 1);
insert into notes_details values ('2012-2013', 'SEM-7', 'Virginie Dostie', 'MAT-3', 11.32, 1.67, 'A', 0, 1);
insert into notes_details values ('2012-2013', 'SEM-7', 'Virginie Dostie', 'MAT-3', 11.32, 4.0, 'A', 3, 2);
insert into notes_details values ('2012-2013', 'SEM-7', 'Virginie Dostie', 'MNG-3', 11.32, 1.67, 'A', 0, 1);
insert into notes_details values ('2012-2013', 'SEM-7', 'Virginie Dostie', 'MNG-3', 11.32, 1.33, 'A', 3, 99);
insert into notes_details values ('2012-2013', 'SEM-7', 'Virginie Dostie', 'PJT-3', 11.32, 2.0, 'A', 0, 1);
insert into notes_details values ('2012-2013', 'SEM-7', 'Virginie Dostie', 'PJT-3', 11.32, 2.33, 'A', 0, 2);
insert into contentieux values ('2012-2013', 'SEM-7', 'Virginie Dostie', 'PJT-3');
insert into notes_details values ('2012-2013', 'SEM-7', 'Virginie Dostie', 'STD-3', 11.32, 2.0, 'A', 0, 1);
insert into notes_details values ('2012-2013', 'SEM-7', 'Virginie Dostie', 'STD-3', 11.32, 1.33, 'A', 0, 2);
insert into contentieux values ('2012-2013', 'SEM-7', 'Virginie Dostie', 'STD-3');
insert into gpa values ('2011-2012', 'SEM-5', 'Virginie Dostie', 3.49);
insert into gpa values ('2011-2012', 'SEM-6', 'Virginie Dostie', 2.16);
insert into gpa values ('2012-2013', 'SEM-7', 'Virginie Dostie', 3.93);
insert into eleves values ('Sophie Masopust', 1, 'S', 'Tres bien', 'MP', 'MP', 'smasopust');
insert into notes_details values ('2011-2012', 'SEM-5', 'Sophie Masopust', 'ALG-1', 11.32, 2.33, 'A', 0, 1);
insert into notes_details values ('2011-2012', 'SEM-5', 'Sophie Masopust', 'ALG-1', 11.32, 3.33, 'A', 3, 2);
insert into notes_details values ('2011-2012', 'SEM-5', 'Sophie Masopust', 'DPP-1', 11.32, 1.33, 'A', 0, 1);
insert into notes_details values ('2011-2012', 'SEM-5', 'Sophie Masopust', 'DPP-1', 11.32, 2.67, 'A', 2, 2);
insert into notes_details values ('2011-2012', 'SEM-5', 'Sophie Masopust', 'ELE-1', 11.32, 3.33, 'A', 3, 1);
insert into notes_details values ('2011-2012', 'SEM-5', 'Sophie Masopust', 'INP-1', 11.32, 2.0, 'A', 0, 1);
insert into notes_details values ('2011-2012', 'SEM-5', 'Sophie Masopust', 'INP-1', 11.32, 3.67, 'A', 3, 2);
insert into notes_details values ('2011-2012', 'SEM-5', 'Sophie Masopust', 'LCI-1', 11.32, 1.33, 'A', 0, 1);
insert into notes_details values ('2011-2012', 'SEM-5', 'Sophie Masopust', 'LCI-1', 11.32, 1.0, 'A', 3, 99);
insert into notes_details values ('2011-2012', 'SEM-5', 'Sophie Masopust', 'MAT-1', 11.32, 1.33, 'A', 0, 1);
insert into notes_details values ('2011-2012', 'SEM-5', 'Sophie Masopust', 'MAT-1', 11.32, 3.0, 'A', 3, 2);
insert into notes_details values ('2011-2012', 'SEM-5', 'Sophie Masopust', 'MGP-1', 11.32, 1.33, 'A', 0, 1);
insert into notes_details values ('2011-2012', 'SEM-5', 'Sophie Masopust', 'MGP-1', 11.32, 3.0, 'A', 4, 2);
insert into notes_details values ('2011-2012', 'SEM-5', 'Sophie Masopust', 'PHO-1', 11.32, 2.33, 'A', 0, 1);
insert into notes_details values ('2011-2012', 'SEM-5', 'Sophie Masopust', 'PHO-1', 11.32, 3.33, 'A', 3, 2);
insert into notes_details values ('2011-2012', 'SEM-5', 'Sophie Masopust', 'PHQ-1', 11.32, 1.0, 'A', 0, 1);
insert into notes_details values ('2011-2012', 'SEM-5', 'Sophie Masopust', 'PHQ-1', 11.32, 3.67, 'A', 3, 2);
insert into notes_details values ('2011-2012', 'SEM-5', 'Sophie Masopust', 'SPM-1', 11.32, 1.33, 'A', 0, 1);
insert into notes_details values ('2011-2012', 'SEM-5', 'Sophie Masopust', 'SPM-1', 11.32, 3.67, 'A', 3, 2);
insert into notes_details values ('2011-2012', 'SEM-6', 'Sophie Masopust', 'DPP-2', 11.32, 2.33, 'A', 0, 1);
insert into notes_details values ('2011-2012', 'SEM-6', 'Sophie Masopust', 'DPP-2', 11.32, 3.67, 'A', 1, 2);
insert into notes_details values ('2011-2012', 'SEM-6', 'Sophie Masopust', 'EAO-2', 11.32, 1.67, 'A', 0, 1);
insert into notes_details values ('2011-2012', 'SEM-6', 'Sophie Masopust', 'EAO-2', 11.32, 3.0, 'A', 3, 2);
insert into notes_details values ('2011-2012', 'SEM-6', 'Sophie Masopust', 'ECO-2', 11.32, 3.0, 'A', 3, 1);
insert into notes_details values ('2011-2012', 'SEM-6', 'Sophie Masopust', 'LCI-2', 11.32, 1.0, 'A', 0, 1);
insert into notes_details values ('2011-2012', 'SEM-6', 'Sophie Masopust', 'LCI-2', 11.32, 3.67, 'A', 3, 2);
insert into notes_details values ('2011-2012', 'SEM-6', 'Sophie Masopust', 'MAT-2', 11.32, 2.33, 'A', 0, 1);
insert into notes_details values ('2011-2012', 'SEM-6', 'Sophie Masopust', 'MAT-2', 11.32, 3.67, 'A', 2, 2);
insert into notes_details values ('2011-2012', 'SEM-6', 'Sophie Masopust', 'MCO-2', 11.32, 1.33, 'A', 0, 1);
insert into notes_details values ('2011-2012', 'SEM-6', 'Sophie Masopust', 'MCO-2', 11.32, 4.0, 'A', 2, 2);
insert into notes_details values ('2011-2012', 'SEM-6', 'Sophie Masopust', 'MGP-2', 11.32, 2.33, 'A', 0, 1);
insert into notes_details values ('2011-2012', 'SEM-6', 'Sophie Masopust', 'MGP-2', 11.32, 4.0, 'A', 4, 2);
insert into notes_details values ('2011-2012', 'SEM-6', 'Sophie Masopust', 'PHS-2', 11.32, 3.0, 'A', 2, 1);
insert into notes_details values ('2011-2012', 'SEM-6', 'Sophie Masopust', 'PJT-2', 11.32, 2.67, 'A', 1, 1);
insert into notes_details values ('2011-2012', 'SEM-6', 'Sophie Masopust', 'RMS-2', 11.32, 3.33, 'A', 4, 1);
insert into notes_details values ('2011-2012', 'SEM-6', 'Sophie Masopust', 'STG-2', 11.32, 3.33, 'A', 2, 1);
insert into notes_details values ('2011-2012', 'SEM-6', 'Sophie Masopust', 'THS-2', 11.32, 2.67, 'A', 3, 1);
insert into notes_details values ('2012-2013', 'SEM-7', 'Sophie Masopust', 'ASL-3', 11.32, 2.33, 'A', 0, 1);
insert into notes_details values ('2012-2013', 'SEM-7', 'Sophie Masopust', 'ASL-3', 11.32, 1.0, 'A', 2, 99);
insert into notes_details values ('2012-2013', 'SEM-7', 'Sophie Masopust', 'DPP-3', 11.32, 3.33, 'A', 2, 1);
insert into notes_details values ('2012-2013', 'SEM-7', 'Sophie Masopust', 'EAO-31', 11.32, 1.0, 'A', 0, 1);
insert into notes_details values ('2012-2013', 'SEM-7', 'Sophie Masopust', 'EAO-31', 11.32, 2.33, 'A', 2, 99);
insert into notes_details values ('2012-2013', 'SEM-7', 'Sophie Masopust', 'EAO-32', 11.32, 3.33, 'A', 2, 1);
insert into notes_details values ('2012-2013', 'SEM-7', 'Sophie Masopust', 'EAO-33', 11.32, 2.33, 'A', 0, 1);
insert into notes_details values ('2012-2013', 'SEM-7', 'Sophie Masopust', 'EAO-33', 11.32, 1.33, 'A', 0, 2);
insert into contentieux values ('2012-2013', 'SEM-7', 'Sophie Masopust', 'EAO-33');
insert into notes_details values ('2012-2013', 'SEM-7', 'Sophie Masopust', 'EAO-34', 11.32, 1.0, 'A', 0, 1);
insert into notes_details values ('2012-2013', 'SEM-7', 'Sophie Masopust', 'EAO-34', 11.32, 2.33, 'A', 0, 2);
insert into contentieux values ('2012-2013', 'SEM-7', 'Sophie Masopust', 'EAO-34');
insert into notes_details values ('2012-2013', 'SEM-7', 'Sophie Masopust', 'EAO-35', 11.32, 1.0, 'A', 0, 1);
insert into notes_details values ('2012-2013', 'SEM-7', 'Sophie Masopust', 'EAO-35', 11.32, 2.33, 'A', 0, 2);
insert into contentieux values ('2012-2013', 'SEM-7', 'Sophie Masopust', 'EAO-35');
insert into notes_details values ('2012-2013', 'SEM-7', 'Sophie Masopust', 'LCI-3', 11.32, 2.33, 'A', 0, 1);
insert into notes_details values ('2012-2013', 'SEM-7', 'Sophie Masopust', 'LCI-3', 11.32, 1.0, 'A', 0, 2);
insert into contentieux values ('2012-2013', 'SEM-7', 'Sophie Masopust', 'LCI-3');
insert into notes_details values ('2012-2013', 'SEM-7', 'Sophie Masopust', 'MAT-3', 11.32, 1.0, 'A', 0, 1);
insert into notes_details values ('2012-2013', 'SEM-7', 'Sophie Masopust', 'MAT-3', 11.32, 1.33, 'A', 0, 2);
insert into contentieux values ('2012-2013', 'SEM-7', 'Sophie Masopust', 'MAT-3');
insert into notes_details values ('2012-2013', 'SEM-7', 'Sophie Masopust', 'MNG-3', 11.32, 2.33, 'A', 0, 1);
insert into notes_details values ('2012-2013', 'SEM-7', 'Sophie Masopust', 'MNG-3', 11.32, 3.33, 'A', 3, 2);
insert into notes_details values ('2012-2013', 'SEM-7', 'Sophie Masopust', 'PJT-3', 11.32, 1.67, 'A', 0, 1);
insert into notes_details values ('2012-2013', 'SEM-7', 'Sophie Masopust', 'PJT-3', 11.32, 1.67, 'A', 0, 2);
insert into contentieux values ('2012-2013', 'SEM-7', 'Sophie Masopust', 'PJT-3');
insert into notes_details values ('2012-2013', 'SEM-7', 'Sophie Masopust', 'STD-3', 11.32, 1.0, 'A', 0, 1);
insert into notes_details values ('2012-2013', 'SEM-7', 'Sophie Masopust', 'STD-3', 11.32, 1.33, 'A', 0, 2);
insert into contentieux values ('2012-2013', 'SEM-7', 'Sophie Masopust', 'STD-3');
insert into gpa values ('2011-2012', 'SEM-5', 'Sophie Masopust', 3.57);
insert into gpa values ('2011-2012', 'SEM-6', 'Sophie Masopust', 2.49);
insert into gpa values ('2012-2013', 'SEM-7', 'Sophie Masopust', 3.47);
insert into eleves values ('Florian Giresse', 1, 'S', 'Tres bien', 'MP', 'MP', 'fgiresse');
insert into notes_details values ('2011-2012', 'SEM-5', 'Florian Giresse', 'ALG-1', 11.32, 3.0, 'A', 3, 1);
insert into notes_details values ('2011-2012', 'SEM-5', 'Florian Giresse', 'DPP-1', 11.32, 2.0, 'A', 0, 1);
insert into notes_details values ('2011-2012', 'SEM-5', 'Florian Giresse', 'DPP-1', 11.32, 4.0, 'A', 2, 2);
insert into notes_details values ('2011-2012', 'SEM-5', 'Florian Giresse', 'ELE-1', 11.32, 2.67, 'A', 3, 1);
insert into notes_details values ('2011-2012', 'SEM-5', 'Florian Giresse', 'INP-1', 11.32, 2.67, 'A', 3, 1);
insert into notes_details values ('2011-2012', 'SEM-5', 'Florian Giresse', 'LCI-1', 11.32, 2.33, 'A', 0, 1);
insert into notes_details values ('2011-2012', 'SEM-5', 'Florian Giresse', 'LCI-1', 11.32, 2.33, 'A', 3, 99);
insert into notes_details values ('2011-2012', 'SEM-5', 'Florian Giresse', 'MAT-1', 11.32, 3.67, 'A', 3, 1);
insert into notes_details values ('2011-2012', 'SEM-5', 'Florian Giresse', 'MGP-1', 11.32, 1.0, 'A', 0, 1);
insert into notes_details values ('2011-2012', 'SEM-5', 'Florian Giresse', 'MGP-1', 11.32, 4.0, 'A', 4, 2);
insert into notes_details values ('2011-2012', 'SEM-5', 'Florian Giresse', 'PHO-1', 11.32, 1.0, 'A', 0, 1);
insert into notes_details values ('2011-2012', 'SEM-5', 'Florian Giresse', 'PHO-1', 11.32, 2.67, 'A', 3, 2);
insert into notes_details values ('2011-2012', 'SEM-5', 'Florian Giresse', 'PHQ-1', 11.32, 3.33, 'A', 3, 1);
insert into notes_details values ('2011-2012', 'SEM-5', 'Florian Giresse', 'SPM-1', 11.32, 1.0, 'A', 0, 1);
insert into notes_details values ('2011-2012', 'SEM-5', 'Florian Giresse', 'SPM-1', 11.32, 3.0, 'A', 3, 2);
insert into notes_details values ('2011-2012', 'SEM-6', 'Florian Giresse', 'DPP-2', 11.32, 1.0, 'A', 0, 1);
insert into notes_details values ('2011-2012', 'SEM-6', 'Florian Giresse', 'DPP-2', 11.32, 4.0, 'A', 1, 2);
insert into notes_details values ('2011-2012', 'SEM-6', 'Florian Giresse', 'EAO-2', 11.32, 1.0, 'A', 0, 1);
insert into notes_details values ('2011-2012', 'SEM-6', 'Florian Giresse', 'EAO-2', 11.32, 4.0, 'A', 3, 2);
insert into notes_details values ('2011-2012', 'SEM-6', 'Florian Giresse', 'ECO-2', 11.32, 1.67, 'A', 0, 1);
insert into notes_details values ('2011-2012', 'SEM-6', 'Florian Giresse', 'ECO-2', 11.32, 3.0, 'A', 3, 2);
insert into notes_details values ('2011-2012', 'SEM-6', 'Florian Giresse', 'LCI-2', 11.32, 3.67, 'A', 3, 1);
insert into notes_details values ('2011-2012', 'SEM-6', 'Florian Giresse', 'MAT-2', 11.32, 1.33, 'A', 0, 1);
insert into notes_details values ('2011-2012', 'SEM-6', 'Florian Giresse', 'MAT-2', 11.32, 2.67, 'A', 2, 2);
insert into notes_details values ('2011-2012', 'SEM-6', 'Florian Giresse', 'MCO-2', 11.32, 3.33, 'A', 2, 1);
insert into notes_details values ('2011-2012', 'SEM-6', 'Florian Giresse', 'MGP-2', 11.32, 1.0, 'A', 0, 1);
insert into notes_details values ('2011-2012', 'SEM-6', 'Florian Giresse', 'MGP-2', 11.32, 2.67, 'A', 4, 2);
insert into notes_details values ('2011-2012', 'SEM-6', 'Florian Giresse', 'PHS-2', 11.32, 1.0, 'A', 0, 1);
insert into notes_details values ('2011-2012', 'SEM-6', 'Florian Giresse', 'PHS-2', 11.32, 3.0, 'A', 2, 2);
insert into notes_details values ('2011-2012', 'SEM-6', 'Florian Giresse', 'PJT-2', 11.32, 3.33, 'A', 1, 1);
insert into notes_details values ('2011-2012', 'SEM-6', 'Florian Giresse', 'RMS-2', 11.32, 2.0, 'A', 0, 1);
insert into notes_details values ('2011-2012', 'SEM-6', 'Florian Giresse', 'RMS-2', 11.32, 2.67, 'A', 4, 2);
insert into notes_details values ('2011-2012', 'SEM-6', 'Florian Giresse', 'STG-2', 11.32, 4.0, 'A', 2, 1);
insert into notes_details values ('2011-2012', 'SEM-6', 'Florian Giresse', 'THS-2', 11.32, 1.67, 'A', 0, 1);
insert into notes_details values ('2011-2012', 'SEM-6', 'Florian Giresse', 'THS-2', 11.32, 2.0, 'A', 3, 99);
insert into notes_details values ('2012-2013', 'SEM-7', 'Florian Giresse', 'ASL-3', 11.32, 2.0, 'A', 0, 1);
insert into notes_details values ('2012-2013', 'SEM-7', 'Florian Giresse', 'ASL-3', 11.32, 1.33, 'A', 0, 2);
insert into contentieux values ('2012-2013', 'SEM-7', 'Florian Giresse', 'ASL-3');
insert into notes_details values ('2012-2013', 'SEM-7', 'Florian Giresse', 'DPP-3', 11.32, 4.0, 'A', 2, 1);
insert into notes_details values ('2012-2013', 'SEM-7', 'Florian Giresse', 'EAO-31', 11.32, 3.67, 'A', 2, 1);
insert into notes_details values ('2012-2013', 'SEM-7', 'Florian Giresse', 'EAO-32', 11.32, 2.0, 'A', 0, 1);
insert into notes_details values ('2012-2013', 'SEM-7', 'Florian Giresse', 'EAO-32', 11.32, 2.33, 'A', 0, 2);
insert into contentieux values ('2012-2013', 'SEM-7', 'Florian Giresse', 'EAO-32');
insert into notes_details values ('2012-2013', 'SEM-7', 'Florian Giresse', 'EAO-33', 11.32, 4.0, 'A', 2, 1);
insert into notes_details values ('2012-2013', 'SEM-7', 'Florian Giresse', 'EAO-34', 11.32, 2.0, 'A', 0, 1);
insert into notes_details values ('2012-2013', 'SEM-7', 'Florian Giresse', 'EAO-34', 11.32, 3.0, 'A', 2, 2);
insert into notes_details values ('2012-2013', 'SEM-7', 'Florian Giresse', 'EAO-35', 11.32, 2.0, 'A', 0, 1);
insert into notes_details values ('2012-2013', 'SEM-7', 'Florian Giresse', 'EAO-35', 11.32, 2.33, 'A', 0, 2);
insert into contentieux values ('2012-2013', 'SEM-7', 'Florian Giresse', 'EAO-35');
insert into notes_details values ('2012-2013', 'SEM-7', 'Florian Giresse', 'LCI-3', 11.32, 1.33, 'A', 0, 1);
insert into notes_details values ('2012-2013', 'SEM-7', 'Florian Giresse', 'LCI-3', 11.32, 1.0, 'A', 0, 2);
insert into contentieux values ('2012-2013', 'SEM-7', 'Florian Giresse', 'LCI-3');
insert into notes_details values ('2012-2013', 'SEM-7', 'Florian Giresse', 'MAT-3', 11.32, 1.33, 'A', 0, 1);
insert into notes_details values ('2012-2013', 'SEM-7', 'Florian Giresse', 'MAT-3', 11.32, 2.67, 'A', 3, 2);
insert into notes_details values ('2012-2013', 'SEM-7', 'Florian Giresse', 'MNG-3', 11.32, 2.0, 'A', 0, 1);
insert into notes_details values ('2012-2013', 'SEM-7', 'Florian Giresse', 'MNG-3', 11.32, 1.67, 'A', 3, 99);
insert into notes_details values ('2012-2013', 'SEM-7', 'Florian Giresse', 'PJT-3', 11.32, 4.0, 'A', 5, 1);
insert into notes_details values ('2012-2013', 'SEM-7', 'Florian Giresse', 'STD-3', 11.32, 1.0, 'A', 0, 1);
insert into notes_details values ('2012-2013', 'SEM-7', 'Florian Giresse', 'STD-3', 11.32, 3.67, 'A', 2, 2);
insert into gpa values ('2011-2012', 'SEM-5', 'Florian Giresse', 2.51);
insert into gpa values ('2011-2012', 'SEM-6', 'Florian Giresse', 3.48);
insert into gpa values ('2012-2013', 'SEM-7', 'Florian Giresse', 3.27);
insert into eleves values ('Francois Lizotte', 1, 'S', 'Tres bien', 'MP', 'MP', 'flizotte');
insert into notes_details values ('2011-2012', 'SEM-5', 'Francois Lizotte', 'ALG-1', 11.32, 2.33, 'A', 0, 1);
insert into notes_details values ('2011-2012', 'SEM-5', 'Francois Lizotte', 'ALG-1', 11.32, 3.67, 'A', 3, 2);
insert into notes_details values ('2011-2012', 'SEM-5', 'Francois Lizotte', 'DPP-1', 11.32, 1.0, 'A', 0, 1);
insert into notes_details values ('2011-2012', 'SEM-5', 'Francois Lizotte', 'DPP-1', 11.32, 2.0, 'A', 2, 99);
insert into notes_details values ('2011-2012', 'SEM-5', 'Francois Lizotte', 'ELE-1', 11.32, 3.0, 'A', 3, 1);
insert into notes_details values ('2011-2012', 'SEM-5', 'Francois Lizotte', 'INP-1', 11.32, 3.33, 'A', 3, 1);
insert into notes_details values ('2011-2012', 'SEM-5', 'Francois Lizotte', 'LCI-1', 11.32, 1.0, 'A', 0, 1);
insert into notes_details values ('2011-2012', 'SEM-5', 'Francois Lizotte', 'LCI-1', 11.32, 2.67, 'A', 3, 2);
insert into notes_details values ('2011-2012', 'SEM-5', 'Francois Lizotte', 'MAT-1', 11.32, 1.0, 'A', 0, 1);
insert into notes_details values ('2011-2012', 'SEM-5', 'Francois Lizotte', 'MAT-1', 11.32, 1.0, 'A', 3, 99);
insert into notes_details values ('2011-2012', 'SEM-5', 'Francois Lizotte', 'MGP-1', 11.32, 3.33, 'A', 4, 1);
insert into notes_details values ('2011-2012', 'SEM-5', 'Francois Lizotte', 'PHO-1', 11.32, 2.33, 'A', 0, 1);
insert into notes_details values ('2011-2012', 'SEM-5', 'Francois Lizotte', 'PHO-1', 11.32, 1.33, 'A', 3, 99);
insert into notes_details values ('2011-2012', 'SEM-5', 'Francois Lizotte', 'PHQ-1', 11.32, 4.0, 'A', 3, 1);
insert into notes_details values ('2011-2012', 'SEM-5', 'Francois Lizotte', 'SPM-1', 11.32, 2.33, 'A', 0, 1);
insert into notes_details values ('2011-2012', 'SEM-5', 'Francois Lizotte', 'SPM-1', 11.32, 2.67, 'A', 3, 2);
insert into notes_details values ('2011-2012', 'SEM-6', 'Francois Lizotte', 'DPP-2', 11.32, 2.33, 'A', 0, 1);
insert into notes_details values ('2011-2012', 'SEM-6', 'Francois Lizotte', 'DPP-2', 11.32, 2.67, 'A', 1, 2);
insert into notes_details values ('2011-2012', 'SEM-6', 'Francois Lizotte', 'EAO-2', 11.32, 2.0, 'A', 0, 1);
insert into notes_details values ('2011-2012', 'SEM-6', 'Francois Lizotte', 'EAO-2', 11.32, 2.0, 'A', 3, 99);
insert into notes_details values ('2011-2012', 'SEM-6', 'Francois Lizotte', 'ECO-2', 11.32, 4.0, 'A', 3, 1);
insert into notes_details values ('2011-2012', 'SEM-6', 'Francois Lizotte', 'LCI-2', 11.32, 2.0, 'A', 0, 1);
insert into notes_details values ('2011-2012', 'SEM-6', 'Francois Lizotte', 'LCI-2', 11.32, 3.67, 'A', 3, 2);
insert into notes_details values ('2011-2012', 'SEM-6', 'Francois Lizotte', 'MAT-2', 11.32, 3.0, 'A', 2, 1);
insert into notes_details values ('2011-2012', 'SEM-6', 'Francois Lizotte', 'MCO-2', 11.32, 4.0, 'A', 2, 1);
insert into notes_details values ('2011-2012', 'SEM-6', 'Francois Lizotte', 'MGP-2', 11.32, 2.33, 'A', 0, 1);
insert into notes_details values ('2011-2012', 'SEM-6', 'Francois Lizotte', 'MGP-2', 11.32, 3.67, 'A', 4, 2);
insert into notes_details values ('2011-2012', 'SEM-6', 'Francois Lizotte', 'PHS-2', 11.32, 3.0, 'A', 2, 1);
insert into notes_details values ('2011-2012', 'SEM-6', 'Francois Lizotte', 'PJT-2', 11.32, 3.33, 'A', 1, 1);
insert into notes_details values ('2011-2012', 'SEM-6', 'Francois Lizotte', 'RMS-2', 11.32, 1.0, 'A', 0, 1);
insert into notes_details values ('2011-2012', 'SEM-6', 'Francois Lizotte', 'RMS-2', 11.32, 3.33, 'A', 4, 2);
insert into notes_details values ('2011-2012', 'SEM-6', 'Francois Lizotte', 'STG-2', 11.32, 3.67, 'A', 2, 1);
insert into notes_details values ('2011-2012', 'SEM-6', 'Francois Lizotte', 'THS-2', 11.32, 1.67, 'A', 0, 1);
insert into notes_details values ('2011-2012', 'SEM-6', 'Francois Lizotte', 'THS-2', 11.32, 2.67, 'A', 3, 2);
insert into notes_details values ('2012-2013', 'SEM-7', 'Francois Lizotte', 'ASL-3', 11.32, 1.0, 'A', 0, 1);
insert into notes_details values ('2012-2013', 'SEM-7', 'Francois Lizotte', 'ASL-3', 11.32, 2.33, 'A', 2, 99);
insert into notes_details values ('2012-2013', 'SEM-7', 'Francois Lizotte', 'DPP-3', 11.32, 1.0, 'A', 0, 1);
insert into notes_details values ('2012-2013', 'SEM-7', 'Francois Lizotte', 'DPP-3', 11.32, 1.33, 'A', 0, 2);
insert into contentieux values ('2012-2013', 'SEM-7', 'Francois Lizotte', 'DPP-3');
insert into notes_details values ('2012-2013', 'SEM-7', 'Francois Lizotte', 'EAO-31', 11.32, 3.67, 'A', 2, 1);
insert into notes_details values ('2012-2013', 'SEM-7', 'Francois Lizotte', 'EAO-32', 11.32, 1.67, 'A', 0, 1);
insert into notes_details values ('2012-2013', 'SEM-7', 'Francois Lizotte', 'EAO-32', 11.32, 1.0, 'A', 0, 2);
insert into contentieux values ('2012-2013', 'SEM-7', 'Francois Lizotte', 'EAO-32');
insert into notes_details values ('2012-2013', 'SEM-7', 'Francois Lizotte', 'EAO-33', 11.32, 3.0, 'A', 2, 1);
insert into notes_details values ('2012-2013', 'SEM-7', 'Francois Lizotte', 'EAO-34', 11.32, 3.0, 'A', 2, 1);
insert into notes_details values ('2012-2013', 'SEM-7', 'Francois Lizotte', 'EAO-35', 11.32, 4.0, 'A', 2, 1);
insert into notes_details values ('2012-2013', 'SEM-7', 'Francois Lizotte', 'LCI-3', 11.32, 3.33, 'A', 3, 1);
insert into notes_details values ('2012-2013', 'SEM-7', 'Francois Lizotte', 'MAT-3', 11.32, 2.33, 'A', 0, 1);
insert into notes_details values ('2012-2013', 'SEM-7', 'Francois Lizotte', 'MAT-3', 11.32, 3.0, 'A', 3, 2);
insert into notes_details values ('2012-2013', 'SEM-7', 'Francois Lizotte', 'MNG-3', 11.32, 1.0, 'A', 0, 1);
insert into notes_details values ('2012-2013', 'SEM-7', 'Francois Lizotte', 'MNG-3', 11.32, 3.33, 'A', 3, 2);
insert into notes_details values ('2012-2013', 'SEM-7', 'Francois Lizotte', 'PJT-3', 11.32, 1.0, 'A', 0, 1);
insert into notes_details values ('2012-2013', 'SEM-7', 'Francois Lizotte', 'PJT-3', 11.32, 1.33, 'A', 0, 2);
insert into contentieux values ('2012-2013', 'SEM-7', 'Francois Lizotte', 'PJT-3');
insert into notes_details values ('2012-2013', 'SEM-7', 'Francois Lizotte', 'STD-3', 11.32, 1.33, 'A', 0, 1);
insert into notes_details values ('2012-2013', 'SEM-7', 'Francois Lizotte', 'STD-3', 11.32, 1.33, 'A', 0, 2);
insert into contentieux values ('2012-2013', 'SEM-7', 'Francois Lizotte', 'STD-3');
insert into gpa values ('2011-2012', 'SEM-5', 'Francois Lizotte', 2.42);
insert into gpa values ('2011-2012', 'SEM-6', 'Francois Lizotte', 3.02);
insert into gpa values ('2012-2013', 'SEM-7', 'Francois Lizotte', 3.66);
insert into eleves values ('Florent Chamakh', 1, 'S', 'Tres bien', 'MP', 'MP', 'fchamakh');
insert into notes_details values ('2011-2012', 'SEM-5', 'Florent Chamakh', 'ALG-1', 11.32, 3.0, 'A', 3, 1);
insert into notes_details values ('2011-2012', 'SEM-5', 'Florent Chamakh', 'DPP-1', 11.32, 3.67, 'A', 2, 1);
insert into notes_details values ('2011-2012', 'SEM-5', 'Florent Chamakh', 'ELE-1', 11.32, 4.0, 'A', 3, 1);
insert into notes_details values ('2011-2012', 'SEM-5', 'Florent Chamakh', 'INP-1', 11.32, 3.0, 'A', 3, 1);
insert into notes_details values ('2011-2012', 'SEM-5', 'Florent Chamakh', 'LCI-1', 11.32, 4.0, 'A', 3, 1);
insert into notes_details values ('2011-2012', 'SEM-5', 'Florent Chamakh', 'MAT-1', 11.32, 4.0, 'A', 3, 1);
insert into notes_details values ('2011-2012', 'SEM-5', 'Florent Chamakh', 'MGP-1', 11.32, 3.0, 'A', 4, 1);
insert into notes_details values ('2011-2012', 'SEM-5', 'Florent Chamakh', 'PHO-1', 11.32, 2.33, 'A', 0, 1);
insert into notes_details values ('2011-2012', 'SEM-5', 'Florent Chamakh', 'PHO-1', 11.32, 2.67, 'A', 3, 2);
insert into notes_details values ('2011-2012', 'SEM-5', 'Florent Chamakh', 'PHQ-1', 11.32, 2.33, 'A', 0, 1);
insert into notes_details values ('2011-2012', 'SEM-5', 'Florent Chamakh', 'PHQ-1', 11.32, 3.33, 'A', 3, 2);
insert into notes_details values ('2011-2012', 'SEM-5', 'Florent Chamakh', 'SPM-1', 11.32, 3.0, 'A', 3, 1);
insert into notes_details values ('2011-2012', 'SEM-6', 'Florent Chamakh', 'DPP-2', 11.32, 3.33, 'A', 1, 1);
insert into notes_details values ('2011-2012', 'SEM-6', 'Florent Chamakh', 'EAO-2', 11.32, 1.0, 'A', 0, 1);
insert into notes_details values ('2011-2012', 'SEM-6', 'Florent Chamakh', 'EAO-2', 11.32, 2.33, 'A', 3, 99);
insert into notes_details values ('2011-2012', 'SEM-6', 'Florent Chamakh', 'ECO-2', 11.32, 3.0, 'A', 3, 1);
insert into notes_details values ('2011-2012', 'SEM-6', 'Florent Chamakh', 'LCI-2', 11.32, 2.67, 'A', 3, 1);
insert into notes_details values ('2011-2012', 'SEM-6', 'Florent Chamakh', 'MAT-2', 11.32, 2.67, 'A', 2, 1);
insert into notes_details values ('2011-2012', 'SEM-6', 'Florent Chamakh', 'MCO-2', 11.32, 2.33, 'A', 0, 1);
insert into notes_details values ('2011-2012', 'SEM-6', 'Florent Chamakh', 'MCO-2', 11.32, 1.67, 'A', 2, 99);
insert into notes_details values ('2011-2012', 'SEM-6', 'Florent Chamakh', 'MGP-2', 11.32, 2.67, 'A', 4, 1);
insert into notes_details values ('2011-2012', 'SEM-6', 'Florent Chamakh', 'PHS-2', 11.32, 1.0, 'A', 0, 1);
insert into notes_details values ('2011-2012', 'SEM-6', 'Florent Chamakh', 'PHS-2', 11.32, 2.67, 'A', 2, 2);
insert into notes_details values ('2011-2012', 'SEM-6', 'Florent Chamakh', 'PJT-2', 11.32, 3.33, 'A', 1, 1);
insert into notes_details values ('2011-2012', 'SEM-6', 'Florent Chamakh', 'RMS-2', 11.32, 2.67, 'A', 4, 1);
insert into notes_details values ('2011-2012', 'SEM-6', 'Florent Chamakh', 'STG-2', 11.32, 1.0, 'A', 0, 1);
insert into notes_details values ('2011-2012', 'SEM-6', 'Florent Chamakh', 'STG-2', 11.32, 1.0, 'A', 2, 99);
insert into notes_details values ('2011-2012', 'SEM-6', 'Florent Chamakh', 'THS-2', 11.32, 2.33, 'A', 0, 1);
insert into notes_details values ('2011-2012', 'SEM-6', 'Florent Chamakh', 'THS-2', 11.32, 3.67, 'A', 3, 2);
insert into notes_details values ('2012-2013', 'SEM-7', 'Florent Chamakh', 'ASL-3', 11.32, 1.33, 'A', 0, 1);
insert into notes_details values ('2012-2013', 'SEM-7', 'Florent Chamakh', 'ASL-3', 11.32, 3.33, 'A', 2, 2);
insert into notes_details values ('2012-2013', 'SEM-7', 'Florent Chamakh', 'DPP-3', 11.32, 1.67, 'A', 0, 1);
insert into notes_details values ('2012-2013', 'SEM-7', 'Florent Chamakh', 'DPP-3', 11.32, 3.67, 'A', 2, 2);
insert into notes_details values ('2012-2013', 'SEM-7', 'Florent Chamakh', 'EAO-31', 11.32, 3.67, 'A', 2, 1);
insert into notes_details values ('2012-2013', 'SEM-7', 'Florent Chamakh', 'EAO-32', 11.32, 1.33, 'A', 0, 1);
insert into notes_details values ('2012-2013', 'SEM-7', 'Florent Chamakh', 'EAO-32', 11.32, 2.67, 'A', 2, 2);
insert into notes_details values ('2012-2013', 'SEM-7', 'Florent Chamakh', 'EAO-33', 11.32, 1.67, 'A', 0, 1);
insert into notes_details values ('2012-2013', 'SEM-7', 'Florent Chamakh', 'EAO-33', 11.32, 2.67, 'A', 2, 2);
insert into notes_details values ('2012-2013', 'SEM-7', 'Florent Chamakh', 'EAO-34', 11.32, 1.33, 'A', 0, 1);
insert into notes_details values ('2012-2013', 'SEM-7', 'Florent Chamakh', 'EAO-34', 11.32, 1.67, 'A', 0, 2);
insert into contentieux values ('2012-2013', 'SEM-7', 'Florent Chamakh', 'EAO-34');
insert into notes_details values ('2012-2013', 'SEM-7', 'Florent Chamakh', 'EAO-35', 11.32, 2.0, 'A', 0, 1);
insert into notes_details values ('2012-2013', 'SEM-7', 'Florent Chamakh', 'EAO-35', 11.32, 3.0, 'A', 2, 2);
insert into notes_details values ('2012-2013', 'SEM-7', 'Florent Chamakh', 'LCI-3', 11.32, 4.0, 'A', 3, 1);
insert into notes_details values ('2012-2013', 'SEM-7', 'Florent Chamakh', 'MAT-3', 11.32, 1.67, 'A', 0, 1);
insert into notes_details values ('2012-2013', 'SEM-7', 'Florent Chamakh', 'MAT-3', 11.32, 1.0, 'A', 0, 2);
insert into contentieux values ('2012-2013', 'SEM-7', 'Florent Chamakh', 'MAT-3');
insert into notes_details values ('2012-2013', 'SEM-7', 'Florent Chamakh', 'MNG-3', 11.32, 2.0, 'A', 0, 1);
insert into notes_details values ('2012-2013', 'SEM-7', 'Florent Chamakh', 'MNG-3', 11.32, 1.33, 'A', 0, 2);
insert into contentieux values ('2012-2013', 'SEM-7', 'Florent Chamakh', 'MNG-3');
insert into notes_details values ('2012-2013', 'SEM-7', 'Florent Chamakh', 'PJT-3', 11.32, 1.33, 'A', 0, 1);
insert into notes_details values ('2012-2013', 'SEM-7', 'Florent Chamakh', 'PJT-3', 11.32, 1.33, 'A', 0, 2);
insert into contentieux values ('2012-2013', 'SEM-7', 'Florent Chamakh', 'PJT-3');
insert into notes_details values ('2012-2013', 'SEM-7', 'Florent Chamakh', 'STD-3', 11.32, 3.0, 'A', 2, 1);
insert into gpa values ('2011-2012', 'SEM-5', 'Florent Chamakh', 3.67);
insert into gpa values ('2011-2012', 'SEM-6', 'Florent Chamakh', 3.18);
insert into gpa values ('2012-2013', 'SEM-7', 'Florent Chamakh', 3.73);
insert into eleves values ('Allan Damico', 1, 'S', 'Tres bien', 'MP', 'MP', 'adamico');
insert into notes_details values ('2011-2012', 'SEM-5', 'Allan Damico', 'ALG-1', 11.32, 2.67, 'A', 3, 1);
insert into notes_details values ('2011-2012', 'SEM-5', 'Allan Damico', 'DPP-1', 11.32, 1.0, 'A', 0, 1);
insert into notes_details values ('2011-2012', 'SEM-5', 'Allan Damico', 'DPP-1', 11.32, 2.67, 'A', 2, 2);
insert into notes_details values ('2011-2012', 'SEM-5', 'Allan Damico', 'ELE-1', 11.32, 3.0, 'A', 3, 1);
insert into notes_details values ('2011-2012', 'SEM-5', 'Allan Damico', 'INP-1', 11.32, 1.67, 'A', 0, 1);
insert into notes_details values ('2011-2012', 'SEM-5', 'Allan Damico', 'INP-1', 11.32, 2.67, 'A', 3, 2);
insert into notes_details values ('2011-2012', 'SEM-5', 'Allan Damico', 'LCI-1', 11.32, 1.67, 'A', 0, 1);
insert into notes_details values ('2011-2012', 'SEM-5', 'Allan Damico', 'LCI-1', 11.32, 2.67, 'A', 3, 2);
insert into notes_details values ('2011-2012', 'SEM-5', 'Allan Damico', 'MAT-1', 11.32, 1.0, 'A', 0, 1);
insert into notes_details values ('2011-2012', 'SEM-5', 'Allan Damico', 'MAT-1', 11.32, 3.67, 'A', 3, 2);
insert into notes_details values ('2011-2012', 'SEM-5', 'Allan Damico', 'MGP-1', 11.32, 2.0, 'A', 0, 1);
insert into notes_details values ('2011-2012', 'SEM-5', 'Allan Damico', 'MGP-1', 11.32, 2.67, 'A', 4, 2);
insert into notes_details values ('2011-2012', 'SEM-5', 'Allan Damico', 'PHO-1', 11.32, 3.0, 'A', 3, 1);
insert into notes_details values ('2011-2012', 'SEM-5', 'Allan Damico', 'PHQ-1', 11.32, 3.0, 'A', 3, 1);
insert into notes_details values ('2011-2012', 'SEM-5', 'Allan Damico', 'SPM-1', 11.32, 4.0, 'A', 3, 1);
insert into notes_details values ('2011-2012', 'SEM-6', 'Allan Damico', 'DPP-2', 11.32, 2.67, 'A', 1, 1);
insert into notes_details values ('2011-2012', 'SEM-6', 'Allan Damico', 'EAO-2', 11.32, 1.0, 'A', 0, 1);
insert into notes_details values ('2011-2012', 'SEM-6', 'Allan Damico', 'EAO-2', 11.32, 3.67, 'A', 3, 2);
insert into notes_details values ('2011-2012', 'SEM-6', 'Allan Damico', 'ECO-2', 11.32, 4.0, 'A', 3, 1);
insert into notes_details values ('2011-2012', 'SEM-6', 'Allan Damico', 'LCI-2', 11.32, 1.33, 'A', 0, 1);
insert into notes_details values ('2011-2012', 'SEM-6', 'Allan Damico', 'LCI-2', 11.32, 3.0, 'A', 3, 2);
insert into notes_details values ('2011-2012', 'SEM-6', 'Allan Damico', 'MAT-2', 11.32, 2.33, 'A', 0, 1);
insert into notes_details values ('2011-2012', 'SEM-6', 'Allan Damico', 'MAT-2', 11.32, 1.0, 'A', 2, 99);
insert into notes_details values ('2011-2012', 'SEM-6', 'Allan Damico', 'MCO-2', 11.32, 2.67, 'A', 2, 1);
insert into notes_details values ('2011-2012', 'SEM-6', 'Allan Damico', 'MGP-2', 11.32, 1.33, 'A', 0, 1);
insert into notes_details values ('2011-2012', 'SEM-6', 'Allan Damico', 'MGP-2', 11.32, 3.33, 'A', 4, 2);
insert into notes_details values ('2011-2012', 'SEM-6', 'Allan Damico', 'PHS-2', 11.32, 1.0, 'A', 0, 1);
insert into notes_details values ('2011-2012', 'SEM-6', 'Allan Damico', 'PHS-2', 11.32, 3.67, 'A', 2, 2);
insert into notes_details values ('2011-2012', 'SEM-6', 'Allan Damico', 'PJT-2', 11.32, 1.33, 'A', 0, 1);
insert into notes_details values ('2011-2012', 'SEM-6', 'Allan Damico', 'PJT-2', 11.32, 1.0, 'A', 1, 99);
insert into notes_details values ('2011-2012', 'SEM-6', 'Allan Damico', 'RMS-2', 11.32, 3.67, 'A', 4, 1);
insert into notes_details values ('2011-2012', 'SEM-6', 'Allan Damico', 'STG-2', 11.32, 2.67, 'A', 2, 1);
insert into notes_details values ('2011-2012', 'SEM-6', 'Allan Damico', 'THS-2', 11.32, 1.33, 'A', 0, 1);
insert into notes_details values ('2011-2012', 'SEM-6', 'Allan Damico', 'THS-2', 11.32, 2.67, 'A', 3, 2);
insert into notes_details values ('2012-2013', 'SEM-7', 'Allan Damico', 'ASL-3', 11.32, 1.0, 'A', 0, 1);
insert into notes_details values ('2012-2013', 'SEM-7', 'Allan Damico', 'ASL-3', 11.32, 2.33, 'A', 0, 2);
insert into contentieux values ('2012-2013', 'SEM-7', 'Allan Damico', 'ASL-3');
insert into notes_details values ('2012-2013', 'SEM-7', 'Allan Damico', 'DPP-3', 11.32, 2.0, 'A', 0, 1);
insert into notes_details values ('2012-2013', 'SEM-7', 'Allan Damico', 'DPP-3', 11.32, 1.33, 'A', 0, 2);
insert into contentieux values ('2012-2013', 'SEM-7', 'Allan Damico', 'DPP-3');
insert into notes_details values ('2012-2013', 'SEM-7', 'Allan Damico', 'EAO-31', 11.32, 3.67, 'A', 2, 1);
insert into notes_details values ('2012-2013', 'SEM-7', 'Allan Damico', 'EAO-32', 11.32, 4.0, 'A', 2, 1);
insert into notes_details values ('2012-2013', 'SEM-7', 'Allan Damico', 'EAO-33', 11.32, 1.33, 'A', 0, 1);
insert into notes_details values ('2012-2013', 'SEM-7', 'Allan Damico', 'EAO-33', 11.32, 1.0, 'A', 2, 99);
insert into notes_details values ('2012-2013', 'SEM-7', 'Allan Damico', 'EAO-34', 11.32, 1.67, 'A', 0, 1);
insert into notes_details values ('2012-2013', 'SEM-7', 'Allan Damico', 'EAO-34', 11.32, 1.67, 'A', 0, 2);
insert into contentieux values ('2012-2013', 'SEM-7', 'Allan Damico', 'EAO-34');
insert into notes_details values ('2012-2013', 'SEM-7', 'Allan Damico', 'EAO-35', 11.32, 2.33, 'A', 0, 1);
insert into notes_details values ('2012-2013', 'SEM-7', 'Allan Damico', 'EAO-35', 11.32, 3.0, 'A', 2, 2);
insert into notes_details values ('2012-2013', 'SEM-7', 'Allan Damico', 'LCI-3', 11.32, 2.0, 'A', 0, 1);
insert into notes_details values ('2012-2013', 'SEM-7', 'Allan Damico', 'LCI-3', 11.32, 3.0, 'A', 3, 2);
insert into notes_details values ('2012-2013', 'SEM-7', 'Allan Damico', 'MAT-3', 11.32, 3.33, 'A', 3, 1);
insert into notes_details values ('2012-2013', 'SEM-7', 'Allan Damico', 'MNG-3', 11.32, 1.33, 'A', 0, 1);
insert into notes_details values ('2012-2013', 'SEM-7', 'Allan Damico', 'MNG-3', 11.32, 3.67, 'A', 3, 2);
insert into notes_details values ('2012-2013', 'SEM-7', 'Allan Damico', 'PJT-3', 11.32, 1.67, 'A', 0, 1);
insert into notes_details values ('2012-2013', 'SEM-7', 'Allan Damico', 'PJT-3', 11.32, 1.33, 'A', 0, 2);
insert into contentieux values ('2012-2013', 'SEM-7', 'Allan Damico', 'PJT-3');
insert into notes_details values ('2012-2013', 'SEM-7', 'Allan Damico', 'STD-3', 11.32, 2.67, 'A', 2, 1);
insert into gpa values ('2011-2012', 'SEM-5', 'Allan Damico', 3.72);
insert into gpa values ('2011-2012', 'SEM-6', 'Allan Damico', 2.77);
insert into gpa values ('2012-2013', 'SEM-7', 'Allan Damico', 2.26);
insert into eleves values ('Laetitia Barthez', 1, 'S', 'Tres bien', 'MP', 'MP', 'lbarthez');
insert into notes_details values ('2011-2012', 'SEM-5', 'Laetitia Barthez', 'ALG-1', 11.32, 1.0, 'A', 0, 1);
insert into notes_details values ('2011-2012', 'SEM-5', 'Laetitia Barthez', 'ALG-1', 11.32, 1.0, 'A', 3, 99);
insert into notes_details values ('2011-2012', 'SEM-5', 'Laetitia Barthez', 'DPP-1', 11.32, 3.0, 'A', 2, 1);
insert into notes_details values ('2011-2012', 'SEM-5', 'Laetitia Barthez', 'ELE-1', 11.32, 1.67, 'A', 0, 1);
insert into notes_details values ('2011-2012', 'SEM-5', 'Laetitia Barthez', 'ELE-1', 11.32, 4.0, 'A', 3, 2);
insert into notes_details values ('2011-2012', 'SEM-5', 'Laetitia Barthez', 'INP-1', 11.32, 2.0, 'A', 0, 1);
insert into notes_details values ('2011-2012', 'SEM-5', 'Laetitia Barthez', 'INP-1', 11.32, 1.0, 'A', 3, 99);
insert into notes_details values ('2011-2012', 'SEM-5', 'Laetitia Barthez', 'LCI-1', 11.32, 4.0, 'A', 3, 1);
insert into notes_details values ('2011-2012', 'SEM-5', 'Laetitia Barthez', 'MAT-1', 11.32, 2.33, 'A', 0, 1);
insert into notes_details values ('2011-2012', 'SEM-5', 'Laetitia Barthez', 'MAT-1', 11.32, 3.33, 'A', 3, 2);
insert into notes_details values ('2011-2012', 'SEM-5', 'Laetitia Barthez', 'MGP-1', 11.32, 2.33, 'A', 0, 1);
insert into notes_details values ('2011-2012', 'SEM-5', 'Laetitia Barthez', 'MGP-1', 11.32, 2.67, 'A', 4, 2);
insert into notes_details values ('2011-2012', 'SEM-5', 'Laetitia Barthez', 'PHO-1', 11.32, 2.67, 'A', 3, 1);
insert into notes_details values ('2011-2012', 'SEM-5', 'Laetitia Barthez', 'PHQ-1', 11.32, 1.67, 'A', 0, 1);
insert into notes_details values ('2011-2012', 'SEM-5', 'Laetitia Barthez', 'PHQ-1', 11.32, 1.67, 'A', 3, 99);
insert into notes_details values ('2011-2012', 'SEM-5', 'Laetitia Barthez', 'SPM-1', 11.32, 1.33, 'A', 0, 1);
insert into notes_details values ('2011-2012', 'SEM-5', 'Laetitia Barthez', 'SPM-1', 11.32, 4.0, 'A', 3, 2);
insert into notes_details values ('2011-2012', 'SEM-6', 'Laetitia Barthez', 'DPP-2', 11.32, 3.67, 'A', 1, 1);
insert into notes_details values ('2011-2012', 'SEM-6', 'Laetitia Barthez', 'EAO-2', 11.32, 1.67, 'A', 0, 1);
insert into notes_details values ('2011-2012', 'SEM-6', 'Laetitia Barthez', 'EAO-2', 11.32, 3.33, 'A', 3, 2);
insert into notes_details values ('2011-2012', 'SEM-6', 'Laetitia Barthez', 'ECO-2', 11.32, 3.0, 'A', 3, 1);
insert into notes_details values ('2011-2012', 'SEM-6', 'Laetitia Barthez', 'LCI-2', 11.32, 1.67, 'A', 0, 1);
insert into notes_details values ('2011-2012', 'SEM-6', 'Laetitia Barthez', 'LCI-2', 11.32, 4.0, 'A', 3, 2);
insert into notes_details values ('2011-2012', 'SEM-6', 'Laetitia Barthez', 'MAT-2', 11.32, 1.67, 'A', 0, 1);
insert into notes_details values ('2011-2012', 'SEM-6', 'Laetitia Barthez', 'MAT-2', 11.32, 3.0, 'A', 2, 2);
insert into notes_details values ('2011-2012', 'SEM-6', 'Laetitia Barthez', 'MCO-2', 11.32, 2.67, 'A', 2, 1);
insert into notes_details values ('2011-2012', 'SEM-6', 'Laetitia Barthez', 'MGP-2', 11.32, 1.67, 'A', 0, 1);
insert into notes_details values ('2011-2012', 'SEM-6', 'Laetitia Barthez', 'MGP-2', 11.32, 3.67, 'A', 4, 2);
insert into notes_details values ('2011-2012', 'SEM-6', 'Laetitia Barthez', 'PHS-2', 11.32, 3.0, 'A', 2, 1);
insert into notes_details values ('2011-2012', 'SEM-6', 'Laetitia Barthez', 'PJT-2', 11.32, 2.33, 'A', 0, 1);
insert into notes_details values ('2011-2012', 'SEM-6', 'Laetitia Barthez', 'PJT-2', 11.32, 3.0, 'A', 1, 2);
insert into notes_details values ('2011-2012', 'SEM-6', 'Laetitia Barthez', 'RMS-2', 11.32, 3.67, 'A', 4, 1);
insert into notes_details values ('2011-2012', 'SEM-6', 'Laetitia Barthez', 'STG-2', 11.32, 4.0, 'A', 2, 1);
insert into notes_details values ('2011-2012', 'SEM-6', 'Laetitia Barthez', 'THS-2', 11.32, 2.67, 'A', 3, 1);
insert into notes_details values ('2012-2013', 'SEM-7', 'Laetitia Barthez', 'ASL-3', 11.32, 1.33, 'A', 0, 1);
insert into notes_details values ('2012-2013', 'SEM-7', 'Laetitia Barthez', 'ASL-3', 11.32, 3.0, 'A', 2, 2);
insert into notes_details values ('2012-2013', 'SEM-7', 'Laetitia Barthez', 'DPP-3', 11.32, 2.33, 'A', 0, 1);
insert into notes_details values ('2012-2013', 'SEM-7', 'Laetitia Barthez', 'DPP-3', 11.32, 2.0, 'A', 0, 2);
insert into contentieux values ('2012-2013', 'SEM-7', 'Laetitia Barthez', 'DPP-3');
insert into notes_details values ('2012-2013', 'SEM-7', 'Laetitia Barthez', 'EAO-31', 11.32, 1.0, 'A', 0, 1);
insert into notes_details values ('2012-2013', 'SEM-7', 'Laetitia Barthez', 'EAO-31', 11.32, 2.33, 'A', 0, 2);
insert into contentieux values ('2012-2013', 'SEM-7', 'Laetitia Barthez', 'EAO-31');
insert into notes_details values ('2012-2013', 'SEM-7', 'Laetitia Barthez', 'EAO-32', 11.32, 1.0, 'A', 0, 1);
insert into notes_details values ('2012-2013', 'SEM-7', 'Laetitia Barthez', 'EAO-32', 11.32, 1.67, 'A', 0, 2);
insert into contentieux values ('2012-2013', 'SEM-7', 'Laetitia Barthez', 'EAO-32');
insert into notes_details values ('2012-2013', 'SEM-7', 'Laetitia Barthez', 'EAO-33', 11.32, 3.67, 'A', 2, 1);
insert into notes_details values ('2012-2013', 'SEM-7', 'Laetitia Barthez', 'EAO-34', 11.32, 4.0, 'A', 2, 1);
insert into notes_details values ('2012-2013', 'SEM-7', 'Laetitia Barthez', 'EAO-35', 11.32, 2.67, 'A', 2, 1);
insert into notes_details values ('2012-2013', 'SEM-7', 'Laetitia Barthez', 'LCI-3', 11.32, 2.33, 'A', 0, 1);
insert into notes_details values ('2012-2013', 'SEM-7', 'Laetitia Barthez', 'LCI-3', 11.32, 3.33, 'A', 3, 2);
insert into notes_details values ('2012-2013', 'SEM-7', 'Laetitia Barthez', 'MAT-3', 11.32, 1.67, 'A', 0, 1);
insert into notes_details values ('2012-2013', 'SEM-7', 'Laetitia Barthez', 'MAT-3', 11.32, 3.67, 'A', 3, 2);
insert into notes_details values ('2012-2013', 'SEM-7', 'Laetitia Barthez', 'MNG-3', 11.32, 3.33, 'A', 3, 1);
insert into notes_details values ('2012-2013', 'SEM-7', 'Laetitia Barthez', 'PJT-3', 11.32, 3.0, 'A', 5, 1);
insert into notes_details values ('2012-2013', 'SEM-7', 'Laetitia Barthez', 'STD-3', 11.32, 1.67, 'A', 0, 1);
insert into notes_details values ('2012-2013', 'SEM-7', 'Laetitia Barthez', 'STD-3', 11.32, 3.67, 'A', 2, 2);
insert into gpa values ('2011-2012', 'SEM-5', 'Laetitia Barthez', 2.67);
insert into gpa values ('2011-2012', 'SEM-6', 'Laetitia Barthez', 3.48);
insert into gpa values ('2012-2013', 'SEM-7', 'Laetitia Barthez', 2.51);
insert into eleves values ('Chrisitan Therriault', 1, 'S', 'Tres bien', 'MP', 'MP', 'ctherriault');
insert into notes_details values ('2011-2012', 'SEM-5', 'Chrisitan Therriault', 'ALG-1', 11.32, 2.67, 'A', 3, 1);
insert into notes_details values ('2011-2012', 'SEM-5', 'Chrisitan Therriault', 'DPP-1', 11.32, 3.0, 'A', 2, 1);
insert into notes_details values ('2011-2012', 'SEM-5', 'Chrisitan Therriault', 'ELE-1', 11.32, 2.0, 'A', 0, 1);
insert into notes_details values ('2011-2012', 'SEM-5', 'Chrisitan Therriault', 'ELE-1', 11.32, 3.0, 'A', 3, 2);
insert into notes_details values ('2011-2012', 'SEM-5', 'Chrisitan Therriault', 'INP-1', 11.32, 3.33, 'A', 3, 1);
insert into notes_details values ('2011-2012', 'SEM-5', 'Chrisitan Therriault', 'LCI-1', 11.32, 3.0, 'A', 3, 1);
insert into notes_details values ('2011-2012', 'SEM-5', 'Chrisitan Therriault', 'MAT-1', 11.32, 3.0, 'A', 3, 1);
insert into notes_details values ('2011-2012', 'SEM-5', 'Chrisitan Therriault', 'MGP-1', 11.32, 2.33, 'A', 0, 1);
insert into notes_details values ('2011-2012', 'SEM-5', 'Chrisitan Therriault', 'MGP-1', 11.32, 3.67, 'A', 4, 2);
insert into notes_details values ('2011-2012', 'SEM-5', 'Chrisitan Therriault', 'PHO-1', 11.32, 3.0, 'A', 3, 1);
insert into notes_details values ('2011-2012', 'SEM-5', 'Chrisitan Therriault', 'PHQ-1', 11.32, 3.0, 'A', 3, 1);
insert into notes_details values ('2011-2012', 'SEM-5', 'Chrisitan Therriault', 'SPM-1', 11.32, 1.67, 'A', 0, 1);
insert into notes_details values ('2011-2012', 'SEM-5', 'Chrisitan Therriault', 'SPM-1', 11.32, 4.0, 'A', 3, 2);
insert into notes_details values ('2011-2012', 'SEM-6', 'Chrisitan Therriault', 'DPP-2', 11.32, 3.0, 'A', 1, 1);
insert into notes_details values ('2011-2012', 'SEM-6', 'Chrisitan Therriault', 'EAO-2', 11.32, 3.0, 'A', 3, 1);
insert into notes_details values ('2011-2012', 'SEM-6', 'Chrisitan Therriault', 'ECO-2', 11.32, 2.67, 'A', 3, 1);
insert into notes_details values ('2011-2012', 'SEM-6', 'Chrisitan Therriault', 'LCI-2', 11.32, 3.33, 'A', 3, 1);
insert into notes_details values ('2011-2012', 'SEM-6', 'Chrisitan Therriault', 'MAT-2', 11.32, 3.33, 'A', 2, 1);
insert into notes_details values ('2011-2012', 'SEM-6', 'Chrisitan Therriault', 'MCO-2', 11.32, 2.0, 'A', 0, 1);
insert into notes_details values ('2011-2012', 'SEM-6', 'Chrisitan Therriault', 'MCO-2', 11.32, 3.0, 'A', 2, 2);
insert into notes_details values ('2011-2012', 'SEM-6', 'Chrisitan Therriault', 'MGP-2', 11.32, 3.67, 'A', 4, 1);
insert into notes_details values ('2011-2012', 'SEM-6', 'Chrisitan Therriault', 'PHS-2', 11.32, 1.0, 'A', 0, 1);
insert into notes_details values ('2011-2012', 'SEM-6', 'Chrisitan Therriault', 'PHS-2', 11.32, 3.0, 'A', 2, 2);
insert into notes_details values ('2011-2012', 'SEM-6', 'Chrisitan Therriault', 'PJT-2', 11.32, 1.0, 'A', 0, 1);
insert into notes_details values ('2011-2012', 'SEM-6', 'Chrisitan Therriault', 'PJT-2', 11.32, 2.67, 'A', 1, 2);
insert into notes_details values ('2011-2012', 'SEM-6', 'Chrisitan Therriault', 'RMS-2', 11.32, 3.33, 'A', 4, 1);
insert into notes_details values ('2011-2012', 'SEM-6', 'Chrisitan Therriault', 'STG-2', 11.32, 3.67, 'A', 2, 1);
insert into notes_details values ('2011-2012', 'SEM-6', 'Chrisitan Therriault', 'THS-2', 11.32, 1.0, 'A', 0, 1);
insert into notes_details values ('2011-2012', 'SEM-6', 'Chrisitan Therriault', 'THS-2', 11.32, 2.0, 'A', 3, 99);
insert into notes_details values ('2012-2013', 'SEM-7', 'Chrisitan Therriault', 'ASL-3', 11.32, 2.33, 'A', 0, 1);
insert into notes_details values ('2012-2013', 'SEM-7', 'Chrisitan Therriault', 'ASL-3', 11.32, 1.67, 'A', 0, 2);
insert into contentieux values ('2012-2013', 'SEM-7', 'Chrisitan Therriault', 'ASL-3');
insert into notes_details values ('2012-2013', 'SEM-7', 'Chrisitan Therriault', 'DPP-3', 11.32, 1.33, 'A', 0, 1);
insert into notes_details values ('2012-2013', 'SEM-7', 'Chrisitan Therriault', 'DPP-3', 11.32, 3.33, 'A', 2, 2);
insert into notes_details values ('2012-2013', 'SEM-7', 'Chrisitan Therriault', 'EAO-31', 11.32, 2.0, 'A', 0, 1);
insert into notes_details values ('2012-2013', 'SEM-7', 'Chrisitan Therriault', 'EAO-31', 11.32, 1.0, 'A', 0, 2);
insert into contentieux values ('2012-2013', 'SEM-7', 'Chrisitan Therriault', 'EAO-31');
insert into notes_details values ('2012-2013', 'SEM-7', 'Chrisitan Therriault', 'EAO-32', 11.32, 1.0, 'A', 0, 1);
insert into notes_details values ('2012-2013', 'SEM-7', 'Chrisitan Therriault', 'EAO-32', 11.32, 1.33, 'A', 0, 2);
insert into contentieux values ('2012-2013', 'SEM-7', 'Chrisitan Therriault', 'EAO-32');
insert into notes_details values ('2012-2013', 'SEM-7', 'Chrisitan Therriault', 'EAO-33', 11.32, 1.0, 'A', 0, 1);
insert into notes_details values ('2012-2013', 'SEM-7', 'Chrisitan Therriault', 'EAO-33', 11.32, 2.33, 'A', 0, 2);
insert into contentieux values ('2012-2013', 'SEM-7', 'Chrisitan Therriault', 'EAO-33');
insert into notes_details values ('2012-2013', 'SEM-7', 'Chrisitan Therriault', 'EAO-34', 11.32, 1.33, 'A', 0, 1);
insert into notes_details values ('2012-2013', 'SEM-7', 'Chrisitan Therriault', 'EAO-34', 11.32, 4.0, 'A', 2, 2);
insert into notes_details values ('2012-2013', 'SEM-7', 'Chrisitan Therriault', 'EAO-35', 11.32, 2.67, 'A', 2, 1);
insert into notes_details values ('2012-2013', 'SEM-7', 'Chrisitan Therriault', 'LCI-3', 11.32, 2.33, 'A', 0, 1);
insert into notes_details values ('2012-2013', 'SEM-7', 'Chrisitan Therriault', 'LCI-3', 11.32, 3.67, 'A', 3, 2);
insert into notes_details values ('2012-2013', 'SEM-7', 'Chrisitan Therriault', 'MAT-3', 11.32, 2.0, 'A', 0, 1);
insert into notes_details values ('2012-2013', 'SEM-7', 'Chrisitan Therriault', 'MAT-3', 11.32, 2.67, 'A', 3, 2);
insert into notes_details values ('2012-2013', 'SEM-7', 'Chrisitan Therriault', 'MNG-3', 11.32, 1.67, 'A', 0, 1);
insert into notes_details values ('2012-2013', 'SEM-7', 'Chrisitan Therriault', 'MNG-3', 11.32, 2.0, 'A', 0, 2);
insert into contentieux values ('2012-2013', 'SEM-7', 'Chrisitan Therriault', 'MNG-3');
insert into notes_details values ('2012-2013', 'SEM-7', 'Chrisitan Therriault', 'PJT-3', 11.32, 3.33, 'A', 5, 1);
insert into notes_details values ('2012-2013', 'SEM-7', 'Chrisitan Therriault', 'STD-3', 11.32, 2.0, 'A', 0, 1);
insert into notes_details values ('2012-2013', 'SEM-7', 'Chrisitan Therriault', 'STD-3', 11.32, 3.67, 'A', 2, 2);
insert into gpa values ('2011-2012', 'SEM-5', 'Chrisitan Therriault', 2.5);
insert into gpa values ('2011-2012', 'SEM-6', 'Chrisitan Therriault', 3.93);
insert into gpa values ('2012-2013', 'SEM-7', 'Chrisitan Therriault', 2.98);
insert into eleves values ('Angele Allaire', 1, 'S', 'Tres bien', 'MP', 'MP', 'aallaire');
insert into notes_details values ('2011-2012', 'SEM-5', 'Angele Allaire', 'ALG-1', 11.32, 3.0, 'A', 3, 1);
insert into notes_details values ('2011-2012', 'SEM-5', 'Angele Allaire', 'DPP-1', 11.32, 3.0, 'A', 2, 1);
insert into notes_details values ('2011-2012', 'SEM-5', 'Angele Allaire', 'ELE-1', 11.32, 3.0, 'A', 3, 1);
insert into notes_details values ('2011-2012', 'SEM-5', 'Angele Allaire', 'INP-1', 11.32, 1.33, 'A', 0, 1);
insert into notes_details values ('2011-2012', 'SEM-5', 'Angele Allaire', 'INP-1', 11.32, 3.33, 'A', 3, 2);
insert into notes_details values ('2011-2012', 'SEM-5', 'Angele Allaire', 'LCI-1', 11.32, 1.33, 'A', 0, 1);
insert into notes_details values ('2011-2012', 'SEM-5', 'Angele Allaire', 'LCI-1', 11.32, 3.0, 'A', 3, 2);
insert into notes_details values ('2011-2012', 'SEM-5', 'Angele Allaire', 'MAT-1', 11.32, 3.67, 'A', 3, 1);
insert into notes_details values ('2011-2012', 'SEM-5', 'Angele Allaire', 'MGP-1', 11.32, 4.0, 'A', 4, 1);
insert into notes_details values ('2011-2012', 'SEM-5', 'Angele Allaire', 'PHO-1', 11.32, 1.33, 'A', 0, 1);
insert into notes_details values ('2011-2012', 'SEM-5', 'Angele Allaire', 'PHO-1', 11.32, 3.33, 'A', 3, 2);
insert into notes_details values ('2011-2012', 'SEM-5', 'Angele Allaire', 'PHQ-1', 11.32, 4.0, 'A', 3, 1);
insert into notes_details values ('2011-2012', 'SEM-5', 'Angele Allaire', 'SPM-1', 11.32, 1.67, 'A', 0, 1);
insert into notes_details values ('2011-2012', 'SEM-5', 'Angele Allaire', 'SPM-1', 11.32, 2.33, 'A', 3, 99);
insert into notes_details values ('2011-2012', 'SEM-6', 'Angele Allaire', 'DPP-2', 11.32, 3.33, 'A', 1, 1);
insert into notes_details values ('2011-2012', 'SEM-6', 'Angele Allaire', 'EAO-2', 11.32, 4.0, 'A', 3, 1);
insert into notes_details values ('2011-2012', 'SEM-6', 'Angele Allaire', 'ECO-2', 11.32, 2.33, 'A', 0, 1);
insert into notes_details values ('2011-2012', 'SEM-6', 'Angele Allaire', 'ECO-2', 11.32, 1.33, 'A', 3, 99);
insert into notes_details values ('2011-2012', 'SEM-6', 'Angele Allaire', 'LCI-2', 11.32, 3.0, 'A', 3, 1);
insert into notes_details values ('2011-2012', 'SEM-6', 'Angele Allaire', 'MAT-2', 11.32, 2.0, 'A', 0, 1);
insert into notes_details values ('2011-2012', 'SEM-6', 'Angele Allaire', 'MAT-2', 11.32, 2.67, 'A', 2, 2);
insert into notes_details values ('2011-2012', 'SEM-6', 'Angele Allaire', 'MCO-2', 11.32, 3.33, 'A', 2, 1);
insert into notes_details values ('2011-2012', 'SEM-6', 'Angele Allaire', 'MGP-2', 11.32, 2.33, 'A', 0, 1);
insert into notes_details values ('2011-2012', 'SEM-6', 'Angele Allaire', 'MGP-2', 11.32, 3.0, 'A', 4, 2);
insert into notes_details values ('2011-2012', 'SEM-6', 'Angele Allaire', 'PHS-2', 11.32, 1.0, 'A', 0, 1);
insert into notes_details values ('2011-2012', 'SEM-6', 'Angele Allaire', 'PHS-2', 11.32, 3.67, 'A', 2, 2);
insert into notes_details values ('2011-2012', 'SEM-6', 'Angele Allaire', 'PJT-2', 11.32, 2.67, 'A', 1, 1);
insert into notes_details values ('2011-2012', 'SEM-6', 'Angele Allaire', 'RMS-2', 11.32, 1.67, 'A', 0, 1);
insert into notes_details values ('2011-2012', 'SEM-6', 'Angele Allaire', 'RMS-2', 11.32, 4.0, 'A', 4, 2);
insert into notes_details values ('2011-2012', 'SEM-6', 'Angele Allaire', 'STG-2', 11.32, 3.0, 'A', 2, 1);
insert into notes_details values ('2011-2012', 'SEM-6', 'Angele Allaire', 'THS-2', 11.32, 3.33, 'A', 3, 1);
insert into notes_details values ('2012-2013', 'SEM-7', 'Angele Allaire', 'ASL-3', 11.32, 3.67, 'A', 2, 1);
insert into notes_details values ('2012-2013', 'SEM-7', 'Angele Allaire', 'DPP-3', 11.32, 1.33, 'A', 0, 1);
insert into notes_details values ('2012-2013', 'SEM-7', 'Angele Allaire', 'DPP-3', 11.32, 3.67, 'A', 2, 2);
insert into notes_details values ('2012-2013', 'SEM-7', 'Angele Allaire', 'EAO-31', 11.32, 3.33, 'A', 2, 1);
insert into notes_details values ('2012-2013', 'SEM-7', 'Angele Allaire', 'EAO-32', 11.32, 4.0, 'A', 2, 1);
insert into notes_details values ('2012-2013', 'SEM-7', 'Angele Allaire', 'EAO-33', 11.32, 3.33, 'A', 2, 1);
insert into notes_details values ('2012-2013', 'SEM-7', 'Angele Allaire', 'EAO-34', 11.32, 1.67, 'A', 0, 1);
insert into notes_details values ('2012-2013', 'SEM-7', 'Angele Allaire', 'EAO-34', 11.32, 2.0, 'A', 0, 2);
insert into contentieux values ('2012-2013', 'SEM-7', 'Angele Allaire', 'EAO-34');
insert into notes_details values ('2012-2013', 'SEM-7', 'Angele Allaire', 'EAO-35', 11.32, 1.0, 'A', 0, 1);
insert into notes_details values ('2012-2013', 'SEM-7', 'Angele Allaire', 'EAO-35', 11.32, 1.33, 'A', 0, 2);
insert into contentieux values ('2012-2013', 'SEM-7', 'Angele Allaire', 'EAO-35');
insert into notes_details values ('2012-2013', 'SEM-7', 'Angele Allaire', 'LCI-3', 11.32, 3.67, 'A', 3, 1);
insert into notes_details values ('2012-2013', 'SEM-7', 'Angele Allaire', 'MAT-3', 11.32, 1.67, 'A', 0, 1);
insert into notes_details values ('2012-2013', 'SEM-7', 'Angele Allaire', 'MAT-3', 11.32, 1.0, 'A', 0, 2);
insert into contentieux values ('2012-2013', 'SEM-7', 'Angele Allaire', 'MAT-3');
insert into notes_details values ('2012-2013', 'SEM-7', 'Angele Allaire', 'MNG-3', 11.32, 2.33, 'A', 0, 1);
insert into notes_details values ('2012-2013', 'SEM-7', 'Angele Allaire', 'MNG-3', 11.32, 3.0, 'A', 3, 2);
insert into notes_details values ('2012-2013', 'SEM-7', 'Angele Allaire', 'PJT-3', 11.32, 4.0, 'A', 5, 1);
insert into notes_details values ('2012-2013', 'SEM-7', 'Angele Allaire', 'STD-3', 11.32, 2.33, 'A', 0, 1);
insert into notes_details values ('2012-2013', 'SEM-7', 'Angele Allaire', 'STD-3', 11.32, 3.0, 'A', 2, 2);
insert into gpa values ('2011-2012', 'SEM-5', 'Angele Allaire', 2.56);
insert into gpa values ('2011-2012', 'SEM-6', 'Angele Allaire', 2.41);
insert into gpa values ('2012-2013', 'SEM-7', 'Angele Allaire', 3.79);
insert into eleves values ('Dexter Marton', 1, 'S', 'Tres bien', 'MP', 'MP', 'dmarton');
insert into notes_details values ('2011-2012', 'SEM-5', 'Dexter Marton', 'ALG-1', 11.32, 1.33, 'A', 0, 1);
insert into notes_details values ('2011-2012', 'SEM-5', 'Dexter Marton', 'ALG-1', 11.32, 2.67, 'A', 3, 2);
insert into notes_details values ('2011-2012', 'SEM-5', 'Dexter Marton', 'DPP-1', 11.32, 2.0, 'A', 0, 1);
insert into notes_details values ('2011-2012', 'SEM-5', 'Dexter Marton', 'DPP-1', 11.32, 4.0, 'A', 2, 2);
insert into notes_details values ('2011-2012', 'SEM-5', 'Dexter Marton', 'ELE-1', 11.32, 1.33, 'A', 0, 1);
insert into notes_details values ('2011-2012', 'SEM-5', 'Dexter Marton', 'ELE-1', 11.32, 3.67, 'A', 3, 2);
insert into notes_details values ('2011-2012', 'SEM-5', 'Dexter Marton', 'INP-1', 11.32, 3.67, 'A', 3, 1);
insert into notes_details values ('2011-2012', 'SEM-5', 'Dexter Marton', 'LCI-1', 11.32, 2.67, 'A', 3, 1);
insert into notes_details values ('2011-2012', 'SEM-5', 'Dexter Marton', 'MAT-1', 11.32, 2.67, 'A', 3, 1);
insert into notes_details values ('2011-2012', 'SEM-5', 'Dexter Marton', 'MGP-1', 11.32, 2.0, 'A', 0, 1);
insert into notes_details values ('2011-2012', 'SEM-5', 'Dexter Marton', 'MGP-1', 11.32, 1.33, 'A', 4, 99);
insert into notes_details values ('2011-2012', 'SEM-5', 'Dexter Marton', 'PHO-1', 11.32, 4.0, 'A', 3, 1);
insert into notes_details values ('2011-2012', 'SEM-5', 'Dexter Marton', 'PHQ-1', 11.32, 3.67, 'A', 3, 1);
insert into notes_details values ('2011-2012', 'SEM-5', 'Dexter Marton', 'SPM-1', 11.32, 4.0, 'A', 3, 1);
insert into notes_details values ('2011-2012', 'SEM-6', 'Dexter Marton', 'DPP-2', 11.32, 4.0, 'A', 1, 1);
insert into notes_details values ('2011-2012', 'SEM-6', 'Dexter Marton', 'EAO-2', 11.32, 1.67, 'A', 0, 1);
insert into notes_details values ('2011-2012', 'SEM-6', 'Dexter Marton', 'EAO-2', 11.32, 3.67, 'A', 3, 2);
insert into notes_details values ('2011-2012', 'SEM-6', 'Dexter Marton', 'ECO-2', 11.32, 4.0, 'A', 3, 1);
insert into notes_details values ('2011-2012', 'SEM-6', 'Dexter Marton', 'LCI-2', 11.32, 2.33, 'A', 0, 1);
insert into notes_details values ('2011-2012', 'SEM-6', 'Dexter Marton', 'LCI-2', 11.32, 3.33, 'A', 3, 2);
insert into notes_details values ('2011-2012', 'SEM-6', 'Dexter Marton', 'MAT-2', 11.32, 2.0, 'A', 0, 1);
insert into notes_details values ('2011-2012', 'SEM-6', 'Dexter Marton', 'MAT-2', 11.32, 3.33, 'A', 2, 2);
insert into notes_details values ('2011-2012', 'SEM-6', 'Dexter Marton', 'MCO-2', 11.32, 2.33, 'A', 0, 1);
insert into notes_details values ('2011-2012', 'SEM-6', 'Dexter Marton', 'MCO-2', 11.32, 2.33, 'A', 2, 99);
insert into notes_details values ('2011-2012', 'SEM-6', 'Dexter Marton', 'MGP-2', 11.32, 2.33, 'A', 0, 1);
insert into notes_details values ('2011-2012', 'SEM-6', 'Dexter Marton', 'MGP-2', 11.32, 2.67, 'A', 4, 2);
insert into notes_details values ('2011-2012', 'SEM-6', 'Dexter Marton', 'PHS-2', 11.32, 3.33, 'A', 2, 1);
insert into notes_details values ('2011-2012', 'SEM-6', 'Dexter Marton', 'PJT-2', 11.32, 3.0, 'A', 1, 1);
insert into notes_details values ('2011-2012', 'SEM-6', 'Dexter Marton', 'RMS-2', 11.32, 2.33, 'A', 0, 1);
insert into notes_details values ('2011-2012', 'SEM-6', 'Dexter Marton', 'RMS-2', 11.32, 3.33, 'A', 4, 2);
insert into notes_details values ('2011-2012', 'SEM-6', 'Dexter Marton', 'STG-2', 11.32, 1.67, 'A', 0, 1);
insert into notes_details values ('2011-2012', 'SEM-6', 'Dexter Marton', 'STG-2', 11.32, 1.0, 'A', 2, 99);
insert into notes_details values ('2011-2012', 'SEM-6', 'Dexter Marton', 'THS-2', 11.32, 2.67, 'A', 3, 1);
insert into notes_details values ('2012-2013', 'SEM-7', 'Dexter Marton', 'ASL-3', 11.32, 3.0, 'A', 2, 1);
insert into notes_details values ('2012-2013', 'SEM-7', 'Dexter Marton', 'DPP-3', 11.32, 2.0, 'A', 0, 1);
insert into notes_details values ('2012-2013', 'SEM-7', 'Dexter Marton', 'DPP-3', 11.32, 4.0, 'A', 2, 2);
insert into notes_details values ('2012-2013', 'SEM-7', 'Dexter Marton', 'EAO-31', 11.32, 1.0, 'A', 0, 1);
insert into notes_details values ('2012-2013', 'SEM-7', 'Dexter Marton', 'EAO-31', 11.32, 1.67, 'A', 0, 2);
insert into contentieux values ('2012-2013', 'SEM-7', 'Dexter Marton', 'EAO-31');
insert into notes_details values ('2012-2013', 'SEM-7', 'Dexter Marton', 'EAO-32', 11.32, 3.33, 'A', 2, 1);
insert into notes_details values ('2012-2013', 'SEM-7', 'Dexter Marton', 'EAO-33', 11.32, 1.67, 'A', 0, 1);
insert into notes_details values ('2012-2013', 'SEM-7', 'Dexter Marton', 'EAO-33', 11.32, 1.67, 'A', 2, 99);
insert into notes_details values ('2012-2013', 'SEM-7', 'Dexter Marton', 'EAO-34', 11.32, 2.67, 'A', 2, 1);
insert into notes_details values ('2012-2013', 'SEM-7', 'Dexter Marton', 'EAO-35', 11.32, 1.33, 'A', 0, 1);
insert into notes_details values ('2012-2013', 'SEM-7', 'Dexter Marton', 'EAO-35', 11.32, 2.33, 'A', 2, 99);
insert into notes_details values ('2012-2013', 'SEM-7', 'Dexter Marton', 'LCI-3', 11.32, 4.0, 'A', 3, 1);
insert into notes_details values ('2012-2013', 'SEM-7', 'Dexter Marton', 'MAT-3', 11.32, 1.0, 'A', 0, 1);
insert into notes_details values ('2012-2013', 'SEM-7', 'Dexter Marton', 'MAT-3', 11.32, 2.67, 'A', 3, 2);
insert into notes_details values ('2012-2013', 'SEM-7', 'Dexter Marton', 'MNG-3', 11.32, 3.0, 'A', 3, 1);
insert into notes_details values ('2012-2013', 'SEM-7', 'Dexter Marton', 'PJT-3', 11.32, 2.0, 'A', 0, 1);
insert into notes_details values ('2012-2013', 'SEM-7', 'Dexter Marton', 'PJT-3', 11.32, 1.33, 'A', 0, 2);
insert into contentieux values ('2012-2013', 'SEM-7', 'Dexter Marton', 'PJT-3');
insert into notes_details values ('2012-2013', 'SEM-7', 'Dexter Marton', 'STD-3', 11.32, 1.67, 'A', 0, 1);
insert into notes_details values ('2012-2013', 'SEM-7', 'Dexter Marton', 'STD-3', 11.32, 4.0, 'A', 2, 2);
insert into gpa values ('2011-2012', 'SEM-5', 'Dexter Marton', 2.09);
insert into gpa values ('2011-2012', 'SEM-6', 'Dexter Marton', 2.38);
insert into gpa values ('2012-2013', 'SEM-7', 'Dexter Marton', 3.84);
insert into eleves values ('Damiane Bazinet', 1, 'S', 'Tres bien', 'MP', 'MP', 'dbazinet');
insert into notes_details values ('2011-2012', 'SEM-5', 'Damiane Bazinet', 'ALG-1', 11.32, 3.33, 'A', 3, 1);
insert into notes_details values ('2011-2012', 'SEM-5', 'Damiane Bazinet', 'DPP-1', 11.32, 1.67, 'A', 0, 1);
insert into notes_details values ('2011-2012', 'SEM-5', 'Damiane Bazinet', 'DPP-1', 11.32, 3.67, 'A', 2, 2);
insert into notes_details values ('2011-2012', 'SEM-5', 'Damiane Bazinet', 'ELE-1', 11.32, 3.33, 'A', 3, 1);
insert into notes_details values ('2011-2012', 'SEM-5', 'Damiane Bazinet', 'INP-1', 11.32, 1.67, 'A', 0, 1);
insert into notes_details values ('2011-2012', 'SEM-5', 'Damiane Bazinet', 'INP-1', 11.32, 3.0, 'A', 3, 2);
insert into notes_details values ('2011-2012', 'SEM-5', 'Damiane Bazinet', 'LCI-1', 11.32, 2.33, 'A', 0, 1);
insert into notes_details values ('2011-2012', 'SEM-5', 'Damiane Bazinet', 'LCI-1', 11.32, 3.0, 'A', 3, 2);
insert into notes_details values ('2011-2012', 'SEM-5', 'Damiane Bazinet', 'MAT-1', 11.32, 2.67, 'A', 3, 1);
insert into notes_details values ('2011-2012', 'SEM-5', 'Damiane Bazinet', 'MGP-1', 11.32, 3.33, 'A', 4, 1);
insert into notes_details values ('2011-2012', 'SEM-5', 'Damiane Bazinet', 'PHO-1', 11.32, 4.0, 'A', 3, 1);
insert into notes_details values ('2011-2012', 'SEM-5', 'Damiane Bazinet', 'PHQ-1', 11.32, 1.67, 'A', 0, 1);
insert into notes_details values ('2011-2012', 'SEM-5', 'Damiane Bazinet', 'PHQ-1', 11.32, 1.67, 'A', 3, 99);
insert into notes_details values ('2011-2012', 'SEM-5', 'Damiane Bazinet', 'SPM-1', 11.32, 3.67, 'A', 3, 1);
insert into notes_details values ('2011-2012', 'SEM-6', 'Damiane Bazinet', 'DPP-2', 11.32, 3.33, 'A', 1, 1);
insert into notes_details values ('2011-2012', 'SEM-6', 'Damiane Bazinet', 'EAO-2', 11.32, 2.67, 'A', 3, 1);
insert into notes_details values ('2011-2012', 'SEM-6', 'Damiane Bazinet', 'ECO-2', 11.32, 2.33, 'A', 0, 1);
insert into notes_details values ('2011-2012', 'SEM-6', 'Damiane Bazinet', 'ECO-2', 11.32, 3.67, 'A', 3, 2);
insert into notes_details values ('2011-2012', 'SEM-6', 'Damiane Bazinet', 'LCI-2', 11.32, 2.0, 'A', 0, 1);
insert into notes_details values ('2011-2012', 'SEM-6', 'Damiane Bazinet', 'LCI-2', 11.32, 2.67, 'A', 3, 2);
insert into notes_details values ('2011-2012', 'SEM-6', 'Damiane Bazinet', 'MAT-2', 11.32, 2.67, 'A', 2, 1);
insert into notes_details values ('2011-2012', 'SEM-6', 'Damiane Bazinet', 'MCO-2', 11.32, 4.0, 'A', 2, 1);
insert into notes_details values ('2011-2012', 'SEM-6', 'Damiane Bazinet', 'MGP-2', 11.32, 3.33, 'A', 4, 1);
insert into notes_details values ('2011-2012', 'SEM-6', 'Damiane Bazinet', 'PHS-2', 11.32, 3.67, 'A', 2, 1);
insert into notes_details values ('2011-2012', 'SEM-6', 'Damiane Bazinet', 'PJT-2', 11.32, 2.67, 'A', 1, 1);
insert into notes_details values ('2011-2012', 'SEM-6', 'Damiane Bazinet', 'RMS-2', 11.32, 2.67, 'A', 4, 1);
insert into notes_details values ('2011-2012', 'SEM-6', 'Damiane Bazinet', 'STG-2', 11.32, 1.67, 'A', 0, 1);
insert into notes_details values ('2011-2012', 'SEM-6', 'Damiane Bazinet', 'STG-2', 11.32, 3.33, 'A', 2, 2);
insert into notes_details values ('2011-2012', 'SEM-6', 'Damiane Bazinet', 'THS-2', 11.32, 3.67, 'A', 3, 1);
insert into notes_details values ('2012-2013', 'SEM-7', 'Damiane Bazinet', 'ASL-3', 11.32, 2.33, 'A', 0, 1);
insert into notes_details values ('2012-2013', 'SEM-7', 'Damiane Bazinet', 'ASL-3', 11.32, 2.33, 'A', 0, 2);
insert into contentieux values ('2012-2013', 'SEM-7', 'Damiane Bazinet', 'ASL-3');
insert into notes_details values ('2012-2013', 'SEM-7', 'Damiane Bazinet', 'DPP-3', 11.32, 2.0, 'A', 0, 1);
insert into notes_details values ('2012-2013', 'SEM-7', 'Damiane Bazinet', 'DPP-3', 11.32, 4.0, 'A', 2, 2);
insert into notes_details values ('2012-2013', 'SEM-7', 'Damiane Bazinet', 'EAO-31', 11.32, 1.33, 'A', 0, 1);
insert into notes_details values ('2012-2013', 'SEM-7', 'Damiane Bazinet', 'EAO-31', 11.32, 3.67, 'A', 2, 2);
insert into notes_details values ('2012-2013', 'SEM-7', 'Damiane Bazinet', 'EAO-32', 11.32, 1.33, 'A', 0, 1);
insert into notes_details values ('2012-2013', 'SEM-7', 'Damiane Bazinet', 'EAO-32', 11.32, 3.33, 'A', 2, 2);
insert into notes_details values ('2012-2013', 'SEM-7', 'Damiane Bazinet', 'EAO-33', 11.32, 2.0, 'A', 0, 1);
insert into notes_details values ('2012-2013', 'SEM-7', 'Damiane Bazinet', 'EAO-33', 11.32, 4.0, 'A', 2, 2);
insert into notes_details values ('2012-2013', 'SEM-7', 'Damiane Bazinet', 'EAO-34', 11.32, 3.0, 'A', 2, 1);
insert into notes_details values ('2012-2013', 'SEM-7', 'Damiane Bazinet', 'EAO-35', 11.32, 3.33, 'A', 2, 1);
insert into notes_details values ('2012-2013', 'SEM-7', 'Damiane Bazinet', 'LCI-3', 11.32, 3.67, 'A', 3, 1);
insert into notes_details values ('2012-2013', 'SEM-7', 'Damiane Bazinet', 'MAT-3', 11.32, 2.33, 'A', 0, 1);
insert into notes_details values ('2012-2013', 'SEM-7', 'Damiane Bazinet', 'MAT-3', 11.32, 4.0, 'A', 3, 2);
insert into notes_details values ('2012-2013', 'SEM-7', 'Damiane Bazinet', 'MNG-3', 11.32, 2.0, 'A', 0, 1);
insert into notes_details values ('2012-2013', 'SEM-7', 'Damiane Bazinet', 'MNG-3', 11.32, 2.0, 'A', 3, 99);
insert into notes_details values ('2012-2013', 'SEM-7', 'Damiane Bazinet', 'PJT-3', 11.32, 2.0, 'A', 0, 1);
insert into notes_details values ('2012-2013', 'SEM-7', 'Damiane Bazinet', 'PJT-3', 11.32, 1.0, 'A', 0, 2);
insert into contentieux values ('2012-2013', 'SEM-7', 'Damiane Bazinet', 'PJT-3');
insert into notes_details values ('2012-2013', 'SEM-7', 'Damiane Bazinet', 'STD-3', 11.32, 2.67, 'A', 2, 1);
insert into gpa values ('2011-2012', 'SEM-5', 'Damiane Bazinet', 2.9);
insert into gpa values ('2011-2012', 'SEM-6', 'Damiane Bazinet', 3.02);
insert into gpa values ('2012-2013', 'SEM-7', 'Damiane Bazinet', 3.3);
insert into eleves values ('William Chirac', 1, 'S', 'Tres bien', 'MP', 'MP', 'wchirac');
insert into notes_details values ('2011-2012', 'SEM-5', 'William Chirac', 'ALG-1', 11.32, 3.33, 'A', 3, 1);
insert into notes_details values ('2011-2012', 'SEM-5', 'William Chirac', 'DPP-1', 11.32, 2.0, 'A', 0, 1);
insert into notes_details values ('2011-2012', 'SEM-5', 'William Chirac', 'DPP-1', 11.32, 2.33, 'A', 2, 99);
insert into notes_details values ('2011-2012', 'SEM-5', 'William Chirac', 'ELE-1', 11.32, 4.0, 'A', 3, 1);
insert into notes_details values ('2011-2012', 'SEM-5', 'William Chirac', 'INP-1', 11.32, 3.33, 'A', 3, 1);
insert into notes_details values ('2011-2012', 'SEM-5', 'William Chirac', 'LCI-1', 11.32, 2.67, 'A', 3, 1);
insert into notes_details values ('2011-2012', 'SEM-5', 'William Chirac', 'MAT-1', 11.32, 3.67, 'A', 3, 1);
insert into notes_details values ('2011-2012', 'SEM-5', 'William Chirac', 'MGP-1', 11.32, 3.0, 'A', 4, 1);
insert into notes_details values ('2011-2012', 'SEM-5', 'William Chirac', 'PHO-1', 11.32, 3.67, 'A', 3, 1);
insert into notes_details values ('2011-2012', 'SEM-5', 'William Chirac', 'PHQ-1', 11.32, 1.33, 'A', 0, 1);
insert into notes_details values ('2011-2012', 'SEM-5', 'William Chirac', 'PHQ-1', 11.32, 2.0, 'A', 3, 99);
insert into notes_details values ('2011-2012', 'SEM-5', 'William Chirac', 'SPM-1', 11.32, 2.33, 'A', 0, 1);
insert into notes_details values ('2011-2012', 'SEM-5', 'William Chirac', 'SPM-1', 11.32, 3.0, 'A', 3, 2);
insert into notes_details values ('2011-2012', 'SEM-6', 'William Chirac', 'DPP-2', 11.32, 2.0, 'A', 0, 1);
insert into notes_details values ('2011-2012', 'SEM-6', 'William Chirac', 'DPP-2', 11.32, 3.0, 'A', 1, 2);
insert into notes_details values ('2011-2012', 'SEM-6', 'William Chirac', 'EAO-2', 11.32, 1.33, 'A', 0, 1);
insert into notes_details values ('2011-2012', 'SEM-6', 'William Chirac', 'EAO-2', 11.32, 3.67, 'A', 3, 2);
insert into notes_details values ('2011-2012', 'SEM-6', 'William Chirac', 'ECO-2', 11.32, 3.33, 'A', 3, 1);
insert into notes_details values ('2011-2012', 'SEM-6', 'William Chirac', 'LCI-2', 11.32, 2.0, 'A', 0, 1);
insert into notes_details values ('2011-2012', 'SEM-6', 'William Chirac', 'LCI-2', 11.32, 2.0, 'A', 3, 99);
insert into notes_details values ('2011-2012', 'SEM-6', 'William Chirac', 'MAT-2', 11.32, 1.67, 'A', 0, 1);
insert into notes_details values ('2011-2012', 'SEM-6', 'William Chirac', 'MAT-2', 11.32, 2.67, 'A', 2, 2);
insert into notes_details values ('2011-2012', 'SEM-6', 'William Chirac', 'MCO-2', 11.32, 2.0, 'A', 0, 1);
insert into notes_details values ('2011-2012', 'SEM-6', 'William Chirac', 'MCO-2', 11.32, 3.67, 'A', 2, 2);
insert into notes_details values ('2011-2012', 'SEM-6', 'William Chirac', 'MGP-2', 11.32, 2.0, 'A', 0, 1);
insert into notes_details values ('2011-2012', 'SEM-6', 'William Chirac', 'MGP-2', 11.32, 3.0, 'A', 4, 2);
insert into notes_details values ('2011-2012', 'SEM-6', 'William Chirac', 'PHS-2', 11.32, 1.0, 'A', 0, 1);
insert into notes_details values ('2011-2012', 'SEM-6', 'William Chirac', 'PHS-2', 11.32, 3.67, 'A', 2, 2);
insert into notes_details values ('2011-2012', 'SEM-6', 'William Chirac', 'PJT-2', 11.32, 3.33, 'A', 1, 1);
insert into notes_details values ('2011-2012', 'SEM-6', 'William Chirac', 'RMS-2', 11.32, 3.0, 'A', 4, 1);
insert into notes_details values ('2011-2012', 'SEM-6', 'William Chirac', 'STG-2', 11.32, 4.0, 'A', 2, 1);
insert into notes_details values ('2011-2012', 'SEM-6', 'William Chirac', 'THS-2', 11.32, 2.33, 'A', 0, 1);
insert into notes_details values ('2011-2012', 'SEM-6', 'William Chirac', 'THS-2', 11.32, 4.0, 'A', 3, 2);
insert into notes_details values ('2012-2013', 'SEM-7', 'William Chirac', 'ASL-3', 11.32, 2.33, 'A', 0, 1);
insert into notes_details values ('2012-2013', 'SEM-7', 'William Chirac', 'ASL-3', 11.32, 2.67, 'A', 2, 2);
insert into notes_details values ('2012-2013', 'SEM-7', 'William Chirac', 'DPP-3', 11.32, 1.67, 'A', 0, 1);
insert into notes_details values ('2012-2013', 'SEM-7', 'William Chirac', 'DPP-3', 11.32, 1.67, 'A', 0, 2);
insert into contentieux values ('2012-2013', 'SEM-7', 'William Chirac', 'DPP-3');
insert into notes_details values ('2012-2013', 'SEM-7', 'William Chirac', 'EAO-31', 11.32, 2.0, 'A', 0, 1);
insert into notes_details values ('2012-2013', 'SEM-7', 'William Chirac', 'EAO-31', 11.32, 2.67, 'A', 2, 2);
insert into notes_details values ('2012-2013', 'SEM-7', 'William Chirac', 'EAO-32', 11.32, 1.67, 'A', 0, 1);
insert into notes_details values ('2012-2013', 'SEM-7', 'William Chirac', 'EAO-32', 11.32, 2.33, 'A', 2, 99);
insert into notes_details values ('2012-2013', 'SEM-7', 'William Chirac', 'EAO-33', 11.32, 1.0, 'A', 0, 1);
insert into notes_details values ('2012-2013', 'SEM-7', 'William Chirac', 'EAO-33', 11.32, 1.0, 'A', 0, 2);
insert into contentieux values ('2012-2013', 'SEM-7', 'William Chirac', 'EAO-33');
insert into notes_details values ('2012-2013', 'SEM-7', 'William Chirac', 'EAO-34', 11.32, 2.33, 'A', 0, 1);
insert into notes_details values ('2012-2013', 'SEM-7', 'William Chirac', 'EAO-34', 11.32, 1.67, 'A', 0, 2);
insert into contentieux values ('2012-2013', 'SEM-7', 'William Chirac', 'EAO-34');
insert into notes_details values ('2012-2013', 'SEM-7', 'William Chirac', 'EAO-35', 11.32, 2.0, 'A', 0, 1);
insert into notes_details values ('2012-2013', 'SEM-7', 'William Chirac', 'EAO-35', 11.32, 3.33, 'A', 2, 2);
insert into notes_details values ('2012-2013', 'SEM-7', 'William Chirac', 'LCI-3', 11.32, 3.33, 'A', 3, 1);
insert into notes_details values ('2012-2013', 'SEM-7', 'William Chirac', 'MAT-3', 11.32, 2.0, 'A', 0, 1);
insert into notes_details values ('2012-2013', 'SEM-7', 'William Chirac', 'MAT-3', 11.32, 2.67, 'A', 3, 2);
insert into notes_details values ('2012-2013', 'SEM-7', 'William Chirac', 'MNG-3', 11.32, 3.67, 'A', 3, 1);
insert into notes_details values ('2012-2013', 'SEM-7', 'William Chirac', 'PJT-3', 11.32, 1.67, 'A', 0, 1);
insert into notes_details values ('2012-2013', 'SEM-7', 'William Chirac', 'PJT-3', 11.32, 2.67, 'A', 5, 2);
insert into notes_details values ('2012-2013', 'SEM-7', 'William Chirac', 'STD-3', 11.32, 2.0, 'A', 0, 1);
insert into notes_details values ('2012-2013', 'SEM-7', 'William Chirac', 'STD-3', 11.32, 4.0, 'A', 2, 2);
insert into gpa values ('2011-2012', 'SEM-5', 'William Chirac', 2.64);
insert into gpa values ('2011-2012', 'SEM-6', 'William Chirac', 2.85);
insert into gpa values ('2012-2013', 'SEM-7', 'William Chirac', 2.56);
insert into eleves values ('Sarah Gingras', 1, 'S', 'Tres bien', 'MP', 'MP', 'sgingras');
insert into notes_details values ('2011-2012', 'SEM-5', 'Sarah Gingras', 'ALG-1', 11.32, 3.67, 'A', 3, 1);
insert into notes_details values ('2011-2012', 'SEM-5', 'Sarah Gingras', 'DPP-1', 11.32, 2.33, 'A', 0, 1);
insert into notes_details values ('2011-2012', 'SEM-5', 'Sarah Gingras', 'DPP-1', 11.32, 3.67, 'A', 2, 2);
insert into notes_details values ('2011-2012', 'SEM-5', 'Sarah Gingras', 'ELE-1', 11.32, 3.67, 'A', 3, 1);
insert into notes_details values ('2011-2012', 'SEM-5', 'Sarah Gingras', 'INP-1', 11.32, 3.67, 'A', 3, 1);
insert into notes_details values ('2011-2012', 'SEM-5', 'Sarah Gingras', 'LCI-1', 11.32, 1.33, 'A', 0, 1);
insert into notes_details values ('2011-2012', 'SEM-5', 'Sarah Gingras', 'LCI-1', 11.32, 3.0, 'A', 3, 2);
insert into notes_details values ('2011-2012', 'SEM-5', 'Sarah Gingras', 'MAT-1', 11.32, 1.67, 'A', 0, 1);
insert into notes_details values ('2011-2012', 'SEM-5', 'Sarah Gingras', 'MAT-1', 11.32, 2.67, 'A', 3, 2);
insert into notes_details values ('2011-2012', 'SEM-5', 'Sarah Gingras', 'MGP-1', 11.32, 2.0, 'A', 0, 1);
insert into notes_details values ('2011-2012', 'SEM-5', 'Sarah Gingras', 'MGP-1', 11.32, 4.0, 'A', 4, 2);
insert into notes_details values ('2011-2012', 'SEM-5', 'Sarah Gingras', 'PHO-1', 11.32, 2.67, 'A', 3, 1);
insert into notes_details values ('2011-2012', 'SEM-5', 'Sarah Gingras', 'PHQ-1', 11.32, 3.33, 'A', 3, 1);
insert into notes_details values ('2011-2012', 'SEM-5', 'Sarah Gingras', 'SPM-1', 11.32, 4.0, 'A', 3, 1);
insert into notes_details values ('2011-2012', 'SEM-6', 'Sarah Gingras', 'DPP-2', 11.32, 2.33, 'A', 0, 1);
insert into notes_details values ('2011-2012', 'SEM-6', 'Sarah Gingras', 'DPP-2', 11.32, 3.0, 'A', 1, 2);
insert into notes_details values ('2011-2012', 'SEM-6', 'Sarah Gingras', 'EAO-2', 11.32, 4.0, 'A', 3, 1);
insert into notes_details values ('2011-2012', 'SEM-6', 'Sarah Gingras', 'ECO-2', 11.32, 2.33, 'A', 0, 1);
insert into notes_details values ('2011-2012', 'SEM-6', 'Sarah Gingras', 'ECO-2', 11.32, 3.33, 'A', 3, 2);
insert into notes_details values ('2011-2012', 'SEM-6', 'Sarah Gingras', 'LCI-2', 11.32, 3.33, 'A', 3, 1);
insert into notes_details values ('2011-2012', 'SEM-6', 'Sarah Gingras', 'MAT-2', 11.32, 2.33, 'A', 0, 1);
insert into notes_details values ('2011-2012', 'SEM-6', 'Sarah Gingras', 'MAT-2', 11.32, 3.0, 'A', 2, 2);
insert into notes_details values ('2011-2012', 'SEM-6', 'Sarah Gingras', 'MCO-2', 11.32, 2.0, 'A', 0, 1);
insert into notes_details values ('2011-2012', 'SEM-6', 'Sarah Gingras', 'MCO-2', 11.32, 2.67, 'A', 2, 2);
insert into notes_details values ('2011-2012', 'SEM-6', 'Sarah Gingras', 'MGP-2', 11.32, 2.33, 'A', 0, 1);
insert into notes_details values ('2011-2012', 'SEM-6', 'Sarah Gingras', 'MGP-2', 11.32, 1.33, 'A', 4, 99);
insert into notes_details values ('2011-2012', 'SEM-6', 'Sarah Gingras', 'PHS-2', 11.32, 2.33, 'A', 0, 1);
insert into notes_details values ('2011-2012', 'SEM-6', 'Sarah Gingras', 'PHS-2', 11.32, 2.67, 'A', 2, 2);
insert into notes_details values ('2011-2012', 'SEM-6', 'Sarah Gingras', 'PJT-2', 11.32, 4.0, 'A', 1, 1);
insert into notes_details values ('2011-2012', 'SEM-6', 'Sarah Gingras', 'RMS-2', 11.32, 2.67, 'A', 4, 1);
insert into notes_details values ('2011-2012', 'SEM-6', 'Sarah Gingras', 'STG-2', 11.32, 1.0, 'A', 0, 1);
insert into notes_details values ('2011-2012', 'SEM-6', 'Sarah Gingras', 'STG-2', 11.32, 2.67, 'A', 2, 2);
insert into notes_details values ('2011-2012', 'SEM-6', 'Sarah Gingras', 'THS-2', 11.32, 1.0, 'A', 0, 1);
insert into notes_details values ('2011-2012', 'SEM-6', 'Sarah Gingras', 'THS-2', 11.32, 2.67, 'A', 3, 2);
insert into notes_details values ('2012-2013', 'SEM-7', 'Sarah Gingras', 'ASL-3', 11.32, 1.33, 'A', 0, 1);
insert into notes_details values ('2012-2013', 'SEM-7', 'Sarah Gingras', 'ASL-3', 11.32, 1.0, 'A', 2, 99);
insert into notes_details values ('2012-2013', 'SEM-7', 'Sarah Gingras', 'DPP-3', 11.32, 1.67, 'A', 0, 1);
insert into notes_details values ('2012-2013', 'SEM-7', 'Sarah Gingras', 'DPP-3', 11.32, 1.67, 'A', 0, 2);
insert into contentieux values ('2012-2013', 'SEM-7', 'Sarah Gingras', 'DPP-3');
insert into notes_details values ('2012-2013', 'SEM-7', 'Sarah Gingras', 'EAO-31', 11.32, 3.33, 'A', 2, 1);
insert into notes_details values ('2012-2013', 'SEM-7', 'Sarah Gingras', 'EAO-32', 11.32, 2.67, 'A', 2, 1);
insert into notes_details values ('2012-2013', 'SEM-7', 'Sarah Gingras', 'EAO-33', 11.32, 1.0, 'A', 0, 1);
insert into notes_details values ('2012-2013', 'SEM-7', 'Sarah Gingras', 'EAO-33', 11.32, 3.67, 'A', 2, 2);
insert into notes_details values ('2012-2013', 'SEM-7', 'Sarah Gingras', 'EAO-34', 11.32, 3.0, 'A', 2, 1);
insert into notes_details values ('2012-2013', 'SEM-7', 'Sarah Gingras', 'EAO-35', 11.32, 4.0, 'A', 2, 1);
insert into notes_details values ('2012-2013', 'SEM-7', 'Sarah Gingras', 'LCI-3', 11.32, 1.33, 'A', 0, 1);
insert into notes_details values ('2012-2013', 'SEM-7', 'Sarah Gingras', 'LCI-3', 11.32, 4.0, 'A', 3, 2);
insert into notes_details values ('2012-2013', 'SEM-7', 'Sarah Gingras', 'MAT-3', 11.32, 1.33, 'A', 0, 1);
insert into notes_details values ('2012-2013', 'SEM-7', 'Sarah Gingras', 'MAT-3', 11.32, 2.67, 'A', 3, 2);
insert into notes_details values ('2012-2013', 'SEM-7', 'Sarah Gingras', 'MNG-3', 11.32, 3.67, 'A', 3, 1);
insert into notes_details values ('2012-2013', 'SEM-7', 'Sarah Gingras', 'PJT-3', 11.32, 4.0, 'A', 5, 1);
insert into notes_details values ('2012-2013', 'SEM-7', 'Sarah Gingras', 'STD-3', 11.32, 2.33, 'A', 0, 1);
insert into notes_details values ('2012-2013', 'SEM-7', 'Sarah Gingras', 'STD-3', 11.32, 3.0, 'A', 2, 2);
insert into gpa values ('2011-2012', 'SEM-5', 'Sarah Gingras', 4.0);
insert into gpa values ('2011-2012', 'SEM-6', 'Sarah Gingras', 3.13);
insert into gpa values ('2012-2013', 'SEM-7', 'Sarah Gingras', 2.02);
insert into eleves values ('Florus Platini', 1, 'S', 'Tres bien', 'MP', 'MP', 'fplatini');
insert into notes_details values ('2011-2012', 'SEM-5', 'Florus Platini', 'ALG-1', 11.32, 1.0, 'A', 0, 1);
insert into notes_details values ('2011-2012', 'SEM-5', 'Florus Platini', 'ALG-1', 11.32, 1.67, 'A', 3, 99);
insert into notes_details values ('2011-2012', 'SEM-5', 'Florus Platini', 'DPP-1', 11.32, 2.67, 'A', 2, 1);
insert into notes_details values ('2011-2012', 'SEM-5', 'Florus Platini', 'ELE-1', 11.32, 3.0, 'A', 3, 1);
insert into notes_details values ('2011-2012', 'SEM-5', 'Florus Platini', 'INP-1', 11.32, 2.67, 'A', 3, 1);
insert into notes_details values ('2011-2012', 'SEM-5', 'Florus Platini', 'LCI-1', 11.32, 2.0, 'A', 0, 1);
insert into notes_details values ('2011-2012', 'SEM-5', 'Florus Platini', 'LCI-1', 11.32, 2.67, 'A', 3, 2);
insert into notes_details values ('2011-2012', 'SEM-5', 'Florus Platini', 'MAT-1', 11.32, 4.0, 'A', 3, 1);
insert into notes_details values ('2011-2012', 'SEM-5', 'Florus Platini', 'MGP-1', 11.32, 1.33, 'A', 0, 1);
insert into notes_details values ('2011-2012', 'SEM-5', 'Florus Platini', 'MGP-1', 11.32, 3.67, 'A', 4, 2);
insert into notes_details values ('2011-2012', 'SEM-5', 'Florus Platini', 'PHO-1', 11.32, 1.0, 'A', 0, 1);
insert into notes_details values ('2011-2012', 'SEM-5', 'Florus Platini', 'PHO-1', 11.32, 2.67, 'A', 3, 2);
insert into notes_details values ('2011-2012', 'SEM-5', 'Florus Platini', 'PHQ-1', 11.32, 3.0, 'A', 3, 1);
insert into notes_details values ('2011-2012', 'SEM-5', 'Florus Platini', 'SPM-1', 11.32, 1.33, 'A', 0, 1);
insert into notes_details values ('2011-2012', 'SEM-5', 'Florus Platini', 'SPM-1', 11.32, 2.67, 'A', 3, 2);
insert into notes_details values ('2011-2012', 'SEM-6', 'Florus Platini', 'DPP-2', 11.32, 2.0, 'A', 0, 1);
insert into notes_details values ('2011-2012', 'SEM-6', 'Florus Platini', 'DPP-2', 11.32, 3.33, 'A', 1, 2);
insert into notes_details values ('2011-2012', 'SEM-6', 'Florus Platini', 'EAO-2', 11.32, 1.0, 'A', 0, 1);
insert into notes_details values ('2011-2012', 'SEM-6', 'Florus Platini', 'EAO-2', 11.32, 2.67, 'A', 3, 2);
insert into notes_details values ('2011-2012', 'SEM-6', 'Florus Platini', 'ECO-2', 11.32, 2.33, 'A', 0, 1);
insert into notes_details values ('2011-2012', 'SEM-6', 'Florus Platini', 'ECO-2', 11.32, 2.67, 'A', 3, 2);
insert into notes_details values ('2011-2012', 'SEM-6', 'Florus Platini', 'LCI-2', 11.32, 2.0, 'A', 0, 1);
insert into notes_details values ('2011-2012', 'SEM-6', 'Florus Platini', 'LCI-2', 11.32, 3.0, 'A', 3, 2);
insert into notes_details values ('2011-2012', 'SEM-6', 'Florus Platini', 'MAT-2', 11.32, 3.33, 'A', 2, 1);
insert into notes_details values ('2011-2012', 'SEM-6', 'Florus Platini', 'MCO-2', 11.32, 1.33, 'A', 0, 1);
insert into notes_details values ('2011-2012', 'SEM-6', 'Florus Platini', 'MCO-2', 11.32, 3.67, 'A', 2, 2);
insert into notes_details values ('2011-2012', 'SEM-6', 'Florus Platini', 'MGP-2', 11.32, 3.0, 'A', 4, 1);
insert into notes_details values ('2011-2012', 'SEM-6', 'Florus Platini', 'PHS-2', 11.32, 3.67, 'A', 2, 1);
insert into notes_details values ('2011-2012', 'SEM-6', 'Florus Platini', 'PJT-2', 11.32, 4.0, 'A', 1, 1);
insert into notes_details values ('2011-2012', 'SEM-6', 'Florus Platini', 'RMS-2', 11.32, 2.67, 'A', 4, 1);
insert into notes_details values ('2011-2012', 'SEM-6', 'Florus Platini', 'STG-2', 11.32, 3.33, 'A', 2, 1);
insert into notes_details values ('2011-2012', 'SEM-6', 'Florus Platini', 'THS-2', 11.32, 2.33, 'A', 0, 1);
insert into notes_details values ('2011-2012', 'SEM-6', 'Florus Platini', 'THS-2', 11.32, 2.33, 'A', 3, 99);
insert into notes_details values ('2012-2013', 'SEM-7', 'Florus Platini', 'ASL-3', 11.32, 2.67, 'A', 2, 1);
insert into notes_details values ('2012-2013', 'SEM-7', 'Florus Platini', 'DPP-3', 11.32, 2.0, 'A', 0, 1);
insert into notes_details values ('2012-2013', 'SEM-7', 'Florus Platini', 'DPP-3', 11.32, 1.67, 'A', 0, 2);
insert into contentieux values ('2012-2013', 'SEM-7', 'Florus Platini', 'DPP-3');
insert into notes_details values ('2012-2013', 'SEM-7', 'Florus Platini', 'EAO-31', 11.32, 1.67, 'A', 0, 1);
insert into notes_details values ('2012-2013', 'SEM-7', 'Florus Platini', 'EAO-31', 11.32, 3.33, 'A', 2, 2);
insert into notes_details values ('2012-2013', 'SEM-7', 'Florus Platini', 'EAO-32', 11.32, 1.0, 'A', 0, 1);
insert into notes_details values ('2012-2013', 'SEM-7', 'Florus Platini', 'EAO-32', 11.32, 1.67, 'A', 0, 2);
insert into contentieux values ('2012-2013', 'SEM-7', 'Florus Platini', 'EAO-32');
insert into notes_details values ('2012-2013', 'SEM-7', 'Florus Platini', 'EAO-33', 11.32, 3.67, 'A', 2, 1);
insert into notes_details values ('2012-2013', 'SEM-7', 'Florus Platini', 'EAO-34', 11.32, 2.67, 'A', 2, 1);
insert into notes_details values ('2012-2013', 'SEM-7', 'Florus Platini', 'EAO-35', 11.32, 1.33, 'A', 0, 1);
insert into notes_details values ('2012-2013', 'SEM-7', 'Florus Platini', 'EAO-35', 11.32, 1.67, 'A', 0, 2);
insert into contentieux values ('2012-2013', 'SEM-7', 'Florus Platini', 'EAO-35');
insert into notes_details values ('2012-2013', 'SEM-7', 'Florus Platini', 'LCI-3', 11.32, 1.0, 'A', 0, 1);
insert into notes_details values ('2012-2013', 'SEM-7', 'Florus Platini', 'LCI-3', 11.32, 3.0, 'A', 3, 2);
insert into notes_details values ('2012-2013', 'SEM-7', 'Florus Platini', 'MAT-3', 11.32, 3.33, 'A', 3, 1);
insert into notes_details values ('2012-2013', 'SEM-7', 'Florus Platini', 'MNG-3', 11.32, 2.33, 'A', 0, 1);
insert into notes_details values ('2012-2013', 'SEM-7', 'Florus Platini', 'MNG-3', 11.32, 1.33, 'A', 0, 2);
insert into contentieux values ('2012-2013', 'SEM-7', 'Florus Platini', 'MNG-3');
insert into notes_details values ('2012-2013', 'SEM-7', 'Florus Platini', 'PJT-3', 11.32, 2.33, 'A', 0, 1);
insert into notes_details values ('2012-2013', 'SEM-7', 'Florus Platini', 'PJT-3', 11.32, 1.67, 'A', 5, 99);
insert into notes_details values ('2012-2013', 'SEM-7', 'Florus Platini', 'STD-3', 11.32, 2.33, 'A', 0, 1);
insert into notes_details values ('2012-2013', 'SEM-7', 'Florus Platini', 'STD-3', 11.32, 3.67, 'A', 2, 2);
insert into gpa values ('2011-2012', 'SEM-5', 'Florus Platini', 2.61);
insert into gpa values ('2011-2012', 'SEM-6', 'Florus Platini', 2.22);
insert into gpa values ('2012-2013', 'SEM-7', 'Florus Platini', 2.32);
insert into eleves values ('Jules Wiggins', 1, 'S', 'Tres bien', 'etranger', 'MP', 'jwiggins');
insert into notes_details values ('2011-2012', 'SEM-5', 'Jules Wiggins', 'ALG-1', 11.32, 4.0, 'A', 3, 1);
insert into notes_details values ('2011-2012', 'SEM-5', 'Jules Wiggins', 'DPP-1', 11.32, 1.0, 'A', 0, 1);
insert into notes_details values ('2011-2012', 'SEM-5', 'Jules Wiggins', 'DPP-1', 11.32, 4.0, 'A', 2, 2);
insert into notes_details values ('2011-2012', 'SEM-5', 'Jules Wiggins', 'ELE-1', 11.32, 2.33, 'A', 0, 1);
insert into notes_details values ('2011-2012', 'SEM-5', 'Jules Wiggins', 'ELE-1', 11.32, 3.0, 'A', 3, 2);
insert into notes_details values ('2011-2012', 'SEM-5', 'Jules Wiggins', 'INP-1', 11.32, 2.0, 'A', 0, 1);
insert into notes_details values ('2011-2012', 'SEM-5', 'Jules Wiggins', 'INP-1', 11.32, 3.33, 'A', 3, 2);
insert into notes_details values ('2011-2012', 'SEM-5', 'Jules Wiggins', 'LCI-1', 11.32, 3.0, 'A', 3, 1);
insert into notes_details values ('2011-2012', 'SEM-5', 'Jules Wiggins', 'MAT-1', 11.32, 3.0, 'A', 3, 1);
insert into notes_details values ('2011-2012', 'SEM-5', 'Jules Wiggins', 'MGP-1', 11.32, 1.33, 'A', 0, 1);
insert into notes_details values ('2011-2012', 'SEM-5', 'Jules Wiggins', 'MGP-1', 11.32, 3.0, 'A', 4, 2);
insert into notes_details values ('2011-2012', 'SEM-5', 'Jules Wiggins', 'PHO-1', 11.32, 3.33, 'A', 3, 1);
insert into notes_details values ('2011-2012', 'SEM-5', 'Jules Wiggins', 'PHQ-1', 11.32, 2.0, 'A', 0, 1);
insert into notes_details values ('2011-2012', 'SEM-5', 'Jules Wiggins', 'PHQ-1', 11.32, 3.33, 'A', 3, 2);
insert into notes_details values ('2011-2012', 'SEM-5', 'Jules Wiggins', 'SPM-1', 11.32, 1.67, 'A', 0, 1);
insert into notes_details values ('2011-2012', 'SEM-5', 'Jules Wiggins', 'SPM-1', 11.32, 1.0, 'A', 3, 99);
insert into notes_details values ('2011-2012', 'SEM-6', 'Jules Wiggins', 'DPP-2', 11.32, 1.33, 'A', 0, 1);
insert into notes_details values ('2011-2012', 'SEM-6', 'Jules Wiggins', 'DPP-2', 11.32, 3.33, 'A', 1, 2);
insert into notes_details values ('2011-2012', 'SEM-6', 'Jules Wiggins', 'EAO-2', 11.32, 2.67, 'A', 3, 1);
insert into notes_details values ('2011-2012', 'SEM-6', 'Jules Wiggins', 'ECO-2', 11.32, 2.67, 'A', 3, 1);
insert into notes_details values ('2011-2012', 'SEM-6', 'Jules Wiggins', 'LCI-2', 11.32, 1.33, 'A', 0, 1);
insert into notes_details values ('2011-2012', 'SEM-6', 'Jules Wiggins', 'LCI-2', 11.32, 3.0, 'A', 3, 2);
insert into notes_details values ('2011-2012', 'SEM-6', 'Jules Wiggins', 'MAT-2', 11.32, 4.0, 'A', 2, 1);
insert into notes_details values ('2011-2012', 'SEM-6', 'Jules Wiggins', 'MCO-2', 11.32, 4.0, 'A', 2, 1);
insert into notes_details values ('2011-2012', 'SEM-6', 'Jules Wiggins', 'MGP-2', 11.32, 2.67, 'A', 4, 1);
insert into notes_details values ('2011-2012', 'SEM-6', 'Jules Wiggins', 'PHS-2', 11.32, 1.0, 'A', 0, 1);
insert into notes_details values ('2011-2012', 'SEM-6', 'Jules Wiggins', 'PHS-2', 11.32, 2.67, 'A', 2, 2);
insert into notes_details values ('2011-2012', 'SEM-6', 'Jules Wiggins', 'PJT-2', 11.32, 1.33, 'A', 0, 1);
insert into notes_details values ('2011-2012', 'SEM-6', 'Jules Wiggins', 'PJT-2', 11.32, 2.0, 'A', 1, 99);
insert into notes_details values ('2011-2012', 'SEM-6', 'Jules Wiggins', 'RMS-2', 11.32, 2.67, 'A', 4, 1);
insert into notes_details values ('2011-2012', 'SEM-6', 'Jules Wiggins', 'STG-2', 11.32, 2.67, 'A', 2, 1);
insert into notes_details values ('2011-2012', 'SEM-6', 'Jules Wiggins', 'THS-2', 11.32, 3.67, 'A', 3, 1);
insert into notes_details values ('2012-2013', 'SEM-7', 'Jules Wiggins', 'ASL-3', 11.32, 2.0, 'A', 0, 1);
insert into notes_details values ('2012-2013', 'SEM-7', 'Jules Wiggins', 'ASL-3', 11.32, 2.0, 'A', 0, 2);
insert into contentieux values ('2012-2013', 'SEM-7', 'Jules Wiggins', 'ASL-3');
insert into notes_details values ('2012-2013', 'SEM-7', 'Jules Wiggins', 'DPP-3', 11.32, 3.0, 'A', 2, 1);
insert into notes_details values ('2012-2013', 'SEM-7', 'Jules Wiggins', 'EAO-31', 11.32, 1.0, 'A', 0, 1);
insert into notes_details values ('2012-2013', 'SEM-7', 'Jules Wiggins', 'EAO-31', 11.32, 3.33, 'A', 2, 2);
insert into notes_details values ('2012-2013', 'SEM-7', 'Jules Wiggins', 'EAO-32', 11.32, 2.33, 'A', 0, 1);
insert into notes_details values ('2012-2013', 'SEM-7', 'Jules Wiggins', 'EAO-32', 11.32, 2.67, 'A', 2, 2);
insert into notes_details values ('2012-2013', 'SEM-7', 'Jules Wiggins', 'EAO-33', 11.32, 1.0, 'A', 0, 1);
insert into notes_details values ('2012-2013', 'SEM-7', 'Jules Wiggins', 'EAO-33', 11.32, 1.67, 'A', 0, 2);
insert into contentieux values ('2012-2013', 'SEM-7', 'Jules Wiggins', 'EAO-33');
insert into notes_details values ('2012-2013', 'SEM-7', 'Jules Wiggins', 'EAO-34', 11.32, 1.33, 'A', 0, 1);
insert into notes_details values ('2012-2013', 'SEM-7', 'Jules Wiggins', 'EAO-34', 11.32, 2.0, 'A', 2, 99);
insert into notes_details values ('2012-2013', 'SEM-7', 'Jules Wiggins', 'EAO-35', 11.32, 1.67, 'A', 0, 1);
insert into notes_details values ('2012-2013', 'SEM-7', 'Jules Wiggins', 'EAO-35', 11.32, 2.0, 'A', 2, 99);
insert into notes_details values ('2012-2013', 'SEM-7', 'Jules Wiggins', 'LCI-3', 11.32, 2.67, 'A', 3, 1);
insert into notes_details values ('2012-2013', 'SEM-7', 'Jules Wiggins', 'MAT-3', 11.32, 4.0, 'A', 3, 1);
insert into notes_details values ('2012-2013', 'SEM-7', 'Jules Wiggins', 'MNG-3', 11.32, 1.0, 'A', 0, 1);
insert into notes_details values ('2012-2013', 'SEM-7', 'Jules Wiggins', 'MNG-3', 11.32, 4.0, 'A', 3, 2);
insert into notes_details values ('2012-2013', 'SEM-7', 'Jules Wiggins', 'PJT-3', 11.32, 1.67, 'A', 0, 1);
insert into notes_details values ('2012-2013', 'SEM-7', 'Jules Wiggins', 'PJT-3', 11.32, 1.0, 'A', 5, 99);
insert into notes_details values ('2012-2013', 'SEM-7', 'Jules Wiggins', 'STD-3', 11.32, 1.33, 'A', 0, 1);
insert into notes_details values ('2012-2013', 'SEM-7', 'Jules Wiggins', 'STD-3', 11.32, 2.67, 'A', 2, 2);
insert into gpa values ('2011-2012', 'SEM-5', 'Jules Wiggins', 3.34);
insert into gpa values ('2011-2012', 'SEM-6', 'Jules Wiggins', 2.74);
insert into gpa values ('2012-2013', 'SEM-7', 'Jules Wiggins', 3.01);
insert into eleves values ('Loyal Richard', 1, 'S', 'Tres bien', 'MP', 'MP', 'lrichard');
insert into notes_details values ('2011-2012', 'SEM-5', 'Loyal Richard', 'ALG-1', 11.32, 3.0, 'A', 3, 1);
insert into notes_details values ('2011-2012', 'SEM-5', 'Loyal Richard', 'DPP-1', 11.32, 2.0, 'A', 0, 1);
insert into notes_details values ('2011-2012', 'SEM-5', 'Loyal Richard', 'DPP-1', 11.32, 3.33, 'A', 2, 2);
insert into notes_details values ('2011-2012', 'SEM-5', 'Loyal Richard', 'ELE-1', 11.32, 3.0, 'A', 3, 1);
insert into notes_details values ('2011-2012', 'SEM-5', 'Loyal Richard', 'INP-1', 11.32, 2.0, 'A', 0, 1);
insert into notes_details values ('2011-2012', 'SEM-5', 'Loyal Richard', 'INP-1', 11.32, 2.33, 'A', 3, 99);
insert into notes_details values ('2011-2012', 'SEM-5', 'Loyal Richard', 'LCI-1', 11.32, 1.33, 'A', 0, 1);
insert into notes_details values ('2011-2012', 'SEM-5', 'Loyal Richard', 'LCI-1', 11.32, 1.0, 'A', 3, 99);
insert into notes_details values ('2011-2012', 'SEM-5', 'Loyal Richard', 'MAT-1', 11.32, 2.33, 'A', 0, 1);
insert into notes_details values ('2011-2012', 'SEM-5', 'Loyal Richard', 'MAT-1', 11.32, 4.0, 'A', 3, 2);
insert into notes_details values ('2011-2012', 'SEM-5', 'Loyal Richard', 'MGP-1', 11.32, 1.0, 'A', 0, 1);
insert into notes_details values ('2011-2012', 'SEM-5', 'Loyal Richard', 'MGP-1', 11.32, 3.0, 'A', 4, 2);
insert into notes_details values ('2011-2012', 'SEM-5', 'Loyal Richard', 'PHO-1', 11.32, 2.0, 'A', 0, 1);
insert into notes_details values ('2011-2012', 'SEM-5', 'Loyal Richard', 'PHO-1', 11.32, 1.67, 'A', 3, 99);
insert into notes_details values ('2011-2012', 'SEM-5', 'Loyal Richard', 'PHQ-1', 11.32, 2.67, 'A', 3, 1);
insert into notes_details values ('2011-2012', 'SEM-5', 'Loyal Richard', 'SPM-1', 11.32, 3.0, 'A', 3, 1);
insert into notes_details values ('2011-2012', 'SEM-6', 'Loyal Richard', 'DPP-2', 11.32, 2.33, 'A', 0, 1);
insert into notes_details values ('2011-2012', 'SEM-6', 'Loyal Richard', 'DPP-2', 11.32, 1.67, 'A', 1, 99);
insert into notes_details values ('2011-2012', 'SEM-6', 'Loyal Richard', 'EAO-2', 11.32, 4.0, 'A', 3, 1);
insert into notes_details values ('2011-2012', 'SEM-6', 'Loyal Richard', 'ECO-2', 11.32, 3.0, 'A', 3, 1);
insert into notes_details values ('2011-2012', 'SEM-6', 'Loyal Richard', 'LCI-2', 11.32, 3.67, 'A', 3, 1);
insert into notes_details values ('2011-2012', 'SEM-6', 'Loyal Richard', 'MAT-2', 11.32, 1.67, 'A', 0, 1);
insert into notes_details values ('2011-2012', 'SEM-6', 'Loyal Richard', 'MAT-2', 11.32, 4.0, 'A', 2, 2);
insert into notes_details values ('2011-2012', 'SEM-6', 'Loyal Richard', 'MCO-2', 11.32, 1.33, 'A', 0, 1);
insert into notes_details values ('2011-2012', 'SEM-6', 'Loyal Richard', 'MCO-2', 11.32, 3.33, 'A', 2, 2);
insert into notes_details values ('2011-2012', 'SEM-6', 'Loyal Richard', 'MGP-2', 11.32, 2.67, 'A', 4, 1);
insert into notes_details values ('2011-2012', 'SEM-6', 'Loyal Richard', 'PHS-2', 11.32, 2.67, 'A', 2, 1);
insert into notes_details values ('2011-2012', 'SEM-6', 'Loyal Richard', 'PJT-2', 11.32, 3.67, 'A', 1, 1);
insert into notes_details values ('2011-2012', 'SEM-6', 'Loyal Richard', 'RMS-2', 11.32, 1.0, 'A', 0, 1);
insert into notes_details values ('2011-2012', 'SEM-6', 'Loyal Richard', 'RMS-2', 11.32, 1.67, 'A', 4, 99);
insert into notes_details values ('2011-2012', 'SEM-6', 'Loyal Richard', 'STG-2', 11.32, 1.0, 'A', 0, 1);
insert into notes_details values ('2011-2012', 'SEM-6', 'Loyal Richard', 'STG-2', 11.32, 3.0, 'A', 2, 2);
insert into notes_details values ('2011-2012', 'SEM-6', 'Loyal Richard', 'THS-2', 11.32, 3.67, 'A', 3, 1);
insert into notes_details values ('2012-2013', 'SEM-7', 'Loyal Richard', 'ASL-3', 11.32, 3.33, 'A', 2, 1);
insert into notes_details values ('2012-2013', 'SEM-7', 'Loyal Richard', 'DPP-3', 11.32, 3.33, 'A', 2, 1);
insert into notes_details values ('2012-2013', 'SEM-7', 'Loyal Richard', 'EAO-31', 11.32, 3.33, 'A', 2, 1);
insert into notes_details values ('2012-2013', 'SEM-7', 'Loyal Richard', 'EAO-32', 11.32, 1.0, 'A', 0, 1);
insert into notes_details values ('2012-2013', 'SEM-7', 'Loyal Richard', 'EAO-32', 11.32, 1.67, 'A', 0, 2);
insert into contentieux values ('2012-2013', 'SEM-7', 'Loyal Richard', 'EAO-32');
insert into notes_details values ('2012-2013', 'SEM-7', 'Loyal Richard', 'EAO-33', 11.32, 1.0, 'A', 0, 1);
insert into notes_details values ('2012-2013', 'SEM-7', 'Loyal Richard', 'EAO-33', 11.32, 2.0, 'A', 2, 99);
insert into notes_details values ('2012-2013', 'SEM-7', 'Loyal Richard', 'EAO-34', 11.32, 2.33, 'A', 0, 1);
insert into notes_details values ('2012-2013', 'SEM-7', 'Loyal Richard', 'EAO-34', 11.32, 3.0, 'A', 2, 2);
insert into notes_details values ('2012-2013', 'SEM-7', 'Loyal Richard', 'EAO-35', 11.32, 3.0, 'A', 2, 1);
insert into notes_details values ('2012-2013', 'SEM-7', 'Loyal Richard', 'LCI-3', 11.32, 2.0, 'A', 0, 1);
insert into notes_details values ('2012-2013', 'SEM-7', 'Loyal Richard', 'LCI-3', 11.32, 2.33, 'A', 0, 2);
insert into contentieux values ('2012-2013', 'SEM-7', 'Loyal Richard', 'LCI-3');
insert into notes_details values ('2012-2013', 'SEM-7', 'Loyal Richard', 'MAT-3', 11.32, 2.33, 'A', 0, 1);
insert into notes_details values ('2012-2013', 'SEM-7', 'Loyal Richard', 'MAT-3', 11.32, 2.33, 'A', 0, 2);
insert into contentieux values ('2012-2013', 'SEM-7', 'Loyal Richard', 'MAT-3');
insert into notes_details values ('2012-2013', 'SEM-7', 'Loyal Richard', 'MNG-3', 11.32, 1.0, 'A', 0, 1);
insert into notes_details values ('2012-2013', 'SEM-7', 'Loyal Richard', 'MNG-3', 11.32, 2.0, 'A', 0, 2);
insert into contentieux values ('2012-2013', 'SEM-7', 'Loyal Richard', 'MNG-3');
insert into notes_details values ('2012-2013', 'SEM-7', 'Loyal Richard', 'PJT-3', 11.32, 2.67, 'A', 5, 1);
insert into notes_details values ('2012-2013', 'SEM-7', 'Loyal Richard', 'STD-3', 11.32, 4.0, 'A', 2, 1);
insert into gpa values ('2011-2012', 'SEM-5', 'Loyal Richard', 2.31);
insert into gpa values ('2011-2012', 'SEM-6', 'Loyal Richard', 2.44);
insert into gpa values ('2012-2013', 'SEM-7', 'Loyal Richard', 2.96);
insert into eleves values ('Bruno Cruyff', 1, 'S', 'Tres bien', 'MP', 'MP', 'bcruyff');
insert into notes_details values ('2011-2012', 'SEM-5', 'Bruno Cruyff', 'ALG-1', 11.32, 2.0, 'A', 0, 1);
insert into notes_details values ('2011-2012', 'SEM-5', 'Bruno Cruyff', 'ALG-1', 11.32, 3.33, 'A', 3, 2);
insert into notes_details values ('2011-2012', 'SEM-5', 'Bruno Cruyff', 'DPP-1', 11.32, 2.33, 'A', 0, 1);
insert into notes_details values ('2011-2012', 'SEM-5', 'Bruno Cruyff', 'DPP-1', 11.32, 4.0, 'A', 2, 2);
insert into notes_details values ('2011-2012', 'SEM-5', 'Bruno Cruyff', 'ELE-1', 11.32, 2.0, 'A', 0, 1);
insert into notes_details values ('2011-2012', 'SEM-5', 'Bruno Cruyff', 'ELE-1', 11.32, 3.33, 'A', 3, 2);
insert into notes_details values ('2011-2012', 'SEM-5', 'Bruno Cruyff', 'INP-1', 11.32, 3.0, 'A', 3, 1);
insert into notes_details values ('2011-2012', 'SEM-5', 'Bruno Cruyff', 'LCI-1', 11.32, 3.67, 'A', 3, 1);
insert into notes_details values ('2011-2012', 'SEM-5', 'Bruno Cruyff', 'MAT-1', 11.32, 1.33, 'A', 0, 1);
insert into notes_details values ('2011-2012', 'SEM-5', 'Bruno Cruyff', 'MAT-1', 11.32, 3.33, 'A', 3, 2);
insert into notes_details values ('2011-2012', 'SEM-5', 'Bruno Cruyff', 'MGP-1', 11.32, 4.0, 'A', 4, 1);
insert into notes_details values ('2011-2012', 'SEM-5', 'Bruno Cruyff', 'PHO-1', 11.32, 2.33, 'A', 0, 1);
insert into notes_details values ('2011-2012', 'SEM-5', 'Bruno Cruyff', 'PHO-1', 11.32, 1.67, 'A', 3, 99);
insert into notes_details values ('2011-2012', 'SEM-5', 'Bruno Cruyff', 'PHQ-1', 11.32, 3.0, 'A', 3, 1);
insert into notes_details values ('2011-2012', 'SEM-5', 'Bruno Cruyff', 'SPM-1', 11.32, 3.0, 'A', 3, 1);
insert into notes_details values ('2011-2012', 'SEM-6', 'Bruno Cruyff', 'DPP-2', 11.32, 3.33, 'A', 1, 1);
insert into notes_details values ('2011-2012', 'SEM-6', 'Bruno Cruyff', 'EAO-2', 11.32, 1.67, 'A', 0, 1);
insert into notes_details values ('2011-2012', 'SEM-6', 'Bruno Cruyff', 'EAO-2', 11.32, 3.67, 'A', 3, 2);
insert into notes_details values ('2011-2012', 'SEM-6', 'Bruno Cruyff', 'ECO-2', 11.32, 1.67, 'A', 0, 1);
insert into notes_details values ('2011-2012', 'SEM-6', 'Bruno Cruyff', 'ECO-2', 11.32, 4.0, 'A', 3, 2);
insert into notes_details values ('2011-2012', 'SEM-6', 'Bruno Cruyff', 'LCI-2', 11.32, 3.33, 'A', 3, 1);
insert into notes_details values ('2011-2012', 'SEM-6', 'Bruno Cruyff', 'MAT-2', 11.32, 1.0, 'A', 0, 1);
insert into notes_details values ('2011-2012', 'SEM-6', 'Bruno Cruyff', 'MAT-2', 11.32, 3.33, 'A', 2, 2);
insert into notes_details values ('2011-2012', 'SEM-6', 'Bruno Cruyff', 'MCO-2', 11.32, 1.67, 'A', 0, 1);
insert into notes_details values ('2011-2012', 'SEM-6', 'Bruno Cruyff', 'MCO-2', 11.32, 3.0, 'A', 2, 2);
insert into notes_details values ('2011-2012', 'SEM-6', 'Bruno Cruyff', 'MGP-2', 11.32, 3.0, 'A', 4, 1);
insert into notes_details values ('2011-2012', 'SEM-6', 'Bruno Cruyff', 'PHS-2', 11.32, 2.0, 'A', 0, 1);
insert into notes_details values ('2011-2012', 'SEM-6', 'Bruno Cruyff', 'PHS-2', 11.32, 1.0, 'A', 2, 99);
insert into notes_details values ('2011-2012', 'SEM-6', 'Bruno Cruyff', 'PJT-2', 11.32, 1.67, 'A', 0, 1);
insert into notes_details values ('2011-2012', 'SEM-6', 'Bruno Cruyff', 'PJT-2', 11.32, 2.67, 'A', 1, 2);
insert into notes_details values ('2011-2012', 'SEM-6', 'Bruno Cruyff', 'RMS-2', 11.32, 1.33, 'A', 0, 1);
insert into notes_details values ('2011-2012', 'SEM-6', 'Bruno Cruyff', 'RMS-2', 11.32, 3.0, 'A', 4, 2);
insert into notes_details values ('2011-2012', 'SEM-6', 'Bruno Cruyff', 'STG-2', 11.32, 3.67, 'A', 2, 1);
insert into notes_details values ('2011-2012', 'SEM-6', 'Bruno Cruyff', 'THS-2', 11.32, 1.67, 'A', 0, 1);
insert into notes_details values ('2011-2012', 'SEM-6', 'Bruno Cruyff', 'THS-2', 11.32, 3.67, 'A', 3, 2);
insert into notes_details values ('2012-2013', 'SEM-7', 'Bruno Cruyff', 'ASL-3', 11.32, 2.0, 'A', 0, 1);
insert into notes_details values ('2012-2013', 'SEM-7', 'Bruno Cruyff', 'ASL-3', 11.32, 3.67, 'A', 2, 2);
insert into notes_details values ('2012-2013', 'SEM-7', 'Bruno Cruyff', 'DPP-3', 11.32, 3.0, 'A', 2, 1);
insert into notes_details values ('2012-2013', 'SEM-7', 'Bruno Cruyff', 'EAO-31', 11.32, 3.0, 'A', 2, 1);
insert into notes_details values ('2012-2013', 'SEM-7', 'Bruno Cruyff', 'EAO-32', 11.32, 3.33, 'A', 2, 1);
insert into notes_details values ('2012-2013', 'SEM-7', 'Bruno Cruyff', 'EAO-33', 11.32, 2.0, 'A', 0, 1);
insert into notes_details values ('2012-2013', 'SEM-7', 'Bruno Cruyff', 'EAO-33', 11.32, 3.0, 'A', 2, 2);
insert into notes_details values ('2012-2013', 'SEM-7', 'Bruno Cruyff', 'EAO-34', 11.32, 1.67, 'A', 0, 1);
insert into notes_details values ('2012-2013', 'SEM-7', 'Bruno Cruyff', 'EAO-34', 11.32, 4.0, 'A', 2, 2);
insert into notes_details values ('2012-2013', 'SEM-7', 'Bruno Cruyff', 'EAO-35', 11.32, 2.33, 'A', 0, 1);
insert into notes_details values ('2012-2013', 'SEM-7', 'Bruno Cruyff', 'EAO-35', 11.32, 1.67, 'A', 0, 2);
insert into contentieux values ('2012-2013', 'SEM-7', 'Bruno Cruyff', 'EAO-35');
insert into notes_details values ('2012-2013', 'SEM-7', 'Bruno Cruyff', 'LCI-3', 11.32, 3.67, 'A', 3, 1);
insert into notes_details values ('2012-2013', 'SEM-7', 'Bruno Cruyff', 'MAT-3', 11.32, 1.33, 'A', 0, 1);
insert into notes_details values ('2012-2013', 'SEM-7', 'Bruno Cruyff', 'MAT-3', 11.32, 1.67, 'A', 0, 2);
insert into contentieux values ('2012-2013', 'SEM-7', 'Bruno Cruyff', 'MAT-3');
insert into notes_details values ('2012-2013', 'SEM-7', 'Bruno Cruyff', 'MNG-3', 11.32, 1.0, 'A', 0, 1);
insert into notes_details values ('2012-2013', 'SEM-7', 'Bruno Cruyff', 'MNG-3', 11.32, 3.67, 'A', 3, 2);
insert into notes_details values ('2012-2013', 'SEM-7', 'Bruno Cruyff', 'PJT-3', 11.32, 3.33, 'A', 5, 1);
insert into notes_details values ('2012-2013', 'SEM-7', 'Bruno Cruyff', 'STD-3', 11.32, 1.33, 'A', 0, 1);
insert into notes_details values ('2012-2013', 'SEM-7', 'Bruno Cruyff', 'STD-3', 11.32, 1.0, 'A', 0, 2);
insert into contentieux values ('2012-2013', 'SEM-7', 'Bruno Cruyff', 'STD-3');
insert into gpa values ('2011-2012', 'SEM-5', 'Bruno Cruyff', 3.94);
insert into gpa values ('2011-2012', 'SEM-6', 'Bruno Cruyff', 3.75);
insert into gpa values ('2012-2013', 'SEM-7', 'Bruno Cruyff', 2.48);
insert into eleves values ('Zoe Windsor', 1, 'S', 'Tres bien', 'MP', 'MP', 'zwindsor');
insert into notes_details values ('2011-2012', 'SEM-5', 'Zoe Windsor', 'ALG-1', 11.32, 1.33, 'A', 0, 1);
insert into notes_details values ('2011-2012', 'SEM-5', 'Zoe Windsor', 'ALG-1', 11.32, 1.33, 'A', 3, 99);
insert into notes_details values ('2011-2012', 'SEM-5', 'Zoe Windsor', 'DPP-1', 11.32, 2.67, 'A', 2, 1);
insert into notes_details values ('2011-2012', 'SEM-5', 'Zoe Windsor', 'ELE-1', 11.32, 3.67, 'A', 3, 1);
insert into notes_details values ('2011-2012', 'SEM-5', 'Zoe Windsor', 'INP-1', 11.32, 1.67, 'A', 0, 1);
insert into notes_details values ('2011-2012', 'SEM-5', 'Zoe Windsor', 'INP-1', 11.32, 2.0, 'A', 3, 99);
insert into notes_details values ('2011-2012', 'SEM-5', 'Zoe Windsor', 'LCI-1', 11.32, 3.67, 'A', 3, 1);
insert into notes_details values ('2011-2012', 'SEM-5', 'Zoe Windsor', 'MAT-1', 11.32, 1.67, 'A', 0, 1);
insert into notes_details values ('2011-2012', 'SEM-5', 'Zoe Windsor', 'MAT-1', 11.32, 2.0, 'A', 3, 99);
insert into notes_details values ('2011-2012', 'SEM-5', 'Zoe Windsor', 'MGP-1', 11.32, 2.33, 'A', 0, 1);
insert into notes_details values ('2011-2012', 'SEM-5', 'Zoe Windsor', 'MGP-1', 11.32, 4.0, 'A', 4, 2);
insert into notes_details values ('2011-2012', 'SEM-5', 'Zoe Windsor', 'PHO-1', 11.32, 3.33, 'A', 3, 1);
insert into notes_details values ('2011-2012', 'SEM-5', 'Zoe Windsor', 'PHQ-1', 11.32, 2.33, 'A', 0, 1);
insert into notes_details values ('2011-2012', 'SEM-5', 'Zoe Windsor', 'PHQ-1', 11.32, 4.0, 'A', 3, 2);
insert into notes_details values ('2011-2012', 'SEM-5', 'Zoe Windsor', 'SPM-1', 11.32, 3.0, 'A', 3, 1);
insert into notes_details values ('2011-2012', 'SEM-6', 'Zoe Windsor', 'DPP-2', 11.32, 3.33, 'A', 1, 1);
insert into notes_details values ('2011-2012', 'SEM-6', 'Zoe Windsor', 'EAO-2', 11.32, 2.33, 'A', 0, 1);
insert into notes_details values ('2011-2012', 'SEM-6', 'Zoe Windsor', 'EAO-2', 11.32, 3.67, 'A', 3, 2);
insert into notes_details values ('2011-2012', 'SEM-6', 'Zoe Windsor', 'ECO-2', 11.32, 1.0, 'A', 0, 1);
insert into notes_details values ('2011-2012', 'SEM-6', 'Zoe Windsor', 'ECO-2', 11.32, 1.33, 'A', 3, 99);
insert into notes_details values ('2011-2012', 'SEM-6', 'Zoe Windsor', 'LCI-2', 11.32, 2.67, 'A', 3, 1);
insert into notes_details values ('2011-2012', 'SEM-6', 'Zoe Windsor', 'MAT-2', 11.32, 2.33, 'A', 0, 1);
insert into notes_details values ('2011-2012', 'SEM-6', 'Zoe Windsor', 'MAT-2', 11.32, 3.0, 'A', 2, 2);
insert into notes_details values ('2011-2012', 'SEM-6', 'Zoe Windsor', 'MCO-2', 11.32, 2.0, 'A', 0, 1);
insert into notes_details values ('2011-2012', 'SEM-6', 'Zoe Windsor', 'MCO-2', 11.32, 2.0, 'A', 2, 99);
insert into notes_details values ('2011-2012', 'SEM-6', 'Zoe Windsor', 'MGP-2', 11.32, 1.0, 'A', 0, 1);
insert into notes_details values ('2011-2012', 'SEM-6', 'Zoe Windsor', 'MGP-2', 11.32, 2.67, 'A', 4, 2);
insert into notes_details values ('2011-2012', 'SEM-6', 'Zoe Windsor', 'PHS-2', 11.32, 3.33, 'A', 2, 1);
insert into notes_details values ('2011-2012', 'SEM-6', 'Zoe Windsor', 'PJT-2', 11.32, 2.0, 'A', 0, 1);
insert into notes_details values ('2011-2012', 'SEM-6', 'Zoe Windsor', 'PJT-2', 11.32, 1.0, 'A', 1, 99);
insert into notes_details values ('2011-2012', 'SEM-6', 'Zoe Windsor', 'RMS-2', 11.32, 1.33, 'A', 0, 1);
insert into notes_details values ('2011-2012', 'SEM-6', 'Zoe Windsor', 'RMS-2', 11.32, 4.0, 'A', 4, 2);
insert into notes_details values ('2011-2012', 'SEM-6', 'Zoe Windsor', 'STG-2', 11.32, 2.0, 'A', 0, 1);
insert into notes_details values ('2011-2012', 'SEM-6', 'Zoe Windsor', 'STG-2', 11.32, 1.0, 'A', 2, 99);
insert into notes_details values ('2011-2012', 'SEM-6', 'Zoe Windsor', 'THS-2', 11.32, 3.0, 'A', 3, 1);
insert into notes_details values ('2012-2013', 'SEM-7', 'Zoe Windsor', 'ASL-3', 11.32, 2.67, 'A', 2, 1);
insert into notes_details values ('2012-2013', 'SEM-7', 'Zoe Windsor', 'DPP-3', 11.32, 4.0, 'A', 2, 1);
insert into notes_details values ('2012-2013', 'SEM-7', 'Zoe Windsor', 'EAO-31', 11.32, 2.33, 'A', 0, 1);
insert into notes_details values ('2012-2013', 'SEM-7', 'Zoe Windsor', 'EAO-31', 11.32, 2.33, 'A', 2, 99);
insert into notes_details values ('2012-2013', 'SEM-7', 'Zoe Windsor', 'EAO-32', 11.32, 1.0, 'A', 0, 1);
insert into notes_details values ('2012-2013', 'SEM-7', 'Zoe Windsor', 'EAO-32', 11.32, 3.33, 'A', 2, 2);
insert into notes_details values ('2012-2013', 'SEM-7', 'Zoe Windsor', 'EAO-33', 11.32, 2.33, 'A', 0, 1);
insert into notes_details values ('2012-2013', 'SEM-7', 'Zoe Windsor', 'EAO-33', 11.32, 2.33, 'A', 0, 2);
insert into contentieux values ('2012-2013', 'SEM-7', 'Zoe Windsor', 'EAO-33');
insert into notes_details values ('2012-2013', 'SEM-7', 'Zoe Windsor', 'EAO-34', 11.32, 3.67, 'A', 2, 1);
insert into notes_details values ('2012-2013', 'SEM-7', 'Zoe Windsor', 'EAO-35', 11.32, 3.33, 'A', 2, 1);
insert into notes_details values ('2012-2013', 'SEM-7', 'Zoe Windsor', 'LCI-3', 11.32, 4.0, 'A', 3, 1);
insert into notes_details values ('2012-2013', 'SEM-7', 'Zoe Windsor', 'MAT-3', 11.32, 1.0, 'A', 0, 1);
insert into notes_details values ('2012-2013', 'SEM-7', 'Zoe Windsor', 'MAT-3', 11.32, 1.0, 'A', 3, 99);
insert into notes_details values ('2012-2013', 'SEM-7', 'Zoe Windsor', 'MNG-3', 11.32, 2.33, 'A', 0, 1);
insert into notes_details values ('2012-2013', 'SEM-7', 'Zoe Windsor', 'MNG-3', 11.32, 3.33, 'A', 3, 2);
insert into notes_details values ('2012-2013', 'SEM-7', 'Zoe Windsor', 'PJT-3', 11.32, 2.0, 'A', 0, 1);
insert into notes_details values ('2012-2013', 'SEM-7', 'Zoe Windsor', 'PJT-3', 11.32, 2.0, 'A', 0, 2);
insert into contentieux values ('2012-2013', 'SEM-7', 'Zoe Windsor', 'PJT-3');
insert into notes_details values ('2012-2013', 'SEM-7', 'Zoe Windsor', 'STD-3', 11.32, 2.33, 'A', 0, 1);
insert into notes_details values ('2012-2013', 'SEM-7', 'Zoe Windsor', 'STD-3', 11.32, 1.67, 'A', 2, 99);
insert into gpa values ('2011-2012', 'SEM-5', 'Zoe Windsor', 3.97);
insert into gpa values ('2011-2012', 'SEM-6', 'Zoe Windsor', 3.61);
insert into gpa values ('2012-2013', 'SEM-7', 'Zoe Windsor', 2.81);
insert into eleves values ('Roberto Sammer', 1, 'S', 'Tres bien', 'MP', 'MP', 'rsammer');
insert into notes_details values ('2011-2012', 'SEM-5', 'Roberto Sammer', 'ALG-1', 11.32, 1.33, 'A', 0, 1);
insert into notes_details values ('2011-2012', 'SEM-5', 'Roberto Sammer', 'ALG-1', 11.32, 2.33, 'A', 3, 99);
insert into notes_details values ('2011-2012', 'SEM-5', 'Roberto Sammer', 'DPP-1', 11.32, 1.33, 'A', 0, 1);
insert into notes_details values ('2011-2012', 'SEM-5', 'Roberto Sammer', 'DPP-1', 11.32, 3.67, 'A', 2, 2);
insert into notes_details values ('2011-2012', 'SEM-5', 'Roberto Sammer', 'ELE-1', 11.32, 4.0, 'A', 3, 1);
insert into notes_details values ('2011-2012', 'SEM-5', 'Roberto Sammer', 'INP-1', 11.32, 2.33, 'A', 0, 1);
insert into notes_details values ('2011-2012', 'SEM-5', 'Roberto Sammer', 'INP-1', 11.32, 2.67, 'A', 3, 2);
insert into notes_details values ('2011-2012', 'SEM-5', 'Roberto Sammer', 'LCI-1', 11.32, 3.0, 'A', 3, 1);
insert into notes_details values ('2011-2012', 'SEM-5', 'Roberto Sammer', 'MAT-1', 11.32, 2.33, 'A', 0, 1);
insert into notes_details values ('2011-2012', 'SEM-5', 'Roberto Sammer', 'MAT-1', 11.32, 3.67, 'A', 3, 2);
insert into notes_details values ('2011-2012', 'SEM-5', 'Roberto Sammer', 'MGP-1', 11.32, 3.0, 'A', 4, 1);
insert into notes_details values ('2011-2012', 'SEM-5', 'Roberto Sammer', 'PHO-1', 11.32, 3.67, 'A', 3, 1);
insert into notes_details values ('2011-2012', 'SEM-5', 'Roberto Sammer', 'PHQ-1', 11.32, 1.67, 'A', 0, 1);
insert into notes_details values ('2011-2012', 'SEM-5', 'Roberto Sammer', 'PHQ-1', 11.32, 2.67, 'A', 3, 2);
insert into notes_details values ('2011-2012', 'SEM-5', 'Roberto Sammer', 'SPM-1', 11.32, 2.0, 'A', 0, 1);
insert into notes_details values ('2011-2012', 'SEM-5', 'Roberto Sammer', 'SPM-1', 11.32, 3.0, 'A', 3, 2);
insert into notes_details values ('2011-2012', 'SEM-6', 'Roberto Sammer', 'DPP-2', 11.32, 4.0, 'A', 1, 1);
insert into notes_details values ('2011-2012', 'SEM-6', 'Roberto Sammer', 'EAO-2', 11.32, 4.0, 'A', 3, 1);
insert into notes_details values ('2011-2012', 'SEM-6', 'Roberto Sammer', 'ECO-2', 11.32, 3.33, 'A', 3, 1);
insert into notes_details values ('2011-2012', 'SEM-6', 'Roberto Sammer', 'LCI-2', 11.32, 4.0, 'A', 3, 1);
insert into notes_details values ('2011-2012', 'SEM-6', 'Roberto Sammer', 'MAT-2', 11.32, 3.33, 'A', 2, 1);
insert into notes_details values ('2011-2012', 'SEM-6', 'Roberto Sammer', 'MCO-2', 11.32, 2.0, 'A', 0, 1);
insert into notes_details values ('2011-2012', 'SEM-6', 'Roberto Sammer', 'MCO-2', 11.32, 3.0, 'A', 2, 2);
insert into notes_details values ('2011-2012', 'SEM-6', 'Roberto Sammer', 'MGP-2', 11.32, 2.67, 'A', 4, 1);
insert into notes_details values ('2011-2012', 'SEM-6', 'Roberto Sammer', 'PHS-2', 11.32, 3.67, 'A', 2, 1);
insert into notes_details values ('2011-2012', 'SEM-6', 'Roberto Sammer', 'PJT-2', 11.32, 3.0, 'A', 1, 1);
insert into notes_details values ('2011-2012', 'SEM-6', 'Roberto Sammer', 'RMS-2', 11.32, 1.0, 'A', 0, 1);
insert into notes_details values ('2011-2012', 'SEM-6', 'Roberto Sammer', 'RMS-2', 11.32, 2.67, 'A', 4, 2);
insert into notes_details values ('2011-2012', 'SEM-6', 'Roberto Sammer', 'STG-2', 11.32, 2.33, 'A', 0, 1);
insert into notes_details values ('2011-2012', 'SEM-6', 'Roberto Sammer', 'STG-2', 11.32, 3.0, 'A', 2, 2);
insert into notes_details values ('2011-2012', 'SEM-6', 'Roberto Sammer', 'THS-2', 11.32, 2.67, 'A', 3, 1);
insert into notes_details values ('2012-2013', 'SEM-7', 'Roberto Sammer', 'ASL-3', 11.32, 2.67, 'A', 2, 1);
insert into notes_details values ('2012-2013', 'SEM-7', 'Roberto Sammer', 'DPP-3', 11.32, 3.67, 'A', 2, 1);
insert into notes_details values ('2012-2013', 'SEM-7', 'Roberto Sammer', 'EAO-31', 11.32, 2.0, 'A', 0, 1);
insert into notes_details values ('2012-2013', 'SEM-7', 'Roberto Sammer', 'EAO-31', 11.32, 1.0, 'A', 0, 2);
insert into contentieux values ('2012-2013', 'SEM-7', 'Roberto Sammer', 'EAO-31');
insert into notes_details values ('2012-2013', 'SEM-7', 'Roberto Sammer', 'EAO-32', 11.32, 2.0, 'A', 0, 1);
insert into notes_details values ('2012-2013', 'SEM-7', 'Roberto Sammer', 'EAO-32', 11.32, 1.0, 'A', 0, 2);
insert into contentieux values ('2012-2013', 'SEM-7', 'Roberto Sammer', 'EAO-32');
insert into notes_details values ('2012-2013', 'SEM-7', 'Roberto Sammer', 'EAO-33', 11.32, 2.33, 'A', 0, 1);
insert into notes_details values ('2012-2013', 'SEM-7', 'Roberto Sammer', 'EAO-33', 11.32, 2.0, 'A', 0, 2);
insert into contentieux values ('2012-2013', 'SEM-7', 'Roberto Sammer', 'EAO-33');
insert into notes_details values ('2012-2013', 'SEM-7', 'Roberto Sammer', 'EAO-34', 11.32, 3.0, 'A', 2, 1);
insert into notes_details values ('2012-2013', 'SEM-7', 'Roberto Sammer', 'EAO-35', 11.32, 1.0, 'A', 0, 1);
insert into notes_details values ('2012-2013', 'SEM-7', 'Roberto Sammer', 'EAO-35', 11.32, 2.33, 'A', 2, 99);
insert into notes_details values ('2012-2013', 'SEM-7', 'Roberto Sammer', 'LCI-3', 11.32, 3.67, 'A', 3, 1);
insert into notes_details values ('2012-2013', 'SEM-7', 'Roberto Sammer', 'MAT-3', 11.32, 2.67, 'A', 3, 1);
insert into notes_details values ('2012-2013', 'SEM-7', 'Roberto Sammer', 'MNG-3', 11.32, 3.0, 'A', 3, 1);
insert into notes_details values ('2012-2013', 'SEM-7', 'Roberto Sammer', 'PJT-3', 11.32, 3.67, 'A', 5, 1);
insert into notes_details values ('2012-2013', 'SEM-7', 'Roberto Sammer', 'STD-3', 11.32, 4.0, 'A', 2, 1);
insert into gpa values ('2011-2012', 'SEM-5', 'Roberto Sammer', 3.27);
insert into gpa values ('2011-2012', 'SEM-6', 'Roberto Sammer', 2.58);
insert into gpa values ('2012-2013', 'SEM-7', 'Roberto Sammer', 3.45);
insert into eleves values ('Marianne Cressac', 1, 'S', 'Tres bien', 'MP', 'MP', 'mcressac');
insert into notes_details values ('2011-2012', 'SEM-5', 'Marianne Cressac', 'ALG-1', 11.32, 2.33, 'A', 0, 1);
insert into notes_details values ('2011-2012', 'SEM-5', 'Marianne Cressac', 'ALG-1', 11.32, 2.67, 'A', 3, 2);
insert into notes_details values ('2011-2012', 'SEM-5', 'Marianne Cressac', 'DPP-1', 11.32, 3.0, 'A', 2, 1);
insert into notes_details values ('2011-2012', 'SEM-5', 'Marianne Cressac', 'ELE-1', 11.32, 3.0, 'A', 3, 1);
insert into notes_details values ('2011-2012', 'SEM-5', 'Marianne Cressac', 'INP-1', 11.32, 1.33, 'A', 0, 1);
insert into notes_details values ('2011-2012', 'SEM-5', 'Marianne Cressac', 'INP-1', 11.32, 2.0, 'A', 3, 99);
insert into notes_details values ('2011-2012', 'SEM-5', 'Marianne Cressac', 'LCI-1', 11.32, 1.33, 'A', 0, 1);
insert into notes_details values ('2011-2012', 'SEM-5', 'Marianne Cressac', 'LCI-1', 11.32, 1.33, 'A', 3, 99);
insert into notes_details values ('2011-2012', 'SEM-5', 'Marianne Cressac', 'MAT-1', 11.32, 2.67, 'A', 3, 1);
insert into notes_details values ('2011-2012', 'SEM-5', 'Marianne Cressac', 'MGP-1', 11.32, 3.0, 'A', 4, 1);
insert into notes_details values ('2011-2012', 'SEM-5', 'Marianne Cressac', 'PHO-1', 11.32, 1.67, 'A', 0, 1);
insert into notes_details values ('2011-2012', 'SEM-5', 'Marianne Cressac', 'PHO-1', 11.32, 3.33, 'A', 3, 2);
insert into notes_details values ('2011-2012', 'SEM-5', 'Marianne Cressac', 'PHQ-1', 11.32, 1.0, 'A', 0, 1);
insert into notes_details values ('2011-2012', 'SEM-5', 'Marianne Cressac', 'PHQ-1', 11.32, 3.33, 'A', 3, 2);
insert into notes_details values ('2011-2012', 'SEM-5', 'Marianne Cressac', 'SPM-1', 11.32, 4.0, 'A', 3, 1);
insert into notes_details values ('2011-2012', 'SEM-6', 'Marianne Cressac', 'DPP-2', 11.32, 2.67, 'A', 1, 1);
insert into notes_details values ('2011-2012', 'SEM-6', 'Marianne Cressac', 'EAO-2', 11.32, 1.67, 'A', 0, 1);
insert into notes_details values ('2011-2012', 'SEM-6', 'Marianne Cressac', 'EAO-2', 11.32, 3.67, 'A', 3, 2);
insert into notes_details values ('2011-2012', 'SEM-6', 'Marianne Cressac', 'ECO-2', 11.32, 4.0, 'A', 3, 1);
insert into notes_details values ('2011-2012', 'SEM-6', 'Marianne Cressac', 'LCI-2', 11.32, 1.0, 'A', 0, 1);
insert into notes_details values ('2011-2012', 'SEM-6', 'Marianne Cressac', 'LCI-2', 11.32, 3.0, 'A', 3, 2);
insert into notes_details values ('2011-2012', 'SEM-6', 'Marianne Cressac', 'MAT-2', 11.32, 1.67, 'A', 0, 1);
insert into notes_details values ('2011-2012', 'SEM-6', 'Marianne Cressac', 'MAT-2', 11.32, 3.33, 'A', 2, 2);
insert into notes_details values ('2011-2012', 'SEM-6', 'Marianne Cressac', 'MCO-2', 11.32, 2.67, 'A', 2, 1);
insert into notes_details values ('2011-2012', 'SEM-6', 'Marianne Cressac', 'MGP-2', 11.32, 1.0, 'A', 0, 1);
insert into notes_details values ('2011-2012', 'SEM-6', 'Marianne Cressac', 'MGP-2', 11.32, 3.0, 'A', 4, 2);
insert into notes_details values ('2011-2012', 'SEM-6', 'Marianne Cressac', 'PHS-2', 11.32, 1.0, 'A', 0, 1);
insert into notes_details values ('2011-2012', 'SEM-6', 'Marianne Cressac', 'PHS-2', 11.32, 3.67, 'A', 2, 2);
insert into notes_details values ('2011-2012', 'SEM-6', 'Marianne Cressac', 'PJT-2', 11.32, 3.67, 'A', 1, 1);
insert into notes_details values ('2011-2012', 'SEM-6', 'Marianne Cressac', 'RMS-2', 11.32, 1.67, 'A', 0, 1);
insert into notes_details values ('2011-2012', 'SEM-6', 'Marianne Cressac', 'RMS-2', 11.32, 3.67, 'A', 4, 2);
insert into notes_details values ('2011-2012', 'SEM-6', 'Marianne Cressac', 'STG-2', 11.32, 2.33, 'A', 0, 1);
insert into notes_details values ('2011-2012', 'SEM-6', 'Marianne Cressac', 'STG-2', 11.32, 3.33, 'A', 2, 2);
insert into notes_details values ('2011-2012', 'SEM-6', 'Marianne Cressac', 'THS-2', 11.32, 2.67, 'A', 3, 1);
insert into notes_details values ('2012-2013', 'SEM-7', 'Marianne Cressac', 'ASL-3', 11.32, 1.0, 'A', 0, 1);
insert into notes_details values ('2012-2013', 'SEM-7', 'Marianne Cressac', 'ASL-3', 11.32, 2.0, 'A', 2, 99);
insert into notes_details values ('2012-2013', 'SEM-7', 'Marianne Cressac', 'DPP-3', 11.32, 2.33, 'A', 0, 1);
insert into notes_details values ('2012-2013', 'SEM-7', 'Marianne Cressac', 'DPP-3', 11.32, 1.67, 'A', 0, 2);
insert into contentieux values ('2012-2013', 'SEM-7', 'Marianne Cressac', 'DPP-3');
insert into notes_details values ('2012-2013', 'SEM-7', 'Marianne Cressac', 'EAO-31', 11.32, 4.0, 'A', 2, 1);
insert into notes_details values ('2012-2013', 'SEM-7', 'Marianne Cressac', 'EAO-32', 11.32, 3.33, 'A', 2, 1);
insert into notes_details values ('2012-2013', 'SEM-7', 'Marianne Cressac', 'EAO-33', 11.32, 1.33, 'A', 0, 1);
insert into notes_details values ('2012-2013', 'SEM-7', 'Marianne Cressac', 'EAO-33', 11.32, 2.67, 'A', 2, 2);
insert into notes_details values ('2012-2013', 'SEM-7', 'Marianne Cressac', 'EAO-34', 11.32, 3.33, 'A', 2, 1);
insert into notes_details values ('2012-2013', 'SEM-7', 'Marianne Cressac', 'EAO-35', 11.32, 2.67, 'A', 2, 1);
insert into notes_details values ('2012-2013', 'SEM-7', 'Marianne Cressac', 'LCI-3', 11.32, 4.0, 'A', 3, 1);
insert into notes_details values ('2012-2013', 'SEM-7', 'Marianne Cressac', 'MAT-3', 11.32, 1.33, 'A', 0, 1);
insert into notes_details values ('2012-2013', 'SEM-7', 'Marianne Cressac', 'MAT-3', 11.32, 4.0, 'A', 3, 2);
insert into notes_details values ('2012-2013', 'SEM-7', 'Marianne Cressac', 'MNG-3', 11.32, 3.0, 'A', 3, 1);
insert into notes_details values ('2012-2013', 'SEM-7', 'Marianne Cressac', 'PJT-3', 11.32, 3.67, 'A', 5, 1);
insert into notes_details values ('2012-2013', 'SEM-7', 'Marianne Cressac', 'STD-3', 11.32, 1.33, 'A', 0, 1);
insert into notes_details values ('2012-2013', 'SEM-7', 'Marianne Cressac', 'STD-3', 11.32, 2.33, 'A', 2, 99);
insert into gpa values ('2011-2012', 'SEM-5', 'Marianne Cressac', 2.53);
insert into gpa values ('2011-2012', 'SEM-6', 'Marianne Cressac', 4.0);
insert into gpa values ('2012-2013', 'SEM-7', 'Marianne Cressac', 3.24);
insert into eleves values ('Frederic Giroud', 1, 'S', 'Tres bien', 'MP', 'MP', 'fgiroud');
insert into notes_details values ('2011-2012', 'SEM-5', 'Frederic Giroud', 'ALG-1', 11.32, 3.0, 'A', 3, 1);
insert into notes_details values ('2011-2012', 'SEM-5', 'Frederic Giroud', 'DPP-1', 11.32, 3.33, 'A', 2, 1);
insert into notes_details values ('2011-2012', 'SEM-5', 'Frederic Giroud', 'ELE-1', 11.32, 1.0, 'A', 0, 1);
insert into notes_details values ('2011-2012', 'SEM-5', 'Frederic Giroud', 'ELE-1', 11.32, 3.33, 'A', 3, 2);
insert into notes_details values ('2011-2012', 'SEM-5', 'Frederic Giroud', 'INP-1', 11.32, 2.67, 'A', 3, 1);
insert into notes_details values ('2011-2012', 'SEM-5', 'Frederic Giroud', 'LCI-1', 11.32, 2.67, 'A', 3, 1);
insert into notes_details values ('2011-2012', 'SEM-5', 'Frederic Giroud', 'MAT-1', 11.32, 4.0, 'A', 3, 1);
insert into notes_details values ('2011-2012', 'SEM-5', 'Frederic Giroud', 'MGP-1', 11.32, 3.67, 'A', 4, 1);
insert into notes_details values ('2011-2012', 'SEM-5', 'Frederic Giroud', 'PHO-1', 11.32, 2.33, 'A', 0, 1);
insert into notes_details values ('2011-2012', 'SEM-5', 'Frederic Giroud', 'PHO-1', 11.32, 4.0, 'A', 3, 2);
insert into notes_details values ('2011-2012', 'SEM-5', 'Frederic Giroud', 'PHQ-1', 11.32, 3.33, 'A', 3, 1);
insert into notes_details values ('2011-2012', 'SEM-5', 'Frederic Giroud', 'SPM-1', 11.32, 4.0, 'A', 3, 1);
insert into notes_details values ('2011-2012', 'SEM-6', 'Frederic Giroud', 'DPP-2', 11.32, 3.0, 'A', 1, 1);
insert into notes_details values ('2011-2012', 'SEM-6', 'Frederic Giroud', 'EAO-2', 11.32, 1.33, 'A', 0, 1);
insert into notes_details values ('2011-2012', 'SEM-6', 'Frederic Giroud', 'EAO-2', 11.32, 3.33, 'A', 3, 2);
insert into notes_details values ('2011-2012', 'SEM-6', 'Frederic Giroud', 'ECO-2', 11.32, 2.33, 'A', 0, 1);
insert into notes_details values ('2011-2012', 'SEM-6', 'Frederic Giroud', 'ECO-2', 11.32, 3.67, 'A', 3, 2);
insert into notes_details values ('2011-2012', 'SEM-6', 'Frederic Giroud', 'LCI-2', 11.32, 2.33, 'A', 0, 1);
insert into notes_details values ('2011-2012', 'SEM-6', 'Frederic Giroud', 'LCI-2', 11.32, 3.33, 'A', 3, 2);
insert into notes_details values ('2011-2012', 'SEM-6', 'Frederic Giroud', 'MAT-2', 11.32, 3.67, 'A', 2, 1);
insert into notes_details values ('2011-2012', 'SEM-6', 'Frederic Giroud', 'MCO-2', 11.32, 1.67, 'A', 0, 1);
insert into notes_details values ('2011-2012', 'SEM-6', 'Frederic Giroud', 'MCO-2', 11.32, 1.0, 'A', 2, 99);
insert into notes_details values ('2011-2012', 'SEM-6', 'Frederic Giroud', 'MGP-2', 11.32, 3.33, 'A', 4, 1);
insert into notes_details values ('2011-2012', 'SEM-6', 'Frederic Giroud', 'PHS-2', 11.32, 2.33, 'A', 0, 1);
insert into notes_details values ('2011-2012', 'SEM-6', 'Frederic Giroud', 'PHS-2', 11.32, 4.0, 'A', 2, 2);
insert into notes_details values ('2011-2012', 'SEM-6', 'Frederic Giroud', 'PJT-2', 11.32, 3.67, 'A', 1, 1);
insert into notes_details values ('2011-2012', 'SEM-6', 'Frederic Giroud', 'RMS-2', 11.32, 3.0, 'A', 4, 1);
insert into notes_details values ('2011-2012', 'SEM-6', 'Frederic Giroud', 'STG-2', 11.32, 1.0, 'A', 0, 1);
insert into notes_details values ('2011-2012', 'SEM-6', 'Frederic Giroud', 'STG-2', 11.32, 1.67, 'A', 2, 99);
insert into notes_details values ('2011-2012', 'SEM-6', 'Frederic Giroud', 'THS-2', 11.32, 4.0, 'A', 3, 1);
insert into notes_details values ('2012-2013', 'SEM-7', 'Frederic Giroud', 'ASL-3', 11.32, 4.0, 'A', 2, 1);
insert into notes_details values ('2012-2013', 'SEM-7', 'Frederic Giroud', 'DPP-3', 11.32, 2.0, 'A', 0, 1);
insert into notes_details values ('2012-2013', 'SEM-7', 'Frederic Giroud', 'DPP-3', 11.32, 1.33, 'A', 0, 2);
insert into contentieux values ('2012-2013', 'SEM-7', 'Frederic Giroud', 'DPP-3');
insert into notes_details values ('2012-2013', 'SEM-7', 'Frederic Giroud', 'EAO-31', 11.32, 1.33, 'A', 0, 1);
insert into notes_details values ('2012-2013', 'SEM-7', 'Frederic Giroud', 'EAO-31', 11.32, 1.0, 'A', 0, 2);
insert into contentieux values ('2012-2013', 'SEM-7', 'Frederic Giroud', 'EAO-31');
insert into notes_details values ('2012-2013', 'SEM-7', 'Frederic Giroud', 'EAO-32', 11.32, 4.0, 'A', 2, 1);
insert into notes_details values ('2012-2013', 'SEM-7', 'Frederic Giroud', 'EAO-33', 11.32, 1.0, 'A', 0, 1);
insert into notes_details values ('2012-2013', 'SEM-7', 'Frederic Giroud', 'EAO-33', 11.32, 3.67, 'A', 2, 2);
insert into notes_details values ('2012-2013', 'SEM-7', 'Frederic Giroud', 'EAO-34', 11.32, 1.33, 'A', 0, 1);
insert into notes_details values ('2012-2013', 'SEM-7', 'Frederic Giroud', 'EAO-34', 11.32, 3.0, 'A', 2, 2);
insert into notes_details values ('2012-2013', 'SEM-7', 'Frederic Giroud', 'EAO-35', 11.32, 3.33, 'A', 2, 1);
insert into notes_details values ('2012-2013', 'SEM-7', 'Frederic Giroud', 'LCI-3', 11.32, 1.0, 'A', 0, 1);
insert into notes_details values ('2012-2013', 'SEM-7', 'Frederic Giroud', 'LCI-3', 11.32, 1.0, 'A', 0, 2);
insert into contentieux values ('2012-2013', 'SEM-7', 'Frederic Giroud', 'LCI-3');
insert into notes_details values ('2012-2013', 'SEM-7', 'Frederic Giroud', 'MAT-3', 11.32, 3.0, 'A', 3, 1);
insert into notes_details values ('2012-2013', 'SEM-7', 'Frederic Giroud', 'MNG-3', 11.32, 2.0, 'A', 0, 1);
insert into notes_details values ('2012-2013', 'SEM-7', 'Frederic Giroud', 'MNG-3', 11.32, 3.33, 'A', 3, 2);
insert into notes_details values ('2012-2013', 'SEM-7', 'Frederic Giroud', 'PJT-3', 11.32, 2.0, 'A', 0, 1);
insert into notes_details values ('2012-2013', 'SEM-7', 'Frederic Giroud', 'PJT-3', 11.32, 1.33, 'A', 5, 99);
insert into notes_details values ('2012-2013', 'SEM-7', 'Frederic Giroud', 'STD-3', 11.32, 3.33, 'A', 2, 1);
insert into gpa values ('2011-2012', 'SEM-5', 'Frederic Giroud', 2.47);
insert into gpa values ('2011-2012', 'SEM-6', 'Frederic Giroud', 2.8);
insert into gpa values ('2012-2013', 'SEM-7', 'Frederic Giroud', 2.85);
insert into eleves values ('Laetitia Clavette', 1, 'S', 'Tres bien', 'MP', 'MP', 'lclavette');
insert into notes_details values ('2011-2012', 'SEM-5', 'Laetitia Clavette', 'ALG-1', 11.32, 2.33, 'A', 0, 1);
insert into notes_details values ('2011-2012', 'SEM-5', 'Laetitia Clavette', 'ALG-1', 11.32, 2.67, 'A', 3, 2);
insert into notes_details values ('2011-2012', 'SEM-5', 'Laetitia Clavette', 'DPP-1', 11.32, 1.33, 'A', 0, 1);
insert into notes_details values ('2011-2012', 'SEM-5', 'Laetitia Clavette', 'DPP-1', 11.32, 3.67, 'A', 2, 2);
insert into notes_details values ('2011-2012', 'SEM-5', 'Laetitia Clavette', 'ELE-1', 11.32, 3.67, 'A', 3, 1);
insert into notes_details values ('2011-2012', 'SEM-5', 'Laetitia Clavette', 'INP-1', 11.32, 2.0, 'A', 0, 1);
insert into notes_details values ('2011-2012', 'SEM-5', 'Laetitia Clavette', 'INP-1', 11.32, 3.67, 'A', 3, 2);
insert into notes_details values ('2011-2012', 'SEM-5', 'Laetitia Clavette', 'LCI-1', 11.32, 3.67, 'A', 3, 1);
insert into notes_details values ('2011-2012', 'SEM-5', 'Laetitia Clavette', 'MAT-1', 11.32, 2.0, 'A', 0, 1);
insert into notes_details values ('2011-2012', 'SEM-5', 'Laetitia Clavette', 'MAT-1', 11.32, 3.67, 'A', 3, 2);
insert into notes_details values ('2011-2012', 'SEM-5', 'Laetitia Clavette', 'MGP-1', 11.32, 2.0, 'A', 0, 1);
insert into notes_details values ('2011-2012', 'SEM-5', 'Laetitia Clavette', 'MGP-1', 11.32, 2.67, 'A', 4, 2);
insert into notes_details values ('2011-2012', 'SEM-5', 'Laetitia Clavette', 'PHO-1', 11.32, 2.0, 'A', 0, 1);
insert into notes_details values ('2011-2012', 'SEM-5', 'Laetitia Clavette', 'PHO-1', 11.32, 1.33, 'A', 3, 99);
insert into notes_details values ('2011-2012', 'SEM-5', 'Laetitia Clavette', 'PHQ-1', 11.32, 1.33, 'A', 0, 1);
insert into notes_details values ('2011-2012', 'SEM-5', 'Laetitia Clavette', 'PHQ-1', 11.32, 3.67, 'A', 3, 2);
insert into notes_details values ('2011-2012', 'SEM-5', 'Laetitia Clavette', 'SPM-1', 11.32, 3.0, 'A', 3, 1);
insert into notes_details values ('2011-2012', 'SEM-6', 'Laetitia Clavette', 'DPP-2', 11.32, 3.67, 'A', 1, 1);
insert into notes_details values ('2011-2012', 'SEM-6', 'Laetitia Clavette', 'EAO-2', 11.32, 4.0, 'A', 3, 1);
insert into notes_details values ('2011-2012', 'SEM-6', 'Laetitia Clavette', 'ECO-2', 11.32, 1.33, 'A', 0, 1);
insert into notes_details values ('2011-2012', 'SEM-6', 'Laetitia Clavette', 'ECO-2', 11.32, 1.33, 'A', 3, 99);
insert into notes_details values ('2011-2012', 'SEM-6', 'Laetitia Clavette', 'LCI-2', 11.32, 2.0, 'A', 0, 1);
insert into notes_details values ('2011-2012', 'SEM-6', 'Laetitia Clavette', 'LCI-2', 11.32, 2.67, 'A', 3, 2);
insert into notes_details values ('2011-2012', 'SEM-6', 'Laetitia Clavette', 'MAT-2', 11.32, 3.33, 'A', 2, 1);
insert into notes_details values ('2011-2012', 'SEM-6', 'Laetitia Clavette', 'MCO-2', 11.32, 3.0, 'A', 2, 1);
insert into notes_details values ('2011-2012', 'SEM-6', 'Laetitia Clavette', 'MGP-2', 11.32, 3.67, 'A', 4, 1);
insert into notes_details values ('2011-2012', 'SEM-6', 'Laetitia Clavette', 'PHS-2', 11.32, 1.33, 'A', 0, 1);
insert into notes_details values ('2011-2012', 'SEM-6', 'Laetitia Clavette', 'PHS-2', 11.32, 2.0, 'A', 2, 99);
insert into notes_details values ('2011-2012', 'SEM-6', 'Laetitia Clavette', 'PJT-2', 11.32, 3.33, 'A', 1, 1);
insert into notes_details values ('2011-2012', 'SEM-6', 'Laetitia Clavette', 'RMS-2', 11.32, 4.0, 'A', 4, 1);
insert into notes_details values ('2011-2012', 'SEM-6', 'Laetitia Clavette', 'STG-2', 11.32, 3.67, 'A', 2, 1);
insert into notes_details values ('2011-2012', 'SEM-6', 'Laetitia Clavette', 'THS-2', 11.32, 4.0, 'A', 3, 1);
insert into notes_details values ('2012-2013', 'SEM-7', 'Laetitia Clavette', 'ASL-3', 11.32, 1.33, 'A', 0, 1);
insert into notes_details values ('2012-2013', 'SEM-7', 'Laetitia Clavette', 'ASL-3', 11.32, 1.67, 'A', 0, 2);
insert into contentieux values ('2012-2013', 'SEM-7', 'Laetitia Clavette', 'ASL-3');
insert into notes_details values ('2012-2013', 'SEM-7', 'Laetitia Clavette', 'DPP-3', 11.32, 3.33, 'A', 2, 1);
insert into notes_details values ('2012-2013', 'SEM-7', 'Laetitia Clavette', 'EAO-31', 11.32, 1.67, 'A', 0, 1);
insert into notes_details values ('2012-2013', 'SEM-7', 'Laetitia Clavette', 'EAO-31', 11.32, 3.0, 'A', 2, 2);
insert into notes_details values ('2012-2013', 'SEM-7', 'Laetitia Clavette', 'EAO-32', 11.32, 2.0, 'A', 0, 1);
insert into notes_details values ('2012-2013', 'SEM-7', 'Laetitia Clavette', 'EAO-32', 11.32, 3.67, 'A', 2, 2);
insert into notes_details values ('2012-2013', 'SEM-7', 'Laetitia Clavette', 'EAO-33', 11.32, 1.67, 'A', 0, 1);
insert into notes_details values ('2012-2013', 'SEM-7', 'Laetitia Clavette', 'EAO-33', 11.32, 1.67, 'A', 0, 2);
insert into contentieux values ('2012-2013', 'SEM-7', 'Laetitia Clavette', 'EAO-33');
insert into notes_details values ('2012-2013', 'SEM-7', 'Laetitia Clavette', 'EAO-34', 11.32, 1.0, 'A', 0, 1);
insert into notes_details values ('2012-2013', 'SEM-7', 'Laetitia Clavette', 'EAO-34', 11.32, 3.0, 'A', 2, 2);
insert into notes_details values ('2012-2013', 'SEM-7', 'Laetitia Clavette', 'EAO-35', 11.32, 3.0, 'A', 2, 1);
insert into notes_details values ('2012-2013', 'SEM-7', 'Laetitia Clavette', 'LCI-3', 11.32, 2.0, 'A', 0, 1);
insert into notes_details values ('2012-2013', 'SEM-7', 'Laetitia Clavette', 'LCI-3', 11.32, 2.67, 'A', 3, 2);
insert into notes_details values ('2012-2013', 'SEM-7', 'Laetitia Clavette', 'MAT-3', 11.32, 2.33, 'A', 0, 1);
insert into notes_details values ('2012-2013', 'SEM-7', 'Laetitia Clavette', 'MAT-3', 11.32, 1.67, 'A', 0, 2);
insert into contentieux values ('2012-2013', 'SEM-7', 'Laetitia Clavette', 'MAT-3');
insert into notes_details values ('2012-2013', 'SEM-7', 'Laetitia Clavette', 'MNG-3', 11.32, 1.67, 'A', 0, 1);
insert into notes_details values ('2012-2013', 'SEM-7', 'Laetitia Clavette', 'MNG-3', 11.32, 1.0, 'A', 0, 2);
insert into contentieux values ('2012-2013', 'SEM-7', 'Laetitia Clavette', 'MNG-3');
insert into notes_details values ('2012-2013', 'SEM-7', 'Laetitia Clavette', 'PJT-3', 11.32, 3.33, 'A', 5, 1);
insert into notes_details values ('2012-2013', 'SEM-7', 'Laetitia Clavette', 'STD-3', 11.32, 1.67, 'A', 0, 1);
insert into notes_details values ('2012-2013', 'SEM-7', 'Laetitia Clavette', 'STD-3', 11.32, 2.67, 'A', 2, 2);
insert into gpa values ('2011-2012', 'SEM-5', 'Laetitia Clavette', 3.37);
insert into gpa values ('2011-2012', 'SEM-6', 'Laetitia Clavette', 2.16);
insert into gpa values ('2012-2013', 'SEM-7', 'Laetitia Clavette', 2.09);
insert into eleves values ('Florent Aucoin', 1, 'S', 'Tres bien', 'MP', 'MP', 'faucoin');
insert into notes_details values ('2011-2012', 'SEM-5', 'Florent Aucoin', 'ALG-1', 11.32, 1.33, 'A', 0, 1);
insert into notes_details values ('2011-2012', 'SEM-5', 'Florent Aucoin', 'ALG-1', 11.32, 2.67, 'A', 3, 2);
insert into notes_details values ('2011-2012', 'SEM-5', 'Florent Aucoin', 'DPP-1', 11.32, 3.0, 'A', 2, 1);
insert into notes_details values ('2011-2012', 'SEM-5', 'Florent Aucoin', 'ELE-1', 11.32, 1.33, 'A', 0, 1);
insert into notes_details values ('2011-2012', 'SEM-5', 'Florent Aucoin', 'ELE-1', 11.32, 3.0, 'A', 3, 2);
insert into notes_details values ('2011-2012', 'SEM-5', 'Florent Aucoin', 'INP-1', 11.32, 2.0, 'A', 0, 1);
insert into notes_details values ('2011-2012', 'SEM-5', 'Florent Aucoin', 'INP-1', 11.32, 3.33, 'A', 3, 2);
insert into notes_details values ('2011-2012', 'SEM-5', 'Florent Aucoin', 'LCI-1', 11.32, 2.67, 'A', 3, 1);
insert into notes_details values ('2011-2012', 'SEM-5', 'Florent Aucoin', 'MAT-1', 11.32, 1.67, 'A', 0, 1);
insert into notes_details values ('2011-2012', 'SEM-5', 'Florent Aucoin', 'MAT-1', 11.32, 2.67, 'A', 3, 2);
insert into notes_details values ('2011-2012', 'SEM-5', 'Florent Aucoin', 'MGP-1', 11.32, 3.33, 'A', 4, 1);
insert into notes_details values ('2011-2012', 'SEM-5', 'Florent Aucoin', 'PHO-1', 11.32, 1.0, 'A', 0, 1);
insert into notes_details values ('2011-2012', 'SEM-5', 'Florent Aucoin', 'PHO-1', 11.32, 2.67, 'A', 3, 2);
insert into notes_details values ('2011-2012', 'SEM-5', 'Florent Aucoin', 'PHQ-1', 11.32, 1.0, 'A', 0, 1);
insert into notes_details values ('2011-2012', 'SEM-5', 'Florent Aucoin', 'PHQ-1', 11.32, 3.33, 'A', 3, 2);
insert into notes_details values ('2011-2012', 'SEM-5', 'Florent Aucoin', 'SPM-1', 11.32, 1.67, 'A', 0, 1);
insert into notes_details values ('2011-2012', 'SEM-5', 'Florent Aucoin', 'SPM-1', 11.32, 2.67, 'A', 3, 2);
insert into notes_details values ('2011-2012', 'SEM-6', 'Florent Aucoin', 'DPP-2', 11.32, 2.67, 'A', 1, 1);
insert into notes_details values ('2011-2012', 'SEM-6', 'Florent Aucoin', 'EAO-2', 11.32, 4.0, 'A', 3, 1);
insert into notes_details values ('2011-2012', 'SEM-6', 'Florent Aucoin', 'ECO-2', 11.32, 1.67, 'A', 0, 1);
insert into notes_details values ('2011-2012', 'SEM-6', 'Florent Aucoin', 'ECO-2', 11.32, 3.0, 'A', 3, 2);
insert into notes_details values ('2011-2012', 'SEM-6', 'Florent Aucoin', 'LCI-2', 11.32, 1.67, 'A', 0, 1);
insert into notes_details values ('2011-2012', 'SEM-6', 'Florent Aucoin', 'LCI-2', 11.32, 1.33, 'A', 3, 99);
insert into notes_details values ('2011-2012', 'SEM-6', 'Florent Aucoin', 'MAT-2', 11.32, 1.0, 'A', 0, 1);
insert into notes_details values ('2011-2012', 'SEM-6', 'Florent Aucoin', 'MAT-2', 11.32, 3.67, 'A', 2, 2);
insert into notes_details values ('2011-2012', 'SEM-6', 'Florent Aucoin', 'MCO-2', 11.32, 1.33, 'A', 0, 1);
insert into notes_details values ('2011-2012', 'SEM-6', 'Florent Aucoin', 'MCO-2', 11.32, 1.33, 'A', 2, 99);
insert into notes_details values ('2011-2012', 'SEM-6', 'Florent Aucoin', 'MGP-2', 11.32, 1.33, 'A', 0, 1);
insert into notes_details values ('2011-2012', 'SEM-6', 'Florent Aucoin', 'MGP-2', 11.32, 2.0, 'A', 4, 99);
insert into notes_details values ('2011-2012', 'SEM-6', 'Florent Aucoin', 'PHS-2', 11.32, 1.0, 'A', 0, 1);
insert into notes_details values ('2011-2012', 'SEM-6', 'Florent Aucoin', 'PHS-2', 11.32, 2.67, 'A', 2, 2);
insert into notes_details values ('2011-2012', 'SEM-6', 'Florent Aucoin', 'PJT-2', 11.32, 2.67, 'A', 1, 1);
insert into notes_details values ('2011-2012', 'SEM-6', 'Florent Aucoin', 'RMS-2', 11.32, 1.67, 'A', 0, 1);
insert into notes_details values ('2011-2012', 'SEM-6', 'Florent Aucoin', 'RMS-2', 11.32, 4.0, 'A', 4, 2);
insert into notes_details values ('2011-2012', 'SEM-6', 'Florent Aucoin', 'STG-2', 11.32, 3.33, 'A', 2, 1);
insert into notes_details values ('2011-2012', 'SEM-6', 'Florent Aucoin', 'THS-2', 11.32, 1.0, 'A', 0, 1);
insert into notes_details values ('2011-2012', 'SEM-6', 'Florent Aucoin', 'THS-2', 11.32, 3.33, 'A', 3, 2);
insert into notes_details values ('2012-2013', 'SEM-7', 'Florent Aucoin', 'ASL-3', 11.32, 1.0, 'A', 0, 1);
insert into notes_details values ('2012-2013', 'SEM-7', 'Florent Aucoin', 'ASL-3', 11.32, 2.33, 'A', 0, 2);
insert into contentieux values ('2012-2013', 'SEM-7', 'Florent Aucoin', 'ASL-3');
insert into notes_details values ('2012-2013', 'SEM-7', 'Florent Aucoin', 'DPP-3', 11.32, 2.0, 'A', 0, 1);
insert into notes_details values ('2012-2013', 'SEM-7', 'Florent Aucoin', 'DPP-3', 11.32, 3.0, 'A', 2, 2);
insert into notes_details values ('2012-2013', 'SEM-7', 'Florent Aucoin', 'EAO-31', 11.32, 3.0, 'A', 2, 1);
insert into notes_details values ('2012-2013', 'SEM-7', 'Florent Aucoin', 'EAO-32', 11.32, 2.33, 'A', 0, 1);
insert into notes_details values ('2012-2013', 'SEM-7', 'Florent Aucoin', 'EAO-32', 11.32, 1.67, 'A', 2, 99);
insert into notes_details values ('2012-2013', 'SEM-7', 'Florent Aucoin', 'EAO-33', 11.32, 2.33, 'A', 0, 1);
insert into notes_details values ('2012-2013', 'SEM-7', 'Florent Aucoin', 'EAO-33', 11.32, 1.33, 'A', 0, 2);
insert into contentieux values ('2012-2013', 'SEM-7', 'Florent Aucoin', 'EAO-33');
insert into notes_details values ('2012-2013', 'SEM-7', 'Florent Aucoin', 'EAO-34', 11.32, 1.0, 'A', 0, 1);
insert into notes_details values ('2012-2013', 'SEM-7', 'Florent Aucoin', 'EAO-34', 11.32, 3.0, 'A', 2, 2);
insert into notes_details values ('2012-2013', 'SEM-7', 'Florent Aucoin', 'EAO-35', 11.32, 1.67, 'A', 0, 1);
insert into notes_details values ('2012-2013', 'SEM-7', 'Florent Aucoin', 'EAO-35', 11.32, 1.33, 'A', 0, 2);
insert into contentieux values ('2012-2013', 'SEM-7', 'Florent Aucoin', 'EAO-35');
insert into notes_details values ('2012-2013', 'SEM-7', 'Florent Aucoin', 'LCI-3', 11.32, 1.33, 'A', 0, 1);
insert into notes_details values ('2012-2013', 'SEM-7', 'Florent Aucoin', 'LCI-3', 11.32, 3.67, 'A', 3, 2);
insert into notes_details values ('2012-2013', 'SEM-7', 'Florent Aucoin', 'MAT-3', 11.32, 3.0, 'A', 3, 1);
insert into notes_details values ('2012-2013', 'SEM-7', 'Florent Aucoin', 'MNG-3', 11.32, 2.0, 'A', 0, 1);
insert into notes_details values ('2012-2013', 'SEM-7', 'Florent Aucoin', 'MNG-3', 11.32, 2.0, 'A', 0, 2);
insert into contentieux values ('2012-2013', 'SEM-7', 'Florent Aucoin', 'MNG-3');
insert into notes_details values ('2012-2013', 'SEM-7', 'Florent Aucoin', 'PJT-3', 11.32, 2.0, 'A', 0, 1);
insert into notes_details values ('2012-2013', 'SEM-7', 'Florent Aucoin', 'PJT-3', 11.32, 1.0, 'A', 0, 2);
insert into contentieux values ('2012-2013', 'SEM-7', 'Florent Aucoin', 'PJT-3');
insert into notes_details values ('2012-2013', 'SEM-7', 'Florent Aucoin', 'STD-3', 11.32, 2.67, 'A', 2, 1);
insert into gpa values ('2011-2012', 'SEM-5', 'Florent Aucoin', 3.24);
insert into gpa values ('2011-2012', 'SEM-6', 'Florent Aucoin', 3.8);
insert into gpa values ('2012-2013', 'SEM-7', 'Florent Aucoin', 2.97);
insert into eleves values ('Alphonse Einsenhower', 1, 'S', 'Tres bien', 'MP', 'MP', 'aeinsenhower');
insert into notes_details values ('2011-2012', 'SEM-5', 'Alphonse Einsenhower', 'ALG-1', 11.32, 1.33, 'A', 0, 1);
insert into notes_details values ('2011-2012', 'SEM-5', 'Alphonse Einsenhower', 'ALG-1', 11.32, 4.0, 'A', 3, 2);
insert into notes_details values ('2011-2012', 'SEM-5', 'Alphonse Einsenhower', 'DPP-1', 11.32, 2.67, 'A', 2, 1);
insert into notes_details values ('2011-2012', 'SEM-5', 'Alphonse Einsenhower', 'ELE-1', 11.32, 2.67, 'A', 3, 1);
insert into notes_details values ('2011-2012', 'SEM-5', 'Alphonse Einsenhower', 'INP-1', 11.32, 1.33, 'A', 0, 1);
insert into notes_details values ('2011-2012', 'SEM-5', 'Alphonse Einsenhower', 'INP-1', 11.32, 4.0, 'A', 3, 2);
insert into notes_details values ('2011-2012', 'SEM-5', 'Alphonse Einsenhower', 'LCI-1', 11.32, 2.33, 'A', 0, 1);
insert into notes_details values ('2011-2012', 'SEM-5', 'Alphonse Einsenhower', 'LCI-1', 11.32, 4.0, 'A', 3, 2);
insert into notes_details values ('2011-2012', 'SEM-5', 'Alphonse Einsenhower', 'MAT-1', 11.32, 1.0, 'A', 0, 1);
insert into notes_details values ('2011-2012', 'SEM-5', 'Alphonse Einsenhower', 'MAT-1', 11.32, 1.0, 'A', 3, 99);
insert into notes_details values ('2011-2012', 'SEM-5', 'Alphonse Einsenhower', 'MGP-1', 11.32, 1.33, 'A', 0, 1);
insert into notes_details values ('2011-2012', 'SEM-5', 'Alphonse Einsenhower', 'MGP-1', 11.32, 3.0, 'A', 4, 2);
insert into notes_details values ('2011-2012', 'SEM-5', 'Alphonse Einsenhower', 'PHO-1', 11.32, 2.67, 'A', 3, 1);
insert into notes_details values ('2011-2012', 'SEM-5', 'Alphonse Einsenhower', 'PHQ-1', 11.32, 3.33, 'A', 3, 1);
insert into notes_details values ('2011-2012', 'SEM-5', 'Alphonse Einsenhower', 'SPM-1', 11.32, 1.33, 'A', 0, 1);
insert into notes_details values ('2011-2012', 'SEM-5', 'Alphonse Einsenhower', 'SPM-1', 11.32, 4.0, 'A', 3, 2);
insert into notes_details values ('2011-2012', 'SEM-6', 'Alphonse Einsenhower', 'DPP-2', 11.32, 3.67, 'A', 1, 1);
insert into notes_details values ('2011-2012', 'SEM-6', 'Alphonse Einsenhower', 'EAO-2', 11.32, 2.33, 'A', 0, 1);
insert into notes_details values ('2011-2012', 'SEM-6', 'Alphonse Einsenhower', 'EAO-2', 11.32, 3.33, 'A', 3, 2);
insert into notes_details values ('2011-2012', 'SEM-6', 'Alphonse Einsenhower', 'ECO-2', 11.32, 2.33, 'A', 0, 1);
insert into notes_details values ('2011-2012', 'SEM-6', 'Alphonse Einsenhower', 'ECO-2', 11.32, 3.0, 'A', 3, 2);
insert into notes_details values ('2011-2012', 'SEM-6', 'Alphonse Einsenhower', 'LCI-2', 11.32, 2.0, 'A', 0, 1);
insert into notes_details values ('2011-2012', 'SEM-6', 'Alphonse Einsenhower', 'LCI-2', 11.32, 3.0, 'A', 3, 2);
insert into notes_details values ('2011-2012', 'SEM-6', 'Alphonse Einsenhower', 'MAT-2', 11.32, 1.0, 'A', 0, 1);
insert into notes_details values ('2011-2012', 'SEM-6', 'Alphonse Einsenhower', 'MAT-2', 11.32, 3.0, 'A', 2, 2);
insert into notes_details values ('2011-2012', 'SEM-6', 'Alphonse Einsenhower', 'MCO-2', 11.32, 2.33, 'A', 0, 1);
insert into notes_details values ('2011-2012', 'SEM-6', 'Alphonse Einsenhower', 'MCO-2', 11.32, 4.0, 'A', 2, 2);
insert into notes_details values ('2011-2012', 'SEM-6', 'Alphonse Einsenhower', 'MGP-2', 11.32, 2.33, 'A', 0, 1);
insert into notes_details values ('2011-2012', 'SEM-6', 'Alphonse Einsenhower', 'MGP-2', 11.32, 2.0, 'A', 4, 99);
insert into notes_details values ('2011-2012', 'SEM-6', 'Alphonse Einsenhower', 'PHS-2', 11.32, 1.0, 'A', 0, 1);
insert into notes_details values ('2011-2012', 'SEM-6', 'Alphonse Einsenhower', 'PHS-2', 11.32, 3.33, 'A', 2, 2);
insert into notes_details values ('2011-2012', 'SEM-6', 'Alphonse Einsenhower', 'PJT-2', 11.32, 2.0, 'A', 0, 1);
insert into notes_details values ('2011-2012', 'SEM-6', 'Alphonse Einsenhower', 'PJT-2', 11.32, 3.67, 'A', 1, 2);
insert into notes_details values ('2011-2012', 'SEM-6', 'Alphonse Einsenhower', 'RMS-2', 11.32, 2.33, 'A', 0, 1);
insert into notes_details values ('2011-2012', 'SEM-6', 'Alphonse Einsenhower', 'RMS-2', 11.32, 3.33, 'A', 4, 2);
insert into notes_details values ('2011-2012', 'SEM-6', 'Alphonse Einsenhower', 'STG-2', 11.32, 3.67, 'A', 2, 1);
insert into notes_details values ('2011-2012', 'SEM-6', 'Alphonse Einsenhower', 'THS-2', 11.32, 2.0, 'A', 0, 1);
insert into notes_details values ('2011-2012', 'SEM-6', 'Alphonse Einsenhower', 'THS-2', 11.32, 3.33, 'A', 3, 2);
insert into notes_details values ('2012-2013', 'SEM-7', 'Alphonse Einsenhower', 'ASL-3', 11.32, 2.0, 'A', 0, 1);
insert into notes_details values ('2012-2013', 'SEM-7', 'Alphonse Einsenhower', 'ASL-3', 11.32, 4.0, 'A', 2, 2);
insert into notes_details values ('2012-2013', 'SEM-7', 'Alphonse Einsenhower', 'DPP-3', 11.32, 2.67, 'A', 2, 1);
insert into notes_details values ('2012-2013', 'SEM-7', 'Alphonse Einsenhower', 'EAO-31', 11.32, 1.0, 'A', 0, 1);
insert into notes_details values ('2012-2013', 'SEM-7', 'Alphonse Einsenhower', 'EAO-31', 11.32, 4.0, 'A', 2, 2);
insert into notes_details values ('2012-2013', 'SEM-7', 'Alphonse Einsenhower', 'EAO-32', 11.32, 1.67, 'A', 0, 1);
insert into notes_details values ('2012-2013', 'SEM-7', 'Alphonse Einsenhower', 'EAO-32', 11.32, 1.33, 'A', 0, 2);
insert into contentieux values ('2012-2013', 'SEM-7', 'Alphonse Einsenhower', 'EAO-32');
insert into notes_details values ('2012-2013', 'SEM-7', 'Alphonse Einsenhower', 'EAO-33', 11.32, 2.0, 'A', 0, 1);
insert into notes_details values ('2012-2013', 'SEM-7', 'Alphonse Einsenhower', 'EAO-33', 11.32, 3.67, 'A', 2, 2);
insert into notes_details values ('2012-2013', 'SEM-7', 'Alphonse Einsenhower', 'EAO-34', 11.32, 2.33, 'A', 0, 1);
insert into notes_details values ('2012-2013', 'SEM-7', 'Alphonse Einsenhower', 'EAO-34', 11.32, 4.0, 'A', 2, 2);
insert into notes_details values ('2012-2013', 'SEM-7', 'Alphonse Einsenhower', 'EAO-35', 11.32, 2.0, 'A', 0, 1);
insert into notes_details values ('2012-2013', 'SEM-7', 'Alphonse Einsenhower', 'EAO-35', 11.32, 3.0, 'A', 2, 2);
insert into notes_details values ('2012-2013', 'SEM-7', 'Alphonse Einsenhower', 'LCI-3', 11.32, 4.0, 'A', 3, 1);
insert into notes_details values ('2012-2013', 'SEM-7', 'Alphonse Einsenhower', 'MAT-3', 11.32, 1.0, 'A', 0, 1);
insert into notes_details values ('2012-2013', 'SEM-7', 'Alphonse Einsenhower', 'MAT-3', 11.32, 1.33, 'A', 0, 2);
insert into contentieux values ('2012-2013', 'SEM-7', 'Alphonse Einsenhower', 'MAT-3');
insert into notes_details values ('2012-2013', 'SEM-7', 'Alphonse Einsenhower', 'MNG-3', 11.32, 2.0, 'A', 0, 1);
insert into notes_details values ('2012-2013', 'SEM-7', 'Alphonse Einsenhower', 'MNG-3', 11.32, 3.33, 'A', 3, 2);
insert into notes_details values ('2012-2013', 'SEM-7', 'Alphonse Einsenhower', 'PJT-3', 11.32, 4.0, 'A', 5, 1);
insert into notes_details values ('2012-2013', 'SEM-7', 'Alphonse Einsenhower', 'STD-3', 11.32, 1.67, 'A', 0, 1);
insert into notes_details values ('2012-2013', 'SEM-7', 'Alphonse Einsenhower', 'STD-3', 11.32, 3.67, 'A', 2, 2);
insert into gpa values ('2011-2012', 'SEM-5', 'Alphonse Einsenhower', 2.94);
insert into gpa values ('2011-2012', 'SEM-6', 'Alphonse Einsenhower', 3.62);
insert into gpa values ('2012-2013', 'SEM-7', 'Alphonse Einsenhower', 2.59);
insert into eleves values ('Bobby Donat', 1, 'S', 'Tres bien', 'MP', 'MP', 'bdonat');
insert into notes_details values ('2011-2012', 'SEM-5', 'Bobby Donat', 'ALG-1', 11.32, 2.67, 'A', 3, 1);
insert into notes_details values ('2011-2012', 'SEM-5', 'Bobby Donat', 'DPP-1', 11.32, 3.67, 'A', 2, 1);
insert into notes_details values ('2011-2012', 'SEM-5', 'Bobby Donat', 'ELE-1', 11.32, 4.0, 'A', 3, 1);
insert into notes_details values ('2011-2012', 'SEM-5', 'Bobby Donat', 'INP-1', 11.32, 4.0, 'A', 3, 1);
insert into notes_details values ('2011-2012', 'SEM-5', 'Bobby Donat', 'LCI-1', 11.32, 3.67, 'A', 3, 1);
insert into notes_details values ('2011-2012', 'SEM-5', 'Bobby Donat', 'MAT-1', 11.32, 2.67, 'A', 3, 1);
insert into notes_details values ('2011-2012', 'SEM-5', 'Bobby Donat', 'MGP-1', 11.32, 2.67, 'A', 4, 1);
insert into notes_details values ('2011-2012', 'SEM-5', 'Bobby Donat', 'PHO-1', 11.32, 1.33, 'A', 0, 1);
insert into notes_details values ('2011-2012', 'SEM-5', 'Bobby Donat', 'PHO-1', 11.32, 1.0, 'A', 3, 99);
insert into notes_details values ('2011-2012', 'SEM-5', 'Bobby Donat', 'PHQ-1', 11.32, 1.0, 'A', 0, 1);
insert into notes_details values ('2011-2012', 'SEM-5', 'Bobby Donat', 'PHQ-1', 11.32, 3.0, 'A', 3, 2);
insert into notes_details values ('2011-2012', 'SEM-5', 'Bobby Donat', 'SPM-1', 11.32, 3.33, 'A', 3, 1);
insert into notes_details values ('2011-2012', 'SEM-6', 'Bobby Donat', 'DPP-2', 11.32, 3.0, 'A', 1, 1);
insert into notes_details values ('2011-2012', 'SEM-6', 'Bobby Donat', 'EAO-2', 11.32, 2.67, 'A', 3, 1);
insert into notes_details values ('2011-2012', 'SEM-6', 'Bobby Donat', 'ECO-2', 11.32, 3.33, 'A', 3, 1);
insert into notes_details values ('2011-2012', 'SEM-6', 'Bobby Donat', 'LCI-2', 11.32, 2.0, 'A', 0, 1);
insert into notes_details values ('2011-2012', 'SEM-6', 'Bobby Donat', 'LCI-2', 11.32, 1.33, 'A', 3, 99);
insert into notes_details values ('2011-2012', 'SEM-6', 'Bobby Donat', 'MAT-2', 11.32, 1.33, 'A', 0, 1);
insert into notes_details values ('2011-2012', 'SEM-6', 'Bobby Donat', 'MAT-2', 11.32, 3.33, 'A', 2, 2);
insert into notes_details values ('2011-2012', 'SEM-6', 'Bobby Donat', 'MCO-2', 11.32, 3.67, 'A', 2, 1);
insert into notes_details values ('2011-2012', 'SEM-6', 'Bobby Donat', 'MGP-2', 11.32, 1.33, 'A', 0, 1);
insert into notes_details values ('2011-2012', 'SEM-6', 'Bobby Donat', 'MGP-2', 11.32, 1.67, 'A', 4, 99);
insert into notes_details values ('2011-2012', 'SEM-6', 'Bobby Donat', 'PHS-2', 11.32, 3.0, 'A', 2, 1);
insert into notes_details values ('2011-2012', 'SEM-6', 'Bobby Donat', 'PJT-2', 11.32, 1.0, 'A', 0, 1);
insert into notes_details values ('2011-2012', 'SEM-6', 'Bobby Donat', 'PJT-2', 11.32, 1.0, 'A', 1, 99);
insert into notes_details values ('2011-2012', 'SEM-6', 'Bobby Donat', 'RMS-2', 11.32, 2.67, 'A', 4, 1);
insert into notes_details values ('2011-2012', 'SEM-6', 'Bobby Donat', 'STG-2', 11.32, 2.33, 'A', 0, 1);
insert into notes_details values ('2011-2012', 'SEM-6', 'Bobby Donat', 'STG-2', 11.32, 3.0, 'A', 2, 2);
insert into notes_details values ('2011-2012', 'SEM-6', 'Bobby Donat', 'THS-2', 11.32, 3.67, 'A', 3, 1);
insert into notes_details values ('2012-2013', 'SEM-7', 'Bobby Donat', 'ASL-3', 11.32, 2.33, 'A', 0, 1);
insert into notes_details values ('2012-2013', 'SEM-7', 'Bobby Donat', 'ASL-3', 11.32, 2.33, 'A', 0, 2);
insert into contentieux values ('2012-2013', 'SEM-7', 'Bobby Donat', 'ASL-3');
insert into notes_details values ('2012-2013', 'SEM-7', 'Bobby Donat', 'DPP-3', 11.32, 3.33, 'A', 2, 1);
insert into notes_details values ('2012-2013', 'SEM-7', 'Bobby Donat', 'EAO-31', 11.32, 1.0, 'A', 0, 1);
insert into notes_details values ('2012-2013', 'SEM-7', 'Bobby Donat', 'EAO-31', 11.32, 2.0, 'A', 0, 2);
insert into contentieux values ('2012-2013', 'SEM-7', 'Bobby Donat', 'EAO-31');
insert into notes_details values ('2012-2013', 'SEM-7', 'Bobby Donat', 'EAO-32', 11.32, 1.0, 'A', 0, 1);
insert into notes_details values ('2012-2013', 'SEM-7', 'Bobby Donat', 'EAO-32', 11.32, 1.33, 'A', 0, 2);
insert into contentieux values ('2012-2013', 'SEM-7', 'Bobby Donat', 'EAO-32');
insert into notes_details values ('2012-2013', 'SEM-7', 'Bobby Donat', 'EAO-33', 11.32, 1.67, 'A', 0, 1);
insert into notes_details values ('2012-2013', 'SEM-7', 'Bobby Donat', 'EAO-33', 11.32, 2.33, 'A', 2, 99);
insert into notes_details values ('2012-2013', 'SEM-7', 'Bobby Donat', 'EAO-34', 11.32, 4.0, 'A', 2, 1);
insert into notes_details values ('2012-2013', 'SEM-7', 'Bobby Donat', 'EAO-35', 11.32, 3.33, 'A', 2, 1);
insert into notes_details values ('2012-2013', 'SEM-7', 'Bobby Donat', 'LCI-3', 11.32, 2.0, 'A', 0, 1);
insert into notes_details values ('2012-2013', 'SEM-7', 'Bobby Donat', 'LCI-3', 11.32, 2.0, 'A', 3, 99);
insert into notes_details values ('2012-2013', 'SEM-7', 'Bobby Donat', 'MAT-3', 11.32, 3.67, 'A', 3, 1);
insert into notes_details values ('2012-2013', 'SEM-7', 'Bobby Donat', 'MNG-3', 11.32, 3.67, 'A', 3, 1);
insert into notes_details values ('2012-2013', 'SEM-7', 'Bobby Donat', 'PJT-3', 11.32, 3.67, 'A', 5, 1);
insert into notes_details values ('2012-2013', 'SEM-7', 'Bobby Donat', 'STD-3', 11.32, 3.0, 'A', 2, 1);
insert into gpa values ('2011-2012', 'SEM-5', 'Bobby Donat', 2.12);
insert into gpa values ('2011-2012', 'SEM-6', 'Bobby Donat', 2.1);
insert into gpa values ('2012-2013', 'SEM-7', 'Bobby Donat', 3.97);
insert into eleves values ('Gianni Pele', 1, 'S', 'Tres bien', 'MP', 'MP', 'gpele');
insert into notes_details values ('2011-2012', 'SEM-5', 'Gianni Pele', 'ALG-1', 11.32, 2.67, 'A', 3, 1);
insert into notes_details values ('2011-2012', 'SEM-5', 'Gianni Pele', 'DPP-1', 11.32, 3.33, 'A', 2, 1);
insert into notes_details values ('2011-2012', 'SEM-5', 'Gianni Pele', 'ELE-1', 11.32, 4.0, 'A', 3, 1);
insert into notes_details values ('2011-2012', 'SEM-5', 'Gianni Pele', 'INP-1', 11.32, 2.33, 'A', 0, 1);
insert into notes_details values ('2011-2012', 'SEM-5', 'Gianni Pele', 'INP-1', 11.32, 3.33, 'A', 3, 2);
insert into notes_details values ('2011-2012', 'SEM-5', 'Gianni Pele', 'LCI-1', 11.32, 2.33, 'A', 0, 1);
insert into notes_details values ('2011-2012', 'SEM-5', 'Gianni Pele', 'LCI-1', 11.32, 1.67, 'A', 3, 99);
insert into notes_details values ('2011-2012', 'SEM-5', 'Gianni Pele', 'MAT-1', 11.32, 2.67, 'A', 3, 1);
insert into notes_details values ('2011-2012', 'SEM-5', 'Gianni Pele', 'MGP-1', 11.32, 3.67, 'A', 4, 1);
insert into notes_details values ('2011-2012', 'SEM-5', 'Gianni Pele', 'PHO-1', 11.32, 3.33, 'A', 3, 1);
insert into notes_details values ('2011-2012', 'SEM-5', 'Gianni Pele', 'PHQ-1', 11.32, 2.67, 'A', 3, 1);
insert into notes_details values ('2011-2012', 'SEM-5', 'Gianni Pele', 'SPM-1', 11.32, 3.0, 'A', 3, 1);
insert into notes_details values ('2011-2012', 'SEM-6', 'Gianni Pele', 'DPP-2', 11.32, 4.0, 'A', 1, 1);
insert into notes_details values ('2011-2012', 'SEM-6', 'Gianni Pele', 'EAO-2', 11.32, 1.0, 'A', 0, 1);
insert into notes_details values ('2011-2012', 'SEM-6', 'Gianni Pele', 'EAO-2', 11.32, 3.67, 'A', 3, 2);
insert into notes_details values ('2011-2012', 'SEM-6', 'Gianni Pele', 'ECO-2', 11.32, 2.33, 'A', 0, 1);
insert into notes_details values ('2011-2012', 'SEM-6', 'Gianni Pele', 'ECO-2', 11.32, 2.33, 'A', 3, 99);
insert into notes_details values ('2011-2012', 'SEM-6', 'Gianni Pele', 'LCI-2', 11.32, 4.0, 'A', 3, 1);
insert into notes_details values ('2011-2012', 'SEM-6', 'Gianni Pele', 'MAT-2', 11.32, 3.33, 'A', 2, 1);
insert into notes_details values ('2011-2012', 'SEM-6', 'Gianni Pele', 'MCO-2', 11.32, 3.67, 'A', 2, 1);
insert into notes_details values ('2011-2012', 'SEM-6', 'Gianni Pele', 'MGP-2', 11.32, 3.33, 'A', 4, 1);
insert into notes_details values ('2011-2012', 'SEM-6', 'Gianni Pele', 'PHS-2', 11.32, 2.67, 'A', 2, 1);
insert into notes_details values ('2011-2012', 'SEM-6', 'Gianni Pele', 'PJT-2', 11.32, 2.33, 'A', 0, 1);
insert into notes_details values ('2011-2012', 'SEM-6', 'Gianni Pele', 'PJT-2', 11.32, 2.67, 'A', 1, 2);
insert into notes_details values ('2011-2012', 'SEM-6', 'Gianni Pele', 'RMS-2', 11.32, 1.33, 'A', 0, 1);
insert into notes_details values ('2011-2012', 'SEM-6', 'Gianni Pele', 'RMS-2', 11.32, 3.0, 'A', 4, 2);
insert into notes_details values ('2011-2012', 'SEM-6', 'Gianni Pele', 'STG-2', 11.32, 4.0, 'A', 2, 1);
insert into notes_details values ('2011-2012', 'SEM-6', 'Gianni Pele', 'THS-2', 11.32, 2.0, 'A', 0, 1);
insert into notes_details values ('2011-2012', 'SEM-6', 'Gianni Pele', 'THS-2', 11.32, 3.0, 'A', 3, 2);
insert into notes_details values ('2012-2013', 'SEM-7', 'Gianni Pele', 'ASL-3', 11.32, 2.0, 'A', 0, 1);
insert into notes_details values ('2012-2013', 'SEM-7', 'Gianni Pele', 'ASL-3', 11.32, 2.0, 'A', 2, 99);
insert into notes_details values ('2012-2013', 'SEM-7', 'Gianni Pele', 'DPP-3', 11.32, 4.0, 'A', 2, 1);
insert into notes_details values ('2012-2013', 'SEM-7', 'Gianni Pele', 'EAO-31', 11.32, 1.0, 'A', 0, 1);
insert into notes_details values ('2012-2013', 'SEM-7', 'Gianni Pele', 'EAO-31', 11.32, 1.0, 'A', 0, 2);
insert into contentieux values ('2012-2013', 'SEM-7', 'Gianni Pele', 'EAO-31');
insert into notes_details values ('2012-2013', 'SEM-7', 'Gianni Pele', 'EAO-32', 11.32, 1.0, 'A', 0, 1);
insert into notes_details values ('2012-2013', 'SEM-7', 'Gianni Pele', 'EAO-32', 11.32, 3.67, 'A', 2, 2);
insert into notes_details values ('2012-2013', 'SEM-7', 'Gianni Pele', 'EAO-33', 11.32, 2.0, 'A', 0, 1);
insert into notes_details values ('2012-2013', 'SEM-7', 'Gianni Pele', 'EAO-33', 11.32, 3.67, 'A', 2, 2);
insert into notes_details values ('2012-2013', 'SEM-7', 'Gianni Pele', 'EAO-34', 11.32, 3.67, 'A', 2, 1);
insert into notes_details values ('2012-2013', 'SEM-7', 'Gianni Pele', 'EAO-35', 11.32, 3.67, 'A', 2, 1);
insert into notes_details values ('2012-2013', 'SEM-7', 'Gianni Pele', 'LCI-3', 11.32, 1.0, 'A', 0, 1);
insert into notes_details values ('2012-2013', 'SEM-7', 'Gianni Pele', 'LCI-3', 11.32, 2.0, 'A', 3, 99);
insert into notes_details values ('2012-2013', 'SEM-7', 'Gianni Pele', 'MAT-3', 11.32, 4.0, 'A', 3, 1);
insert into notes_details values ('2012-2013', 'SEM-7', 'Gianni Pele', 'MNG-3', 11.32, 2.0, 'A', 0, 1);
insert into notes_details values ('2012-2013', 'SEM-7', 'Gianni Pele', 'MNG-3', 11.32, 3.33, 'A', 3, 2);
insert into notes_details values ('2012-2013', 'SEM-7', 'Gianni Pele', 'PJT-3', 11.32, 3.33, 'A', 5, 1);
insert into notes_details values ('2012-2013', 'SEM-7', 'Gianni Pele', 'STD-3', 11.32, 1.0, 'A', 0, 1);
insert into notes_details values ('2012-2013', 'SEM-7', 'Gianni Pele', 'STD-3', 11.32, 3.33, 'A', 2, 2);
insert into gpa values ('2011-2012', 'SEM-5', 'Gianni Pele', 3.69);
insert into gpa values ('2011-2012', 'SEM-6', 'Gianni Pele', 2.88);
insert into gpa values ('2012-2013', 'SEM-7', 'Gianni Pele', 3.38);
insert into eleves values ('Huette Moreau', 1, 'S', 'Tres bien', 'MP', 'MP', 'hmoreau');
insert into notes_details values ('2011-2012', 'SEM-5', 'Huette Moreau', 'ALG-1', 11.32, 3.0, 'A', 3, 1);
insert into notes_details values ('2011-2012', 'SEM-5', 'Huette Moreau', 'DPP-1', 11.32, 4.0, 'A', 2, 1);
insert into notes_details values ('2011-2012', 'SEM-5', 'Huette Moreau', 'ELE-1', 11.32, 2.33, 'A', 0, 1);
insert into notes_details values ('2011-2012', 'SEM-5', 'Huette Moreau', 'ELE-1', 11.32, 3.67, 'A', 3, 2);
insert into notes_details values ('2011-2012', 'SEM-5', 'Huette Moreau', 'INP-1', 11.32, 1.33, 'A', 0, 1);
insert into notes_details values ('2011-2012', 'SEM-5', 'Huette Moreau', 'INP-1', 11.32, 3.33, 'A', 3, 2);
insert into notes_details values ('2011-2012', 'SEM-5', 'Huette Moreau', 'LCI-1', 11.32, 1.67, 'A', 0, 1);
insert into notes_details values ('2011-2012', 'SEM-5', 'Huette Moreau', 'LCI-1', 11.32, 4.0, 'A', 3, 2);
insert into notes_details values ('2011-2012', 'SEM-5', 'Huette Moreau', 'MAT-1', 11.32, 1.67, 'A', 0, 1);
insert into notes_details values ('2011-2012', 'SEM-5', 'Huette Moreau', 'MAT-1', 11.32, 3.33, 'A', 3, 2);
insert into notes_details values ('2011-2012', 'SEM-5', 'Huette Moreau', 'MGP-1', 11.32, 1.0, 'A', 0, 1);
insert into notes_details values ('2011-2012', 'SEM-5', 'Huette Moreau', 'MGP-1', 11.32, 3.33, 'A', 4, 2);
insert into notes_details values ('2011-2012', 'SEM-5', 'Huette Moreau', 'PHO-1', 11.32, 2.67, 'A', 3, 1);
insert into notes_details values ('2011-2012', 'SEM-5', 'Huette Moreau', 'PHQ-1', 11.32, 1.33, 'A', 0, 1);
insert into notes_details values ('2011-2012', 'SEM-5', 'Huette Moreau', 'PHQ-1', 11.32, 4.0, 'A', 3, 2);
insert into notes_details values ('2011-2012', 'SEM-5', 'Huette Moreau', 'SPM-1', 11.32, 2.67, 'A', 3, 1);
insert into notes_details values ('2011-2012', 'SEM-6', 'Huette Moreau', 'DPP-2', 11.32, 3.33, 'A', 1, 1);
insert into notes_details values ('2011-2012', 'SEM-6', 'Huette Moreau', 'EAO-2', 11.32, 1.0, 'A', 0, 1);
insert into notes_details values ('2011-2012', 'SEM-6', 'Huette Moreau', 'EAO-2', 11.32, 3.33, 'A', 3, 2);
insert into notes_details values ('2011-2012', 'SEM-6', 'Huette Moreau', 'ECO-2', 11.32, 2.33, 'A', 0, 1);
insert into notes_details values ('2011-2012', 'SEM-6', 'Huette Moreau', 'ECO-2', 11.32, 3.67, 'A', 3, 2);
insert into notes_details values ('2011-2012', 'SEM-6', 'Huette Moreau', 'LCI-2', 11.32, 2.0, 'A', 0, 1);
insert into notes_details values ('2011-2012', 'SEM-6', 'Huette Moreau', 'LCI-2', 11.32, 3.33, 'A', 3, 2);
insert into notes_details values ('2011-2012', 'SEM-6', 'Huette Moreau', 'MAT-2', 11.32, 2.33, 'A', 0, 1);
insert into notes_details values ('2011-2012', 'SEM-6', 'Huette Moreau', 'MAT-2', 11.32, 4.0, 'A', 2, 2);
insert into notes_details values ('2011-2012', 'SEM-6', 'Huette Moreau', 'MCO-2', 11.32, 1.67, 'A', 0, 1);
insert into notes_details values ('2011-2012', 'SEM-6', 'Huette Moreau', 'MCO-2', 11.32, 4.0, 'A', 2, 2);
insert into notes_details values ('2011-2012', 'SEM-6', 'Huette Moreau', 'MGP-2', 11.32, 3.33, 'A', 4, 1);
insert into notes_details values ('2011-2012', 'SEM-6', 'Huette Moreau', 'PHS-2', 11.32, 2.0, 'A', 0, 1);
insert into notes_details values ('2011-2012', 'SEM-6', 'Huette Moreau', 'PHS-2', 11.32, 3.33, 'A', 2, 2);
insert into notes_details values ('2011-2012', 'SEM-6', 'Huette Moreau', 'PJT-2', 11.32, 3.0, 'A', 1, 1);
insert into notes_details values ('2011-2012', 'SEM-6', 'Huette Moreau', 'RMS-2', 11.32, 1.33, 'A', 0, 1);
insert into notes_details values ('2011-2012', 'SEM-6', 'Huette Moreau', 'RMS-2', 11.32, 2.67, 'A', 4, 2);
insert into notes_details values ('2011-2012', 'SEM-6', 'Huette Moreau', 'STG-2', 11.32, 4.0, 'A', 2, 1);
insert into notes_details values ('2011-2012', 'SEM-6', 'Huette Moreau', 'THS-2', 11.32, 1.0, 'A', 0, 1);
insert into notes_details values ('2011-2012', 'SEM-6', 'Huette Moreau', 'THS-2', 11.32, 3.67, 'A', 3, 2);
insert into notes_details values ('2012-2013', 'SEM-7', 'Huette Moreau', 'ASL-3', 11.32, 3.67, 'A', 2, 1);
insert into notes_details values ('2012-2013', 'SEM-7', 'Huette Moreau', 'DPP-3', 11.32, 2.0, 'A', 0, 1);
insert into notes_details values ('2012-2013', 'SEM-7', 'Huette Moreau', 'DPP-3', 11.32, 2.33, 'A', 2, 99);
insert into notes_details values ('2012-2013', 'SEM-7', 'Huette Moreau', 'EAO-31', 11.32, 2.0, 'A', 0, 1);
insert into notes_details values ('2012-2013', 'SEM-7', 'Huette Moreau', 'EAO-31', 11.32, 1.33, 'A', 2, 99);
insert into notes_details values ('2012-2013', 'SEM-7', 'Huette Moreau', 'EAO-32', 11.32, 3.0, 'A', 2, 1);
insert into notes_details values ('2012-2013', 'SEM-7', 'Huette Moreau', 'EAO-33', 11.32, 2.67, 'A', 2, 1);
insert into notes_details values ('2012-2013', 'SEM-7', 'Huette Moreau', 'EAO-34', 11.32, 2.33, 'A', 0, 1);
insert into notes_details values ('2012-2013', 'SEM-7', 'Huette Moreau', 'EAO-34', 11.32, 3.67, 'A', 2, 2);
insert into notes_details values ('2012-2013', 'SEM-7', 'Huette Moreau', 'EAO-35', 11.32, 1.0, 'A', 0, 1);
insert into notes_details values ('2012-2013', 'SEM-7', 'Huette Moreau', 'EAO-35', 11.32, 3.67, 'A', 2, 2);
insert into notes_details values ('2012-2013', 'SEM-7', 'Huette Moreau', 'LCI-3', 11.32, 1.0, 'A', 0, 1);
insert into notes_details values ('2012-2013', 'SEM-7', 'Huette Moreau', 'LCI-3', 11.32, 2.0, 'A', 0, 2);
insert into contentieux values ('2012-2013', 'SEM-7', 'Huette Moreau', 'LCI-3');
insert into notes_details values ('2012-2013', 'SEM-7', 'Huette Moreau', 'MAT-3', 11.32, 1.0, 'A', 0, 1);
insert into notes_details values ('2012-2013', 'SEM-7', 'Huette Moreau', 'MAT-3', 11.32, 3.67, 'A', 3, 2);
insert into notes_details values ('2012-2013', 'SEM-7', 'Huette Moreau', 'MNG-3', 11.32, 2.67, 'A', 3, 1);
insert into notes_details values ('2012-2013', 'SEM-7', 'Huette Moreau', 'PJT-3', 11.32, 3.33, 'A', 5, 1);
insert into notes_details values ('2012-2013', 'SEM-7', 'Huette Moreau', 'STD-3', 11.32, 2.33, 'A', 0, 1);
insert into notes_details values ('2012-2013', 'SEM-7', 'Huette Moreau', 'STD-3', 11.32, 4.0, 'A', 2, 2);
insert into gpa values ('2011-2012', 'SEM-5', 'Huette Moreau', 2.34);
insert into gpa values ('2011-2012', 'SEM-6', 'Huette Moreau', 3.55);
insert into gpa values ('2012-2013', 'SEM-7', 'Huette Moreau', 3.59);
insert into eleves values ('Pierre Ronaldo', 1, 'S', 'Tres bien', 'MP', 'MP', 'pronaldo');
insert into notes_details values ('2011-2012', 'SEM-5', 'Pierre Ronaldo', 'ALG-1', 11.32, 2.0, 'A', 0, 1);
insert into notes_details values ('2011-2012', 'SEM-5', 'Pierre Ronaldo', 'ALG-1', 11.32, 3.67, 'A', 3, 2);
insert into notes_details values ('2011-2012', 'SEM-5', 'Pierre Ronaldo', 'DPP-1', 11.32, 2.67, 'A', 2, 1);
insert into notes_details values ('2011-2012', 'SEM-5', 'Pierre Ronaldo', 'ELE-1', 11.32, 1.0, 'A', 0, 1);
insert into notes_details values ('2011-2012', 'SEM-5', 'Pierre Ronaldo', 'ELE-1', 11.32, 2.33, 'A', 3, 99);
insert into notes_details values ('2011-2012', 'SEM-5', 'Pierre Ronaldo', 'INP-1', 11.32, 1.67, 'A', 0, 1);
insert into notes_details values ('2011-2012', 'SEM-5', 'Pierre Ronaldo', 'INP-1', 11.32, 1.0, 'A', 3, 99);
insert into notes_details values ('2011-2012', 'SEM-5', 'Pierre Ronaldo', 'LCI-1', 11.32, 1.33, 'A', 0, 1);
insert into notes_details values ('2011-2012', 'SEM-5', 'Pierre Ronaldo', 'LCI-1', 11.32, 3.67, 'A', 3, 2);
insert into notes_details values ('2011-2012', 'SEM-5', 'Pierre Ronaldo', 'MAT-1', 11.32, 1.67, 'A', 0, 1);
insert into notes_details values ('2011-2012', 'SEM-5', 'Pierre Ronaldo', 'MAT-1', 11.32, 1.0, 'A', 3, 99);
insert into notes_details values ('2011-2012', 'SEM-5', 'Pierre Ronaldo', 'MGP-1', 11.32, 3.67, 'A', 4, 1);
insert into notes_details values ('2011-2012', 'SEM-5', 'Pierre Ronaldo', 'PHO-1', 11.32, 1.67, 'A', 0, 1);
insert into notes_details values ('2011-2012', 'SEM-5', 'Pierre Ronaldo', 'PHO-1', 11.32, 4.0, 'A', 3, 2);
insert into notes_details values ('2011-2012', 'SEM-5', 'Pierre Ronaldo', 'PHQ-1', 11.32, 3.33, 'A', 3, 1);
insert into notes_details values ('2011-2012', 'SEM-5', 'Pierre Ronaldo', 'SPM-1', 11.32, 3.33, 'A', 3, 1);
insert into notes_details values ('2011-2012', 'SEM-6', 'Pierre Ronaldo', 'DPP-2', 11.32, 2.67, 'A', 1, 1);
insert into notes_details values ('2011-2012', 'SEM-6', 'Pierre Ronaldo', 'EAO-2', 11.32, 2.33, 'A', 0, 1);
insert into notes_details values ('2011-2012', 'SEM-6', 'Pierre Ronaldo', 'EAO-2', 11.32, 1.67, 'A', 3, 99);
insert into notes_details values ('2011-2012', 'SEM-6', 'Pierre Ronaldo', 'ECO-2', 11.32, 3.0, 'A', 3, 1);
insert into notes_details values ('2011-2012', 'SEM-6', 'Pierre Ronaldo', 'LCI-2', 11.32, 3.0, 'A', 3, 1);
insert into notes_details values ('2011-2012', 'SEM-6', 'Pierre Ronaldo', 'MAT-2', 11.32, 1.0, 'A', 0, 1);
insert into notes_details values ('2011-2012', 'SEM-6', 'Pierre Ronaldo', 'MAT-2', 11.32, 2.67, 'A', 2, 2);
insert into notes_details values ('2011-2012', 'SEM-6', 'Pierre Ronaldo', 'MCO-2', 11.32, 2.0, 'A', 0, 1);
insert into notes_details values ('2011-2012', 'SEM-6', 'Pierre Ronaldo', 'MCO-2', 11.32, 3.0, 'A', 2, 2);
insert into notes_details values ('2011-2012', 'SEM-6', 'Pierre Ronaldo', 'MGP-2', 11.32, 1.67, 'A', 0, 1);
insert into notes_details values ('2011-2012', 'SEM-6', 'Pierre Ronaldo', 'MGP-2', 11.32, 1.33, 'A', 4, 99);
insert into notes_details values ('2011-2012', 'SEM-6', 'Pierre Ronaldo', 'PHS-2', 11.32, 3.0, 'A', 2, 1);
insert into notes_details values ('2011-2012', 'SEM-6', 'Pierre Ronaldo', 'PJT-2', 11.32, 3.67, 'A', 1, 1);
insert into notes_details values ('2011-2012', 'SEM-6', 'Pierre Ronaldo', 'RMS-2', 11.32, 3.0, 'A', 4, 1);
insert into notes_details values ('2011-2012', 'SEM-6', 'Pierre Ronaldo', 'STG-2', 11.32, 2.67, 'A', 2, 1);
insert into notes_details values ('2011-2012', 'SEM-6', 'Pierre Ronaldo', 'THS-2', 11.32, 1.0, 'A', 0, 1);
insert into notes_details values ('2011-2012', 'SEM-6', 'Pierre Ronaldo', 'THS-2', 11.32, 2.33, 'A', 3, 99);
insert into notes_details values ('2012-2013', 'SEM-7', 'Pierre Ronaldo', 'ASL-3', 11.32, 2.0, 'A', 0, 1);
insert into notes_details values ('2012-2013', 'SEM-7', 'Pierre Ronaldo', 'ASL-3', 11.32, 4.0, 'A', 2, 2);
insert into notes_details values ('2012-2013', 'SEM-7', 'Pierre Ronaldo', 'DPP-3', 11.32, 3.0, 'A', 2, 1);
insert into notes_details values ('2012-2013', 'SEM-7', 'Pierre Ronaldo', 'EAO-31', 11.32, 4.0, 'A', 2, 1);
insert into notes_details values ('2012-2013', 'SEM-7', 'Pierre Ronaldo', 'EAO-32', 11.32, 1.67, 'A', 0, 1);
insert into notes_details values ('2012-2013', 'SEM-7', 'Pierre Ronaldo', 'EAO-32', 11.32, 3.0, 'A', 2, 2);
insert into notes_details values ('2012-2013', 'SEM-7', 'Pierre Ronaldo', 'EAO-33', 11.32, 3.67, 'A', 2, 1);
insert into notes_details values ('2012-2013', 'SEM-7', 'Pierre Ronaldo', 'EAO-34', 11.32, 3.67, 'A', 2, 1);
insert into notes_details values ('2012-2013', 'SEM-7', 'Pierre Ronaldo', 'EAO-35', 11.32, 3.67, 'A', 2, 1);
insert into notes_details values ('2012-2013', 'SEM-7', 'Pierre Ronaldo', 'LCI-3', 11.32, 1.0, 'A', 0, 1);
insert into notes_details values ('2012-2013', 'SEM-7', 'Pierre Ronaldo', 'LCI-3', 11.32, 3.33, 'A', 3, 2);
insert into notes_details values ('2012-2013', 'SEM-7', 'Pierre Ronaldo', 'MAT-3', 11.32, 1.0, 'A', 0, 1);
insert into notes_details values ('2012-2013', 'SEM-7', 'Pierre Ronaldo', 'MAT-3', 11.32, 2.0, 'A', 0, 2);
insert into contentieux values ('2012-2013', 'SEM-7', 'Pierre Ronaldo', 'MAT-3');
insert into notes_details values ('2012-2013', 'SEM-7', 'Pierre Ronaldo', 'MNG-3', 11.32, 3.0, 'A', 3, 1);
insert into notes_details values ('2012-2013', 'SEM-7', 'Pierre Ronaldo', 'PJT-3', 11.32, 2.0, 'A', 0, 1);
insert into notes_details values ('2012-2013', 'SEM-7', 'Pierre Ronaldo', 'PJT-3', 11.32, 2.33, 'A', 0, 2);
insert into contentieux values ('2012-2013', 'SEM-7', 'Pierre Ronaldo', 'PJT-3');
insert into notes_details values ('2012-2013', 'SEM-7', 'Pierre Ronaldo', 'STD-3', 11.32, 3.67, 'A', 2, 1);
insert into gpa values ('2011-2012', 'SEM-5', 'Pierre Ronaldo', 2.12);
insert into gpa values ('2011-2012', 'SEM-6', 'Pierre Ronaldo', 2.31);
insert into gpa values ('2012-2013', 'SEM-7', 'Pierre Ronaldo', 2.07);
insert into eleves values ('Sacripant Cinqmars', 1, 'S', 'Tres bien', 'MP', 'MP', 'scinqmars');
insert into notes_details values ('2011-2012', 'SEM-5', 'Sacripant Cinqmars', 'ALG-1', 11.32, 2.67, 'A', 3, 1);
insert into notes_details values ('2011-2012', 'SEM-5', 'Sacripant Cinqmars', 'DPP-1', 11.32, 1.33, 'A', 0, 1);
insert into notes_details values ('2011-2012', 'SEM-5', 'Sacripant Cinqmars', 'DPP-1', 11.32, 3.67, 'A', 2, 2);
insert into notes_details values ('2011-2012', 'SEM-5', 'Sacripant Cinqmars', 'ELE-1', 11.32, 3.0, 'A', 3, 1);
insert into notes_details values ('2011-2012', 'SEM-5', 'Sacripant Cinqmars', 'INP-1', 11.32, 1.0, 'A', 0, 1);
insert into notes_details values ('2011-2012', 'SEM-5', 'Sacripant Cinqmars', 'INP-1', 11.32, 3.67, 'A', 3, 2);
insert into notes_details values ('2011-2012', 'SEM-5', 'Sacripant Cinqmars', 'LCI-1', 11.32, 4.0, 'A', 3, 1);
insert into notes_details values ('2011-2012', 'SEM-5', 'Sacripant Cinqmars', 'MAT-1', 11.32, 3.0, 'A', 3, 1);
insert into notes_details values ('2011-2012', 'SEM-5', 'Sacripant Cinqmars', 'MGP-1', 11.32, 1.67, 'A', 0, 1);
insert into notes_details values ('2011-2012', 'SEM-5', 'Sacripant Cinqmars', 'MGP-1', 11.32, 3.67, 'A', 4, 2);
insert into notes_details values ('2011-2012', 'SEM-5', 'Sacripant Cinqmars', 'PHO-1', 11.32, 2.67, 'A', 3, 1);
insert into notes_details values ('2011-2012', 'SEM-5', 'Sacripant Cinqmars', 'PHQ-1', 11.32, 3.0, 'A', 3, 1);
insert into notes_details values ('2011-2012', 'SEM-5', 'Sacripant Cinqmars', 'SPM-1', 11.32, 4.0, 'A', 3, 1);
insert into notes_details values ('2011-2012', 'SEM-6', 'Sacripant Cinqmars', 'DPP-2', 11.32, 1.0, 'A', 0, 1);
insert into notes_details values ('2011-2012', 'SEM-6', 'Sacripant Cinqmars', 'DPP-2', 11.32, 3.33, 'A', 1, 2);
insert into notes_details values ('2011-2012', 'SEM-6', 'Sacripant Cinqmars', 'EAO-2', 11.32, 1.0, 'A', 0, 1);
insert into notes_details values ('2011-2012', 'SEM-6', 'Sacripant Cinqmars', 'EAO-2', 11.32, 2.67, 'A', 3, 2);
insert into notes_details values ('2011-2012', 'SEM-6', 'Sacripant Cinqmars', 'ECO-2', 11.32, 2.0, 'A', 0, 1);
insert into notes_details values ('2011-2012', 'SEM-6', 'Sacripant Cinqmars', 'ECO-2', 11.32, 3.33, 'A', 3, 2);
insert into notes_details values ('2011-2012', 'SEM-6', 'Sacripant Cinqmars', 'LCI-2', 11.32, 3.0, 'A', 3, 1);
insert into notes_details values ('2011-2012', 'SEM-6', 'Sacripant Cinqmars', 'MAT-2', 11.32, 2.67, 'A', 2, 1);
insert into notes_details values ('2011-2012', 'SEM-6', 'Sacripant Cinqmars', 'MCO-2', 11.32, 3.0, 'A', 2, 1);
insert into notes_details values ('2011-2012', 'SEM-6', 'Sacripant Cinqmars', 'MGP-2', 11.32, 2.33, 'A', 0, 1);
insert into notes_details values ('2011-2012', 'SEM-6', 'Sacripant Cinqmars', 'MGP-2', 11.32, 2.67, 'A', 4, 2);
insert into notes_details values ('2011-2012', 'SEM-6', 'Sacripant Cinqmars', 'PHS-2', 11.32, 2.0, 'A', 0, 1);
insert into notes_details values ('2011-2012', 'SEM-6', 'Sacripant Cinqmars', 'PHS-2', 11.32, 1.67, 'A', 2, 99);
insert into notes_details values ('2011-2012', 'SEM-6', 'Sacripant Cinqmars', 'PJT-2', 11.32, 1.67, 'A', 0, 1);
insert into notes_details values ('2011-2012', 'SEM-6', 'Sacripant Cinqmars', 'PJT-2', 11.32, 2.67, 'A', 1, 2);
insert into notes_details values ('2011-2012', 'SEM-6', 'Sacripant Cinqmars', 'RMS-2', 11.32, 2.0, 'A', 0, 1);
insert into notes_details values ('2011-2012', 'SEM-6', 'Sacripant Cinqmars', 'RMS-2', 11.32, 3.67, 'A', 4, 2);
insert into notes_details values ('2011-2012', 'SEM-6', 'Sacripant Cinqmars', 'STG-2', 11.32, 2.0, 'A', 0, 1);
insert into notes_details values ('2011-2012', 'SEM-6', 'Sacripant Cinqmars', 'STG-2', 11.32, 1.0, 'A', 2, 99);
insert into notes_details values ('2011-2012', 'SEM-6', 'Sacripant Cinqmars', 'THS-2', 11.32, 2.0, 'A', 0, 1);
insert into notes_details values ('2011-2012', 'SEM-6', 'Sacripant Cinqmars', 'THS-2', 11.32, 3.67, 'A', 3, 2);
insert into notes_details values ('2012-2013', 'SEM-7', 'Sacripant Cinqmars', 'ASL-3', 11.32, 2.33, 'A', 0, 1);
insert into notes_details values ('2012-2013', 'SEM-7', 'Sacripant Cinqmars', 'ASL-3', 11.32, 2.0, 'A', 0, 2);
insert into contentieux values ('2012-2013', 'SEM-7', 'Sacripant Cinqmars', 'ASL-3');
insert into notes_details values ('2012-2013', 'SEM-7', 'Sacripant Cinqmars', 'DPP-3', 11.32, 2.33, 'A', 0, 1);
insert into notes_details values ('2012-2013', 'SEM-7', 'Sacripant Cinqmars', 'DPP-3', 11.32, 3.0, 'A', 2, 2);
insert into notes_details values ('2012-2013', 'SEM-7', 'Sacripant Cinqmars', 'EAO-31', 11.32, 1.33, 'A', 0, 1);
insert into notes_details values ('2012-2013', 'SEM-7', 'Sacripant Cinqmars', 'EAO-31', 11.32, 1.33, 'A', 0, 2);
insert into contentieux values ('2012-2013', 'SEM-7', 'Sacripant Cinqmars', 'EAO-31');
insert into notes_details values ('2012-2013', 'SEM-7', 'Sacripant Cinqmars', 'EAO-32', 11.32, 2.33, 'A', 0, 1);
insert into notes_details values ('2012-2013', 'SEM-7', 'Sacripant Cinqmars', 'EAO-32', 11.32, 4.0, 'A', 2, 2);
insert into notes_details values ('2012-2013', 'SEM-7', 'Sacripant Cinqmars', 'EAO-33', 11.32, 1.0, 'A', 0, 1);
insert into notes_details values ('2012-2013', 'SEM-7', 'Sacripant Cinqmars', 'EAO-33', 11.32, 3.67, 'A', 2, 2);
insert into notes_details values ('2012-2013', 'SEM-7', 'Sacripant Cinqmars', 'EAO-34', 11.32, 1.0, 'A', 0, 1);
insert into notes_details values ('2012-2013', 'SEM-7', 'Sacripant Cinqmars', 'EAO-34', 11.32, 1.67, 'A', 2, 99);
insert into notes_details values ('2012-2013', 'SEM-7', 'Sacripant Cinqmars', 'EAO-35', 11.32, 1.67, 'A', 0, 1);
insert into notes_details values ('2012-2013', 'SEM-7', 'Sacripant Cinqmars', 'EAO-35', 11.32, 1.33, 'A', 0, 2);
insert into contentieux values ('2012-2013', 'SEM-7', 'Sacripant Cinqmars', 'EAO-35');
insert into notes_details values ('2012-2013', 'SEM-7', 'Sacripant Cinqmars', 'LCI-3', 11.32, 1.33, 'A', 0, 1);
insert into notes_details values ('2012-2013', 'SEM-7', 'Sacripant Cinqmars', 'LCI-3', 11.32, 1.33, 'A', 0, 2);
insert into contentieux values ('2012-2013', 'SEM-7', 'Sacripant Cinqmars', 'LCI-3');
insert into notes_details values ('2012-2013', 'SEM-7', 'Sacripant Cinqmars', 'MAT-3', 11.32, 2.33, 'A', 0, 1);
insert into notes_details values ('2012-2013', 'SEM-7', 'Sacripant Cinqmars', 'MAT-3', 11.32, 3.67, 'A', 3, 2);
insert into notes_details values ('2012-2013', 'SEM-7', 'Sacripant Cinqmars', 'MNG-3', 11.32, 2.33, 'A', 0, 1);
insert into notes_details values ('2012-2013', 'SEM-7', 'Sacripant Cinqmars', 'MNG-3', 11.32, 3.0, 'A', 3, 2);
insert into notes_details values ('2012-2013', 'SEM-7', 'Sacripant Cinqmars', 'PJT-3', 11.32, 2.0, 'A', 0, 1);
insert into notes_details values ('2012-2013', 'SEM-7', 'Sacripant Cinqmars', 'PJT-3', 11.32, 1.33, 'A', 0, 2);
insert into contentieux values ('2012-2013', 'SEM-7', 'Sacripant Cinqmars', 'PJT-3');
insert into notes_details values ('2012-2013', 'SEM-7', 'Sacripant Cinqmars', 'STD-3', 11.32, 1.33, 'A', 0, 1);
insert into notes_details values ('2012-2013', 'SEM-7', 'Sacripant Cinqmars', 'STD-3', 11.32, 1.33, 'A', 0, 2);
insert into contentieux values ('2012-2013', 'SEM-7', 'Sacripant Cinqmars', 'STD-3');
insert into gpa values ('2011-2012', 'SEM-5', 'Sacripant Cinqmars', 2.47);
insert into gpa values ('2011-2012', 'SEM-6', 'Sacripant Cinqmars', 3.75);
insert into gpa values ('2012-2013', 'SEM-7', 'Sacripant Cinqmars', 3.64);
insert into eleves values ('Florent Auclair', 1, 'S', 'Tres bien', 'MP', 'MP', 'fauclair');
insert into notes_details values ('2011-2012', 'SEM-5', 'Florent Auclair', 'ALG-1', 11.32, 2.67, 'A', 3, 1);
insert into notes_details values ('2011-2012', 'SEM-5', 'Florent Auclair', 'DPP-1', 11.32, 2.67, 'A', 2, 1);
insert into notes_details values ('2011-2012', 'SEM-5', 'Florent Auclair', 'ELE-1', 11.32, 2.0, 'A', 0, 1);
insert into notes_details values ('2011-2012', 'SEM-5', 'Florent Auclair', 'ELE-1', 11.32, 3.33, 'A', 3, 2);
insert into notes_details values ('2011-2012', 'SEM-5', 'Florent Auclair', 'INP-1', 11.32, 3.0, 'A', 3, 1);
insert into notes_details values ('2011-2012', 'SEM-5', 'Florent Auclair', 'LCI-1', 11.32, 2.0, 'A', 0, 1);
insert into notes_details values ('2011-2012', 'SEM-5', 'Florent Auclair', 'LCI-1', 11.32, 1.0, 'A', 3, 99);
insert into notes_details values ('2011-2012', 'SEM-5', 'Florent Auclair', 'MAT-1', 11.32, 1.67, 'A', 0, 1);
insert into notes_details values ('2011-2012', 'SEM-5', 'Florent Auclair', 'MAT-1', 11.32, 3.67, 'A', 3, 2);
insert into notes_details values ('2011-2012', 'SEM-5', 'Florent Auclair', 'MGP-1', 11.32, 2.67, 'A', 4, 1);
insert into notes_details values ('2011-2012', 'SEM-5', 'Florent Auclair', 'PHO-1', 11.32, 3.33, 'A', 3, 1);
insert into notes_details values ('2011-2012', 'SEM-5', 'Florent Auclair', 'PHQ-1', 11.32, 1.67, 'A', 0, 1);
insert into notes_details values ('2011-2012', 'SEM-5', 'Florent Auclair', 'PHQ-1', 11.32, 3.0, 'A', 3, 2);
insert into notes_details values ('2011-2012', 'SEM-5', 'Florent Auclair', 'SPM-1', 11.32, 3.0, 'A', 3, 1);
insert into notes_details values ('2011-2012', 'SEM-6', 'Florent Auclair', 'DPP-2', 11.32, 2.33, 'A', 0, 1);
insert into notes_details values ('2011-2012', 'SEM-6', 'Florent Auclair', 'DPP-2', 11.32, 4.0, 'A', 1, 2);
insert into notes_details values ('2011-2012', 'SEM-6', 'Florent Auclair', 'EAO-2', 11.32, 1.33, 'A', 0, 1);
insert into notes_details values ('2011-2012', 'SEM-6', 'Florent Auclair', 'EAO-2', 11.32, 1.67, 'A', 3, 99);
insert into notes_details values ('2011-2012', 'SEM-6', 'Florent Auclair', 'ECO-2', 11.32, 2.33, 'A', 0, 1);
insert into notes_details values ('2011-2012', 'SEM-6', 'Florent Auclair', 'ECO-2', 11.32, 1.0, 'A', 3, 99);
insert into notes_details values ('2011-2012', 'SEM-6', 'Florent Auclair', 'LCI-2', 11.32, 1.33, 'A', 0, 1);
insert into notes_details values ('2011-2012', 'SEM-6', 'Florent Auclair', 'LCI-2', 11.32, 3.0, 'A', 3, 2);
insert into notes_details values ('2011-2012', 'SEM-6', 'Florent Auclair', 'MAT-2', 11.32, 2.0, 'A', 0, 1);
insert into notes_details values ('2011-2012', 'SEM-6', 'Florent Auclair', 'MAT-2', 11.32, 2.67, 'A', 2, 2);
insert into notes_details values ('2011-2012', 'SEM-6', 'Florent Auclair', 'MCO-2', 11.32, 1.67, 'A', 0, 1);
insert into notes_details values ('2011-2012', 'SEM-6', 'Florent Auclair', 'MCO-2', 11.32, 2.67, 'A', 2, 2);
insert into notes_details values ('2011-2012', 'SEM-6', 'Florent Auclair', 'MGP-2', 11.32, 2.0, 'A', 0, 1);
insert into notes_details values ('2011-2012', 'SEM-6', 'Florent Auclair', 'MGP-2', 11.32, 3.0, 'A', 4, 2);
insert into notes_details values ('2011-2012', 'SEM-6', 'Florent Auclair', 'PHS-2', 11.32, 3.0, 'A', 2, 1);
insert into notes_details values ('2011-2012', 'SEM-6', 'Florent Auclair', 'PJT-2', 11.32, 1.0, 'A', 0, 1);
insert into notes_details values ('2011-2012', 'SEM-6', 'Florent Auclair', 'PJT-2', 11.32, 3.67, 'A', 1, 2);
insert into notes_details values ('2011-2012', 'SEM-6', 'Florent Auclair', 'RMS-2', 11.32, 3.33, 'A', 4, 1);
insert into notes_details values ('2011-2012', 'SEM-6', 'Florent Auclair', 'STG-2', 11.32, 2.67, 'A', 2, 1);
insert into notes_details values ('2011-2012', 'SEM-6', 'Florent Auclair', 'THS-2', 11.32, 3.67, 'A', 3, 1);
insert into notes_details values ('2012-2013', 'SEM-7', 'Florent Auclair', 'ASL-3', 11.32, 1.0, 'A', 0, 1);
insert into notes_details values ('2012-2013', 'SEM-7', 'Florent Auclair', 'ASL-3', 11.32, 2.33, 'A', 0, 2);
insert into contentieux values ('2012-2013', 'SEM-7', 'Florent Auclair', 'ASL-3');
insert into notes_details values ('2012-2013', 'SEM-7', 'Florent Auclair', 'DPP-3', 11.32, 1.67, 'A', 0, 1);
insert into notes_details values ('2012-2013', 'SEM-7', 'Florent Auclair', 'DPP-3', 11.32, 3.33, 'A', 2, 2);
insert into notes_details values ('2012-2013', 'SEM-7', 'Florent Auclair', 'EAO-31', 11.32, 4.0, 'A', 2, 1);
insert into notes_details values ('2012-2013', 'SEM-7', 'Florent Auclair', 'EAO-32', 11.32, 4.0, 'A', 2, 1);
insert into notes_details values ('2012-2013', 'SEM-7', 'Florent Auclair', 'EAO-33', 11.32, 3.33, 'A', 2, 1);
insert into notes_details values ('2012-2013', 'SEM-7', 'Florent Auclair', 'EAO-34', 11.32, 2.33, 'A', 0, 1);
insert into notes_details values ('2012-2013', 'SEM-7', 'Florent Auclair', 'EAO-34', 11.32, 4.0, 'A', 2, 2);
insert into notes_details values ('2012-2013', 'SEM-7', 'Florent Auclair', 'EAO-35', 11.32, 2.67, 'A', 2, 1);
insert into notes_details values ('2012-2013', 'SEM-7', 'Florent Auclair', 'LCI-3', 11.32, 3.67, 'A', 3, 1);
insert into notes_details values ('2012-2013', 'SEM-7', 'Florent Auclair', 'MAT-3', 11.32, 3.0, 'A', 3, 1);
insert into notes_details values ('2012-2013', 'SEM-7', 'Florent Auclair', 'MNG-3', 11.32, 2.33, 'A', 0, 1);
insert into notes_details values ('2012-2013', 'SEM-7', 'Florent Auclair', 'MNG-3', 11.32, 1.0, 'A', 0, 2);
insert into contentieux values ('2012-2013', 'SEM-7', 'Florent Auclair', 'MNG-3');
insert into notes_details values ('2012-2013', 'SEM-7', 'Florent Auclair', 'PJT-3', 11.32, 2.0, 'A', 0, 1);
insert into notes_details values ('2012-2013', 'SEM-7', 'Florent Auclair', 'PJT-3', 11.32, 2.67, 'A', 5, 2);
insert into notes_details values ('2012-2013', 'SEM-7', 'Florent Auclair', 'STD-3', 11.32, 2.0, 'A', 0, 1);
insert into notes_details values ('2012-2013', 'SEM-7', 'Florent Auclair', 'STD-3', 11.32, 1.33, 'A', 0, 2);
insert into contentieux values ('2012-2013', 'SEM-7', 'Florent Auclair', 'STD-3');
insert into gpa values ('2011-2012', 'SEM-5', 'Florent Auclair', 3.52);
insert into gpa values ('2011-2012', 'SEM-6', 'Florent Auclair', 3.39);
insert into gpa values ('2012-2013', 'SEM-7', 'Florent Auclair', 2.76);
insert into eleves values ('Jeremie Faure', 1, 'S', 'Tres bien', 'MP', 'MP', 'jfaure');
insert into notes_details values ('2011-2012', 'SEM-5', 'Jeremie Faure', 'ALG-1', 11.32, 1.0, 'A', 0, 1);
insert into notes_details values ('2011-2012', 'SEM-5', 'Jeremie Faure', 'ALG-1', 11.32, 1.0, 'A', 3, 99);
insert into notes_details values ('2011-2012', 'SEM-5', 'Jeremie Faure', 'DPP-1', 11.32, 1.33, 'A', 0, 1);
insert into notes_details values ('2011-2012', 'SEM-5', 'Jeremie Faure', 'DPP-1', 11.32, 2.67, 'A', 2, 2);
insert into notes_details values ('2011-2012', 'SEM-5', 'Jeremie Faure', 'ELE-1', 11.32, 2.67, 'A', 3, 1);
insert into notes_details values ('2011-2012', 'SEM-5', 'Jeremie Faure', 'INP-1', 11.32, 1.0, 'A', 0, 1);
insert into notes_details values ('2011-2012', 'SEM-5', 'Jeremie Faure', 'INP-1', 11.32, 3.33, 'A', 3, 2);
insert into notes_details values ('2011-2012', 'SEM-5', 'Jeremie Faure', 'LCI-1', 11.32, 4.0, 'A', 3, 1);
insert into notes_details values ('2011-2012', 'SEM-5', 'Jeremie Faure', 'MAT-1', 11.32, 1.67, 'A', 0, 1);
insert into notes_details values ('2011-2012', 'SEM-5', 'Jeremie Faure', 'MAT-1', 11.32, 3.33, 'A', 3, 2);
insert into notes_details values ('2011-2012', 'SEM-5', 'Jeremie Faure', 'MGP-1', 11.32, 1.0, 'A', 0, 1);
insert into notes_details values ('2011-2012', 'SEM-5', 'Jeremie Faure', 'MGP-1', 11.32, 3.67, 'A', 4, 2);
insert into notes_details values ('2011-2012', 'SEM-5', 'Jeremie Faure', 'PHO-1', 11.32, 2.33, 'A', 0, 1);
insert into notes_details values ('2011-2012', 'SEM-5', 'Jeremie Faure', 'PHO-1', 11.32, 4.0, 'A', 3, 2);
insert into notes_details values ('2011-2012', 'SEM-5', 'Jeremie Faure', 'PHQ-1', 11.32, 3.0, 'A', 3, 1);
insert into notes_details values ('2011-2012', 'SEM-5', 'Jeremie Faure', 'SPM-1', 11.32, 3.67, 'A', 3, 1);
insert into notes_details values ('2011-2012', 'SEM-6', 'Jeremie Faure', 'DPP-2', 11.32, 2.33, 'A', 0, 1);
insert into notes_details values ('2011-2012', 'SEM-6', 'Jeremie Faure', 'DPP-2', 11.32, 3.67, 'A', 1, 2);
insert into notes_details values ('2011-2012', 'SEM-6', 'Jeremie Faure', 'EAO-2', 11.32, 1.33, 'A', 0, 1);
insert into notes_details values ('2011-2012', 'SEM-6', 'Jeremie Faure', 'EAO-2', 11.32, 3.33, 'A', 3, 2);
insert into notes_details values ('2011-2012', 'SEM-6', 'Jeremie Faure', 'ECO-2', 11.32, 3.0, 'A', 3, 1);
insert into notes_details values ('2011-2012', 'SEM-6', 'Jeremie Faure', 'LCI-2', 11.32, 2.0, 'A', 0, 1);
insert into notes_details values ('2011-2012', 'SEM-6', 'Jeremie Faure', 'LCI-2', 11.32, 1.0, 'A', 3, 99);
insert into notes_details values ('2011-2012', 'SEM-6', 'Jeremie Faure', 'MAT-2', 11.32, 3.33, 'A', 2, 1);
insert into notes_details values ('2011-2012', 'SEM-6', 'Jeremie Faure', 'MCO-2', 11.32, 2.0, 'A', 0, 1);
insert into notes_details values ('2011-2012', 'SEM-6', 'Jeremie Faure', 'MCO-2', 11.32, 2.67, 'A', 2, 2);
insert into notes_details values ('2011-2012', 'SEM-6', 'Jeremie Faure', 'MGP-2', 11.32, 2.0, 'A', 0, 1);
insert into notes_details values ('2011-2012', 'SEM-6', 'Jeremie Faure', 'MGP-2', 11.32, 2.67, 'A', 4, 2);
insert into notes_details values ('2011-2012', 'SEM-6', 'Jeremie Faure', 'PHS-2', 11.32, 2.33, 'A', 0, 1);
insert into notes_details values ('2011-2012', 'SEM-6', 'Jeremie Faure', 'PHS-2', 11.32, 2.67, 'A', 2, 2);
insert into notes_details values ('2011-2012', 'SEM-6', 'Jeremie Faure', 'PJT-2', 11.32, 3.33, 'A', 1, 1);
insert into notes_details values ('2011-2012', 'SEM-6', 'Jeremie Faure', 'RMS-2', 11.32, 2.67, 'A', 4, 1);
insert into notes_details values ('2011-2012', 'SEM-6', 'Jeremie Faure', 'STG-2', 11.32, 4.0, 'A', 2, 1);
insert into notes_details values ('2011-2012', 'SEM-6', 'Jeremie Faure', 'THS-2', 11.32, 3.0, 'A', 3, 1);
insert into notes_details values ('2012-2013', 'SEM-7', 'Jeremie Faure', 'ASL-3', 11.32, 1.0, 'A', 0, 1);
insert into notes_details values ('2012-2013', 'SEM-7', 'Jeremie Faure', 'ASL-3', 11.32, 2.67, 'A', 2, 2);
insert into notes_details values ('2012-2013', 'SEM-7', 'Jeremie Faure', 'DPP-3', 11.32, 3.33, 'A', 2, 1);
insert into notes_details values ('2012-2013', 'SEM-7', 'Jeremie Faure', 'EAO-31', 11.32, 2.0, 'A', 0, 1);
insert into notes_details values ('2012-2013', 'SEM-7', 'Jeremie Faure', 'EAO-31', 11.32, 2.33, 'A', 0, 2);
insert into contentieux values ('2012-2013', 'SEM-7', 'Jeremie Faure', 'EAO-31');
insert into notes_details values ('2012-2013', 'SEM-7', 'Jeremie Faure', 'EAO-32', 11.32, 2.33, 'A', 0, 1);
insert into notes_details values ('2012-2013', 'SEM-7', 'Jeremie Faure', 'EAO-32', 11.32, 2.0, 'A', 0, 2);
insert into contentieux values ('2012-2013', 'SEM-7', 'Jeremie Faure', 'EAO-32');
insert into notes_details values ('2012-2013', 'SEM-7', 'Jeremie Faure', 'EAO-33', 11.32, 1.33, 'A', 0, 1);
insert into notes_details values ('2012-2013', 'SEM-7', 'Jeremie Faure', 'EAO-33', 11.32, 4.0, 'A', 2, 2);
insert into notes_details values ('2012-2013', 'SEM-7', 'Jeremie Faure', 'EAO-34', 11.32, 1.33, 'A', 0, 1);
insert into notes_details values ('2012-2013', 'SEM-7', 'Jeremie Faure', 'EAO-34', 11.32, 1.33, 'A', 0, 2);
insert into contentieux values ('2012-2013', 'SEM-7', 'Jeremie Faure', 'EAO-34');
insert into notes_details values ('2012-2013', 'SEM-7', 'Jeremie Faure', 'EAO-35', 11.32, 3.33, 'A', 2, 1);
insert into notes_details values ('2012-2013', 'SEM-7', 'Jeremie Faure', 'LCI-3', 11.32, 2.33, 'A', 0, 1);
insert into notes_details values ('2012-2013', 'SEM-7', 'Jeremie Faure', 'LCI-3', 11.32, 2.67, 'A', 3, 2);
insert into notes_details values ('2012-2013', 'SEM-7', 'Jeremie Faure', 'MAT-3', 11.32, 3.0, 'A', 3, 1);
insert into notes_details values ('2012-2013', 'SEM-7', 'Jeremie Faure', 'MNG-3', 11.32, 1.67, 'A', 0, 1);
insert into notes_details values ('2012-2013', 'SEM-7', 'Jeremie Faure', 'MNG-3', 11.32, 2.0, 'A', 0, 2);
insert into contentieux values ('2012-2013', 'SEM-7', 'Jeremie Faure', 'MNG-3');
insert into notes_details values ('2012-2013', 'SEM-7', 'Jeremie Faure', 'PJT-3', 11.32, 1.67, 'A', 0, 1);
insert into notes_details values ('2012-2013', 'SEM-7', 'Jeremie Faure', 'PJT-3', 11.32, 2.33, 'A', 0, 2);
insert into contentieux values ('2012-2013', 'SEM-7', 'Jeremie Faure', 'PJT-3');
insert into notes_details values ('2012-2013', 'SEM-7', 'Jeremie Faure', 'STD-3', 11.32, 1.67, 'A', 0, 1);
insert into notes_details values ('2012-2013', 'SEM-7', 'Jeremie Faure', 'STD-3', 11.32, 1.33, 'A', 0, 2);
insert into contentieux values ('2012-2013', 'SEM-7', 'Jeremie Faure', 'STD-3');
insert into gpa values ('2011-2012', 'SEM-5', 'Jeremie Faure', 3.05);
insert into gpa values ('2011-2012', 'SEM-6', 'Jeremie Faure', 2.71);
insert into gpa values ('2012-2013', 'SEM-7', 'Jeremie Faure', 2.74);
insert into eleves values ('Lisa Fournier', 1, 'S', 'Tres bien', 'etranger', 'MP', 'lfournier');
insert into notes_details values ('2011-2012', 'SEM-5', 'Lisa Fournier', 'ALG-1', 11.32, 1.33, 'A', 0, 1);
insert into notes_details values ('2011-2012', 'SEM-5', 'Lisa Fournier', 'ALG-1', 11.32, 3.33, 'A', 3, 2);
insert into notes_details values ('2011-2012', 'SEM-5', 'Lisa Fournier', 'DPP-1', 11.32, 3.33, 'A', 2, 1);
insert into notes_details values ('2011-2012', 'SEM-5', 'Lisa Fournier', 'ELE-1', 11.32, 2.0, 'A', 0, 1);
insert into notes_details values ('2011-2012', 'SEM-5', 'Lisa Fournier', 'ELE-1', 11.32, 3.33, 'A', 3, 2);
insert into notes_details values ('2011-2012', 'SEM-5', 'Lisa Fournier', 'INP-1', 11.32, 3.67, 'A', 3, 1);
insert into notes_details values ('2011-2012', 'SEM-5', 'Lisa Fournier', 'LCI-1', 11.32, 2.67, 'A', 3, 1);
insert into notes_details values ('2011-2012', 'SEM-5', 'Lisa Fournier', 'MAT-1', 11.32, 2.0, 'A', 0, 1);
insert into notes_details values ('2011-2012', 'SEM-5', 'Lisa Fournier', 'MAT-1', 11.32, 3.67, 'A', 3, 2);
insert into notes_details values ('2011-2012', 'SEM-5', 'Lisa Fournier', 'MGP-1', 11.32, 3.0, 'A', 4, 1);
insert into notes_details values ('2011-2012', 'SEM-5', 'Lisa Fournier', 'PHO-1', 11.32, 2.33, 'A', 0, 1);
insert into notes_details values ('2011-2012', 'SEM-5', 'Lisa Fournier', 'PHO-1', 11.32, 1.0, 'A', 3, 99);
insert into notes_details values ('2011-2012', 'SEM-5', 'Lisa Fournier', 'PHQ-1', 11.32, 2.67, 'A', 3, 1);
insert into notes_details values ('2011-2012', 'SEM-5', 'Lisa Fournier', 'SPM-1', 11.32, 2.33, 'A', 0, 1);
insert into notes_details values ('2011-2012', 'SEM-5', 'Lisa Fournier', 'SPM-1', 11.32, 2.67, 'A', 3, 2);
insert into notes_details values ('2011-2012', 'SEM-6', 'Lisa Fournier', 'DPP-2', 11.32, 2.33, 'A', 0, 1);
insert into notes_details values ('2011-2012', 'SEM-6', 'Lisa Fournier', 'DPP-2', 11.32, 3.0, 'A', 1, 2);
insert into notes_details values ('2011-2012', 'SEM-6', 'Lisa Fournier', 'EAO-2', 11.32, 3.0, 'A', 3, 1);
insert into notes_details values ('2011-2012', 'SEM-6', 'Lisa Fournier', 'ECO-2', 11.32, 1.67, 'A', 0, 1);
insert into notes_details values ('2011-2012', 'SEM-6', 'Lisa Fournier', 'ECO-2', 11.32, 4.0, 'A', 3, 2);
insert into notes_details values ('2011-2012', 'SEM-6', 'Lisa Fournier', 'LCI-2', 11.32, 1.0, 'A', 0, 1);
insert into notes_details values ('2011-2012', 'SEM-6', 'Lisa Fournier', 'LCI-2', 11.32, 4.0, 'A', 3, 2);
insert into notes_details values ('2011-2012', 'SEM-6', 'Lisa Fournier', 'MAT-2', 11.32, 3.0, 'A', 2, 1);
insert into notes_details values ('2011-2012', 'SEM-6', 'Lisa Fournier', 'MCO-2', 11.32, 2.0, 'A', 0, 1);
insert into notes_details values ('2011-2012', 'SEM-6', 'Lisa Fournier', 'MCO-2', 11.32, 2.67, 'A', 2, 2);
insert into notes_details values ('2011-2012', 'SEM-6', 'Lisa Fournier', 'MGP-2', 11.32, 3.0, 'A', 4, 1);
insert into notes_details values ('2011-2012', 'SEM-6', 'Lisa Fournier', 'PHS-2', 11.32, 3.67, 'A', 2, 1);
insert into notes_details values ('2011-2012', 'SEM-6', 'Lisa Fournier', 'PJT-2', 11.32, 2.67, 'A', 1, 1);
insert into notes_details values ('2011-2012', 'SEM-6', 'Lisa Fournier', 'RMS-2', 11.32, 3.67, 'A', 4, 1);
insert into notes_details values ('2011-2012', 'SEM-6', 'Lisa Fournier', 'STG-2', 11.32, 3.0, 'A', 2, 1);
insert into notes_details values ('2011-2012', 'SEM-6', 'Lisa Fournier', 'THS-2', 11.32, 1.33, 'A', 0, 1);
insert into notes_details values ('2011-2012', 'SEM-6', 'Lisa Fournier', 'THS-2', 11.32, 3.0, 'A', 3, 2);
insert into notes_details values ('2012-2013', 'SEM-7', 'Lisa Fournier', 'ASL-3', 11.32, 1.33, 'A', 0, 1);
insert into notes_details values ('2012-2013', 'SEM-7', 'Lisa Fournier', 'ASL-3', 11.32, 1.0, 'A', 0, 2);
insert into contentieux values ('2012-2013', 'SEM-7', 'Lisa Fournier', 'ASL-3');
insert into notes_details values ('2012-2013', 'SEM-7', 'Lisa Fournier', 'DPP-3', 11.32, 2.33, 'A', 0, 1);
insert into notes_details values ('2012-2013', 'SEM-7', 'Lisa Fournier', 'DPP-3', 11.32, 3.0, 'A', 2, 2);
insert into notes_details values ('2012-2013', 'SEM-7', 'Lisa Fournier', 'EAO-31', 11.32, 4.0, 'A', 2, 1);
insert into notes_details values ('2012-2013', 'SEM-7', 'Lisa Fournier', 'EAO-32', 11.32, 3.33, 'A', 2, 1);
insert into notes_details values ('2012-2013', 'SEM-7', 'Lisa Fournier', 'EAO-33', 11.32, 3.0, 'A', 2, 1);
insert into notes_details values ('2012-2013', 'SEM-7', 'Lisa Fournier', 'EAO-34', 11.32, 3.33, 'A', 2, 1);
insert into notes_details values ('2012-2013', 'SEM-7', 'Lisa Fournier', 'EAO-35', 11.32, 1.0, 'A', 0, 1);
insert into notes_details values ('2012-2013', 'SEM-7', 'Lisa Fournier', 'EAO-35', 11.32, 4.0, 'A', 2, 2);
insert into notes_details values ('2012-2013', 'SEM-7', 'Lisa Fournier', 'LCI-3', 11.32, 4.0, 'A', 3, 1);
insert into notes_details values ('2012-2013', 'SEM-7', 'Lisa Fournier', 'MAT-3', 11.32, 2.0, 'A', 0, 1);
insert into notes_details values ('2012-2013', 'SEM-7', 'Lisa Fournier', 'MAT-3', 11.32, 1.33, 'A', 0, 2);
insert into contentieux values ('2012-2013', 'SEM-7', 'Lisa Fournier', 'MAT-3');
insert into notes_details values ('2012-2013', 'SEM-7', 'Lisa Fournier', 'MNG-3', 11.32, 3.33, 'A', 3, 1);
insert into notes_details values ('2012-2013', 'SEM-7', 'Lisa Fournier', 'PJT-3', 11.32, 1.0, 'A', 0, 1);
insert into notes_details values ('2012-2013', 'SEM-7', 'Lisa Fournier', 'PJT-3', 11.32, 3.0, 'A', 5, 2);
insert into notes_details values ('2012-2013', 'SEM-7', 'Lisa Fournier', 'STD-3', 11.32, 2.33, 'A', 0, 1);
insert into notes_details values ('2012-2013', 'SEM-7', 'Lisa Fournier', 'STD-3', 11.32, 1.0, 'A', 2, 99);
insert into gpa values ('2011-2012', 'SEM-5', 'Lisa Fournier', 2.44);
insert into gpa values ('2011-2012', 'SEM-6', 'Lisa Fournier', 2.26);
insert into gpa values ('2012-2013', 'SEM-7', 'Lisa Fournier', 3.14);
insert into eleves values ('Claire Sciverit', 1, 'S', 'Tres bien', 'MP', 'MP', 'csciverit');
insert into notes_details values ('2011-2012', 'SEM-5', 'Claire Sciverit', 'ALG-1', 11.32, 2.67, 'A', 3, 1);
insert into notes_details values ('2011-2012', 'SEM-5', 'Claire Sciverit', 'DPP-1', 11.32, 2.33, 'A', 0, 1);
insert into notes_details values ('2011-2012', 'SEM-5', 'Claire Sciverit', 'DPP-1', 11.32, 3.33, 'A', 2, 2);
insert into notes_details values ('2011-2012', 'SEM-5', 'Claire Sciverit', 'ELE-1', 11.32, 2.67, 'A', 3, 1);
insert into notes_details values ('2011-2012', 'SEM-5', 'Claire Sciverit', 'INP-1', 11.32, 4.0, 'A', 3, 1);
insert into notes_details values ('2011-2012', 'SEM-5', 'Claire Sciverit', 'LCI-1', 11.32, 4.0, 'A', 3, 1);
insert into notes_details values ('2011-2012', 'SEM-5', 'Claire Sciverit', 'MAT-1', 11.32, 4.0, 'A', 3, 1);
insert into notes_details values ('2011-2012', 'SEM-5', 'Claire Sciverit', 'MGP-1', 11.32, 2.67, 'A', 4, 1);
insert into notes_details values ('2011-2012', 'SEM-5', 'Claire Sciverit', 'PHO-1', 11.32, 4.0, 'A', 3, 1);
insert into notes_details values ('2011-2012', 'SEM-5', 'Claire Sciverit', 'PHQ-1', 11.32, 2.0, 'A', 0, 1);
insert into notes_details values ('2011-2012', 'SEM-5', 'Claire Sciverit', 'PHQ-1', 11.32, 2.0, 'A', 3, 99);
insert into notes_details values ('2011-2012', 'SEM-5', 'Claire Sciverit', 'SPM-1', 11.32, 3.0, 'A', 3, 1);
insert into notes_details values ('2011-2012', 'SEM-6', 'Claire Sciverit', 'DPP-2', 11.32, 2.33, 'A', 0, 1);
insert into notes_details values ('2011-2012', 'SEM-6', 'Claire Sciverit', 'DPP-2', 11.32, 4.0, 'A', 1, 2);
insert into notes_details values ('2011-2012', 'SEM-6', 'Claire Sciverit', 'EAO-2', 11.32, 2.33, 'A', 0, 1);
insert into notes_details values ('2011-2012', 'SEM-6', 'Claire Sciverit', 'EAO-2', 11.32, 3.67, 'A', 3, 2);
insert into notes_details values ('2011-2012', 'SEM-6', 'Claire Sciverit', 'ECO-2', 11.32, 1.0, 'A', 0, 1);
insert into notes_details values ('2011-2012', 'SEM-6', 'Claire Sciverit', 'ECO-2', 11.32, 2.67, 'A', 3, 2);
insert into notes_details values ('2011-2012', 'SEM-6', 'Claire Sciverit', 'LCI-2', 11.32, 4.0, 'A', 3, 1);
insert into notes_details values ('2011-2012', 'SEM-6', 'Claire Sciverit', 'MAT-2', 11.32, 3.67, 'A', 2, 1);
insert into notes_details values ('2011-2012', 'SEM-6', 'Claire Sciverit', 'MCO-2', 11.32, 1.33, 'A', 0, 1);
insert into notes_details values ('2011-2012', 'SEM-6', 'Claire Sciverit', 'MCO-2', 11.32, 2.67, 'A', 2, 2);
insert into notes_details values ('2011-2012', 'SEM-6', 'Claire Sciverit', 'MGP-2', 11.32, 4.0, 'A', 4, 1);
insert into notes_details values ('2011-2012', 'SEM-6', 'Claire Sciverit', 'PHS-2', 11.32, 1.0, 'A', 0, 1);
insert into notes_details values ('2011-2012', 'SEM-6', 'Claire Sciverit', 'PHS-2', 11.32, 1.33, 'A', 2, 99);
insert into notes_details values ('2011-2012', 'SEM-6', 'Claire Sciverit', 'PJT-2', 11.32, 2.67, 'A', 1, 1);
insert into notes_details values ('2011-2012', 'SEM-6', 'Claire Sciverit', 'RMS-2', 11.32, 1.67, 'A', 0, 1);
insert into notes_details values ('2011-2012', 'SEM-6', 'Claire Sciverit', 'RMS-2', 11.32, 4.0, 'A', 4, 2);
insert into notes_details values ('2011-2012', 'SEM-6', 'Claire Sciverit', 'STG-2', 11.32, 3.0, 'A', 2, 1);
insert into notes_details values ('2011-2012', 'SEM-6', 'Claire Sciverit', 'THS-2', 11.32, 4.0, 'A', 3, 1);
insert into notes_details values ('2012-2013', 'SEM-7', 'Claire Sciverit', 'ASL-3', 11.32, 1.0, 'A', 0, 1);
insert into notes_details values ('2012-2013', 'SEM-7', 'Claire Sciverit', 'ASL-3', 11.32, 4.0, 'A', 2, 2);
insert into notes_details values ('2012-2013', 'SEM-7', 'Claire Sciverit', 'DPP-3', 11.32, 1.67, 'A', 0, 1);
insert into notes_details values ('2012-2013', 'SEM-7', 'Claire Sciverit', 'DPP-3', 11.32, 1.0, 'A', 2, 99);
insert into notes_details values ('2012-2013', 'SEM-7', 'Claire Sciverit', 'EAO-31', 11.32, 3.67, 'A', 2, 1);
insert into notes_details values ('2012-2013', 'SEM-7', 'Claire Sciverit', 'EAO-32', 11.32, 1.67, 'A', 0, 1);
insert into notes_details values ('2012-2013', 'SEM-7', 'Claire Sciverit', 'EAO-32', 11.32, 1.67, 'A', 0, 2);
insert into contentieux values ('2012-2013', 'SEM-7', 'Claire Sciverit', 'EAO-32');
insert into notes_details values ('2012-2013', 'SEM-7', 'Claire Sciverit', 'EAO-33', 11.32, 4.0, 'A', 2, 1);
insert into notes_details values ('2012-2013', 'SEM-7', 'Claire Sciverit', 'EAO-34', 11.32, 1.0, 'A', 0, 1);
insert into notes_details values ('2012-2013', 'SEM-7', 'Claire Sciverit', 'EAO-34', 11.32, 1.33, 'A', 0, 2);
insert into contentieux values ('2012-2013', 'SEM-7', 'Claire Sciverit', 'EAO-34');
insert into notes_details values ('2012-2013', 'SEM-7', 'Claire Sciverit', 'EAO-35', 11.32, 1.0, 'A', 0, 1);
insert into notes_details values ('2012-2013', 'SEM-7', 'Claire Sciverit', 'EAO-35', 11.32, 3.0, 'A', 2, 2);
insert into notes_details values ('2012-2013', 'SEM-7', 'Claire Sciverit', 'LCI-3', 11.32, 2.33, 'A', 0, 1);
insert into notes_details values ('2012-2013', 'SEM-7', 'Claire Sciverit', 'LCI-3', 11.32, 1.0, 'A', 0, 2);
insert into contentieux values ('2012-2013', 'SEM-7', 'Claire Sciverit', 'LCI-3');
insert into notes_details values ('2012-2013', 'SEM-7', 'Claire Sciverit', 'MAT-3', 11.32, 2.33, 'A', 0, 1);
insert into notes_details values ('2012-2013', 'SEM-7', 'Claire Sciverit', 'MAT-3', 11.32, 3.33, 'A', 3, 2);
insert into notes_details values ('2012-2013', 'SEM-7', 'Claire Sciverit', 'MNG-3', 11.32, 4.0, 'A', 3, 1);
insert into notes_details values ('2012-2013', 'SEM-7', 'Claire Sciverit', 'PJT-3', 11.32, 2.33, 'A', 0, 1);
insert into notes_details values ('2012-2013', 'SEM-7', 'Claire Sciverit', 'PJT-3', 11.32, 1.0, 'A', 0, 2);
insert into contentieux values ('2012-2013', 'SEM-7', 'Claire Sciverit', 'PJT-3');
insert into notes_details values ('2012-2013', 'SEM-7', 'Claire Sciverit', 'STD-3', 11.32, 3.0, 'A', 2, 1);
insert into gpa values ('2011-2012', 'SEM-5', 'Claire Sciverit', 2.51);
insert into gpa values ('2011-2012', 'SEM-6', 'Claire Sciverit', 3.86);
insert into gpa values ('2012-2013', 'SEM-7', 'Claire Sciverit', 3.7);
insert into eleves values ('George Andre', 1, 'S', 'Tres bien', 'MP', 'MP', 'gandre');
insert into notes_details values ('2011-2012', 'SEM-5', 'George Andre', 'ALG-1', 11.32, 1.67, 'A', 0, 1);
insert into notes_details values ('2011-2012', 'SEM-5', 'George Andre', 'ALG-1', 11.32, 4.0, 'A', 3, 2);
insert into notes_details values ('2011-2012', 'SEM-5', 'George Andre', 'DPP-1', 11.32, 3.33, 'A', 2, 1);
insert into notes_details values ('2011-2012', 'SEM-5', 'George Andre', 'ELE-1', 11.32, 4.0, 'A', 3, 1);
insert into notes_details values ('2011-2012', 'SEM-5', 'George Andre', 'INP-1', 11.32, 3.33, 'A', 3, 1);
insert into notes_details values ('2011-2012', 'SEM-5', 'George Andre', 'LCI-1', 11.32, 1.33, 'A', 0, 1);
insert into notes_details values ('2011-2012', 'SEM-5', 'George Andre', 'LCI-1', 11.32, 4.0, 'A', 3, 2);
insert into notes_details values ('2011-2012', 'SEM-5', 'George Andre', 'MAT-1', 11.32, 1.33, 'A', 0, 1);
insert into notes_details values ('2011-2012', 'SEM-5', 'George Andre', 'MAT-1', 11.32, 3.0, 'A', 3, 2);
insert into notes_details values ('2011-2012', 'SEM-5', 'George Andre', 'MGP-1', 11.32, 1.33, 'A', 0, 1);
insert into notes_details values ('2011-2012', 'SEM-5', 'George Andre', 'MGP-1', 11.32, 3.0, 'A', 4, 2);
insert into notes_details values ('2011-2012', 'SEM-5', 'George Andre', 'PHO-1', 11.32, 2.67, 'A', 3, 1);
insert into notes_details values ('2011-2012', 'SEM-5', 'George Andre', 'PHQ-1', 11.32, 1.67, 'A', 0, 1);
insert into notes_details values ('2011-2012', 'SEM-5', 'George Andre', 'PHQ-1', 11.32, 4.0, 'A', 3, 2);
insert into notes_details values ('2011-2012', 'SEM-5', 'George Andre', 'SPM-1', 11.32, 1.67, 'A', 0, 1);
insert into notes_details values ('2011-2012', 'SEM-5', 'George Andre', 'SPM-1', 11.32, 3.33, 'A', 3, 2);
insert into notes_details values ('2011-2012', 'SEM-6', 'George Andre', 'DPP-2', 11.32, 3.33, 'A', 1, 1);
insert into notes_details values ('2011-2012', 'SEM-6', 'George Andre', 'EAO-2', 11.32, 1.0, 'A', 0, 1);
insert into notes_details values ('2011-2012', 'SEM-6', 'George Andre', 'EAO-2', 11.32, 4.0, 'A', 3, 2);
insert into notes_details values ('2011-2012', 'SEM-6', 'George Andre', 'ECO-2', 11.32, 3.33, 'A', 3, 1);
insert into notes_details values ('2011-2012', 'SEM-6', 'George Andre', 'LCI-2', 11.32, 1.67, 'A', 0, 1);
insert into notes_details values ('2011-2012', 'SEM-6', 'George Andre', 'LCI-2', 11.32, 3.33, 'A', 3, 2);
insert into notes_details values ('2011-2012', 'SEM-6', 'George Andre', 'MAT-2', 11.32, 2.0, 'A', 0, 1);
insert into notes_details values ('2011-2012', 'SEM-6', 'George Andre', 'MAT-2', 11.32, 4.0, 'A', 2, 2);
insert into notes_details values ('2011-2012', 'SEM-6', 'George Andre', 'MCO-2', 11.32, 2.67, 'A', 2, 1);
insert into notes_details values ('2011-2012', 'SEM-6', 'George Andre', 'MGP-2', 11.32, 1.67, 'A', 0, 1);
insert into notes_details values ('2011-2012', 'SEM-6', 'George Andre', 'MGP-2', 11.32, 1.0, 'A', 4, 99);
insert into notes_details values ('2011-2012', 'SEM-6', 'George Andre', 'PHS-2', 11.32, 1.67, 'A', 0, 1);
insert into notes_details values ('2011-2012', 'SEM-6', 'George Andre', 'PHS-2', 11.32, 2.67, 'A', 2, 2);
insert into notes_details values ('2011-2012', 'SEM-6', 'George Andre', 'PJT-2', 11.32, 1.33, 'A', 0, 1);
insert into notes_details values ('2011-2012', 'SEM-6', 'George Andre', 'PJT-2', 11.32, 1.0, 'A', 1, 99);
insert into notes_details values ('2011-2012', 'SEM-6', 'George Andre', 'RMS-2', 11.32, 4.0, 'A', 4, 1);
insert into notes_details values ('2011-2012', 'SEM-6', 'George Andre', 'STG-2', 11.32, 1.0, 'A', 0, 1);
insert into notes_details values ('2011-2012', 'SEM-6', 'George Andre', 'STG-2', 11.32, 4.0, 'A', 2, 2);
insert into notes_details values ('2011-2012', 'SEM-6', 'George Andre', 'THS-2', 11.32, 1.33, 'A', 0, 1);
insert into notes_details values ('2011-2012', 'SEM-6', 'George Andre', 'THS-2', 11.32, 3.33, 'A', 3, 2);
insert into notes_details values ('2012-2013', 'SEM-7', 'George Andre', 'ASL-3', 11.32, 2.33, 'A', 0, 1);
insert into notes_details values ('2012-2013', 'SEM-7', 'George Andre', 'ASL-3', 11.32, 4.0, 'A', 2, 2);
insert into notes_details values ('2012-2013', 'SEM-7', 'George Andre', 'DPP-3', 11.32, 3.0, 'A', 2, 1);
insert into notes_details values ('2012-2013', 'SEM-7', 'George Andre', 'EAO-31', 11.32, 2.0, 'A', 0, 1);
insert into notes_details values ('2012-2013', 'SEM-7', 'George Andre', 'EAO-31', 11.32, 3.67, 'A', 2, 2);
insert into notes_details values ('2012-2013', 'SEM-7', 'George Andre', 'EAO-32', 11.32, 1.67, 'A', 0, 1);
insert into notes_details values ('2012-2013', 'SEM-7', 'George Andre', 'EAO-32', 11.32, 1.0, 'A', 0, 2);
insert into contentieux values ('2012-2013', 'SEM-7', 'George Andre', 'EAO-32');
insert into notes_details values ('2012-2013', 'SEM-7', 'George Andre', 'EAO-33', 11.32, 2.33, 'A', 0, 1);
insert into notes_details values ('2012-2013', 'SEM-7', 'George Andre', 'EAO-33', 11.32, 4.0, 'A', 2, 2);
insert into notes_details values ('2012-2013', 'SEM-7', 'George Andre', 'EAO-34', 11.32, 1.67, 'A', 0, 1);
insert into notes_details values ('2012-2013', 'SEM-7', 'George Andre', 'EAO-34', 11.32, 1.67, 'A', 0, 2);
insert into contentieux values ('2012-2013', 'SEM-7', 'George Andre', 'EAO-34');
insert into notes_details values ('2012-2013', 'SEM-7', 'George Andre', 'EAO-35', 11.32, 2.33, 'A', 0, 1);
insert into notes_details values ('2012-2013', 'SEM-7', 'George Andre', 'EAO-35', 11.32, 1.0, 'A', 0, 2);
insert into contentieux values ('2012-2013', 'SEM-7', 'George Andre', 'EAO-35');
insert into notes_details values ('2012-2013', 'SEM-7', 'George Andre', 'LCI-3', 11.32, 2.33, 'A', 0, 1);
insert into notes_details values ('2012-2013', 'SEM-7', 'George Andre', 'LCI-3', 11.32, 3.0, 'A', 3, 2);
insert into notes_details values ('2012-2013', 'SEM-7', 'George Andre', 'MAT-3', 11.32, 1.67, 'A', 0, 1);
insert into notes_details values ('2012-2013', 'SEM-7', 'George Andre', 'MAT-3', 11.32, 3.33, 'A', 3, 2);
insert into notes_details values ('2012-2013', 'SEM-7', 'George Andre', 'MNG-3', 11.32, 2.33, 'A', 0, 1);
insert into notes_details values ('2012-2013', 'SEM-7', 'George Andre', 'MNG-3', 11.32, 1.0, 'A', 0, 2);
insert into contentieux values ('2012-2013', 'SEM-7', 'George Andre', 'MNG-3');
insert into notes_details values ('2012-2013', 'SEM-7', 'George Andre', 'PJT-3', 11.32, 1.33, 'A', 0, 1);
insert into notes_details values ('2012-2013', 'SEM-7', 'George Andre', 'PJT-3', 11.32, 3.0, 'A', 5, 2);
insert into notes_details values ('2012-2013', 'SEM-7', 'George Andre', 'STD-3', 11.32, 2.67, 'A', 2, 1);
insert into gpa values ('2011-2012', 'SEM-5', 'George Andre', 3.46);
insert into gpa values ('2011-2012', 'SEM-6', 'George Andre', 2.68);
insert into gpa values ('2012-2013', 'SEM-7', 'George Andre', 2.52);
insert into eleves values ('Thomas Muller', 1, 'S', 'Tres bien', 'MP', 'MP', 'tmuller');
insert into notes_details values ('2011-2012', 'SEM-5', 'Thomas Muller', 'ALG-1', 11.32, 3.0, 'A', 3, 1);
insert into notes_details values ('2011-2012', 'SEM-5', 'Thomas Muller', 'DPP-1', 11.32, 1.67, 'A', 0, 1);
insert into notes_details values ('2011-2012', 'SEM-5', 'Thomas Muller', 'DPP-1', 11.32, 3.0, 'A', 2, 2);
insert into notes_details values ('2011-2012', 'SEM-5', 'Thomas Muller', 'ELE-1', 11.32, 2.0, 'A', 0, 1);
insert into notes_details values ('2011-2012', 'SEM-5', 'Thomas Muller', 'ELE-1', 11.32, 3.33, 'A', 3, 2);
insert into notes_details values ('2011-2012', 'SEM-5', 'Thomas Muller', 'INP-1', 11.32, 3.33, 'A', 3, 1);
insert into notes_details values ('2011-2012', 'SEM-5', 'Thomas Muller', 'LCI-1', 11.32, 3.0, 'A', 3, 1);
insert into notes_details values ('2011-2012', 'SEM-5', 'Thomas Muller', 'MAT-1', 11.32, 1.33, 'A', 0, 1);
insert into notes_details values ('2011-2012', 'SEM-5', 'Thomas Muller', 'MAT-1', 11.32, 1.33, 'A', 3, 99);
insert into notes_details values ('2011-2012', 'SEM-5', 'Thomas Muller', 'MGP-1', 11.32, 3.67, 'A', 4, 1);
insert into notes_details values ('2011-2012', 'SEM-5', 'Thomas Muller', 'PHO-1', 11.32, 2.67, 'A', 3, 1);
insert into notes_details values ('2011-2012', 'SEM-5', 'Thomas Muller', 'PHQ-1', 11.32, 1.33, 'A', 0, 1);
insert into notes_details values ('2011-2012', 'SEM-5', 'Thomas Muller', 'PHQ-1', 11.32, 3.33, 'A', 3, 2);
insert into notes_details values ('2011-2012', 'SEM-5', 'Thomas Muller', 'SPM-1', 11.32, 1.67, 'A', 0, 1);
insert into notes_details values ('2011-2012', 'SEM-5', 'Thomas Muller', 'SPM-1', 11.32, 3.0, 'A', 3, 2);
insert into notes_details values ('2011-2012', 'SEM-6', 'Thomas Muller', 'DPP-2', 11.32, 1.0, 'A', 0, 1);
insert into notes_details values ('2011-2012', 'SEM-6', 'Thomas Muller', 'DPP-2', 11.32, 2.67, 'A', 1, 2);
insert into notes_details values ('2011-2012', 'SEM-6', 'Thomas Muller', 'EAO-2', 11.32, 3.33, 'A', 3, 1);
insert into notes_details values ('2011-2012', 'SEM-6', 'Thomas Muller', 'ECO-2', 11.32, 3.67, 'A', 3, 1);
insert into notes_details values ('2011-2012', 'SEM-6', 'Thomas Muller', 'LCI-2', 11.32, 1.67, 'A', 0, 1);
insert into notes_details values ('2011-2012', 'SEM-6', 'Thomas Muller', 'LCI-2', 11.32, 2.67, 'A', 3, 2);
insert into notes_details values ('2011-2012', 'SEM-6', 'Thomas Muller', 'MAT-2', 11.32, 4.0, 'A', 2, 1);
insert into notes_details values ('2011-2012', 'SEM-6', 'Thomas Muller', 'MCO-2', 11.32, 3.0, 'A', 2, 1);
insert into notes_details values ('2011-2012', 'SEM-6', 'Thomas Muller', 'MGP-2', 11.32, 4.0, 'A', 4, 1);
insert into notes_details values ('2011-2012', 'SEM-6', 'Thomas Muller', 'PHS-2', 11.32, 1.33, 'A', 0, 1);
insert into notes_details values ('2011-2012', 'SEM-6', 'Thomas Muller', 'PHS-2', 11.32, 1.33, 'A', 2, 99);
insert into notes_details values ('2011-2012', 'SEM-6', 'Thomas Muller', 'PJT-2', 11.32, 4.0, 'A', 1, 1);
insert into notes_details values ('2011-2012', 'SEM-6', 'Thomas Muller', 'RMS-2', 11.32, 3.67, 'A', 4, 1);
insert into notes_details values ('2011-2012', 'SEM-6', 'Thomas Muller', 'STG-2', 11.32, 4.0, 'A', 2, 1);
insert into notes_details values ('2011-2012', 'SEM-6', 'Thomas Muller', 'THS-2', 11.32, 2.67, 'A', 3, 1);
insert into notes_details values ('2012-2013', 'SEM-7', 'Thomas Muller', 'ASL-3', 11.32, 3.0, 'A', 2, 1);
insert into notes_details values ('2012-2013', 'SEM-7', 'Thomas Muller', 'DPP-3', 11.32, 1.67, 'A', 0, 1);
insert into notes_details values ('2012-2013', 'SEM-7', 'Thomas Muller', 'DPP-3', 11.32, 2.33, 'A', 0, 2);
insert into contentieux values ('2012-2013', 'SEM-7', 'Thomas Muller', 'DPP-3');
insert into notes_details values ('2012-2013', 'SEM-7', 'Thomas Muller', 'EAO-31', 11.32, 1.67, 'A', 0, 1);
insert into notes_details values ('2012-2013', 'SEM-7', 'Thomas Muller', 'EAO-31', 11.32, 2.67, 'A', 2, 2);
insert into notes_details values ('2012-2013', 'SEM-7', 'Thomas Muller', 'EAO-32', 11.32, 1.0, 'A', 0, 1);
insert into notes_details values ('2012-2013', 'SEM-7', 'Thomas Muller', 'EAO-32', 11.32, 1.67, 'A', 0, 2);
insert into contentieux values ('2012-2013', 'SEM-7', 'Thomas Muller', 'EAO-32');
insert into notes_details values ('2012-2013', 'SEM-7', 'Thomas Muller', 'EAO-33', 11.32, 3.33, 'A', 2, 1);
insert into notes_details values ('2012-2013', 'SEM-7', 'Thomas Muller', 'EAO-34', 11.32, 3.33, 'A', 2, 1);
insert into notes_details values ('2012-2013', 'SEM-7', 'Thomas Muller', 'EAO-35', 11.32, 2.67, 'A', 2, 1);
insert into notes_details values ('2012-2013', 'SEM-7', 'Thomas Muller', 'LCI-3', 11.32, 1.0, 'A', 0, 1);
insert into notes_details values ('2012-2013', 'SEM-7', 'Thomas Muller', 'LCI-3', 11.32, 3.33, 'A', 3, 2);
insert into notes_details values ('2012-2013', 'SEM-7', 'Thomas Muller', 'MAT-3', 11.32, 2.0, 'A', 0, 1);
insert into notes_details values ('2012-2013', 'SEM-7', 'Thomas Muller', 'MAT-3', 11.32, 1.33, 'A', 0, 2);
insert into contentieux values ('2012-2013', 'SEM-7', 'Thomas Muller', 'MAT-3');
insert into notes_details values ('2012-2013', 'SEM-7', 'Thomas Muller', 'MNG-3', 11.32, 1.33, 'A', 0, 1);
insert into notes_details values ('2012-2013', 'SEM-7', 'Thomas Muller', 'MNG-3', 11.32, 3.67, 'A', 3, 2);
insert into notes_details values ('2012-2013', 'SEM-7', 'Thomas Muller', 'PJT-3', 11.32, 2.0, 'A', 0, 1);
insert into notes_details values ('2012-2013', 'SEM-7', 'Thomas Muller', 'PJT-3', 11.32, 1.0, 'A', 0, 2);
insert into contentieux values ('2012-2013', 'SEM-7', 'Thomas Muller', 'PJT-3');
insert into notes_details values ('2012-2013', 'SEM-7', 'Thomas Muller', 'STD-3', 11.32, 3.0, 'A', 2, 1);
insert into gpa values ('2011-2012', 'SEM-5', 'Thomas Muller', 3.93);
insert into gpa values ('2011-2012', 'SEM-6', 'Thomas Muller', 3.46);
insert into gpa values ('2012-2013', 'SEM-7', 'Thomas Muller', 3.18);
insert into eleves values ('Christophe Damico', 1, 'S', 'Tres bien', 'MP', 'MP', 'cdamico');
insert into notes_details values ('2011-2012', 'SEM-5', 'Christophe Damico', 'ALG-1', 11.32, 3.33, 'A', 3, 1);
insert into notes_details values ('2011-2012', 'SEM-5', 'Christophe Damico', 'DPP-1', 11.32, 1.33, 'A', 0, 1);
insert into notes_details values ('2011-2012', 'SEM-5', 'Christophe Damico', 'DPP-1', 11.32, 2.67, 'A', 2, 2);
insert into notes_details values ('2011-2012', 'SEM-5', 'Christophe Damico', 'ELE-1', 11.32, 4.0, 'A', 3, 1);
insert into notes_details values ('2011-2012', 'SEM-5', 'Christophe Damico', 'INP-1', 11.32, 4.0, 'A', 3, 1);
insert into notes_details values ('2011-2012', 'SEM-5', 'Christophe Damico', 'LCI-1', 11.32, 3.33, 'A', 3, 1);
insert into notes_details values ('2011-2012', 'SEM-5', 'Christophe Damico', 'MAT-1', 11.32, 2.33, 'A', 0, 1);
insert into notes_details values ('2011-2012', 'SEM-5', 'Christophe Damico', 'MAT-1', 11.32, 4.0, 'A', 3, 2);
insert into notes_details values ('2011-2012', 'SEM-5', 'Christophe Damico', 'MGP-1', 11.32, 1.33, 'A', 0, 1);
insert into notes_details values ('2011-2012', 'SEM-5', 'Christophe Damico', 'MGP-1', 11.32, 2.0, 'A', 4, 99);
insert into notes_details values ('2011-2012', 'SEM-5', 'Christophe Damico', 'PHO-1', 11.32, 3.33, 'A', 3, 1);
insert into notes_details values ('2011-2012', 'SEM-5', 'Christophe Damico', 'PHQ-1', 11.32, 3.0, 'A', 3, 1);
insert into notes_details values ('2011-2012', 'SEM-5', 'Christophe Damico', 'SPM-1', 11.32, 3.33, 'A', 3, 1);
insert into notes_details values ('2011-2012', 'SEM-6', 'Christophe Damico', 'DPP-2', 11.32, 2.67, 'A', 1, 1);
insert into notes_details values ('2011-2012', 'SEM-6', 'Christophe Damico', 'EAO-2', 11.32, 3.67, 'A', 3, 1);
insert into notes_details values ('2011-2012', 'SEM-6', 'Christophe Damico', 'ECO-2', 11.32, 1.67, 'A', 0, 1);
insert into notes_details values ('2011-2012', 'SEM-6', 'Christophe Damico', 'ECO-2', 11.32, 1.0, 'A', 3, 99);
insert into notes_details values ('2011-2012', 'SEM-6', 'Christophe Damico', 'LCI-2', 11.32, 1.67, 'A', 0, 1);
insert into notes_details values ('2011-2012', 'SEM-6', 'Christophe Damico', 'LCI-2', 11.32, 1.33, 'A', 3, 99);
insert into notes_details values ('2011-2012', 'SEM-6', 'Christophe Damico', 'MAT-2', 11.32, 2.33, 'A', 0, 1);
insert into notes_details values ('2011-2012', 'SEM-6', 'Christophe Damico', 'MAT-2', 11.32, 4.0, 'A', 2, 2);
insert into notes_details values ('2011-2012', 'SEM-6', 'Christophe Damico', 'MCO-2', 11.32, 1.67, 'A', 0, 1);
insert into notes_details values ('2011-2012', 'SEM-6', 'Christophe Damico', 'MCO-2', 11.32, 1.33, 'A', 2, 99);
insert into notes_details values ('2011-2012', 'SEM-6', 'Christophe Damico', 'MGP-2', 11.32, 2.33, 'A', 0, 1);
insert into notes_details values ('2011-2012', 'SEM-6', 'Christophe Damico', 'MGP-2', 11.32, 3.67, 'A', 4, 2);
insert into notes_details values ('2011-2012', 'SEM-6', 'Christophe Damico', 'PHS-2', 11.32, 2.0, 'A', 0, 1);
insert into notes_details values ('2011-2012', 'SEM-6', 'Christophe Damico', 'PHS-2', 11.32, 3.0, 'A', 2, 2);
insert into notes_details values ('2011-2012', 'SEM-6', 'Christophe Damico', 'PJT-2', 11.32, 3.0, 'A', 1, 1);
insert into notes_details values ('2011-2012', 'SEM-6', 'Christophe Damico', 'RMS-2', 11.32, 2.67, 'A', 4, 1);
insert into notes_details values ('2011-2012', 'SEM-6', 'Christophe Damico', 'STG-2', 11.32, 3.67, 'A', 2, 1);
insert into notes_details values ('2011-2012', 'SEM-6', 'Christophe Damico', 'THS-2', 11.32, 2.33, 'A', 0, 1);
insert into notes_details values ('2011-2012', 'SEM-6', 'Christophe Damico', 'THS-2', 11.32, 2.67, 'A', 3, 2);
insert into notes_details values ('2012-2013', 'SEM-7', 'Christophe Damico', 'ASL-3', 11.32, 2.33, 'A', 0, 1);
insert into notes_details values ('2012-2013', 'SEM-7', 'Christophe Damico', 'ASL-3', 11.32, 2.0, 'A', 0, 2);
insert into contentieux values ('2012-2013', 'SEM-7', 'Christophe Damico', 'ASL-3');
insert into notes_details values ('2012-2013', 'SEM-7', 'Christophe Damico', 'DPP-3', 11.32, 1.67, 'A', 0, 1);
insert into notes_details values ('2012-2013', 'SEM-7', 'Christophe Damico', 'DPP-3', 11.32, 4.0, 'A', 2, 2);
insert into notes_details values ('2012-2013', 'SEM-7', 'Christophe Damico', 'EAO-31', 11.32, 1.67, 'A', 0, 1);
insert into notes_details values ('2012-2013', 'SEM-7', 'Christophe Damico', 'EAO-31', 11.32, 1.33, 'A', 0, 2);
insert into contentieux values ('2012-2013', 'SEM-7', 'Christophe Damico', 'EAO-31');
insert into notes_details values ('2012-2013', 'SEM-7', 'Christophe Damico', 'EAO-32', 11.32, 1.0, 'A', 0, 1);
insert into notes_details values ('2012-2013', 'SEM-7', 'Christophe Damico', 'EAO-32', 11.32, 1.0, 'A', 0, 2);
insert into contentieux values ('2012-2013', 'SEM-7', 'Christophe Damico', 'EAO-32');
insert into notes_details values ('2012-2013', 'SEM-7', 'Christophe Damico', 'EAO-33', 11.32, 1.67, 'A', 0, 1);
insert into notes_details values ('2012-2013', 'SEM-7', 'Christophe Damico', 'EAO-33', 11.32, 3.33, 'A', 2, 2);
insert into notes_details values ('2012-2013', 'SEM-7', 'Christophe Damico', 'EAO-34', 11.32, 2.67, 'A', 2, 1);
insert into notes_details values ('2012-2013', 'SEM-7', 'Christophe Damico', 'EAO-35', 11.32, 2.67, 'A', 2, 1);
insert into notes_details values ('2012-2013', 'SEM-7', 'Christophe Damico', 'LCI-3', 11.32, 3.67, 'A', 3, 1);
insert into notes_details values ('2012-2013', 'SEM-7', 'Christophe Damico', 'MAT-3', 11.32, 1.67, 'A', 0, 1);
insert into notes_details values ('2012-2013', 'SEM-7', 'Christophe Damico', 'MAT-3', 11.32, 1.0, 'A', 0, 2);
insert into contentieux values ('2012-2013', 'SEM-7', 'Christophe Damico', 'MAT-3');
insert into notes_details values ('2012-2013', 'SEM-7', 'Christophe Damico', 'MNG-3', 11.32, 1.0, 'A', 0, 1);
insert into notes_details values ('2012-2013', 'SEM-7', 'Christophe Damico', 'MNG-3', 11.32, 2.0, 'A', 0, 2);
insert into contentieux values ('2012-2013', 'SEM-7', 'Christophe Damico', 'MNG-3');
insert into notes_details values ('2012-2013', 'SEM-7', 'Christophe Damico', 'PJT-3', 11.32, 1.67, 'A', 0, 1);
insert into notes_details values ('2012-2013', 'SEM-7', 'Christophe Damico', 'PJT-3', 11.32, 2.67, 'A', 5, 2);
insert into notes_details values ('2012-2013', 'SEM-7', 'Christophe Damico', 'STD-3', 11.32, 2.0, 'A', 0, 1);
insert into notes_details values ('2012-2013', 'SEM-7', 'Christophe Damico', 'STD-3', 11.32, 1.33, 'A', 0, 2);
insert into contentieux values ('2012-2013', 'SEM-7', 'Christophe Damico', 'STD-3');
insert into gpa values ('2011-2012', 'SEM-5', 'Christophe Damico', 2.49);
insert into gpa values ('2011-2012', 'SEM-6', 'Christophe Damico', 3.71);
insert into gpa values ('2012-2013', 'SEM-7', 'Christophe Damico', 2.01);
insert into eleves values ('Alphonse Marton', 1, 'S', 'Tres bien', 'MP', 'MP', 'amarton');
insert into notes_details values ('2011-2012', 'SEM-5', 'Alphonse Marton', 'ALG-1', 11.32, 4.0, 'A', 3, 1);
insert into notes_details values ('2011-2012', 'SEM-5', 'Alphonse Marton', 'DPP-1', 11.32, 2.0, 'A', 0, 1);
insert into notes_details values ('2011-2012', 'SEM-5', 'Alphonse Marton', 'DPP-1', 11.32, 2.67, 'A', 2, 2);
insert into notes_details values ('2011-2012', 'SEM-5', 'Alphonse Marton', 'ELE-1', 11.32, 2.67, 'A', 3, 1);
insert into notes_details values ('2011-2012', 'SEM-5', 'Alphonse Marton', 'INP-1', 11.32, 3.33, 'A', 3, 1);
insert into notes_details values ('2011-2012', 'SEM-5', 'Alphonse Marton', 'LCI-1', 11.32, 3.67, 'A', 3, 1);
insert into notes_details values ('2011-2012', 'SEM-5', 'Alphonse Marton', 'MAT-1', 11.32, 4.0, 'A', 3, 1);
insert into notes_details values ('2011-2012', 'SEM-5', 'Alphonse Marton', 'MGP-1', 11.32, 3.33, 'A', 4, 1);
insert into notes_details values ('2011-2012', 'SEM-5', 'Alphonse Marton', 'PHO-1', 11.32, 3.0, 'A', 3, 1);
insert into notes_details values ('2011-2012', 'SEM-5', 'Alphonse Marton', 'PHQ-1', 11.32, 2.0, 'A', 0, 1);
insert into notes_details values ('2011-2012', 'SEM-5', 'Alphonse Marton', 'PHQ-1', 11.32, 3.67, 'A', 3, 2);
insert into notes_details values ('2011-2012', 'SEM-5', 'Alphonse Marton', 'SPM-1', 11.32, 1.33, 'A', 0, 1);
insert into notes_details values ('2011-2012', 'SEM-5', 'Alphonse Marton', 'SPM-1', 11.32, 2.67, 'A', 3, 2);
insert into notes_details values ('2011-2012', 'SEM-6', 'Alphonse Marton', 'DPP-2', 11.32, 1.67, 'A', 0, 1);
insert into notes_details values ('2011-2012', 'SEM-6', 'Alphonse Marton', 'DPP-2', 11.32, 1.0, 'A', 1, 99);
insert into notes_details values ('2011-2012', 'SEM-6', 'Alphonse Marton', 'EAO-2', 11.32, 1.0, 'A', 0, 1);
insert into notes_details values ('2011-2012', 'SEM-6', 'Alphonse Marton', 'EAO-2', 11.32, 3.0, 'A', 3, 2);
insert into notes_details values ('2011-2012', 'SEM-6', 'Alphonse Marton', 'ECO-2', 11.32, 2.0, 'A', 0, 1);
insert into notes_details values ('2011-2012', 'SEM-6', 'Alphonse Marton', 'ECO-2', 11.32, 1.67, 'A', 3, 99);
insert into notes_details values ('2011-2012', 'SEM-6', 'Alphonse Marton', 'LCI-2', 11.32, 4.0, 'A', 3, 1);
insert into notes_details values ('2011-2012', 'SEM-6', 'Alphonse Marton', 'MAT-2', 11.32, 3.67, 'A', 2, 1);
insert into notes_details values ('2011-2012', 'SEM-6', 'Alphonse Marton', 'MCO-2', 11.32, 2.67, 'A', 2, 1);
insert into notes_details values ('2011-2012', 'SEM-6', 'Alphonse Marton', 'MGP-2', 11.32, 2.67, 'A', 4, 1);
insert into notes_details values ('2011-2012', 'SEM-6', 'Alphonse Marton', 'PHS-2', 11.32, 1.33, 'A', 0, 1);
insert into notes_details values ('2011-2012', 'SEM-6', 'Alphonse Marton', 'PHS-2', 11.32, 3.0, 'A', 2, 2);
insert into notes_details values ('2011-2012', 'SEM-6', 'Alphonse Marton', 'PJT-2', 11.32, 3.67, 'A', 1, 1);
insert into notes_details values ('2011-2012', 'SEM-6', 'Alphonse Marton', 'RMS-2', 11.32, 2.67, 'A', 4, 1);
insert into notes_details values ('2011-2012', 'SEM-6', 'Alphonse Marton', 'STG-2', 11.32, 3.67, 'A', 2, 1);
insert into notes_details values ('2011-2012', 'SEM-6', 'Alphonse Marton', 'THS-2', 11.32, 3.0, 'A', 3, 1);
insert into notes_details values ('2012-2013', 'SEM-7', 'Alphonse Marton', 'ASL-3', 11.32, 1.67, 'A', 0, 1);
insert into notes_details values ('2012-2013', 'SEM-7', 'Alphonse Marton', 'ASL-3', 11.32, 1.67, 'A', 0, 2);
insert into contentieux values ('2012-2013', 'SEM-7', 'Alphonse Marton', 'ASL-3');
insert into notes_details values ('2012-2013', 'SEM-7', 'Alphonse Marton', 'DPP-3', 11.32, 1.0, 'A', 0, 1);
insert into notes_details values ('2012-2013', 'SEM-7', 'Alphonse Marton', 'DPP-3', 11.32, 2.0, 'A', 0, 2);
insert into contentieux values ('2012-2013', 'SEM-7', 'Alphonse Marton', 'DPP-3');
insert into notes_details values ('2012-2013', 'SEM-7', 'Alphonse Marton', 'EAO-31', 11.32, 1.67, 'A', 0, 1);
insert into notes_details values ('2012-2013', 'SEM-7', 'Alphonse Marton', 'EAO-31', 11.32, 1.33, 'A', 0, 2);
insert into contentieux values ('2012-2013', 'SEM-7', 'Alphonse Marton', 'EAO-31');
insert into notes_details values ('2012-2013', 'SEM-7', 'Alphonse Marton', 'EAO-32', 11.32, 2.67, 'A', 2, 1);
insert into notes_details values ('2012-2013', 'SEM-7', 'Alphonse Marton', 'EAO-33', 11.32, 1.33, 'A', 0, 1);
insert into notes_details values ('2012-2013', 'SEM-7', 'Alphonse Marton', 'EAO-33', 11.32, 4.0, 'A', 2, 2);
insert into notes_details values ('2012-2013', 'SEM-7', 'Alphonse Marton', 'EAO-34', 11.32, 2.0, 'A', 0, 1);
insert into notes_details values ('2012-2013', 'SEM-7', 'Alphonse Marton', 'EAO-34', 11.32, 2.67, 'A', 2, 2);
insert into notes_details values ('2012-2013', 'SEM-7', 'Alphonse Marton', 'EAO-35', 11.32, 2.33, 'A', 0, 1);
insert into notes_details values ('2012-2013', 'SEM-7', 'Alphonse Marton', 'EAO-35', 11.32, 3.0, 'A', 2, 2);
insert into notes_details values ('2012-2013', 'SEM-7', 'Alphonse Marton', 'LCI-3', 11.32, 1.0, 'A', 0, 1);
insert into notes_details values ('2012-2013', 'SEM-7', 'Alphonse Marton', 'LCI-3', 11.32, 1.67, 'A', 0, 2);
insert into contentieux values ('2012-2013', 'SEM-7', 'Alphonse Marton', 'LCI-3');
insert into notes_details values ('2012-2013', 'SEM-7', 'Alphonse Marton', 'MAT-3', 11.32, 1.67, 'A', 0, 1);
insert into notes_details values ('2012-2013', 'SEM-7', 'Alphonse Marton', 'MAT-3', 11.32, 3.33, 'A', 3, 2);
insert into notes_details values ('2012-2013', 'SEM-7', 'Alphonse Marton', 'MNG-3', 11.32, 1.67, 'A', 0, 1);
insert into notes_details values ('2012-2013', 'SEM-7', 'Alphonse Marton', 'MNG-3', 11.32, 1.33, 'A', 0, 2);
insert into contentieux values ('2012-2013', 'SEM-7', 'Alphonse Marton', 'MNG-3');
insert into notes_details values ('2012-2013', 'SEM-7', 'Alphonse Marton', 'PJT-3', 11.32, 1.33, 'A', 0, 1);
insert into notes_details values ('2012-2013', 'SEM-7', 'Alphonse Marton', 'PJT-3', 11.32, 2.33, 'A', 0, 2);
insert into contentieux values ('2012-2013', 'SEM-7', 'Alphonse Marton', 'PJT-3');
insert into notes_details values ('2012-2013', 'SEM-7', 'Alphonse Marton', 'STD-3', 11.32, 2.33, 'A', 0, 1);
insert into notes_details values ('2012-2013', 'SEM-7', 'Alphonse Marton', 'STD-3', 11.32, 3.67, 'A', 2, 2);
insert into gpa values ('2011-2012', 'SEM-5', 'Alphonse Marton', 2.41);
insert into gpa values ('2011-2012', 'SEM-6', 'Alphonse Marton', 3.11);
insert into gpa values ('2012-2013', 'SEM-7', 'Alphonse Marton', 2.5);
insert into eleves values ('Nicolas Windsor', 1, 'S', 'Tres bien', 'MP', 'MP', 'nwindsor');
insert into notes_details values ('2011-2012', 'SEM-5', 'Nicolas Windsor', 'ALG-1', 11.32, 1.67, 'A', 0, 1);
insert into notes_details values ('2011-2012', 'SEM-5', 'Nicolas Windsor', 'ALG-1', 11.32, 3.0, 'A', 3, 2);
insert into notes_details values ('2011-2012', 'SEM-5', 'Nicolas Windsor', 'DPP-1', 11.32, 3.0, 'A', 2, 1);
insert into notes_details values ('2011-2012', 'SEM-5', 'Nicolas Windsor', 'ELE-1', 11.32, 2.67, 'A', 3, 1);
insert into notes_details values ('2011-2012', 'SEM-5', 'Nicolas Windsor', 'INP-1', 11.32, 1.33, 'A', 0, 1);
insert into notes_details values ('2011-2012', 'SEM-5', 'Nicolas Windsor', 'INP-1', 11.32, 1.0, 'A', 3, 99);
insert into notes_details values ('2011-2012', 'SEM-5', 'Nicolas Windsor', 'LCI-1', 11.32, 1.33, 'A', 0, 1);
insert into notes_details values ('2011-2012', 'SEM-5', 'Nicolas Windsor', 'LCI-1', 11.32, 3.0, 'A', 3, 2);
insert into notes_details values ('2011-2012', 'SEM-5', 'Nicolas Windsor', 'MAT-1', 11.32, 3.0, 'A', 3, 1);
insert into notes_details values ('2011-2012', 'SEM-5', 'Nicolas Windsor', 'MGP-1', 11.32, 3.33, 'A', 4, 1);
insert into notes_details values ('2011-2012', 'SEM-5', 'Nicolas Windsor', 'PHO-1', 11.32, 1.0, 'A', 0, 1);
insert into notes_details values ('2011-2012', 'SEM-5', 'Nicolas Windsor', 'PHO-1', 11.32, 4.0, 'A', 3, 2);
insert into notes_details values ('2011-2012', 'SEM-5', 'Nicolas Windsor', 'PHQ-1', 11.32, 4.0, 'A', 3, 1);
insert into notes_details values ('2011-2012', 'SEM-5', 'Nicolas Windsor', 'SPM-1', 11.32, 4.0, 'A', 3, 1);
insert into notes_details values ('2011-2012', 'SEM-6', 'Nicolas Windsor', 'DPP-2', 11.32, 2.33, 'A', 0, 1);
insert into notes_details values ('2011-2012', 'SEM-6', 'Nicolas Windsor', 'DPP-2', 11.32, 3.33, 'A', 1, 2);
insert into notes_details values ('2011-2012', 'SEM-6', 'Nicolas Windsor', 'EAO-2', 11.32, 1.0, 'A', 0, 1);
insert into notes_details values ('2011-2012', 'SEM-6', 'Nicolas Windsor', 'EAO-2', 11.32, 3.0, 'A', 3, 2);
insert into notes_details values ('2011-2012', 'SEM-6', 'Nicolas Windsor', 'ECO-2', 11.32, 3.0, 'A', 3, 1);
insert into notes_details values ('2011-2012', 'SEM-6', 'Nicolas Windsor', 'LCI-2', 11.32, 2.0, 'A', 0, 1);
insert into notes_details values ('2011-2012', 'SEM-6', 'Nicolas Windsor', 'LCI-2', 11.32, 3.0, 'A', 3, 2);
insert into notes_details values ('2011-2012', 'SEM-6', 'Nicolas Windsor', 'MAT-2', 11.32, 2.0, 'A', 0, 1);
insert into notes_details values ('2011-2012', 'SEM-6', 'Nicolas Windsor', 'MAT-2', 11.32, 3.0, 'A', 2, 2);
insert into notes_details values ('2011-2012', 'SEM-6', 'Nicolas Windsor', 'MCO-2', 11.32, 2.33, 'A', 0, 1);
insert into notes_details values ('2011-2012', 'SEM-6', 'Nicolas Windsor', 'MCO-2', 11.32, 2.67, 'A', 2, 2);
insert into notes_details values ('2011-2012', 'SEM-6', 'Nicolas Windsor', 'MGP-2', 11.32, 1.33, 'A', 0, 1);
insert into notes_details values ('2011-2012', 'SEM-6', 'Nicolas Windsor', 'MGP-2', 11.32, 4.0, 'A', 4, 2);
insert into notes_details values ('2011-2012', 'SEM-6', 'Nicolas Windsor', 'PHS-2', 11.32, 2.0, 'A', 0, 1);
insert into notes_details values ('2011-2012', 'SEM-6', 'Nicolas Windsor', 'PHS-2', 11.32, 3.33, 'A', 2, 2);
insert into notes_details values ('2011-2012', 'SEM-6', 'Nicolas Windsor', 'PJT-2', 11.32, 1.0, 'A', 0, 1);
insert into notes_details values ('2011-2012', 'SEM-6', 'Nicolas Windsor', 'PJT-2', 11.32, 1.67, 'A', 1, 99);
insert into notes_details values ('2011-2012', 'SEM-6', 'Nicolas Windsor', 'RMS-2', 11.32, 1.0, 'A', 0, 1);
insert into notes_details values ('2011-2012', 'SEM-6', 'Nicolas Windsor', 'RMS-2', 11.32, 4.0, 'A', 4, 2);
insert into notes_details values ('2011-2012', 'SEM-6', 'Nicolas Windsor', 'STG-2', 11.32, 3.0, 'A', 2, 1);
insert into notes_details values ('2011-2012', 'SEM-6', 'Nicolas Windsor', 'THS-2', 11.32, 2.67, 'A', 3, 1);
insert into notes_details values ('2012-2013', 'SEM-7', 'Nicolas Windsor', 'ASL-3', 11.32, 1.67, 'A', 0, 1);
insert into notes_details values ('2012-2013', 'SEM-7', 'Nicolas Windsor', 'ASL-3', 11.32, 2.33, 'A', 2, 99);
insert into notes_details values ('2012-2013', 'SEM-7', 'Nicolas Windsor', 'DPP-3', 11.32, 2.0, 'A', 0, 1);
insert into notes_details values ('2012-2013', 'SEM-7', 'Nicolas Windsor', 'DPP-3', 11.32, 1.67, 'A', 0, 2);
insert into contentieux values ('2012-2013', 'SEM-7', 'Nicolas Windsor', 'DPP-3');
insert into notes_details values ('2012-2013', 'SEM-7', 'Nicolas Windsor', 'EAO-31', 11.32, 1.33, 'A', 0, 1);
insert into notes_details values ('2012-2013', 'SEM-7', 'Nicolas Windsor', 'EAO-31', 11.32, 2.67, 'A', 2, 2);
insert into notes_details values ('2012-2013', 'SEM-7', 'Nicolas Windsor', 'EAO-32', 11.32, 2.33, 'A', 0, 1);
insert into notes_details values ('2012-2013', 'SEM-7', 'Nicolas Windsor', 'EAO-32', 11.32, 1.33, 'A', 0, 2);
insert into contentieux values ('2012-2013', 'SEM-7', 'Nicolas Windsor', 'EAO-32');
insert into notes_details values ('2012-2013', 'SEM-7', 'Nicolas Windsor', 'EAO-33', 11.32, 3.0, 'A', 2, 1);
insert into notes_details values ('2012-2013', 'SEM-7', 'Nicolas Windsor', 'EAO-34', 11.32, 3.33, 'A', 2, 1);
insert into notes_details values ('2012-2013', 'SEM-7', 'Nicolas Windsor', 'EAO-35', 11.32, 1.67, 'A', 0, 1);
insert into notes_details values ('2012-2013', 'SEM-7', 'Nicolas Windsor', 'EAO-35', 11.32, 1.67, 'A', 2, 99);
insert into notes_details values ('2012-2013', 'SEM-7', 'Nicolas Windsor', 'LCI-3', 11.32, 1.0, 'A', 0, 1);
insert into notes_details values ('2012-2013', 'SEM-7', 'Nicolas Windsor', 'LCI-3', 11.32, 1.33, 'A', 0, 2);
insert into contentieux values ('2012-2013', 'SEM-7', 'Nicolas Windsor', 'LCI-3');
insert into notes_details values ('2012-2013', 'SEM-7', 'Nicolas Windsor', 'MAT-3', 11.32, 3.0, 'A', 3, 1);
insert into notes_details values ('2012-2013', 'SEM-7', 'Nicolas Windsor', 'MNG-3', 11.32, 1.33, 'A', 0, 1);
insert into notes_details values ('2012-2013', 'SEM-7', 'Nicolas Windsor', 'MNG-3', 11.32, 2.67, 'A', 3, 2);
insert into notes_details values ('2012-2013', 'SEM-7', 'Nicolas Windsor', 'PJT-3', 11.32, 3.0, 'A', 5, 1);
insert into notes_details values ('2012-2013', 'SEM-7', 'Nicolas Windsor', 'STD-3', 11.32, 3.67, 'A', 2, 1);
insert into gpa values ('2011-2012', 'SEM-5', 'Nicolas Windsor', 3.85);
insert into gpa values ('2011-2012', 'SEM-6', 'Nicolas Windsor', 2.2);
insert into gpa values ('2012-2013', 'SEM-7', 'Nicolas Windsor', 3.8);
insert into eleves values ('Dexter Suarez', 1, 'S', 'Tres bien', 'MP', 'MP', 'dsuarez');
insert into notes_details values ('2011-2012', 'SEM-5', 'Dexter Suarez', 'ALG-1', 11.32, 3.33, 'A', 3, 1);
insert into notes_details values ('2011-2012', 'SEM-5', 'Dexter Suarez', 'DPP-1', 11.32, 4.0, 'A', 2, 1);
insert into notes_details values ('2011-2012', 'SEM-5', 'Dexter Suarez', 'ELE-1', 11.32, 3.0, 'A', 3, 1);
insert into notes_details values ('2011-2012', 'SEM-5', 'Dexter Suarez', 'INP-1', 11.32, 2.67, 'A', 3, 1);
insert into notes_details values ('2011-2012', 'SEM-5', 'Dexter Suarez', 'LCI-1', 11.32, 3.0, 'A', 3, 1);
insert into notes_details values ('2011-2012', 'SEM-5', 'Dexter Suarez', 'MAT-1', 11.32, 2.67, 'A', 3, 1);
insert into notes_details values ('2011-2012', 'SEM-5', 'Dexter Suarez', 'MGP-1', 11.32, 3.67, 'A', 4, 1);
insert into notes_details values ('2011-2012', 'SEM-5', 'Dexter Suarez', 'PHO-1', 11.32, 1.33, 'A', 0, 1);
insert into notes_details values ('2011-2012', 'SEM-5', 'Dexter Suarez', 'PHO-1', 11.32, 2.33, 'A', 3, 99);
insert into notes_details values ('2011-2012', 'SEM-5', 'Dexter Suarez', 'PHQ-1', 11.32, 2.0, 'A', 0, 1);
insert into notes_details values ('2011-2012', 'SEM-5', 'Dexter Suarez', 'PHQ-1', 11.32, 2.0, 'A', 3, 99);
insert into notes_details values ('2011-2012', 'SEM-5', 'Dexter Suarez', 'SPM-1', 11.32, 1.67, 'A', 0, 1);
insert into notes_details values ('2011-2012', 'SEM-5', 'Dexter Suarez', 'SPM-1', 11.32, 4.0, 'A', 3, 2);
insert into notes_details values ('2011-2012', 'SEM-6', 'Dexter Suarez', 'DPP-2', 11.32, 4.0, 'A', 1, 1);
insert into notes_details values ('2011-2012', 'SEM-6', 'Dexter Suarez', 'EAO-2', 11.32, 2.67, 'A', 3, 1);
insert into notes_details values ('2011-2012', 'SEM-6', 'Dexter Suarez', 'ECO-2', 11.32, 3.0, 'A', 3, 1);
insert into notes_details values ('2011-2012', 'SEM-6', 'Dexter Suarez', 'LCI-2', 11.32, 4.0, 'A', 3, 1);
insert into notes_details values ('2011-2012', 'SEM-6', 'Dexter Suarez', 'MAT-2', 11.32, 1.0, 'A', 0, 1);
insert into notes_details values ('2011-2012', 'SEM-6', 'Dexter Suarez', 'MAT-2', 11.32, 2.0, 'A', 2, 99);
insert into notes_details values ('2011-2012', 'SEM-6', 'Dexter Suarez', 'MCO-2', 11.32, 3.67, 'A', 2, 1);
insert into notes_details values ('2011-2012', 'SEM-6', 'Dexter Suarez', 'MGP-2', 11.32, 3.33, 'A', 4, 1);
insert into notes_details values ('2011-2012', 'SEM-6', 'Dexter Suarez', 'PHS-2', 11.32, 3.0, 'A', 2, 1);
insert into notes_details values ('2011-2012', 'SEM-6', 'Dexter Suarez', 'PJT-2', 11.32, 1.0, 'A', 0, 1);
insert into notes_details values ('2011-2012', 'SEM-6', 'Dexter Suarez', 'PJT-2', 11.32, 2.67, 'A', 1, 2);
insert into notes_details values ('2011-2012', 'SEM-6', 'Dexter Suarez', 'RMS-2', 11.32, 2.67, 'A', 4, 1);
insert into notes_details values ('2011-2012', 'SEM-6', 'Dexter Suarez', 'STG-2', 11.32, 1.0, 'A', 0, 1);
insert into notes_details values ('2011-2012', 'SEM-6', 'Dexter Suarez', 'STG-2', 11.32, 2.67, 'A', 2, 2);
insert into notes_details values ('2011-2012', 'SEM-6', 'Dexter Suarez', 'THS-2', 11.32, 3.0, 'A', 3, 1);
insert into notes_details values ('2012-2013', 'SEM-7', 'Dexter Suarez', 'ASL-3', 11.32, 4.0, 'A', 2, 1);
insert into notes_details values ('2012-2013', 'SEM-7', 'Dexter Suarez', 'DPP-3', 11.32, 1.0, 'A', 0, 1);
insert into notes_details values ('2012-2013', 'SEM-7', 'Dexter Suarez', 'DPP-3', 11.32, 2.0, 'A', 0, 2);
insert into contentieux values ('2012-2013', 'SEM-7', 'Dexter Suarez', 'DPP-3');
insert into notes_details values ('2012-2013', 'SEM-7', 'Dexter Suarez', 'EAO-31', 11.32, 2.33, 'A', 0, 1);
insert into notes_details values ('2012-2013', 'SEM-7', 'Dexter Suarez', 'EAO-31', 11.32, 2.67, 'A', 2, 2);
insert into notes_details values ('2012-2013', 'SEM-7', 'Dexter Suarez', 'EAO-32', 11.32, 3.0, 'A', 2, 1);
insert into notes_details values ('2012-2013', 'SEM-7', 'Dexter Suarez', 'EAO-33', 11.32, 2.67, 'A', 2, 1);
insert into notes_details values ('2012-2013', 'SEM-7', 'Dexter Suarez', 'EAO-34', 11.32, 1.0, 'A', 0, 1);
insert into notes_details values ('2012-2013', 'SEM-7', 'Dexter Suarez', 'EAO-34', 11.32, 1.33, 'A', 0, 2);
insert into contentieux values ('2012-2013', 'SEM-7', 'Dexter Suarez', 'EAO-34');
insert into notes_details values ('2012-2013', 'SEM-7', 'Dexter Suarez', 'EAO-35', 11.32, 2.33, 'A', 0, 1);
insert into notes_details values ('2012-2013', 'SEM-7', 'Dexter Suarez', 'EAO-35', 11.32, 2.67, 'A', 2, 2);
insert into notes_details values ('2012-2013', 'SEM-7', 'Dexter Suarez', 'LCI-3', 11.32, 3.0, 'A', 3, 1);
insert into notes_details values ('2012-2013', 'SEM-7', 'Dexter Suarez', 'MAT-3', 11.32, 1.0, 'A', 0, 1);
insert into notes_details values ('2012-2013', 'SEM-7', 'Dexter Suarez', 'MAT-3', 11.32, 2.0, 'A', 3, 99);
insert into notes_details values ('2012-2013', 'SEM-7', 'Dexter Suarez', 'MNG-3', 11.32, 1.33, 'A', 0, 1);
insert into notes_details values ('2012-2013', 'SEM-7', 'Dexter Suarez', 'MNG-3', 11.32, 1.0, 'A', 0, 2);
insert into contentieux values ('2012-2013', 'SEM-7', 'Dexter Suarez', 'MNG-3');
insert into notes_details values ('2012-2013', 'SEM-7', 'Dexter Suarez', 'PJT-3', 11.32, 1.0, 'A', 0, 1);
insert into notes_details values ('2012-2013', 'SEM-7', 'Dexter Suarez', 'PJT-3', 11.32, 2.0, 'A', 0, 2);
insert into contentieux values ('2012-2013', 'SEM-7', 'Dexter Suarez', 'PJT-3');
insert into notes_details values ('2012-2013', 'SEM-7', 'Dexter Suarez', 'STD-3', 11.32, 1.33, 'A', 0, 1);
insert into notes_details values ('2012-2013', 'SEM-7', 'Dexter Suarez', 'STD-3', 11.32, 4.0, 'A', 2, 2);
insert into gpa values ('2011-2012', 'SEM-5', 'Dexter Suarez', 2.96);
insert into gpa values ('2011-2012', 'SEM-6', 'Dexter Suarez', 2.09);
insert into gpa values ('2012-2013', 'SEM-7', 'Dexter Suarez', 3.47);
insert into eleves values ('Enora Guernon', 1, 'S', 'Tres bien', 'MP', 'MP', 'eguernon');
insert into notes_details values ('2011-2012', 'SEM-5', 'Enora Guernon', 'ALG-1', 11.32, 3.33, 'A', 3, 1);
insert into notes_details values ('2011-2012', 'SEM-5', 'Enora Guernon', 'DPP-1', 11.32, 2.33, 'A', 0, 1);
insert into notes_details values ('2011-2012', 'SEM-5', 'Enora Guernon', 'DPP-1', 11.32, 4.0, 'A', 2, 2);
insert into notes_details values ('2011-2012', 'SEM-5', 'Enora Guernon', 'ELE-1', 11.32, 2.67, 'A', 3, 1);
insert into notes_details values ('2011-2012', 'SEM-5', 'Enora Guernon', 'INP-1', 11.32, 3.0, 'A', 3, 1);
insert into notes_details values ('2011-2012', 'SEM-5', 'Enora Guernon', 'LCI-1', 11.32, 1.33, 'A', 0, 1);
insert into notes_details values ('2011-2012', 'SEM-5', 'Enora Guernon', 'LCI-1', 11.32, 3.67, 'A', 3, 2);
insert into notes_details values ('2011-2012', 'SEM-5', 'Enora Guernon', 'MAT-1', 11.32, 2.0, 'A', 0, 1);
insert into notes_details values ('2011-2012', 'SEM-5', 'Enora Guernon', 'MAT-1', 11.32, 2.67, 'A', 3, 2);
insert into notes_details values ('2011-2012', 'SEM-5', 'Enora Guernon', 'MGP-1', 11.32, 3.33, 'A', 4, 1);
insert into notes_details values ('2011-2012', 'SEM-5', 'Enora Guernon', 'PHO-1', 11.32, 2.67, 'A', 3, 1);
insert into notes_details values ('2011-2012', 'SEM-5', 'Enora Guernon', 'PHQ-1', 11.32, 1.33, 'A', 0, 1);
insert into notes_details values ('2011-2012', 'SEM-5', 'Enora Guernon', 'PHQ-1', 11.32, 2.67, 'A', 3, 2);
insert into notes_details values ('2011-2012', 'SEM-5', 'Enora Guernon', 'SPM-1', 11.32, 2.33, 'A', 0, 1);
insert into notes_details values ('2011-2012', 'SEM-5', 'Enora Guernon', 'SPM-1', 11.32, 2.33, 'A', 3, 99);
insert into notes_details values ('2011-2012', 'SEM-6', 'Enora Guernon', 'DPP-2', 11.32, 3.33, 'A', 1, 1);
insert into notes_details values ('2011-2012', 'SEM-6', 'Enora Guernon', 'EAO-2', 11.32, 2.33, 'A', 0, 1);
insert into notes_details values ('2011-2012', 'SEM-6', 'Enora Guernon', 'EAO-2', 11.32, 3.33, 'A', 3, 2);
insert into notes_details values ('2011-2012', 'SEM-6', 'Enora Guernon', 'ECO-2', 11.32, 1.0, 'A', 0, 1);
insert into notes_details values ('2011-2012', 'SEM-6', 'Enora Guernon', 'ECO-2', 11.32, 3.33, 'A', 3, 2);
insert into notes_details values ('2011-2012', 'SEM-6', 'Enora Guernon', 'LCI-2', 11.32, 4.0, 'A', 3, 1);
insert into notes_details values ('2011-2012', 'SEM-6', 'Enora Guernon', 'MAT-2', 11.32, 3.67, 'A', 2, 1);
insert into notes_details values ('2011-2012', 'SEM-6', 'Enora Guernon', 'MCO-2', 11.32, 2.33, 'A', 0, 1);
insert into notes_details values ('2011-2012', 'SEM-6', 'Enora Guernon', 'MCO-2', 11.32, 3.0, 'A', 2, 2);
insert into notes_details values ('2011-2012', 'SEM-6', 'Enora Guernon', 'MGP-2', 11.32, 1.67, 'A', 0, 1);
insert into notes_details values ('2011-2012', 'SEM-6', 'Enora Guernon', 'MGP-2', 11.32, 2.67, 'A', 4, 2);
insert into notes_details values ('2011-2012', 'SEM-6', 'Enora Guernon', 'PHS-2', 11.32, 3.67, 'A', 2, 1);
insert into notes_details values ('2011-2012', 'SEM-6', 'Enora Guernon', 'PJT-2', 11.32, 2.0, 'A', 0, 1);
insert into notes_details values ('2011-2012', 'SEM-6', 'Enora Guernon', 'PJT-2', 11.32, 3.33, 'A', 1, 2);
insert into notes_details values ('2011-2012', 'SEM-6', 'Enora Guernon', 'RMS-2', 11.32, 2.0, 'A', 0, 1);
insert into notes_details values ('2011-2012', 'SEM-6', 'Enora Guernon', 'RMS-2', 11.32, 2.33, 'A', 4, 99);
insert into notes_details values ('2011-2012', 'SEM-6', 'Enora Guernon', 'STG-2', 11.32, 1.33, 'A', 0, 1);
insert into notes_details values ('2011-2012', 'SEM-6', 'Enora Guernon', 'STG-2', 11.32, 1.33, 'A', 2, 99);
insert into notes_details values ('2011-2012', 'SEM-6', 'Enora Guernon', 'THS-2', 11.32, 4.0, 'A', 3, 1);
insert into notes_details values ('2012-2013', 'SEM-7', 'Enora Guernon', 'ASL-3', 11.32, 3.0, 'A', 2, 1);
insert into notes_details values ('2012-2013', 'SEM-7', 'Enora Guernon', 'DPP-3', 11.32, 1.33, 'A', 0, 1);
insert into notes_details values ('2012-2013', 'SEM-7', 'Enora Guernon', 'DPP-3', 11.32, 2.67, 'A', 2, 2);
insert into notes_details values ('2012-2013', 'SEM-7', 'Enora Guernon', 'EAO-31', 11.32, 1.0, 'A', 0, 1);
insert into notes_details values ('2012-2013', 'SEM-7', 'Enora Guernon', 'EAO-31', 11.32, 1.33, 'A', 0, 2);
insert into contentieux values ('2012-2013', 'SEM-7', 'Enora Guernon', 'EAO-31');
insert into notes_details values ('2012-2013', 'SEM-7', 'Enora Guernon', 'EAO-32', 11.32, 2.33, 'A', 0, 1);
insert into notes_details values ('2012-2013', 'SEM-7', 'Enora Guernon', 'EAO-32', 11.32, 2.0, 'A', 0, 2);
insert into contentieux values ('2012-2013', 'SEM-7', 'Enora Guernon', 'EAO-32');
insert into notes_details values ('2012-2013', 'SEM-7', 'Enora Guernon', 'EAO-33', 11.32, 1.33, 'A', 0, 1);
insert into notes_details values ('2012-2013', 'SEM-7', 'Enora Guernon', 'EAO-33', 11.32, 1.33, 'A', 0, 2);
insert into contentieux values ('2012-2013', 'SEM-7', 'Enora Guernon', 'EAO-33');
insert into notes_details values ('2012-2013', 'SEM-7', 'Enora Guernon', 'EAO-34', 11.32, 2.33, 'A', 0, 1);
insert into notes_details values ('2012-2013', 'SEM-7', 'Enora Guernon', 'EAO-34', 11.32, 3.33, 'A', 2, 2);
insert into notes_details values ('2012-2013', 'SEM-7', 'Enora Guernon', 'EAO-35', 11.32, 1.67, 'A', 0, 1);
insert into notes_details values ('2012-2013', 'SEM-7', 'Enora Guernon', 'EAO-35', 11.32, 2.33, 'A', 0, 2);
insert into contentieux values ('2012-2013', 'SEM-7', 'Enora Guernon', 'EAO-35');
insert into notes_details values ('2012-2013', 'SEM-7', 'Enora Guernon', 'LCI-3', 11.32, 2.33, 'A', 0, 1);
insert into notes_details values ('2012-2013', 'SEM-7', 'Enora Guernon', 'LCI-3', 11.32, 1.0, 'A', 0, 2);
insert into contentieux values ('2012-2013', 'SEM-7', 'Enora Guernon', 'LCI-3');
insert into notes_details values ('2012-2013', 'SEM-7', 'Enora Guernon', 'MAT-3', 11.32, 1.33, 'A', 0, 1);
insert into notes_details values ('2012-2013', 'SEM-7', 'Enora Guernon', 'MAT-3', 11.32, 3.67, 'A', 3, 2);
insert into notes_details values ('2012-2013', 'SEM-7', 'Enora Guernon', 'MNG-3', 11.32, 1.0, 'A', 0, 1);
insert into notes_details values ('2012-2013', 'SEM-7', 'Enora Guernon', 'MNG-3', 11.32, 3.33, 'A', 3, 2);
insert into notes_details values ('2012-2013', 'SEM-7', 'Enora Guernon', 'PJT-3', 11.32, 2.0, 'A', 0, 1);
insert into notes_details values ('2012-2013', 'SEM-7', 'Enora Guernon', 'PJT-3', 11.32, 3.67, 'A', 5, 2);
insert into notes_details values ('2012-2013', 'SEM-7', 'Enora Guernon', 'STD-3', 11.32, 1.33, 'A', 0, 1);
insert into notes_details values ('2012-2013', 'SEM-7', 'Enora Guernon', 'STD-3', 11.32, 2.0, 'A', 0, 2);
insert into contentieux values ('2012-2013', 'SEM-7', 'Enora Guernon', 'STD-3');
insert into gpa values ('2011-2012', 'SEM-5', 'Enora Guernon', 3.58);
insert into gpa values ('2011-2012', 'SEM-6', 'Enora Guernon', 3.09);
insert into gpa values ('2012-2013', 'SEM-7', 'Enora Guernon', 2.76);
insert into eleves values ('Alfredo Marton', 1, 'S', 'Tres bien', 'MP', 'MP', 'amarton');
insert into notes_details values ('2011-2012', 'SEM-5', 'Alfredo Marton', 'ALG-1', 11.32, 4.0, 'A', 3, 1);
insert into notes_details values ('2011-2012', 'SEM-5', 'Alfredo Marton', 'DPP-1', 11.32, 1.0, 'A', 0, 1);
insert into notes_details values ('2011-2012', 'SEM-5', 'Alfredo Marton', 'DPP-1', 11.32, 1.33, 'A', 2, 99);
insert into notes_details values ('2011-2012', 'SEM-5', 'Alfredo Marton', 'ELE-1', 11.32, 3.67, 'A', 3, 1);
insert into notes_details values ('2011-2012', 'SEM-5', 'Alfredo Marton', 'INP-1', 11.32, 3.0, 'A', 3, 1);
insert into notes_details values ('2011-2012', 'SEM-5', 'Alfredo Marton', 'LCI-1', 11.32, 1.0, 'A', 0, 1);
insert into notes_details values ('2011-2012', 'SEM-5', 'Alfredo Marton', 'LCI-1', 11.32, 3.67, 'A', 3, 2);
insert into notes_details values ('2011-2012', 'SEM-5', 'Alfredo Marton', 'MAT-1', 11.32, 3.0, 'A', 3, 1);
insert into notes_details values ('2011-2012', 'SEM-5', 'Alfredo Marton', 'MGP-1', 11.32, 3.67, 'A', 4, 1);
insert into notes_details values ('2011-2012', 'SEM-5', 'Alfredo Marton', 'PHO-1', 11.32, 2.0, 'A', 0, 1);
insert into notes_details values ('2011-2012', 'SEM-5', 'Alfredo Marton', 'PHO-1', 11.32, 1.67, 'A', 3, 99);
insert into notes_details values ('2011-2012', 'SEM-5', 'Alfredo Marton', 'PHQ-1', 11.32, 2.67, 'A', 3, 1);
insert into notes_details values ('2011-2012', 'SEM-5', 'Alfredo Marton', 'SPM-1', 11.32, 2.33, 'A', 0, 1);
insert into notes_details values ('2011-2012', 'SEM-5', 'Alfredo Marton', 'SPM-1', 11.32, 3.0, 'A', 3, 2);
insert into notes_details values ('2011-2012', 'SEM-6', 'Alfredo Marton', 'DPP-2', 11.32, 3.0, 'A', 1, 1);
insert into notes_details values ('2011-2012', 'SEM-6', 'Alfredo Marton', 'EAO-2', 11.32, 3.67, 'A', 3, 1);
insert into notes_details values ('2011-2012', 'SEM-6', 'Alfredo Marton', 'ECO-2', 11.32, 4.0, 'A', 3, 1);
insert into notes_details values ('2011-2012', 'SEM-6', 'Alfredo Marton', 'LCI-2', 11.32, 3.33, 'A', 3, 1);
insert into notes_details values ('2011-2012', 'SEM-6', 'Alfredo Marton', 'MAT-2', 11.32, 2.33, 'A', 0, 1);
insert into notes_details values ('2011-2012', 'SEM-6', 'Alfredo Marton', 'MAT-2', 11.32, 3.33, 'A', 2, 2);
insert into notes_details values ('2011-2012', 'SEM-6', 'Alfredo Marton', 'MCO-2', 11.32, 4.0, 'A', 2, 1);
insert into notes_details values ('2011-2012', 'SEM-6', 'Alfredo Marton', 'MGP-2', 11.32, 3.0, 'A', 4, 1);
insert into notes_details values ('2011-2012', 'SEM-6', 'Alfredo Marton', 'PHS-2', 11.32, 3.33, 'A', 2, 1);
insert into notes_details values ('2011-2012', 'SEM-6', 'Alfredo Marton', 'PJT-2', 11.32, 1.67, 'A', 0, 1);
insert into notes_details values ('2011-2012', 'SEM-6', 'Alfredo Marton', 'PJT-2', 11.32, 4.0, 'A', 1, 2);
insert into notes_details values ('2011-2012', 'SEM-6', 'Alfredo Marton', 'RMS-2', 11.32, 2.33, 'A', 0, 1);
insert into notes_details values ('2011-2012', 'SEM-6', 'Alfredo Marton', 'RMS-2', 11.32, 4.0, 'A', 4, 2);
insert into notes_details values ('2011-2012', 'SEM-6', 'Alfredo Marton', 'STG-2', 11.32, 2.33, 'A', 0, 1);
insert into notes_details values ('2011-2012', 'SEM-6', 'Alfredo Marton', 'STG-2', 11.32, 3.33, 'A', 2, 2);
insert into notes_details values ('2011-2012', 'SEM-6', 'Alfredo Marton', 'THS-2', 11.32, 3.33, 'A', 3, 1);
insert into notes_details values ('2012-2013', 'SEM-7', 'Alfredo Marton', 'ASL-3', 11.32, 1.0, 'A', 0, 1);
insert into notes_details values ('2012-2013', 'SEM-7', 'Alfredo Marton', 'ASL-3', 11.32, 2.67, 'A', 2, 2);
insert into notes_details values ('2012-2013', 'SEM-7', 'Alfredo Marton', 'DPP-3', 11.32, 1.33, 'A', 0, 1);
insert into notes_details values ('2012-2013', 'SEM-7', 'Alfredo Marton', 'DPP-3', 11.32, 2.33, 'A', 0, 2);
insert into contentieux values ('2012-2013', 'SEM-7', 'Alfredo Marton', 'DPP-3');
insert into notes_details values ('2012-2013', 'SEM-7', 'Alfredo Marton', 'EAO-31', 11.32, 2.0, 'A', 0, 1);
insert into notes_details values ('2012-2013', 'SEM-7', 'Alfredo Marton', 'EAO-31', 11.32, 2.33, 'A', 0, 2);
insert into contentieux values ('2012-2013', 'SEM-7', 'Alfredo Marton', 'EAO-31');
insert into notes_details values ('2012-2013', 'SEM-7', 'Alfredo Marton', 'EAO-32', 11.32, 4.0, 'A', 2, 1);
insert into notes_details values ('2012-2013', 'SEM-7', 'Alfredo Marton', 'EAO-33', 11.32, 3.33, 'A', 2, 1);
insert into notes_details values ('2012-2013', 'SEM-7', 'Alfredo Marton', 'EAO-34', 11.32, 4.0, 'A', 2, 1);
insert into notes_details values ('2012-2013', 'SEM-7', 'Alfredo Marton', 'EAO-35', 11.32, 2.33, 'A', 0, 1);
insert into notes_details values ('2012-2013', 'SEM-7', 'Alfredo Marton', 'EAO-35', 11.32, 2.33, 'A', 0, 2);
insert into contentieux values ('2012-2013', 'SEM-7', 'Alfredo Marton', 'EAO-35');
insert into notes_details values ('2012-2013', 'SEM-7', 'Alfredo Marton', 'LCI-3', 11.32, 2.67, 'A', 3, 1);
insert into notes_details values ('2012-2013', 'SEM-7', 'Alfredo Marton', 'MAT-3', 11.32, 2.33, 'A', 0, 1);
insert into notes_details values ('2012-2013', 'SEM-7', 'Alfredo Marton', 'MAT-3', 11.32, 2.33, 'A', 3, 99);
insert into notes_details values ('2012-2013', 'SEM-7', 'Alfredo Marton', 'MNG-3', 11.32, 2.0, 'A', 0, 1);
insert into notes_details values ('2012-2013', 'SEM-7', 'Alfredo Marton', 'MNG-3', 11.32, 2.0, 'A', 0, 2);
insert into contentieux values ('2012-2013', 'SEM-7', 'Alfredo Marton', 'MNG-3');
insert into notes_details values ('2012-2013', 'SEM-7', 'Alfredo Marton', 'PJT-3', 11.32, 2.0, 'A', 0, 1);
insert into notes_details values ('2012-2013', 'SEM-7', 'Alfredo Marton', 'PJT-3', 11.32, 2.0, 'A', 0, 2);
insert into contentieux values ('2012-2013', 'SEM-7', 'Alfredo Marton', 'PJT-3');
insert into notes_details values ('2012-2013', 'SEM-7', 'Alfredo Marton', 'STD-3', 11.32, 2.0, 'A', 0, 1);
insert into notes_details values ('2012-2013', 'SEM-7', 'Alfredo Marton', 'STD-3', 11.32, 2.0, 'A', 0, 2);
insert into contentieux values ('2012-2013', 'SEM-7', 'Alfredo Marton', 'STD-3');
insert into gpa values ('2011-2012', 'SEM-5', 'Alfredo Marton', 3.13);
insert into gpa values ('2011-2012', 'SEM-6', 'Alfredo Marton', 3.87);
insert into gpa values ('2012-2013', 'SEM-7', 'Alfredo Marton', 2.63);
insert into eleves values ('Jules Giguere', 1, 'S', 'Tres bien', 'MP', 'MP', 'jgiguere');
insert into notes_details values ('2011-2012', 'SEM-5', 'Jules Giguere', 'ALG-1', 11.32, 3.67, 'A', 3, 1);
insert into notes_details values ('2011-2012', 'SEM-5', 'Jules Giguere', 'DPP-1', 11.32, 1.67, 'A', 0, 1);
insert into notes_details values ('2011-2012', 'SEM-5', 'Jules Giguere', 'DPP-1', 11.32, 3.33, 'A', 2, 2);
insert into notes_details values ('2011-2012', 'SEM-5', 'Jules Giguere', 'ELE-1', 11.32, 1.33, 'A', 0, 1);
insert into notes_details values ('2011-2012', 'SEM-5', 'Jules Giguere', 'ELE-1', 11.32, 2.67, 'A', 3, 2);
insert into notes_details values ('2011-2012', 'SEM-5', 'Jules Giguere', 'INP-1', 11.32, 1.33, 'A', 0, 1);
insert into notes_details values ('2011-2012', 'SEM-5', 'Jules Giguere', 'INP-1', 11.32, 3.0, 'A', 3, 2);
insert into notes_details values ('2011-2012', 'SEM-5', 'Jules Giguere', 'LCI-1', 11.32, 1.67, 'A', 0, 1);
insert into notes_details values ('2011-2012', 'SEM-5', 'Jules Giguere', 'LCI-1', 11.32, 2.0, 'A', 3, 99);
insert into notes_details values ('2011-2012', 'SEM-5', 'Jules Giguere', 'MAT-1', 11.32, 1.67, 'A', 0, 1);
insert into notes_details values ('2011-2012', 'SEM-5', 'Jules Giguere', 'MAT-1', 11.32, 2.67, 'A', 3, 2);
insert into notes_details values ('2011-2012', 'SEM-5', 'Jules Giguere', 'MGP-1', 11.32, 4.0, 'A', 4, 1);
insert into notes_details values ('2011-2012', 'SEM-5', 'Jules Giguere', 'PHO-1', 11.32, 2.0, 'A', 0, 1);
insert into notes_details values ('2011-2012', 'SEM-5', 'Jules Giguere', 'PHO-1', 11.32, 2.67, 'A', 3, 2);
insert into notes_details values ('2011-2012', 'SEM-5', 'Jules Giguere', 'PHQ-1', 11.32, 1.33, 'A', 0, 1);
insert into notes_details values ('2011-2012', 'SEM-5', 'Jules Giguere', 'PHQ-1', 11.32, 3.33, 'A', 3, 2);
insert into notes_details values ('2011-2012', 'SEM-5', 'Jules Giguere', 'SPM-1', 11.32, 1.67, 'A', 0, 1);
insert into notes_details values ('2011-2012', 'SEM-5', 'Jules Giguere', 'SPM-1', 11.32, 4.0, 'A', 3, 2);
insert into notes_details values ('2011-2012', 'SEM-6', 'Jules Giguere', 'DPP-2', 11.32, 3.33, 'A', 1, 1);
insert into notes_details values ('2011-2012', 'SEM-6', 'Jules Giguere', 'EAO-2', 11.32, 1.33, 'A', 0, 1);
insert into notes_details values ('2011-2012', 'SEM-6', 'Jules Giguere', 'EAO-2', 11.32, 3.67, 'A', 3, 2);
insert into notes_details values ('2011-2012', 'SEM-6', 'Jules Giguere', 'ECO-2', 11.32, 3.67, 'A', 3, 1);
insert into notes_details values ('2011-2012', 'SEM-6', 'Jules Giguere', 'LCI-2', 11.32, 2.0, 'A', 0, 1);
insert into notes_details values ('2011-2012', 'SEM-6', 'Jules Giguere', 'LCI-2', 11.32, 2.33, 'A', 3, 99);
insert into notes_details values ('2011-2012', 'SEM-6', 'Jules Giguere', 'MAT-2', 11.32, 1.0, 'A', 0, 1);
insert into notes_details values ('2011-2012', 'SEM-6', 'Jules Giguere', 'MAT-2', 11.32, 4.0, 'A', 2, 2);
insert into notes_details values ('2011-2012', 'SEM-6', 'Jules Giguere', 'MCO-2', 11.32, 3.67, 'A', 2, 1);
insert into notes_details values ('2011-2012', 'SEM-6', 'Jules Giguere', 'MGP-2', 11.32, 2.67, 'A', 4, 1);
insert into notes_details values ('2011-2012', 'SEM-6', 'Jules Giguere', 'PHS-2', 11.32, 4.0, 'A', 2, 1);
insert into notes_details values ('2011-2012', 'SEM-6', 'Jules Giguere', 'PJT-2', 11.32, 4.0, 'A', 1, 1);
insert into notes_details values ('2011-2012', 'SEM-6', 'Jules Giguere', 'RMS-2', 11.32, 3.0, 'A', 4, 1);
insert into notes_details values ('2011-2012', 'SEM-6', 'Jules Giguere', 'STG-2', 11.32, 3.67, 'A', 2, 1);
insert into notes_details values ('2011-2012', 'SEM-6', 'Jules Giguere', 'THS-2', 11.32, 2.0, 'A', 0, 1);
insert into notes_details values ('2011-2012', 'SEM-6', 'Jules Giguere', 'THS-2', 11.32, 2.0, 'A', 3, 99);
insert into notes_details values ('2012-2013', 'SEM-7', 'Jules Giguere', 'ASL-3', 11.32, 2.67, 'A', 2, 1);
insert into notes_details values ('2012-2013', 'SEM-7', 'Jules Giguere', 'DPP-3', 11.32, 1.0, 'A', 0, 1);
insert into notes_details values ('2012-2013', 'SEM-7', 'Jules Giguere', 'DPP-3', 11.32, 3.0, 'A', 2, 2);
insert into notes_details values ('2012-2013', 'SEM-7', 'Jules Giguere', 'EAO-31', 11.32, 1.33, 'A', 0, 1);
insert into notes_details values ('2012-2013', 'SEM-7', 'Jules Giguere', 'EAO-31', 11.32, 4.0, 'A', 2, 2);
insert into notes_details values ('2012-2013', 'SEM-7', 'Jules Giguere', 'EAO-32', 11.32, 3.67, 'A', 2, 1);
insert into notes_details values ('2012-2013', 'SEM-7', 'Jules Giguere', 'EAO-33', 11.32, 1.0, 'A', 0, 1);
insert into notes_details values ('2012-2013', 'SEM-7', 'Jules Giguere', 'EAO-33', 11.32, 1.67, 'A', 2, 99);
insert into notes_details values ('2012-2013', 'SEM-7', 'Jules Giguere', 'EAO-34', 11.32, 2.0, 'A', 0, 1);
insert into notes_details values ('2012-2013', 'SEM-7', 'Jules Giguere', 'EAO-34', 11.32, 3.67, 'A', 2, 2);
insert into notes_details values ('2012-2013', 'SEM-7', 'Jules Giguere', 'EAO-35', 11.32, 3.67, 'A', 2, 1);
insert into notes_details values ('2012-2013', 'SEM-7', 'Jules Giguere', 'LCI-3', 11.32, 1.0, 'A', 0, 1);
insert into notes_details values ('2012-2013', 'SEM-7', 'Jules Giguere', 'LCI-3', 11.32, 3.33, 'A', 3, 2);
insert into notes_details values ('2012-2013', 'SEM-7', 'Jules Giguere', 'MAT-3', 11.32, 1.33, 'A', 0, 1);
insert into notes_details values ('2012-2013', 'SEM-7', 'Jules Giguere', 'MAT-3', 11.32, 1.33, 'A', 0, 2);
insert into contentieux values ('2012-2013', 'SEM-7', 'Jules Giguere', 'MAT-3');
insert into notes_details values ('2012-2013', 'SEM-7', 'Jules Giguere', 'MNG-3', 11.32, 2.33, 'A', 0, 1);
insert into notes_details values ('2012-2013', 'SEM-7', 'Jules Giguere', 'MNG-3', 11.32, 1.0, 'A', 0, 2);
insert into contentieux values ('2012-2013', 'SEM-7', 'Jules Giguere', 'MNG-3');
insert into notes_details values ('2012-2013', 'SEM-7', 'Jules Giguere', 'PJT-3', 11.32, 2.0, 'A', 0, 1);
insert into notes_details values ('2012-2013', 'SEM-7', 'Jules Giguere', 'PJT-3', 11.32, 3.67, 'A', 5, 2);
insert into notes_details values ('2012-2013', 'SEM-7', 'Jules Giguere', 'STD-3', 11.32, 4.0, 'A', 2, 1);
insert into gpa values ('2011-2012', 'SEM-5', 'Jules Giguere', 3.06);
insert into gpa values ('2011-2012', 'SEM-6', 'Jules Giguere', 2.93);
insert into gpa values ('2012-2013', 'SEM-7', 'Jules Giguere', 2.64);
insert into eleves values ('Maurice Roux', 1, 'S', 'Tres bien', 'MP', 'MP', 'mroux');
insert into notes_details values ('2011-2012', 'SEM-5', 'Maurice Roux', 'ALG-1', 11.32, 1.67, 'A', 0, 1);
insert into notes_details values ('2011-2012', 'SEM-5', 'Maurice Roux', 'ALG-1', 11.32, 1.0, 'A', 3, 99);
insert into notes_details values ('2011-2012', 'SEM-5', 'Maurice Roux', 'DPP-1', 11.32, 3.33, 'A', 2, 1);
insert into notes_details values ('2011-2012', 'SEM-5', 'Maurice Roux', 'ELE-1', 11.32, 1.33, 'A', 0, 1);
insert into notes_details values ('2011-2012', 'SEM-5', 'Maurice Roux', 'ELE-1', 11.32, 1.0, 'A', 3, 99);
insert into notes_details values ('2011-2012', 'SEM-5', 'Maurice Roux', 'INP-1', 11.32, 1.67, 'A', 0, 1);
insert into notes_details values ('2011-2012', 'SEM-5', 'Maurice Roux', 'INP-1', 11.32, 1.0, 'A', 3, 99);
insert into notes_details values ('2011-2012', 'SEM-5', 'Maurice Roux', 'LCI-1', 11.32, 2.33, 'A', 0, 1);
insert into notes_details values ('2011-2012', 'SEM-5', 'Maurice Roux', 'LCI-1', 11.32, 2.67, 'A', 3, 2);
insert into notes_details values ('2011-2012', 'SEM-5', 'Maurice Roux', 'MAT-1', 11.32, 1.67, 'A', 0, 1);
insert into notes_details values ('2011-2012', 'SEM-5', 'Maurice Roux', 'MAT-1', 11.32, 4.0, 'A', 3, 2);
insert into notes_details values ('2011-2012', 'SEM-5', 'Maurice Roux', 'MGP-1', 11.32, 2.67, 'A', 4, 1);
insert into notes_details values ('2011-2012', 'SEM-5', 'Maurice Roux', 'PHO-1', 11.32, 2.67, 'A', 3, 1);
insert into notes_details values ('2011-2012', 'SEM-5', 'Maurice Roux', 'PHQ-1', 11.32, 2.33, 'A', 0, 1);
insert into notes_details values ('2011-2012', 'SEM-5', 'Maurice Roux', 'PHQ-1', 11.32, 2.67, 'A', 3, 2);
insert into notes_details values ('2011-2012', 'SEM-5', 'Maurice Roux', 'SPM-1', 11.32, 2.0, 'A', 0, 1);
insert into notes_details values ('2011-2012', 'SEM-5', 'Maurice Roux', 'SPM-1', 11.32, 2.67, 'A', 3, 2);
insert into notes_details values ('2011-2012', 'SEM-6', 'Maurice Roux', 'DPP-2', 11.32, 1.0, 'A', 0, 1);
insert into notes_details values ('2011-2012', 'SEM-6', 'Maurice Roux', 'DPP-2', 11.32, 4.0, 'A', 1, 2);
insert into notes_details values ('2011-2012', 'SEM-6', 'Maurice Roux', 'EAO-2', 11.32, 3.0, 'A', 3, 1);
insert into notes_details values ('2011-2012', 'SEM-6', 'Maurice Roux', 'ECO-2', 11.32, 3.0, 'A', 3, 1);
insert into notes_details values ('2011-2012', 'SEM-6', 'Maurice Roux', 'LCI-2', 11.32, 3.67, 'A', 3, 1);
insert into notes_details values ('2011-2012', 'SEM-6', 'Maurice Roux', 'MAT-2', 11.32, 3.33, 'A', 2, 1);
insert into notes_details values ('2011-2012', 'SEM-6', 'Maurice Roux', 'MCO-2', 11.32, 3.33, 'A', 2, 1);
insert into notes_details values ('2011-2012', 'SEM-6', 'Maurice Roux', 'MGP-2', 11.32, 1.0, 'A', 0, 1);
insert into notes_details values ('2011-2012', 'SEM-6', 'Maurice Roux', 'MGP-2', 11.32, 4.0, 'A', 4, 2);
insert into notes_details values ('2011-2012', 'SEM-6', 'Maurice Roux', 'PHS-2', 11.32, 3.67, 'A', 2, 1);
insert into notes_details values ('2011-2012', 'SEM-6', 'Maurice Roux', 'PJT-2', 11.32, 1.0, 'A', 0, 1);
insert into notes_details values ('2011-2012', 'SEM-6', 'Maurice Roux', 'PJT-2', 11.32, 1.67, 'A', 1, 99);
insert into notes_details values ('2011-2012', 'SEM-6', 'Maurice Roux', 'RMS-2', 11.32, 2.67, 'A', 4, 1);
insert into notes_details values ('2011-2012', 'SEM-6', 'Maurice Roux', 'STG-2', 11.32, 1.33, 'A', 0, 1);
insert into notes_details values ('2011-2012', 'SEM-6', 'Maurice Roux', 'STG-2', 11.32, 1.0, 'A', 2, 99);
insert into notes_details values ('2011-2012', 'SEM-6', 'Maurice Roux', 'THS-2', 11.32, 3.0, 'A', 3, 1);
insert into notes_details values ('2012-2013', 'SEM-7', 'Maurice Roux', 'ASL-3', 11.32, 1.33, 'A', 0, 1);
insert into notes_details values ('2012-2013', 'SEM-7', 'Maurice Roux', 'ASL-3', 11.32, 3.67, 'A', 2, 2);
insert into notes_details values ('2012-2013', 'SEM-7', 'Maurice Roux', 'DPP-3', 11.32, 1.67, 'A', 0, 1);
insert into notes_details values ('2012-2013', 'SEM-7', 'Maurice Roux', 'DPP-3', 11.32, 1.67, 'A', 0, 2);
insert into contentieux values ('2012-2013', 'SEM-7', 'Maurice Roux', 'DPP-3');
insert into notes_details values ('2012-2013', 'SEM-7', 'Maurice Roux', 'EAO-31', 11.32, 1.0, 'A', 0, 1);
insert into notes_details values ('2012-2013', 'SEM-7', 'Maurice Roux', 'EAO-31', 11.32, 3.33, 'A', 2, 2);
insert into notes_details values ('2012-2013', 'SEM-7', 'Maurice Roux', 'EAO-32', 11.32, 1.0, 'A', 0, 1);
insert into notes_details values ('2012-2013', 'SEM-7', 'Maurice Roux', 'EAO-32', 11.32, 2.33, 'A', 0, 2);
insert into contentieux values ('2012-2013', 'SEM-7', 'Maurice Roux', 'EAO-32');
insert into notes_details values ('2012-2013', 'SEM-7', 'Maurice Roux', 'EAO-33', 11.32, 3.33, 'A', 2, 1);
insert into notes_details values ('2012-2013', 'SEM-7', 'Maurice Roux', 'EAO-34', 11.32, 2.0, 'A', 0, 1);
insert into notes_details values ('2012-2013', 'SEM-7', 'Maurice Roux', 'EAO-34', 11.32, 3.0, 'A', 2, 2);
insert into notes_details values ('2012-2013', 'SEM-7', 'Maurice Roux', 'EAO-35', 11.32, 1.0, 'A', 0, 1);
insert into notes_details values ('2012-2013', 'SEM-7', 'Maurice Roux', 'EAO-35', 11.32, 1.0, 'A', 0, 2);
insert into contentieux values ('2012-2013', 'SEM-7', 'Maurice Roux', 'EAO-35');
insert into notes_details values ('2012-2013', 'SEM-7', 'Maurice Roux', 'LCI-3', 11.32, 1.67, 'A', 0, 1);
insert into notes_details values ('2012-2013', 'SEM-7', 'Maurice Roux', 'LCI-3', 11.32, 2.33, 'A', 0, 2);
insert into contentieux values ('2012-2013', 'SEM-7', 'Maurice Roux', 'LCI-3');
insert into notes_details values ('2012-2013', 'SEM-7', 'Maurice Roux', 'MAT-3', 11.32, 1.67, 'A', 0, 1);
insert into notes_details values ('2012-2013', 'SEM-7', 'Maurice Roux', 'MAT-3', 11.32, 3.0, 'A', 3, 2);
insert into notes_details values ('2012-2013', 'SEM-7', 'Maurice Roux', 'MNG-3', 11.32, 2.0, 'A', 0, 1);
insert into notes_details values ('2012-2013', 'SEM-7', 'Maurice Roux', 'MNG-3', 11.32, 4.0, 'A', 3, 2);
insert into notes_details values ('2012-2013', 'SEM-7', 'Maurice Roux', 'PJT-3', 11.32, 1.33, 'A', 0, 1);
insert into notes_details values ('2012-2013', 'SEM-7', 'Maurice Roux', 'PJT-3', 11.32, 2.67, 'A', 5, 2);
insert into notes_details values ('2012-2013', 'SEM-7', 'Maurice Roux', 'STD-3', 11.32, 1.67, 'A', 0, 1);
insert into notes_details values ('2012-2013', 'SEM-7', 'Maurice Roux', 'STD-3', 11.32, 4.0, 'A', 2, 2);
insert into gpa values ('2011-2012', 'SEM-5', 'Maurice Roux', 3.86);
insert into gpa values ('2011-2012', 'SEM-6', 'Maurice Roux', 2.38);
insert into gpa values ('2012-2013', 'SEM-7', 'Maurice Roux', 3.88);
insert into eleves values ('Marianne Nedved', 1, 'S', 'Tres bien', 'MP', 'MP', 'mnedved');
insert into notes_details values ('2011-2012', 'SEM-5', 'Marianne Nedved', 'ALG-1', 11.32, 1.67, 'A', 0, 1);
insert into notes_details values ('2011-2012', 'SEM-5', 'Marianne Nedved', 'ALG-1', 11.32, 3.33, 'A', 3, 2);
insert into notes_details values ('2011-2012', 'SEM-5', 'Marianne Nedved', 'DPP-1', 11.32, 3.33, 'A', 2, 1);
insert into notes_details values ('2011-2012', 'SEM-5', 'Marianne Nedved', 'ELE-1', 11.32, 2.67, 'A', 3, 1);
insert into notes_details values ('2011-2012', 'SEM-5', 'Marianne Nedved', 'INP-1', 11.32, 2.33, 'A', 0, 1);
insert into notes_details values ('2011-2012', 'SEM-5', 'Marianne Nedved', 'INP-1', 11.32, 3.67, 'A', 3, 2);
insert into notes_details values ('2011-2012', 'SEM-5', 'Marianne Nedved', 'LCI-1', 11.32, 1.67, 'A', 0, 1);
insert into notes_details values ('2011-2012', 'SEM-5', 'Marianne Nedved', 'LCI-1', 11.32, 2.67, 'A', 3, 2);
insert into notes_details values ('2011-2012', 'SEM-5', 'Marianne Nedved', 'MAT-1', 11.32, 2.33, 'A', 0, 1);
insert into notes_details values ('2011-2012', 'SEM-5', 'Marianne Nedved', 'MAT-1', 11.32, 2.0, 'A', 3, 99);
insert into notes_details values ('2011-2012', 'SEM-5', 'Marianne Nedved', 'MGP-1', 11.32, 2.67, 'A', 4, 1);
insert into notes_details values ('2011-2012', 'SEM-5', 'Marianne Nedved', 'PHO-1', 11.32, 2.33, 'A', 0, 1);
insert into notes_details values ('2011-2012', 'SEM-5', 'Marianne Nedved', 'PHO-1', 11.32, 3.0, 'A', 3, 2);
insert into notes_details values ('2011-2012', 'SEM-5', 'Marianne Nedved', 'PHQ-1', 11.32, 4.0, 'A', 3, 1);
insert into notes_details values ('2011-2012', 'SEM-5', 'Marianne Nedved', 'SPM-1', 11.32, 2.0, 'A', 0, 1);
insert into notes_details values ('2011-2012', 'SEM-5', 'Marianne Nedved', 'SPM-1', 11.32, 1.67, 'A', 3, 99);
insert into notes_details values ('2011-2012', 'SEM-6', 'Marianne Nedved', 'DPP-2', 11.32, 1.33, 'A', 0, 1);
insert into notes_details values ('2011-2012', 'SEM-6', 'Marianne Nedved', 'DPP-2', 11.32, 2.67, 'A', 1, 2);
insert into notes_details values ('2011-2012', 'SEM-6', 'Marianne Nedved', 'EAO-2', 11.32, 1.0, 'A', 0, 1);
insert into notes_details values ('2011-2012', 'SEM-6', 'Marianne Nedved', 'EAO-2', 11.32, 4.0, 'A', 3, 2);
insert into notes_details values ('2011-2012', 'SEM-6', 'Marianne Nedved', 'ECO-2', 11.32, 2.33, 'A', 0, 1);
insert into notes_details values ('2011-2012', 'SEM-6', 'Marianne Nedved', 'ECO-2', 11.32, 3.67, 'A', 3, 2);
insert into notes_details values ('2011-2012', 'SEM-6', 'Marianne Nedved', 'LCI-2', 11.32, 3.0, 'A', 3, 1);
insert into notes_details values ('2011-2012', 'SEM-6', 'Marianne Nedved', 'MAT-2', 11.32, 1.67, 'A', 0, 1);
insert into notes_details values ('2011-2012', 'SEM-6', 'Marianne Nedved', 'MAT-2', 11.32, 2.67, 'A', 2, 2);
insert into notes_details values ('2011-2012', 'SEM-6', 'Marianne Nedved', 'MCO-2', 11.32, 1.67, 'A', 0, 1);
insert into notes_details values ('2011-2012', 'SEM-6', 'Marianne Nedved', 'MCO-2', 11.32, 1.0, 'A', 2, 99);
insert into notes_details values ('2011-2012', 'SEM-6', 'Marianne Nedved', 'MGP-2', 11.32, 1.0, 'A', 0, 1);
insert into notes_details values ('2011-2012', 'SEM-6', 'Marianne Nedved', 'MGP-2', 11.32, 3.33, 'A', 4, 2);
insert into notes_details values ('2011-2012', 'SEM-6', 'Marianne Nedved', 'PHS-2', 11.32, 3.0, 'A', 2, 1);
insert into notes_details values ('2011-2012', 'SEM-6', 'Marianne Nedved', 'PJT-2', 11.32, 2.33, 'A', 0, 1);
insert into notes_details values ('2011-2012', 'SEM-6', 'Marianne Nedved', 'PJT-2', 11.32, 3.67, 'A', 1, 2);
insert into notes_details values ('2011-2012', 'SEM-6', 'Marianne Nedved', 'RMS-2', 11.32, 2.0, 'A', 0, 1);
insert into notes_details values ('2011-2012', 'SEM-6', 'Marianne Nedved', 'RMS-2', 11.32, 2.67, 'A', 4, 2);
insert into notes_details values ('2011-2012', 'SEM-6', 'Marianne Nedved', 'STG-2', 11.32, 3.67, 'A', 2, 1);
insert into notes_details values ('2011-2012', 'SEM-6', 'Marianne Nedved', 'THS-2', 11.32, 3.33, 'A', 3, 1);
insert into notes_details values ('2012-2013', 'SEM-7', 'Marianne Nedved', 'ASL-3', 11.32, 3.0, 'A', 2, 1);
insert into notes_details values ('2012-2013', 'SEM-7', 'Marianne Nedved', 'DPP-3', 11.32, 3.33, 'A', 2, 1);
insert into notes_details values ('2012-2013', 'SEM-7', 'Marianne Nedved', 'EAO-31', 11.32, 3.33, 'A', 2, 1);
insert into notes_details values ('2012-2013', 'SEM-7', 'Marianne Nedved', 'EAO-32', 11.32, 1.67, 'A', 0, 1);
insert into notes_details values ('2012-2013', 'SEM-7', 'Marianne Nedved', 'EAO-32', 11.32, 4.0, 'A', 2, 2);
insert into notes_details values ('2012-2013', 'SEM-7', 'Marianne Nedved', 'EAO-33', 11.32, 3.33, 'A', 2, 1);
insert into notes_details values ('2012-2013', 'SEM-7', 'Marianne Nedved', 'EAO-34', 11.32, 2.33, 'A', 0, 1);
insert into notes_details values ('2012-2013', 'SEM-7', 'Marianne Nedved', 'EAO-34', 11.32, 1.0, 'A', 2, 99);
insert into notes_details values ('2012-2013', 'SEM-7', 'Marianne Nedved', 'EAO-35', 11.32, 4.0, 'A', 2, 1);
insert into notes_details values ('2012-2013', 'SEM-7', 'Marianne Nedved', 'LCI-3', 11.32, 2.33, 'A', 0, 1);
insert into notes_details values ('2012-2013', 'SEM-7', 'Marianne Nedved', 'LCI-3', 11.32, 3.33, 'A', 3, 2);
insert into notes_details values ('2012-2013', 'SEM-7', 'Marianne Nedved', 'MAT-3', 11.32, 3.0, 'A', 3, 1);
insert into notes_details values ('2012-2013', 'SEM-7', 'Marianne Nedved', 'MNG-3', 11.32, 2.0, 'A', 0, 1);
insert into notes_details values ('2012-2013', 'SEM-7', 'Marianne Nedved', 'MNG-3', 11.32, 3.67, 'A', 3, 2);
insert into notes_details values ('2012-2013', 'SEM-7', 'Marianne Nedved', 'PJT-3', 11.32, 2.33, 'A', 0, 1);
insert into notes_details values ('2012-2013', 'SEM-7', 'Marianne Nedved', 'PJT-3', 11.32, 2.0, 'A', 0, 2);
insert into contentieux values ('2012-2013', 'SEM-7', 'Marianne Nedved', 'PJT-3');
insert into notes_details values ('2012-2013', 'SEM-7', 'Marianne Nedved', 'STD-3', 11.32, 1.33, 'A', 0, 1);
insert into notes_details values ('2012-2013', 'SEM-7', 'Marianne Nedved', 'STD-3', 11.32, 4.0, 'A', 2, 2);
insert into gpa values ('2011-2012', 'SEM-5', 'Marianne Nedved', 2.07);
insert into gpa values ('2011-2012', 'SEM-6', 'Marianne Nedved', 3.66);
insert into gpa values ('2012-2013', 'SEM-7', 'Marianne Nedved', 3.64);
insert into eleves values ('Theo Sciverit', 1, 'S', 'Tres bien', 'MP', 'MP', 'tsciverit');
insert into notes_details values ('2011-2012', 'SEM-5', 'Theo Sciverit', 'ALG-1', 11.32, 3.67, 'A', 3, 1);
insert into notes_details values ('2011-2012', 'SEM-5', 'Theo Sciverit', 'DPP-1', 11.32, 1.33, 'A', 0, 1);
insert into notes_details values ('2011-2012', 'SEM-5', 'Theo Sciverit', 'DPP-1', 11.32, 2.67, 'A', 2, 2);
insert into notes_details values ('2011-2012', 'SEM-5', 'Theo Sciverit', 'ELE-1', 11.32, 3.0, 'A', 3, 1);
insert into notes_details values ('2011-2012', 'SEM-5', 'Theo Sciverit', 'INP-1', 11.32, 4.0, 'A', 3, 1);
insert into notes_details values ('2011-2012', 'SEM-5', 'Theo Sciverit', 'LCI-1', 11.32, 2.33, 'A', 0, 1);
insert into notes_details values ('2011-2012', 'SEM-5', 'Theo Sciverit', 'LCI-1', 11.32, 2.67, 'A', 3, 2);
insert into notes_details values ('2011-2012', 'SEM-5', 'Theo Sciverit', 'MAT-1', 11.32, 1.33, 'A', 0, 1);
insert into notes_details values ('2011-2012', 'SEM-5', 'Theo Sciverit', 'MAT-1', 11.32, 4.0, 'A', 3, 2);
insert into notes_details values ('2011-2012', 'SEM-5', 'Theo Sciverit', 'MGP-1', 11.32, 3.67, 'A', 4, 1);
insert into notes_details values ('2011-2012', 'SEM-5', 'Theo Sciverit', 'PHO-1', 11.32, 1.0, 'A', 0, 1);
insert into notes_details values ('2011-2012', 'SEM-5', 'Theo Sciverit', 'PHO-1', 11.32, 1.0, 'A', 3, 99);
insert into notes_details values ('2011-2012', 'SEM-5', 'Theo Sciverit', 'PHQ-1', 11.32, 3.0, 'A', 3, 1);
insert into notes_details values ('2011-2012', 'SEM-5', 'Theo Sciverit', 'SPM-1', 11.32, 3.0, 'A', 3, 1);
insert into notes_details values ('2011-2012', 'SEM-6', 'Theo Sciverit', 'DPP-2', 11.32, 2.0, 'A', 0, 1);
insert into notes_details values ('2011-2012', 'SEM-6', 'Theo Sciverit', 'DPP-2', 11.32, 3.33, 'A', 1, 2);
insert into notes_details values ('2011-2012', 'SEM-6', 'Theo Sciverit', 'EAO-2', 11.32, 2.33, 'A', 0, 1);
insert into notes_details values ('2011-2012', 'SEM-6', 'Theo Sciverit', 'EAO-2', 11.32, 3.67, 'A', 3, 2);
insert into notes_details values ('2011-2012', 'SEM-6', 'Theo Sciverit', 'ECO-2', 11.32, 2.67, 'A', 3, 1);
insert into notes_details values ('2011-2012', 'SEM-6', 'Theo Sciverit', 'LCI-2', 11.32, 1.0, 'A', 0, 1);
insert into notes_details values ('2011-2012', 'SEM-6', 'Theo Sciverit', 'LCI-2', 11.32, 4.0, 'A', 3, 2);
insert into notes_details values ('2011-2012', 'SEM-6', 'Theo Sciverit', 'MAT-2', 11.32, 2.33, 'A', 0, 1);
insert into notes_details values ('2011-2012', 'SEM-6', 'Theo Sciverit', 'MAT-2', 11.32, 2.67, 'A', 2, 2);
insert into notes_details values ('2011-2012', 'SEM-6', 'Theo Sciverit', 'MCO-2', 11.32, 3.33, 'A', 2, 1);
insert into notes_details values ('2011-2012', 'SEM-6', 'Theo Sciverit', 'MGP-2', 11.32, 2.67, 'A', 4, 1);
insert into notes_details values ('2011-2012', 'SEM-6', 'Theo Sciverit', 'PHS-2', 11.32, 4.0, 'A', 2, 1);
insert into notes_details values ('2011-2012', 'SEM-6', 'Theo Sciverit', 'PJT-2', 11.32, 4.0, 'A', 1, 1);
insert into notes_details values ('2011-2012', 'SEM-6', 'Theo Sciverit', 'RMS-2', 11.32, 1.0, 'A', 0, 1);
insert into notes_details values ('2011-2012', 'SEM-6', 'Theo Sciverit', 'RMS-2', 11.32, 2.67, 'A', 4, 2);
insert into notes_details values ('2011-2012', 'SEM-6', 'Theo Sciverit', 'STG-2', 11.32, 4.0, 'A', 2, 1);
insert into notes_details values ('2011-2012', 'SEM-6', 'Theo Sciverit', 'THS-2', 11.32, 2.33, 'A', 0, 1);
insert into notes_details values ('2011-2012', 'SEM-6', 'Theo Sciverit', 'THS-2', 11.32, 2.67, 'A', 3, 2);
insert into notes_details values ('2012-2013', 'SEM-7', 'Theo Sciverit', 'ASL-3', 11.32, 2.0, 'A', 0, 1);
insert into notes_details values ('2012-2013', 'SEM-7', 'Theo Sciverit', 'ASL-3', 11.32, 2.33, 'A', 2, 99);
insert into notes_details values ('2012-2013', 'SEM-7', 'Theo Sciverit', 'DPP-3', 11.32, 1.0, 'A', 0, 1);
insert into notes_details values ('2012-2013', 'SEM-7', 'Theo Sciverit', 'DPP-3', 11.32, 3.67, 'A', 2, 2);
insert into notes_details values ('2012-2013', 'SEM-7', 'Theo Sciverit', 'EAO-31', 11.32, 1.33, 'A', 0, 1);
insert into notes_details values ('2012-2013', 'SEM-7', 'Theo Sciverit', 'EAO-31', 11.32, 1.33, 'A', 0, 2);
insert into contentieux values ('2012-2013', 'SEM-7', 'Theo Sciverit', 'EAO-31');
insert into notes_details values ('2012-2013', 'SEM-7', 'Theo Sciverit', 'EAO-32', 11.32, 3.67, 'A', 2, 1);
insert into notes_details values ('2012-2013', 'SEM-7', 'Theo Sciverit', 'EAO-33', 11.32, 2.33, 'A', 0, 1);
insert into notes_details values ('2012-2013', 'SEM-7', 'Theo Sciverit', 'EAO-33', 11.32, 2.0, 'A', 2, 99);
insert into notes_details values ('2012-2013', 'SEM-7', 'Theo Sciverit', 'EAO-34', 11.32, 2.33, 'A', 0, 1);
insert into notes_details values ('2012-2013', 'SEM-7', 'Theo Sciverit', 'EAO-34', 11.32, 2.67, 'A', 2, 2);
insert into notes_details values ('2012-2013', 'SEM-7', 'Theo Sciverit', 'EAO-35', 11.32, 4.0, 'A', 2, 1);
insert into notes_details values ('2012-2013', 'SEM-7', 'Theo Sciverit', 'LCI-3', 11.32, 1.67, 'A', 0, 1);
insert into notes_details values ('2012-2013', 'SEM-7', 'Theo Sciverit', 'LCI-3', 11.32, 2.33, 'A', 0, 2);
insert into contentieux values ('2012-2013', 'SEM-7', 'Theo Sciverit', 'LCI-3');
insert into notes_details values ('2012-2013', 'SEM-7', 'Theo Sciverit', 'MAT-3', 11.32, 1.67, 'A', 0, 1);
insert into notes_details values ('2012-2013', 'SEM-7', 'Theo Sciverit', 'MAT-3', 11.32, 1.67, 'A', 0, 2);
insert into contentieux values ('2012-2013', 'SEM-7', 'Theo Sciverit', 'MAT-3');
insert into notes_details values ('2012-2013', 'SEM-7', 'Theo Sciverit', 'MNG-3', 11.32, 1.33, 'A', 0, 1);
insert into notes_details values ('2012-2013', 'SEM-7', 'Theo Sciverit', 'MNG-3', 11.32, 1.0, 'A', 0, 2);
insert into contentieux values ('2012-2013', 'SEM-7', 'Theo Sciverit', 'MNG-3');
insert into notes_details values ('2012-2013', 'SEM-7', 'Theo Sciverit', 'PJT-3', 11.32, 4.0, 'A', 5, 1);
insert into notes_details values ('2012-2013', 'SEM-7', 'Theo Sciverit', 'STD-3', 11.32, 3.0, 'A', 2, 1);
insert into gpa values ('2011-2012', 'SEM-5', 'Theo Sciverit', 3.96);
insert into gpa values ('2011-2012', 'SEM-6', 'Theo Sciverit', 2.41);
insert into gpa values ('2012-2013', 'SEM-7', 'Theo Sciverit', 2.91);
insert into eleves values ('Bruno Richard', 1, 'S', 'Tres bien', 'MP', 'MP', 'brichard');
insert into notes_details values ('2011-2012', 'SEM-5', 'Bruno Richard', 'ALG-1', 11.32, 1.67, 'A', 0, 1);
insert into notes_details values ('2011-2012', 'SEM-5', 'Bruno Richard', 'ALG-1', 11.32, 3.0, 'A', 3, 2);
insert into notes_details values ('2011-2012', 'SEM-5', 'Bruno Richard', 'DPP-1', 11.32, 1.0, 'A', 0, 1);
insert into notes_details values ('2011-2012', 'SEM-5', 'Bruno Richard', 'DPP-1', 11.32, 3.0, 'A', 2, 2);
insert into notes_details values ('2011-2012', 'SEM-5', 'Bruno Richard', 'ELE-1', 11.32, 1.67, 'A', 0, 1);
insert into notes_details values ('2011-2012', 'SEM-5', 'Bruno Richard', 'ELE-1', 11.32, 3.33, 'A', 3, 2);
insert into notes_details values ('2011-2012', 'SEM-5', 'Bruno Richard', 'INP-1', 11.32, 3.67, 'A', 3, 1);
insert into notes_details values ('2011-2012', 'SEM-5', 'Bruno Richard', 'LCI-1', 11.32, 4.0, 'A', 3, 1);
insert into notes_details values ('2011-2012', 'SEM-5', 'Bruno Richard', 'MAT-1', 11.32, 4.0, 'A', 3, 1);
insert into notes_details values ('2011-2012', 'SEM-5', 'Bruno Richard', 'MGP-1', 11.32, 1.33, 'A', 0, 1);
insert into notes_details values ('2011-2012', 'SEM-5', 'Bruno Richard', 'MGP-1', 11.32, 1.33, 'A', 4, 99);
insert into notes_details values ('2011-2012', 'SEM-5', 'Bruno Richard', 'PHO-1', 11.32, 3.0, 'A', 3, 1);
insert into notes_details values ('2011-2012', 'SEM-5', 'Bruno Richard', 'PHQ-1', 11.32, 2.0, 'A', 0, 1);
insert into notes_details values ('2011-2012', 'SEM-5', 'Bruno Richard', 'PHQ-1', 11.32, 3.33, 'A', 3, 2);
insert into notes_details values ('2011-2012', 'SEM-5', 'Bruno Richard', 'SPM-1', 11.32, 1.33, 'A', 0, 1);
insert into notes_details values ('2011-2012', 'SEM-5', 'Bruno Richard', 'SPM-1', 11.32, 3.33, 'A', 3, 2);
insert into notes_details values ('2011-2012', 'SEM-6', 'Bruno Richard', 'DPP-2', 11.32, 3.33, 'A', 1, 1);
insert into notes_details values ('2011-2012', 'SEM-6', 'Bruno Richard', 'EAO-2', 11.32, 2.33, 'A', 0, 1);
insert into notes_details values ('2011-2012', 'SEM-6', 'Bruno Richard', 'EAO-2', 11.32, 3.33, 'A', 3, 2);
insert into notes_details values ('2011-2012', 'SEM-6', 'Bruno Richard', 'ECO-2', 11.32, 3.33, 'A', 3, 1);
insert into notes_details values ('2011-2012', 'SEM-6', 'Bruno Richard', 'LCI-2', 11.32, 4.0, 'A', 3, 1);
insert into notes_details values ('2011-2012', 'SEM-6', 'Bruno Richard', 'MAT-2', 11.32, 4.0, 'A', 2, 1);
insert into notes_details values ('2011-2012', 'SEM-6', 'Bruno Richard', 'MCO-2', 11.32, 1.67, 'A', 0, 1);
insert into notes_details values ('2011-2012', 'SEM-6', 'Bruno Richard', 'MCO-2', 11.32, 2.67, 'A', 2, 2);
insert into notes_details values ('2011-2012', 'SEM-6', 'Bruno Richard', 'MGP-2', 11.32, 2.33, 'A', 0, 1);
insert into notes_details values ('2011-2012', 'SEM-6', 'Bruno Richard', 'MGP-2', 11.32, 3.33, 'A', 4, 2);
insert into notes_details values ('2011-2012', 'SEM-6', 'Bruno Richard', 'PHS-2', 11.32, 3.33, 'A', 2, 1);
insert into notes_details values ('2011-2012', 'SEM-6', 'Bruno Richard', 'PJT-2', 11.32, 1.33, 'A', 0, 1);
insert into notes_details values ('2011-2012', 'SEM-6', 'Bruno Richard', 'PJT-2', 11.32, 2.0, 'A', 1, 99);
insert into notes_details values ('2011-2012', 'SEM-6', 'Bruno Richard', 'RMS-2', 11.32, 3.33, 'A', 4, 1);
insert into notes_details values ('2011-2012', 'SEM-6', 'Bruno Richard', 'STG-2', 11.32, 2.0, 'A', 0, 1);
insert into notes_details values ('2011-2012', 'SEM-6', 'Bruno Richard', 'STG-2', 11.32, 3.33, 'A', 2, 2);
insert into notes_details values ('2011-2012', 'SEM-6', 'Bruno Richard', 'THS-2', 11.32, 1.67, 'A', 0, 1);
insert into notes_details values ('2011-2012', 'SEM-6', 'Bruno Richard', 'THS-2', 11.32, 2.67, 'A', 3, 2);
insert into notes_details values ('2012-2013', 'SEM-7', 'Bruno Richard', 'ASL-3', 11.32, 3.33, 'A', 2, 1);
insert into notes_details values ('2012-2013', 'SEM-7', 'Bruno Richard', 'DPP-3', 11.32, 2.67, 'A', 2, 1);
insert into notes_details values ('2012-2013', 'SEM-7', 'Bruno Richard', 'EAO-31', 11.32, 2.33, 'A', 0, 1);
insert into notes_details values ('2012-2013', 'SEM-7', 'Bruno Richard', 'EAO-31', 11.32, 4.0, 'A', 2, 2);
insert into notes_details values ('2012-2013', 'SEM-7', 'Bruno Richard', 'EAO-32', 11.32, 2.33, 'A', 0, 1);
insert into notes_details values ('2012-2013', 'SEM-7', 'Bruno Richard', 'EAO-32', 11.32, 4.0, 'A', 2, 2);
insert into notes_details values ('2012-2013', 'SEM-7', 'Bruno Richard', 'EAO-33', 11.32, 2.67, 'A', 2, 1);
insert into notes_details values ('2012-2013', 'SEM-7', 'Bruno Richard', 'EAO-34', 11.32, 1.0, 'A', 0, 1);
insert into notes_details values ('2012-2013', 'SEM-7', 'Bruno Richard', 'EAO-34', 11.32, 3.67, 'A', 2, 2);
insert into notes_details values ('2012-2013', 'SEM-7', 'Bruno Richard', 'EAO-35', 11.32, 1.33, 'A', 0, 1);
insert into notes_details values ('2012-2013', 'SEM-7', 'Bruno Richard', 'EAO-35', 11.32, 2.0, 'A', 0, 2);
insert into contentieux values ('2012-2013', 'SEM-7', 'Bruno Richard', 'EAO-35');
insert into notes_details values ('2012-2013', 'SEM-7', 'Bruno Richard', 'LCI-3', 11.32, 2.33, 'A', 0, 1);
insert into notes_details values ('2012-2013', 'SEM-7', 'Bruno Richard', 'LCI-3', 11.32, 3.0, 'A', 3, 2);
insert into notes_details values ('2012-2013', 'SEM-7', 'Bruno Richard', 'MAT-3', 11.32, 1.33, 'A', 0, 1);
insert into notes_details values ('2012-2013', 'SEM-7', 'Bruno Richard', 'MAT-3', 11.32, 2.0, 'A', 0, 2);
insert into contentieux values ('2012-2013', 'SEM-7', 'Bruno Richard', 'MAT-3');
insert into notes_details values ('2012-2013', 'SEM-7', 'Bruno Richard', 'MNG-3', 11.32, 1.0, 'A', 0, 1);
insert into notes_details values ('2012-2013', 'SEM-7', 'Bruno Richard', 'MNG-3', 11.32, 4.0, 'A', 3, 2);
insert into notes_details values ('2012-2013', 'SEM-7', 'Bruno Richard', 'PJT-3', 11.32, 1.67, 'A', 0, 1);
insert into notes_details values ('2012-2013', 'SEM-7', 'Bruno Richard', 'PJT-3', 11.32, 2.67, 'A', 5, 2);
insert into notes_details values ('2012-2013', 'SEM-7', 'Bruno Richard', 'STD-3', 11.32, 1.67, 'A', 0, 1);
insert into notes_details values ('2012-2013', 'SEM-7', 'Bruno Richard', 'STD-3', 11.32, 1.33, 'A', 2, 99);
insert into gpa values ('2011-2012', 'SEM-5', 'Bruno Richard', 3.32);
insert into gpa values ('2011-2012', 'SEM-6', 'Bruno Richard', 3.96);
insert into gpa values ('2012-2013', 'SEM-7', 'Bruno Richard', 3.71);
insert into eleves values ('Frederic Dhorassoo', 1, 'S', 'Tres bien', 'MP', 'MP', 'fdhorassoo');
insert into notes_details values ('2011-2012', 'SEM-5', 'Frederic Dhorassoo', 'ALG-1', 11.32, 1.33, 'A', 0, 1);
insert into notes_details values ('2011-2012', 'SEM-5', 'Frederic Dhorassoo', 'ALG-1', 11.32, 3.33, 'A', 3, 2);
insert into notes_details values ('2011-2012', 'SEM-5', 'Frederic Dhorassoo', 'DPP-1', 11.32, 3.33, 'A', 2, 1);
insert into notes_details values ('2011-2012', 'SEM-5', 'Frederic Dhorassoo', 'ELE-1', 11.32, 3.0, 'A', 3, 1);
insert into notes_details values ('2011-2012', 'SEM-5', 'Frederic Dhorassoo', 'INP-1', 11.32, 2.0, 'A', 0, 1);
insert into notes_details values ('2011-2012', 'SEM-5', 'Frederic Dhorassoo', 'INP-1', 11.32, 4.0, 'A', 3, 2);
insert into notes_details values ('2011-2012', 'SEM-5', 'Frederic Dhorassoo', 'LCI-1', 11.32, 2.33, 'A', 0, 1);
insert into notes_details values ('2011-2012', 'SEM-5', 'Frederic Dhorassoo', 'LCI-1', 11.32, 2.67, 'A', 3, 2);
insert into notes_details values ('2011-2012', 'SEM-5', 'Frederic Dhorassoo', 'MAT-1', 11.32, 1.0, 'A', 0, 1);
insert into notes_details values ('2011-2012', 'SEM-5', 'Frederic Dhorassoo', 'MAT-1', 11.32, 4.0, 'A', 3, 2);
insert into notes_details values ('2011-2012', 'SEM-5', 'Frederic Dhorassoo', 'MGP-1', 11.32, 2.33, 'A', 0, 1);
insert into notes_details values ('2011-2012', 'SEM-5', 'Frederic Dhorassoo', 'MGP-1', 11.32, 3.0, 'A', 4, 2);
insert into notes_details values ('2011-2012', 'SEM-5', 'Frederic Dhorassoo', 'PHO-1', 11.32, 1.0, 'A', 0, 1);
insert into notes_details values ('2011-2012', 'SEM-5', 'Frederic Dhorassoo', 'PHO-1', 11.32, 2.0, 'A', 3, 99);
insert into notes_details values ('2011-2012', 'SEM-5', 'Frederic Dhorassoo', 'PHQ-1', 11.32, 3.33, 'A', 3, 1);
insert into notes_details values ('2011-2012', 'SEM-5', 'Frederic Dhorassoo', 'SPM-1', 11.32, 1.67, 'A', 0, 1);
insert into notes_details values ('2011-2012', 'SEM-5', 'Frederic Dhorassoo', 'SPM-1', 11.32, 3.33, 'A', 3, 2);
insert into notes_details values ('2011-2012', 'SEM-6', 'Frederic Dhorassoo', 'DPP-2', 11.32, 2.33, 'A', 0, 1);
insert into notes_details values ('2011-2012', 'SEM-6', 'Frederic Dhorassoo', 'DPP-2', 11.32, 3.33, 'A', 1, 2);
insert into notes_details values ('2011-2012', 'SEM-6', 'Frederic Dhorassoo', 'EAO-2', 11.32, 1.0, 'A', 0, 1);
insert into notes_details values ('2011-2012', 'SEM-6', 'Frederic Dhorassoo', 'EAO-2', 11.32, 4.0, 'A', 3, 2);
insert into notes_details values ('2011-2012', 'SEM-6', 'Frederic Dhorassoo', 'ECO-2', 11.32, 3.0, 'A', 3, 1);
insert into notes_details values ('2011-2012', 'SEM-6', 'Frederic Dhorassoo', 'LCI-2', 11.32, 1.67, 'A', 0, 1);
insert into notes_details values ('2011-2012', 'SEM-6', 'Frederic Dhorassoo', 'LCI-2', 11.32, 3.33, 'A', 3, 2);
insert into notes_details values ('2011-2012', 'SEM-6', 'Frederic Dhorassoo', 'MAT-2', 11.32, 3.0, 'A', 2, 1);
insert into notes_details values ('2011-2012', 'SEM-6', 'Frederic Dhorassoo', 'MCO-2', 11.32, 1.67, 'A', 0, 1);
insert into notes_details values ('2011-2012', 'SEM-6', 'Frederic Dhorassoo', 'MCO-2', 11.32, 2.67, 'A', 2, 2);
insert into notes_details values ('2011-2012', 'SEM-6', 'Frederic Dhorassoo', 'MGP-2', 11.32, 1.0, 'A', 0, 1);
insert into notes_details values ('2011-2012', 'SEM-6', 'Frederic Dhorassoo', 'MGP-2', 11.32, 3.67, 'A', 4, 2);
insert into notes_details values ('2011-2012', 'SEM-6', 'Frederic Dhorassoo', 'PHS-2', 11.32, 2.33, 'A', 0, 1);
insert into notes_details values ('2011-2012', 'SEM-6', 'Frederic Dhorassoo', 'PHS-2', 11.32, 4.0, 'A', 2, 2);
insert into notes_details values ('2011-2012', 'SEM-6', 'Frederic Dhorassoo', 'PJT-2', 11.32, 2.67, 'A', 1, 1);
insert into notes_details values ('2011-2012', 'SEM-6', 'Frederic Dhorassoo', 'RMS-2', 11.32, 1.33, 'A', 0, 1);
insert into notes_details values ('2011-2012', 'SEM-6', 'Frederic Dhorassoo', 'RMS-2', 11.32, 3.33, 'A', 4, 2);
insert into notes_details values ('2011-2012', 'SEM-6', 'Frederic Dhorassoo', 'STG-2', 11.32, 4.0, 'A', 2, 1);
insert into notes_details values ('2011-2012', 'SEM-6', 'Frederic Dhorassoo', 'THS-2', 11.32, 3.67, 'A', 3, 1);
insert into notes_details values ('2012-2013', 'SEM-7', 'Frederic Dhorassoo', 'ASL-3', 11.32, 2.33, 'A', 0, 1);
insert into notes_details values ('2012-2013', 'SEM-7', 'Frederic Dhorassoo', 'ASL-3', 11.32, 3.67, 'A', 2, 2);
insert into notes_details values ('2012-2013', 'SEM-7', 'Frederic Dhorassoo', 'DPP-3', 11.32, 3.0, 'A', 2, 1);
insert into notes_details values ('2012-2013', 'SEM-7', 'Frederic Dhorassoo', 'EAO-31', 11.32, 1.0, 'A', 0, 1);
insert into notes_details values ('2012-2013', 'SEM-7', 'Frederic Dhorassoo', 'EAO-31', 11.32, 2.67, 'A', 2, 2);
insert into notes_details values ('2012-2013', 'SEM-7', 'Frederic Dhorassoo', 'EAO-32', 11.32, 2.33, 'A', 0, 1);
insert into notes_details values ('2012-2013', 'SEM-7', 'Frederic Dhorassoo', 'EAO-32', 11.32, 1.67, 'A', 2, 99);
insert into notes_details values ('2012-2013', 'SEM-7', 'Frederic Dhorassoo', 'EAO-33', 11.32, 3.67, 'A', 2, 1);
insert into notes_details values ('2012-2013', 'SEM-7', 'Frederic Dhorassoo', 'EAO-34', 11.32, 2.67, 'A', 2, 1);
insert into notes_details values ('2012-2013', 'SEM-7', 'Frederic Dhorassoo', 'EAO-35', 11.32, 2.0, 'A', 0, 1);
insert into notes_details values ('2012-2013', 'SEM-7', 'Frederic Dhorassoo', 'EAO-35', 11.32, 2.33, 'A', 0, 2);
insert into contentieux values ('2012-2013', 'SEM-7', 'Frederic Dhorassoo', 'EAO-35');
insert into notes_details values ('2012-2013', 'SEM-7', 'Frederic Dhorassoo', 'LCI-3', 11.32, 3.67, 'A', 3, 1);
insert into notes_details values ('2012-2013', 'SEM-7', 'Frederic Dhorassoo', 'MAT-3', 11.32, 2.0, 'A', 0, 1);
insert into notes_details values ('2012-2013', 'SEM-7', 'Frederic Dhorassoo', 'MAT-3', 11.32, 2.33, 'A', 0, 2);
insert into contentieux values ('2012-2013', 'SEM-7', 'Frederic Dhorassoo', 'MAT-3');
insert into notes_details values ('2012-2013', 'SEM-7', 'Frederic Dhorassoo', 'MNG-3', 11.32, 1.0, 'A', 0, 1);
insert into notes_details values ('2012-2013', 'SEM-7', 'Frederic Dhorassoo', 'MNG-3', 11.32, 2.0, 'A', 0, 2);
insert into contentieux values ('2012-2013', 'SEM-7', 'Frederic Dhorassoo', 'MNG-3');
insert into notes_details values ('2012-2013', 'SEM-7', 'Frederic Dhorassoo', 'PJT-3', 11.32, 1.33, 'A', 0, 1);
insert into notes_details values ('2012-2013', 'SEM-7', 'Frederic Dhorassoo', 'PJT-3', 11.32, 3.33, 'A', 5, 2);
insert into notes_details values ('2012-2013', 'SEM-7', 'Frederic Dhorassoo', 'STD-3', 11.32, 2.0, 'A', 0, 1);
insert into notes_details values ('2012-2013', 'SEM-7', 'Frederic Dhorassoo', 'STD-3', 11.32, 3.33, 'A', 2, 2);
insert into gpa values ('2011-2012', 'SEM-5', 'Frederic Dhorassoo', 3.62);
insert into gpa values ('2011-2012', 'SEM-6', 'Frederic Dhorassoo', 2.75);
insert into gpa values ('2012-2013', 'SEM-7', 'Frederic Dhorassoo', 3.77);
insert into eleves values ('Cyrille Makelele', 1, 'S', 'Tres bien', 'MP', 'MP', 'cmakelele');
insert into notes_details values ('2011-2012', 'SEM-5', 'Cyrille Makelele', 'ALG-1', 11.32, 2.0, 'A', 0, 1);
insert into notes_details values ('2011-2012', 'SEM-5', 'Cyrille Makelele', 'ALG-1', 11.32, 3.0, 'A', 3, 2);
insert into notes_details values ('2011-2012', 'SEM-5', 'Cyrille Makelele', 'DPP-1', 11.32, 4.0, 'A', 2, 1);
insert into notes_details values ('2011-2012', 'SEM-5', 'Cyrille Makelele', 'ELE-1', 11.32, 1.0, 'A', 0, 1);
insert into notes_details values ('2011-2012', 'SEM-5', 'Cyrille Makelele', 'ELE-1', 11.32, 1.0, 'A', 3, 99);
insert into notes_details values ('2011-2012', 'SEM-5', 'Cyrille Makelele', 'INP-1', 11.32, 1.0, 'A', 0, 1);
insert into notes_details values ('2011-2012', 'SEM-5', 'Cyrille Makelele', 'INP-1', 11.32, 4.0, 'A', 3, 2);
insert into notes_details values ('2011-2012', 'SEM-5', 'Cyrille Makelele', 'LCI-1', 11.32, 3.33, 'A', 3, 1);
insert into notes_details values ('2011-2012', 'SEM-5', 'Cyrille Makelele', 'MAT-1', 11.32, 4.0, 'A', 3, 1);
insert into notes_details values ('2011-2012', 'SEM-5', 'Cyrille Makelele', 'MGP-1', 11.32, 1.33, 'A', 0, 1);
insert into notes_details values ('2011-2012', 'SEM-5', 'Cyrille Makelele', 'MGP-1', 11.32, 3.33, 'A', 4, 2);
insert into notes_details values ('2011-2012', 'SEM-5', 'Cyrille Makelele', 'PHO-1', 11.32, 2.67, 'A', 3, 1);
insert into notes_details values ('2011-2012', 'SEM-5', 'Cyrille Makelele', 'PHQ-1', 11.32, 2.33, 'A', 0, 1);
insert into notes_details values ('2011-2012', 'SEM-5', 'Cyrille Makelele', 'PHQ-1', 11.32, 3.0, 'A', 3, 2);
insert into notes_details values ('2011-2012', 'SEM-5', 'Cyrille Makelele', 'SPM-1', 11.32, 1.67, 'A', 0, 1);
insert into notes_details values ('2011-2012', 'SEM-5', 'Cyrille Makelele', 'SPM-1', 11.32, 4.0, 'A', 3, 2);
insert into notes_details values ('2011-2012', 'SEM-6', 'Cyrille Makelele', 'DPP-2', 11.32, 2.0, 'A', 0, 1);
insert into notes_details values ('2011-2012', 'SEM-6', 'Cyrille Makelele', 'DPP-2', 11.32, 3.67, 'A', 1, 2);
insert into notes_details values ('2011-2012', 'SEM-6', 'Cyrille Makelele', 'EAO-2', 11.32, 3.33, 'A', 3, 1);
insert into notes_details values ('2011-2012', 'SEM-6', 'Cyrille Makelele', 'ECO-2', 11.32, 3.33, 'A', 3, 1);
insert into notes_details values ('2011-2012', 'SEM-6', 'Cyrille Makelele', 'LCI-2', 11.32, 3.33, 'A', 3, 1);
insert into notes_details values ('2011-2012', 'SEM-6', 'Cyrille Makelele', 'MAT-2', 11.32, 3.0, 'A', 2, 1);
insert into notes_details values ('2011-2012', 'SEM-6', 'Cyrille Makelele', 'MCO-2', 11.32, 3.33, 'A', 2, 1);
insert into notes_details values ('2011-2012', 'SEM-6', 'Cyrille Makelele', 'MGP-2', 11.32, 2.33, 'A', 0, 1);
insert into notes_details values ('2011-2012', 'SEM-6', 'Cyrille Makelele', 'MGP-2', 11.32, 3.0, 'A', 4, 2);
insert into notes_details values ('2011-2012', 'SEM-6', 'Cyrille Makelele', 'PHS-2', 11.32, 2.67, 'A', 2, 1);
insert into notes_details values ('2011-2012', 'SEM-6', 'Cyrille Makelele', 'PJT-2', 11.32, 1.0, 'A', 0, 1);
insert into notes_details values ('2011-2012', 'SEM-6', 'Cyrille Makelele', 'PJT-2', 11.32, 3.67, 'A', 1, 2);
insert into notes_details values ('2011-2012', 'SEM-6', 'Cyrille Makelele', 'RMS-2', 11.32, 4.0, 'A', 4, 1);
insert into notes_details values ('2011-2012', 'SEM-6', 'Cyrille Makelele', 'STG-2', 11.32, 3.33, 'A', 2, 1);
insert into notes_details values ('2011-2012', 'SEM-6', 'Cyrille Makelele', 'THS-2', 11.32, 1.33, 'A', 0, 1);
insert into notes_details values ('2011-2012', 'SEM-6', 'Cyrille Makelele', 'THS-2', 11.32, 2.67, 'A', 3, 2);
insert into notes_details values ('2012-2013', 'SEM-7', 'Cyrille Makelele', 'ASL-3', 11.32, 2.67, 'A', 2, 1);
insert into notes_details values ('2012-2013', 'SEM-7', 'Cyrille Makelele', 'DPP-3', 11.32, 1.33, 'A', 0, 1);
insert into notes_details values ('2012-2013', 'SEM-7', 'Cyrille Makelele', 'DPP-3', 11.32, 1.0, 'A', 0, 2);
insert into contentieux values ('2012-2013', 'SEM-7', 'Cyrille Makelele', 'DPP-3');
insert into notes_details values ('2012-2013', 'SEM-7', 'Cyrille Makelele', 'EAO-31', 11.32, 3.33, 'A', 2, 1);
insert into notes_details values ('2012-2013', 'SEM-7', 'Cyrille Makelele', 'EAO-32', 11.32, 2.33, 'A', 0, 1);
insert into notes_details values ('2012-2013', 'SEM-7', 'Cyrille Makelele', 'EAO-32', 11.32, 4.0, 'A', 2, 2);
insert into notes_details values ('2012-2013', 'SEM-7', 'Cyrille Makelele', 'EAO-33', 11.32, 4.0, 'A', 2, 1);
insert into notes_details values ('2012-2013', 'SEM-7', 'Cyrille Makelele', 'EAO-34', 11.32, 2.0, 'A', 0, 1);
insert into notes_details values ('2012-2013', 'SEM-7', 'Cyrille Makelele', 'EAO-34', 11.32, 3.67, 'A', 2, 2);
insert into notes_details values ('2012-2013', 'SEM-7', 'Cyrille Makelele', 'EAO-35', 11.32, 2.33, 'A', 0, 1);
insert into notes_details values ('2012-2013', 'SEM-7', 'Cyrille Makelele', 'EAO-35', 11.32, 1.0, 'A', 0, 2);
insert into contentieux values ('2012-2013', 'SEM-7', 'Cyrille Makelele', 'EAO-35');
insert into notes_details values ('2012-2013', 'SEM-7', 'Cyrille Makelele', 'LCI-3', 11.32, 3.33, 'A', 3, 1);
insert into notes_details values ('2012-2013', 'SEM-7', 'Cyrille Makelele', 'MAT-3', 11.32, 1.67, 'A', 0, 1);
insert into notes_details values ('2012-2013', 'SEM-7', 'Cyrille Makelele', 'MAT-3', 11.32, 1.33, 'A', 0, 2);
insert into contentieux values ('2012-2013', 'SEM-7', 'Cyrille Makelele', 'MAT-3');
insert into notes_details values ('2012-2013', 'SEM-7', 'Cyrille Makelele', 'MNG-3', 11.32, 4.0, 'A', 3, 1);
insert into notes_details values ('2012-2013', 'SEM-7', 'Cyrille Makelele', 'PJT-3', 11.32, 1.0, 'A', 0, 1);
insert into notes_details values ('2012-2013', 'SEM-7', 'Cyrille Makelele', 'PJT-3', 11.32, 2.33, 'A', 0, 2);
insert into contentieux values ('2012-2013', 'SEM-7', 'Cyrille Makelele', 'PJT-3');
insert into notes_details values ('2012-2013', 'SEM-7', 'Cyrille Makelele', 'STD-3', 11.32, 3.67, 'A', 2, 1);
insert into gpa values ('2011-2012', 'SEM-5', 'Cyrille Makelele', 2.69);
insert into gpa values ('2011-2012', 'SEM-6', 'Cyrille Makelele', 2.68);
insert into gpa values ('2012-2013', 'SEM-7', 'Cyrille Makelele', 3.83);
insert into eleves values ('Zoe Brochard', 1, 'S', 'Tres bien', 'etranger', 'MP', 'zbrochard');
insert into notes_details values ('2011-2012', 'SEM-5', 'Zoe Brochard', 'ALG-1', 11.32, 4.0, 'A', 3, 1);
insert into notes_details values ('2011-2012', 'SEM-5', 'Zoe Brochard', 'DPP-1', 11.32, 2.33, 'A', 0, 1);
insert into notes_details values ('2011-2012', 'SEM-5', 'Zoe Brochard', 'DPP-1', 11.32, 3.33, 'A', 2, 2);
insert into notes_details values ('2011-2012', 'SEM-5', 'Zoe Brochard', 'ELE-1', 11.32, 3.33, 'A', 3, 1);
insert into notes_details values ('2011-2012', 'SEM-5', 'Zoe Brochard', 'INP-1', 11.32, 1.33, 'A', 0, 1);
insert into notes_details values ('2011-2012', 'SEM-5', 'Zoe Brochard', 'INP-1', 11.32, 2.67, 'A', 3, 2);
insert into notes_details values ('2011-2012', 'SEM-5', 'Zoe Brochard', 'LCI-1', 11.32, 1.33, 'A', 0, 1);
insert into notes_details values ('2011-2012', 'SEM-5', 'Zoe Brochard', 'LCI-1', 11.32, 2.67, 'A', 3, 2);
insert into notes_details values ('2011-2012', 'SEM-5', 'Zoe Brochard', 'MAT-1', 11.32, 2.67, 'A', 3, 1);
insert into notes_details values ('2011-2012', 'SEM-5', 'Zoe Brochard', 'MGP-1', 11.32, 2.33, 'A', 0, 1);
insert into notes_details values ('2011-2012', 'SEM-5', 'Zoe Brochard', 'MGP-1', 11.32, 4.0, 'A', 4, 2);
insert into notes_details values ('2011-2012', 'SEM-5', 'Zoe Brochard', 'PHO-1', 11.32, 3.67, 'A', 3, 1);
insert into notes_details values ('2011-2012', 'SEM-5', 'Zoe Brochard', 'PHQ-1', 11.32, 1.0, 'A', 0, 1);
insert into notes_details values ('2011-2012', 'SEM-5', 'Zoe Brochard', 'PHQ-1', 11.32, 3.67, 'A', 3, 2);
insert into notes_details values ('2011-2012', 'SEM-5', 'Zoe Brochard', 'SPM-1', 11.32, 2.67, 'A', 3, 1);
insert into notes_details values ('2011-2012', 'SEM-6', 'Zoe Brochard', 'DPP-2', 11.32, 1.33, 'A', 0, 1);
insert into notes_details values ('2011-2012', 'SEM-6', 'Zoe Brochard', 'DPP-2', 11.32, 3.33, 'A', 1, 2);
insert into notes_details values ('2011-2012', 'SEM-6', 'Zoe Brochard', 'EAO-2', 11.32, 1.0, 'A', 0, 1);
insert into notes_details values ('2011-2012', 'SEM-6', 'Zoe Brochard', 'EAO-2', 11.32, 3.67, 'A', 3, 2);
insert into notes_details values ('2011-2012', 'SEM-6', 'Zoe Brochard', 'ECO-2', 11.32, 2.67, 'A', 3, 1);
insert into notes_details values ('2011-2012', 'SEM-6', 'Zoe Brochard', 'LCI-2', 11.32, 1.33, 'A', 0, 1);
insert into notes_details values ('2011-2012', 'SEM-6', 'Zoe Brochard', 'LCI-2', 11.32, 3.33, 'A', 3, 2);
insert into notes_details values ('2011-2012', 'SEM-6', 'Zoe Brochard', 'MAT-2', 11.32, 2.33, 'A', 0, 1);
insert into notes_details values ('2011-2012', 'SEM-6', 'Zoe Brochard', 'MAT-2', 11.32, 3.33, 'A', 2, 2);
insert into notes_details values ('2011-2012', 'SEM-6', 'Zoe Brochard', 'MCO-2', 11.32, 3.33, 'A', 2, 1);
insert into notes_details values ('2011-2012', 'SEM-6', 'Zoe Brochard', 'MGP-2', 11.32, 2.0, 'A', 0, 1);
insert into notes_details values ('2011-2012', 'SEM-6', 'Zoe Brochard', 'MGP-2', 11.32, 2.67, 'A', 4, 2);
insert into notes_details values ('2011-2012', 'SEM-6', 'Zoe Brochard', 'PHS-2', 11.32, 3.67, 'A', 2, 1);
insert into notes_details values ('2011-2012', 'SEM-6', 'Zoe Brochard', 'PJT-2', 11.32, 1.33, 'A', 0, 1);
insert into notes_details values ('2011-2012', 'SEM-6', 'Zoe Brochard', 'PJT-2', 11.32, 3.0, 'A', 1, 2);
insert into notes_details values ('2011-2012', 'SEM-6', 'Zoe Brochard', 'RMS-2', 11.32, 2.33, 'A', 0, 1);
insert into notes_details values ('2011-2012', 'SEM-6', 'Zoe Brochard', 'RMS-2', 11.32, 4.0, 'A', 4, 2);
insert into notes_details values ('2011-2012', 'SEM-6', 'Zoe Brochard', 'STG-2', 11.32, 1.33, 'A', 0, 1);
insert into notes_details values ('2011-2012', 'SEM-6', 'Zoe Brochard', 'STG-2', 11.32, 3.33, 'A', 2, 2);
insert into notes_details values ('2011-2012', 'SEM-6', 'Zoe Brochard', 'THS-2', 11.32, 3.33, 'A', 3, 1);
insert into notes_details values ('2012-2013', 'SEM-7', 'Zoe Brochard', 'ASL-3', 11.32, 1.0, 'A', 0, 1);
insert into notes_details values ('2012-2013', 'SEM-7', 'Zoe Brochard', 'ASL-3', 11.32, 1.0, 'A', 0, 2);
insert into contentieux values ('2012-2013', 'SEM-7', 'Zoe Brochard', 'ASL-3');
insert into notes_details values ('2012-2013', 'SEM-7', 'Zoe Brochard', 'DPP-3', 11.32, 2.33, 'A', 0, 1);
insert into notes_details values ('2012-2013', 'SEM-7', 'Zoe Brochard', 'DPP-3', 11.32, 3.0, 'A', 2, 2);
insert into notes_details values ('2012-2013', 'SEM-7', 'Zoe Brochard', 'EAO-31', 11.32, 1.33, 'A', 0, 1);
insert into notes_details values ('2012-2013', 'SEM-7', 'Zoe Brochard', 'EAO-31', 11.32, 4.0, 'A', 2, 2);
insert into notes_details values ('2012-2013', 'SEM-7', 'Zoe Brochard', 'EAO-32', 11.32, 2.33, 'A', 0, 1);
insert into notes_details values ('2012-2013', 'SEM-7', 'Zoe Brochard', 'EAO-32', 11.32, 4.0, 'A', 2, 2);
insert into notes_details values ('2012-2013', 'SEM-7', 'Zoe Brochard', 'EAO-33', 11.32, 4.0, 'A', 2, 1);
insert into notes_details values ('2012-2013', 'SEM-7', 'Zoe Brochard', 'EAO-34', 11.32, 1.0, 'A', 0, 1);
insert into notes_details values ('2012-2013', 'SEM-7', 'Zoe Brochard', 'EAO-34', 11.32, 2.67, 'A', 2, 2);
insert into notes_details values ('2012-2013', 'SEM-7', 'Zoe Brochard', 'EAO-35', 11.32, 2.0, 'A', 0, 1);
insert into notes_details values ('2012-2013', 'SEM-7', 'Zoe Brochard', 'EAO-35', 11.32, 2.33, 'A', 2, 99);
insert into notes_details values ('2012-2013', 'SEM-7', 'Zoe Brochard', 'LCI-3', 11.32, 2.0, 'A', 0, 1);
insert into notes_details values ('2012-2013', 'SEM-7', 'Zoe Brochard', 'LCI-3', 11.32, 1.67, 'A', 3, 99);
insert into notes_details values ('2012-2013', 'SEM-7', 'Zoe Brochard', 'MAT-3', 11.32, 3.0, 'A', 3, 1);
insert into notes_details values ('2012-2013', 'SEM-7', 'Zoe Brochard', 'MNG-3', 11.32, 2.0, 'A', 0, 1);
insert into notes_details values ('2012-2013', 'SEM-7', 'Zoe Brochard', 'MNG-3', 11.32, 2.33, 'A', 0, 2);
insert into contentieux values ('2012-2013', 'SEM-7', 'Zoe Brochard', 'MNG-3');
insert into notes_details values ('2012-2013', 'SEM-7', 'Zoe Brochard', 'PJT-3', 11.32, 2.0, 'A', 0, 1);
insert into notes_details values ('2012-2013', 'SEM-7', 'Zoe Brochard', 'PJT-3', 11.32, 1.33, 'A', 0, 2);
insert into contentieux values ('2012-2013', 'SEM-7', 'Zoe Brochard', 'PJT-3');
insert into notes_details values ('2012-2013', 'SEM-7', 'Zoe Brochard', 'STD-3', 11.32, 3.0, 'A', 2, 1);
insert into gpa values ('2011-2012', 'SEM-5', 'Zoe Brochard', 3.11);
insert into gpa values ('2011-2012', 'SEM-6', 'Zoe Brochard', 2.32);
insert into gpa values ('2012-2013', 'SEM-7', 'Zoe Brochard', 2.51);
insert into eleves values ('Etienne Chamakh', 1, 'S', 'Tres bien', 'MP', 'MP', 'echamakh');
insert into notes_details values ('2011-2012', 'SEM-5', 'Etienne Chamakh', 'ALG-1', 11.32, 4.0, 'A', 3, 1);
insert into notes_details values ('2011-2012', 'SEM-5', 'Etienne Chamakh', 'DPP-1', 11.32, 4.0, 'A', 2, 1);
insert into notes_details values ('2011-2012', 'SEM-5', 'Etienne Chamakh', 'ELE-1', 11.32, 4.0, 'A', 3, 1);
insert into notes_details values ('2011-2012', 'SEM-5', 'Etienne Chamakh', 'INP-1', 11.32, 3.67, 'A', 3, 1);
insert into notes_details values ('2011-2012', 'SEM-5', 'Etienne Chamakh', 'LCI-1', 11.32, 1.0, 'A', 0, 1);
insert into notes_details values ('2011-2012', 'SEM-5', 'Etienne Chamakh', 'LCI-1', 11.32, 4.0, 'A', 3, 2);
insert into notes_details values ('2011-2012', 'SEM-5', 'Etienne Chamakh', 'MAT-1', 11.32, 1.0, 'A', 0, 1);
insert into notes_details values ('2011-2012', 'SEM-5', 'Etienne Chamakh', 'MAT-1', 11.32, 2.67, 'A', 3, 2);
insert into notes_details values ('2011-2012', 'SEM-5', 'Etienne Chamakh', 'MGP-1', 11.32, 3.33, 'A', 4, 1);
insert into notes_details values ('2011-2012', 'SEM-5', 'Etienne Chamakh', 'PHO-1', 11.32, 3.67, 'A', 3, 1);
insert into notes_details values ('2011-2012', 'SEM-5', 'Etienne Chamakh', 'PHQ-1', 11.32, 2.0, 'A', 0, 1);
insert into notes_details values ('2011-2012', 'SEM-5', 'Etienne Chamakh', 'PHQ-1', 11.32, 3.0, 'A', 3, 2);
insert into notes_details values ('2011-2012', 'SEM-5', 'Etienne Chamakh', 'SPM-1', 11.32, 3.0, 'A', 3, 1);
insert into notes_details values ('2011-2012', 'SEM-6', 'Etienne Chamakh', 'DPP-2', 11.32, 3.33, 'A', 1, 1);
insert into notes_details values ('2011-2012', 'SEM-6', 'Etienne Chamakh', 'EAO-2', 11.32, 3.0, 'A', 3, 1);
insert into notes_details values ('2011-2012', 'SEM-6', 'Etienne Chamakh', 'ECO-2', 11.32, 3.33, 'A', 3, 1);
insert into notes_details values ('2011-2012', 'SEM-6', 'Etienne Chamakh', 'LCI-2', 11.32, 2.0, 'A', 0, 1);
insert into notes_details values ('2011-2012', 'SEM-6', 'Etienne Chamakh', 'LCI-2', 11.32, 3.67, 'A', 3, 2);
insert into notes_details values ('2011-2012', 'SEM-6', 'Etienne Chamakh', 'MAT-2', 11.32, 3.33, 'A', 2, 1);
insert into notes_details values ('2011-2012', 'SEM-6', 'Etienne Chamakh', 'MCO-2', 11.32, 3.33, 'A', 2, 1);
insert into notes_details values ('2011-2012', 'SEM-6', 'Etienne Chamakh', 'MGP-2', 11.32, 1.67, 'A', 0, 1);
insert into notes_details values ('2011-2012', 'SEM-6', 'Etienne Chamakh', 'MGP-2', 11.32, 2.33, 'A', 4, 99);
insert into notes_details values ('2011-2012', 'SEM-6', 'Etienne Chamakh', 'PHS-2', 11.32, 3.67, 'A', 2, 1);
insert into notes_details values ('2011-2012', 'SEM-6', 'Etienne Chamakh', 'PJT-2', 11.32, 3.33, 'A', 1, 1);
insert into notes_details values ('2011-2012', 'SEM-6', 'Etienne Chamakh', 'RMS-2', 11.32, 4.0, 'A', 4, 1);
insert into notes_details values ('2011-2012', 'SEM-6', 'Etienne Chamakh', 'STG-2', 11.32, 3.33, 'A', 2, 1);
insert into notes_details values ('2011-2012', 'SEM-6', 'Etienne Chamakh', 'THS-2', 11.32, 1.33, 'A', 0, 1);
insert into notes_details values ('2011-2012', 'SEM-6', 'Etienne Chamakh', 'THS-2', 11.32, 3.33, 'A', 3, 2);
insert into notes_details values ('2012-2013', 'SEM-7', 'Etienne Chamakh', 'ASL-3', 11.32, 2.0, 'A', 0, 1);
insert into notes_details values ('2012-2013', 'SEM-7', 'Etienne Chamakh', 'ASL-3', 11.32, 3.0, 'A', 2, 2);
insert into notes_details values ('2012-2013', 'SEM-7', 'Etienne Chamakh', 'DPP-3', 11.32, 1.33, 'A', 0, 1);
insert into notes_details values ('2012-2013', 'SEM-7', 'Etienne Chamakh', 'DPP-3', 11.32, 4.0, 'A', 2, 2);
insert into notes_details values ('2012-2013', 'SEM-7', 'Etienne Chamakh', 'EAO-31', 11.32, 1.67, 'A', 0, 1);
insert into notes_details values ('2012-2013', 'SEM-7', 'Etienne Chamakh', 'EAO-31', 11.32, 3.67, 'A', 2, 2);
insert into notes_details values ('2012-2013', 'SEM-7', 'Etienne Chamakh', 'EAO-32', 11.32, 1.33, 'A', 0, 1);
insert into notes_details values ('2012-2013', 'SEM-7', 'Etienne Chamakh', 'EAO-32', 11.32, 1.0, 'A', 0, 2);
insert into contentieux values ('2012-2013', 'SEM-7', 'Etienne Chamakh', 'EAO-32');
insert into notes_details values ('2012-2013', 'SEM-7', 'Etienne Chamakh', 'EAO-33', 11.32, 4.0, 'A', 2, 1);
insert into notes_details values ('2012-2013', 'SEM-7', 'Etienne Chamakh', 'EAO-34', 11.32, 3.0, 'A', 2, 1);
insert into notes_details values ('2012-2013', 'SEM-7', 'Etienne Chamakh', 'EAO-35', 11.32, 1.0, 'A', 0, 1);
insert into notes_details values ('2012-2013', 'SEM-7', 'Etienne Chamakh', 'EAO-35', 11.32, 1.33, 'A', 0, 2);
insert into contentieux values ('2012-2013', 'SEM-7', 'Etienne Chamakh', 'EAO-35');
insert into notes_details values ('2012-2013', 'SEM-7', 'Etienne Chamakh', 'LCI-3', 11.32, 2.0, 'A', 0, 1);
insert into notes_details values ('2012-2013', 'SEM-7', 'Etienne Chamakh', 'LCI-3', 11.32, 2.33, 'A', 0, 2);
insert into contentieux values ('2012-2013', 'SEM-7', 'Etienne Chamakh', 'LCI-3');
insert into notes_details values ('2012-2013', 'SEM-7', 'Etienne Chamakh', 'MAT-3', 11.32, 1.0, 'A', 0, 1);
insert into notes_details values ('2012-2013', 'SEM-7', 'Etienne Chamakh', 'MAT-3', 11.32, 1.67, 'A', 0, 2);
insert into contentieux values ('2012-2013', 'SEM-7', 'Etienne Chamakh', 'MAT-3');
insert into notes_details values ('2012-2013', 'SEM-7', 'Etienne Chamakh', 'MNG-3', 11.32, 2.0, 'A', 0, 1);
insert into notes_details values ('2012-2013', 'SEM-7', 'Etienne Chamakh', 'MNG-3', 11.32, 1.67, 'A', 0, 2);
insert into contentieux values ('2012-2013', 'SEM-7', 'Etienne Chamakh', 'MNG-3');
insert into notes_details values ('2012-2013', 'SEM-7', 'Etienne Chamakh', 'PJT-3', 11.32, 3.67, 'A', 5, 1);
insert into notes_details values ('2012-2013', 'SEM-7', 'Etienne Chamakh', 'STD-3', 11.32, 2.33, 'A', 0, 1);
insert into notes_details values ('2012-2013', 'SEM-7', 'Etienne Chamakh', 'STD-3', 11.32, 3.0, 'A', 2, 2);
insert into gpa values ('2011-2012', 'SEM-5', 'Etienne Chamakh', 2.71);
insert into gpa values ('2011-2012', 'SEM-6', 'Etienne Chamakh', 2.81);
insert into gpa values ('2012-2013', 'SEM-7', 'Etienne Chamakh', 3.04);
insert into eleves values ('Maxime Lafontaine', 1, 'S', 'Tres bien', 'MP', 'MP', 'mlafontaine');
insert into notes_details values ('2011-2012', 'SEM-5', 'Maxime Lafontaine', 'ALG-1', 11.32, 4.0, 'A', 3, 1);
insert into notes_details values ('2011-2012', 'SEM-5', 'Maxime Lafontaine', 'DPP-1', 11.32, 1.67, 'A', 0, 1);
insert into notes_details values ('2011-2012', 'SEM-5', 'Maxime Lafontaine', 'DPP-1', 11.32, 3.33, 'A', 2, 2);
insert into notes_details values ('2011-2012', 'SEM-5', 'Maxime Lafontaine', 'ELE-1', 11.32, 1.67, 'A', 0, 1);
insert into notes_details values ('2011-2012', 'SEM-5', 'Maxime Lafontaine', 'ELE-1', 11.32, 3.33, 'A', 3, 2);
insert into notes_details values ('2011-2012', 'SEM-5', 'Maxime Lafontaine', 'INP-1', 11.32, 2.33, 'A', 0, 1);
insert into notes_details values ('2011-2012', 'SEM-5', 'Maxime Lafontaine', 'INP-1', 11.32, 3.0, 'A', 3, 2);
insert into notes_details values ('2011-2012', 'SEM-5', 'Maxime Lafontaine', 'LCI-1', 11.32, 1.33, 'A', 0, 1);
insert into notes_details values ('2011-2012', 'SEM-5', 'Maxime Lafontaine', 'LCI-1', 11.32, 2.67, 'A', 3, 2);
insert into notes_details values ('2011-2012', 'SEM-5', 'Maxime Lafontaine', 'MAT-1', 11.32, 2.33, 'A', 0, 1);
insert into notes_details values ('2011-2012', 'SEM-5', 'Maxime Lafontaine', 'MAT-1', 11.32, 3.0, 'A', 3, 2);
insert into notes_details values ('2011-2012', 'SEM-5', 'Maxime Lafontaine', 'MGP-1', 11.32, 1.33, 'A', 0, 1);
insert into notes_details values ('2011-2012', 'SEM-5', 'Maxime Lafontaine', 'MGP-1', 11.32, 3.33, 'A', 4, 2);
insert into notes_details values ('2011-2012', 'SEM-5', 'Maxime Lafontaine', 'PHO-1', 11.32, 2.67, 'A', 3, 1);
insert into notes_details values ('2011-2012', 'SEM-5', 'Maxime Lafontaine', 'PHQ-1', 11.32, 3.67, 'A', 3, 1);
insert into notes_details values ('2011-2012', 'SEM-5', 'Maxime Lafontaine', 'SPM-1', 11.32, 4.0, 'A', 3, 1);
insert into notes_details values ('2011-2012', 'SEM-6', 'Maxime Lafontaine', 'DPP-2', 11.32, 1.0, 'A', 0, 1);
insert into notes_details values ('2011-2012', 'SEM-6', 'Maxime Lafontaine', 'DPP-2', 11.32, 3.67, 'A', 1, 2);
insert into notes_details values ('2011-2012', 'SEM-6', 'Maxime Lafontaine', 'EAO-2', 11.32, 3.67, 'A', 3, 1);
insert into notes_details values ('2011-2012', 'SEM-6', 'Maxime Lafontaine', 'ECO-2', 11.32, 3.0, 'A', 3, 1);
insert into notes_details values ('2011-2012', 'SEM-6', 'Maxime Lafontaine', 'LCI-2', 11.32, 2.0, 'A', 0, 1);
insert into notes_details values ('2011-2012', 'SEM-6', 'Maxime Lafontaine', 'LCI-2', 11.32, 3.0, 'A', 3, 2);
insert into notes_details values ('2011-2012', 'SEM-6', 'Maxime Lafontaine', 'MAT-2', 11.32, 2.0, 'A', 0, 1);
insert into notes_details values ('2011-2012', 'SEM-6', 'Maxime Lafontaine', 'MAT-2', 11.32, 3.67, 'A', 2, 2);
insert into notes_details values ('2011-2012', 'SEM-6', 'Maxime Lafontaine', 'MCO-2', 11.32, 4.0, 'A', 2, 1);
insert into notes_details values ('2011-2012', 'SEM-6', 'Maxime Lafontaine', 'MGP-2', 11.32, 3.33, 'A', 4, 1);
insert into notes_details values ('2011-2012', 'SEM-6', 'Maxime Lafontaine', 'PHS-2', 11.32, 2.0, 'A', 0, 1);
insert into notes_details values ('2011-2012', 'SEM-6', 'Maxime Lafontaine', 'PHS-2', 11.32, 2.67, 'A', 2, 2);
insert into notes_details values ('2011-2012', 'SEM-6', 'Maxime Lafontaine', 'PJT-2', 11.32, 2.33, 'A', 0, 1);
insert into notes_details values ('2011-2012', 'SEM-6', 'Maxime Lafontaine', 'PJT-2', 11.32, 2.67, 'A', 1, 2);
insert into notes_details values ('2011-2012', 'SEM-6', 'Maxime Lafontaine', 'RMS-2', 11.32, 1.33, 'A', 0, 1);
insert into notes_details values ('2011-2012', 'SEM-6', 'Maxime Lafontaine', 'RMS-2', 11.32, 3.0, 'A', 4, 2);
insert into notes_details values ('2011-2012', 'SEM-6', 'Maxime Lafontaine', 'STG-2', 11.32, 3.0, 'A', 2, 1);
insert into notes_details values ('2011-2012', 'SEM-6', 'Maxime Lafontaine', 'THS-2', 11.32, 3.33, 'A', 3, 1);
insert into notes_details values ('2012-2013', 'SEM-7', 'Maxime Lafontaine', 'ASL-3', 11.32, 1.0, 'A', 0, 1);
insert into notes_details values ('2012-2013', 'SEM-7', 'Maxime Lafontaine', 'ASL-3', 11.32, 1.33, 'A', 2, 99);
insert into notes_details values ('2012-2013', 'SEM-7', 'Maxime Lafontaine', 'DPP-3', 11.32, 2.33, 'A', 0, 1);
insert into notes_details values ('2012-2013', 'SEM-7', 'Maxime Lafontaine', 'DPP-3', 11.32, 2.33, 'A', 0, 2);
insert into contentieux values ('2012-2013', 'SEM-7', 'Maxime Lafontaine', 'DPP-3');
insert into notes_details values ('2012-2013', 'SEM-7', 'Maxime Lafontaine', 'EAO-31', 11.32, 2.33, 'A', 0, 1);
insert into notes_details values ('2012-2013', 'SEM-7', 'Maxime Lafontaine', 'EAO-31', 11.32, 2.0, 'A', 2, 99);
insert into notes_details values ('2012-2013', 'SEM-7', 'Maxime Lafontaine', 'EAO-32', 11.32, 2.33, 'A', 0, 1);
insert into notes_details values ('2012-2013', 'SEM-7', 'Maxime Lafontaine', 'EAO-32', 11.32, 2.67, 'A', 2, 2);
insert into notes_details values ('2012-2013', 'SEM-7', 'Maxime Lafontaine', 'EAO-33', 11.32, 1.67, 'A', 0, 1);
insert into notes_details values ('2012-2013', 'SEM-7', 'Maxime Lafontaine', 'EAO-33', 11.32, 1.67, 'A', 0, 2);
insert into contentieux values ('2012-2013', 'SEM-7', 'Maxime Lafontaine', 'EAO-33');
insert into notes_details values ('2012-2013', 'SEM-7', 'Maxime Lafontaine', 'EAO-34', 11.32, 4.0, 'A', 2, 1);
insert into notes_details values ('2012-2013', 'SEM-7', 'Maxime Lafontaine', 'EAO-35', 11.32, 2.0, 'A', 0, 1);
insert into notes_details values ('2012-2013', 'SEM-7', 'Maxime Lafontaine', 'EAO-35', 11.32, 2.0, 'A', 2, 99);
insert into notes_details values ('2012-2013', 'SEM-7', 'Maxime Lafontaine', 'LCI-3', 11.32, 4.0, 'A', 3, 1);
insert into notes_details values ('2012-2013', 'SEM-7', 'Maxime Lafontaine', 'MAT-3', 11.32, 1.67, 'A', 0, 1);
insert into notes_details values ('2012-2013', 'SEM-7', 'Maxime Lafontaine', 'MAT-3', 11.32, 1.0, 'A', 0, 2);
insert into contentieux values ('2012-2013', 'SEM-7', 'Maxime Lafontaine', 'MAT-3');
insert into notes_details values ('2012-2013', 'SEM-7', 'Maxime Lafontaine', 'MNG-3', 11.32, 2.33, 'A', 0, 1);
insert into notes_details values ('2012-2013', 'SEM-7', 'Maxime Lafontaine', 'MNG-3', 11.32, 3.33, 'A', 3, 2);
insert into notes_details values ('2012-2013', 'SEM-7', 'Maxime Lafontaine', 'PJT-3', 11.32, 1.67, 'A', 0, 1);
insert into notes_details values ('2012-2013', 'SEM-7', 'Maxime Lafontaine', 'PJT-3', 11.32, 4.0, 'A', 5, 2);
insert into notes_details values ('2012-2013', 'SEM-7', 'Maxime Lafontaine', 'STD-3', 11.32, 2.0, 'A', 0, 1);
insert into notes_details values ('2012-2013', 'SEM-7', 'Maxime Lafontaine', 'STD-3', 11.32, 1.33, 'A', 0, 2);
insert into contentieux values ('2012-2013', 'SEM-7', 'Maxime Lafontaine', 'STD-3');
insert into gpa values ('2011-2012', 'SEM-5', 'Maxime Lafontaine', 3.36);
insert into gpa values ('2011-2012', 'SEM-6', 'Maxime Lafontaine', 2.61);
insert into gpa values ('2012-2013', 'SEM-7', 'Maxime Lafontaine', 3.73);
insert into eleves values ('Benoit Djorkaeff', 1, 'S', 'Tres bien', 'etranger', 'MP', 'bdjorkaeff');
insert into notes_details values ('2011-2012', 'SEM-5', 'Benoit Djorkaeff', 'ALG-1', 11.32, 1.33, 'A', 0, 1);
insert into notes_details values ('2011-2012', 'SEM-5', 'Benoit Djorkaeff', 'ALG-1', 11.32, 4.0, 'A', 3, 2);
insert into notes_details values ('2011-2012', 'SEM-5', 'Benoit Djorkaeff', 'DPP-1', 11.32, 1.67, 'A', 0, 1);
insert into notes_details values ('2011-2012', 'SEM-5', 'Benoit Djorkaeff', 'DPP-1', 11.32, 1.67, 'A', 2, 99);
insert into notes_details values ('2011-2012', 'SEM-5', 'Benoit Djorkaeff', 'ELE-1', 11.32, 2.67, 'A', 3, 1);
insert into notes_details values ('2011-2012', 'SEM-5', 'Benoit Djorkaeff', 'INP-1', 11.32, 2.67, 'A', 3, 1);
insert into notes_details values ('2011-2012', 'SEM-5', 'Benoit Djorkaeff', 'LCI-1', 11.32, 3.67, 'A', 3, 1);
insert into notes_details values ('2011-2012', 'SEM-5', 'Benoit Djorkaeff', 'MAT-1', 11.32, 3.33, 'A', 3, 1);
insert into notes_details values ('2011-2012', 'SEM-5', 'Benoit Djorkaeff', 'MGP-1', 11.32, 1.67, 'A', 0, 1);
insert into notes_details values ('2011-2012', 'SEM-5', 'Benoit Djorkaeff', 'MGP-1', 11.32, 2.67, 'A', 4, 2);
insert into notes_details values ('2011-2012', 'SEM-5', 'Benoit Djorkaeff', 'PHO-1', 11.32, 3.33, 'A', 3, 1);
insert into notes_details values ('2011-2012', 'SEM-5', 'Benoit Djorkaeff', 'PHQ-1', 11.32, 3.33, 'A', 3, 1);
insert into notes_details values ('2011-2012', 'SEM-5', 'Benoit Djorkaeff', 'SPM-1', 11.32, 3.0, 'A', 3, 1);
insert into notes_details values ('2011-2012', 'SEM-6', 'Benoit Djorkaeff', 'DPP-2', 11.32, 1.33, 'A', 0, 1);
insert into notes_details values ('2011-2012', 'SEM-6', 'Benoit Djorkaeff', 'DPP-2', 11.32, 3.0, 'A', 1, 2);
insert into notes_details values ('2011-2012', 'SEM-6', 'Benoit Djorkaeff', 'EAO-2', 11.32, 2.33, 'A', 0, 1);
insert into notes_details values ('2011-2012', 'SEM-6', 'Benoit Djorkaeff', 'EAO-2', 11.32, 3.67, 'A', 3, 2);
insert into notes_details values ('2011-2012', 'SEM-6', 'Benoit Djorkaeff', 'ECO-2', 11.32, 2.33, 'A', 0, 1);
insert into notes_details values ('2011-2012', 'SEM-6', 'Benoit Djorkaeff', 'ECO-2', 11.32, 1.0, 'A', 3, 99);
insert into notes_details values ('2011-2012', 'SEM-6', 'Benoit Djorkaeff', 'LCI-2', 11.32, 2.33, 'A', 0, 1);
insert into notes_details values ('2011-2012', 'SEM-6', 'Benoit Djorkaeff', 'LCI-2', 11.32, 4.0, 'A', 3, 2);
insert into notes_details values ('2011-2012', 'SEM-6', 'Benoit Djorkaeff', 'MAT-2', 11.32, 3.0, 'A', 2, 1);
insert into notes_details values ('2011-2012', 'SEM-6', 'Benoit Djorkaeff', 'MCO-2', 11.32, 1.0, 'A', 0, 1);
insert into notes_details values ('2011-2012', 'SEM-6', 'Benoit Djorkaeff', 'MCO-2', 11.32, 3.0, 'A', 2, 2);
insert into notes_details values ('2011-2012', 'SEM-6', 'Benoit Djorkaeff', 'MGP-2', 11.32, 2.33, 'A', 0, 1);
insert into notes_details values ('2011-2012', 'SEM-6', 'Benoit Djorkaeff', 'MGP-2', 11.32, 3.0, 'A', 4, 2);
insert into notes_details values ('2011-2012', 'SEM-6', 'Benoit Djorkaeff', 'PHS-2', 11.32, 1.0, 'A', 0, 1);
insert into notes_details values ('2011-2012', 'SEM-6', 'Benoit Djorkaeff', 'PHS-2', 11.32, 1.33, 'A', 2, 99);
insert into notes_details values ('2011-2012', 'SEM-6', 'Benoit Djorkaeff', 'PJT-2', 11.32, 3.67, 'A', 1, 1);
insert into notes_details values ('2011-2012', 'SEM-6', 'Benoit Djorkaeff', 'RMS-2', 11.32, 3.0, 'A', 4, 1);
insert into notes_details values ('2011-2012', 'SEM-6', 'Benoit Djorkaeff', 'STG-2', 11.32, 3.67, 'A', 2, 1);
insert into notes_details values ('2011-2012', 'SEM-6', 'Benoit Djorkaeff', 'THS-2', 11.32, 3.0, 'A', 3, 1);
insert into notes_details values ('2012-2013', 'SEM-7', 'Benoit Djorkaeff', 'ASL-3', 11.32, 3.67, 'A', 2, 1);
insert into notes_details values ('2012-2013', 'SEM-7', 'Benoit Djorkaeff', 'DPP-3', 11.32, 2.33, 'A', 0, 1);
insert into notes_details values ('2012-2013', 'SEM-7', 'Benoit Djorkaeff', 'DPP-3', 11.32, 2.0, 'A', 0, 2);
insert into contentieux values ('2012-2013', 'SEM-7', 'Benoit Djorkaeff', 'DPP-3');
insert into notes_details values ('2012-2013', 'SEM-7', 'Benoit Djorkaeff', 'EAO-31', 11.32, 2.0, 'A', 0, 1);
insert into notes_details values ('2012-2013', 'SEM-7', 'Benoit Djorkaeff', 'EAO-31', 11.32, 3.67, 'A', 2, 2);
insert into notes_details values ('2012-2013', 'SEM-7', 'Benoit Djorkaeff', 'EAO-32', 11.32, 1.0, 'A', 0, 1);
insert into notes_details values ('2012-2013', 'SEM-7', 'Benoit Djorkaeff', 'EAO-32', 11.32, 2.67, 'A', 2, 2);
insert into notes_details values ('2012-2013', 'SEM-7', 'Benoit Djorkaeff', 'EAO-33', 11.32, 1.67, 'A', 0, 1);
insert into notes_details values ('2012-2013', 'SEM-7', 'Benoit Djorkaeff', 'EAO-33', 11.32, 3.67, 'A', 2, 2);
insert into notes_details values ('2012-2013', 'SEM-7', 'Benoit Djorkaeff', 'EAO-34', 11.32, 2.33, 'A', 0, 1);
insert into notes_details values ('2012-2013', 'SEM-7', 'Benoit Djorkaeff', 'EAO-34', 11.32, 2.0, 'A', 0, 2);
insert into contentieux values ('2012-2013', 'SEM-7', 'Benoit Djorkaeff', 'EAO-34');
insert into notes_details values ('2012-2013', 'SEM-7', 'Benoit Djorkaeff', 'EAO-35', 11.32, 1.67, 'A', 0, 1);
insert into notes_details values ('2012-2013', 'SEM-7', 'Benoit Djorkaeff', 'EAO-35', 11.32, 1.33, 'A', 0, 2);
insert into contentieux values ('2012-2013', 'SEM-7', 'Benoit Djorkaeff', 'EAO-35');
insert into notes_details values ('2012-2013', 'SEM-7', 'Benoit Djorkaeff', 'LCI-3', 11.32, 2.33, 'A', 0, 1);
insert into notes_details values ('2012-2013', 'SEM-7', 'Benoit Djorkaeff', 'LCI-3', 11.32, 2.33, 'A', 0, 2);
insert into contentieux values ('2012-2013', 'SEM-7', 'Benoit Djorkaeff', 'LCI-3');
insert into notes_details values ('2012-2013', 'SEM-7', 'Benoit Djorkaeff', 'MAT-3', 11.32, 1.33, 'A', 0, 1);
insert into notes_details values ('2012-2013', 'SEM-7', 'Benoit Djorkaeff', 'MAT-3', 11.32, 1.33, 'A', 0, 2);
insert into contentieux values ('2012-2013', 'SEM-7', 'Benoit Djorkaeff', 'MAT-3');
insert into notes_details values ('2012-2013', 'SEM-7', 'Benoit Djorkaeff', 'MNG-3', 11.32, 1.0, 'A', 0, 1);
insert into notes_details values ('2012-2013', 'SEM-7', 'Benoit Djorkaeff', 'MNG-3', 11.32, 3.0, 'A', 3, 2);
insert into notes_details values ('2012-2013', 'SEM-7', 'Benoit Djorkaeff', 'PJT-3', 11.32, 3.0, 'A', 5, 1);
insert into notes_details values ('2012-2013', 'SEM-7', 'Benoit Djorkaeff', 'STD-3', 11.32, 1.33, 'A', 0, 1);
insert into notes_details values ('2012-2013', 'SEM-7', 'Benoit Djorkaeff', 'STD-3', 11.32, 3.33, 'A', 2, 2);
insert into gpa values ('2011-2012', 'SEM-5', 'Benoit Djorkaeff', 2.43);
insert into gpa values ('2011-2012', 'SEM-6', 'Benoit Djorkaeff', 3.85);
insert into gpa values ('2012-2013', 'SEM-7', 'Benoit Djorkaeff', 3.4);
insert into eleves values ('Marianne Freeman', 1, 'S', 'Tres bien', 'MP', 'MP', 'mfreeman');
insert into notes_details values ('2011-2012', 'SEM-5', 'Marianne Freeman', 'ALG-1', 11.32, 4.0, 'A', 3, 1);
insert into notes_details values ('2011-2012', 'SEM-5', 'Marianne Freeman', 'DPP-1', 11.32, 1.67, 'A', 0, 1);
insert into notes_details values ('2011-2012', 'SEM-5', 'Marianne Freeman', 'DPP-1', 11.32, 1.0, 'A', 2, 99);
insert into notes_details values ('2011-2012', 'SEM-5', 'Marianne Freeman', 'ELE-1', 11.32, 1.33, 'A', 0, 1);
insert into notes_details values ('2011-2012', 'SEM-5', 'Marianne Freeman', 'ELE-1', 11.32, 1.67, 'A', 3, 99);
insert into notes_details values ('2011-2012', 'SEM-5', 'Marianne Freeman', 'INP-1', 11.32, 2.0, 'A', 0, 1);
insert into notes_details values ('2011-2012', 'SEM-5', 'Marianne Freeman', 'INP-1', 11.32, 2.67, 'A', 3, 2);
insert into notes_details values ('2011-2012', 'SEM-5', 'Marianne Freeman', 'LCI-1', 11.32, 2.67, 'A', 3, 1);
insert into notes_details values ('2011-2012', 'SEM-5', 'Marianne Freeman', 'MAT-1', 11.32, 3.67, 'A', 3, 1);
insert into notes_details values ('2011-2012', 'SEM-5', 'Marianne Freeman', 'MGP-1', 11.32, 2.0, 'A', 0, 1);
insert into notes_details values ('2011-2012', 'SEM-5', 'Marianne Freeman', 'MGP-1', 11.32, 3.33, 'A', 4, 2);
insert into notes_details values ('2011-2012', 'SEM-5', 'Marianne Freeman', 'PHO-1', 11.32, 2.67, 'A', 3, 1);
insert into notes_details values ('2011-2012', 'SEM-5', 'Marianne Freeman', 'PHQ-1', 11.32, 3.67, 'A', 3, 1);
insert into notes_details values ('2011-2012', 'SEM-5', 'Marianne Freeman', 'SPM-1', 11.32, 3.0, 'A', 3, 1);
insert into notes_details values ('2011-2012', 'SEM-6', 'Marianne Freeman', 'DPP-2', 11.32, 4.0, 'A', 1, 1);
insert into notes_details values ('2011-2012', 'SEM-6', 'Marianne Freeman', 'EAO-2', 11.32, 2.0, 'A', 0, 1);
insert into notes_details values ('2011-2012', 'SEM-6', 'Marianne Freeman', 'EAO-2', 11.32, 3.0, 'A', 3, 2);
insert into notes_details values ('2011-2012', 'SEM-6', 'Marianne Freeman', 'ECO-2', 11.32, 2.0, 'A', 0, 1);
insert into notes_details values ('2011-2012', 'SEM-6', 'Marianne Freeman', 'ECO-2', 11.32, 4.0, 'A', 3, 2);
insert into notes_details values ('2011-2012', 'SEM-6', 'Marianne Freeman', 'LCI-2', 11.32, 3.67, 'A', 3, 1);
insert into notes_details values ('2011-2012', 'SEM-6', 'Marianne Freeman', 'MAT-2', 11.32, 2.0, 'A', 0, 1);
insert into notes_details values ('2011-2012', 'SEM-6', 'Marianne Freeman', 'MAT-2', 11.32, 2.0, 'A', 2, 99);
insert into notes_details values ('2011-2012', 'SEM-6', 'Marianne Freeman', 'MCO-2', 11.32, 3.0, 'A', 2, 1);
insert into notes_details values ('2011-2012', 'SEM-6', 'Marianne Freeman', 'MGP-2', 11.32, 4.0, 'A', 4, 1);
insert into notes_details values ('2011-2012', 'SEM-6', 'Marianne Freeman', 'PHS-2', 11.32, 1.0, 'A', 0, 1);
insert into notes_details values ('2011-2012', 'SEM-6', 'Marianne Freeman', 'PHS-2', 11.32, 2.67, 'A', 2, 2);
insert into notes_details values ('2011-2012', 'SEM-6', 'Marianne Freeman', 'PJT-2', 11.32, 1.67, 'A', 0, 1);
insert into notes_details values ('2011-2012', 'SEM-6', 'Marianne Freeman', 'PJT-2', 11.32, 3.0, 'A', 1, 2);
insert into notes_details values ('2011-2012', 'SEM-6', 'Marianne Freeman', 'RMS-2', 11.32, 1.0, 'A', 0, 1);
insert into notes_details values ('2011-2012', 'SEM-6', 'Marianne Freeman', 'RMS-2', 11.32, 4.0, 'A', 4, 2);
insert into notes_details values ('2011-2012', 'SEM-6', 'Marianne Freeman', 'STG-2', 11.32, 3.33, 'A', 2, 1);
insert into notes_details values ('2011-2012', 'SEM-6', 'Marianne Freeman', 'THS-2', 11.32, 3.33, 'A', 3, 1);
insert into notes_details values ('2012-2013', 'SEM-7', 'Marianne Freeman', 'ASL-3', 11.32, 3.33, 'A', 2, 1);
insert into notes_details values ('2012-2013', 'SEM-7', 'Marianne Freeman', 'DPP-3', 11.32, 4.0, 'A', 2, 1);
insert into notes_details values ('2012-2013', 'SEM-7', 'Marianne Freeman', 'EAO-31', 11.32, 1.33, 'A', 0, 1);
insert into notes_details values ('2012-2013', 'SEM-7', 'Marianne Freeman', 'EAO-31', 11.32, 3.0, 'A', 2, 2);
insert into notes_details values ('2012-2013', 'SEM-7', 'Marianne Freeman', 'EAO-32', 11.32, 4.0, 'A', 2, 1);
insert into notes_details values ('2012-2013', 'SEM-7', 'Marianne Freeman', 'EAO-33', 11.32, 3.0, 'A', 2, 1);
insert into notes_details values ('2012-2013', 'SEM-7', 'Marianne Freeman', 'EAO-34', 11.32, 1.67, 'A', 0, 1);
insert into notes_details values ('2012-2013', 'SEM-7', 'Marianne Freeman', 'EAO-34', 11.32, 1.0, 'A', 0, 2);
insert into contentieux values ('2012-2013', 'SEM-7', 'Marianne Freeman', 'EAO-34');
insert into notes_details values ('2012-2013', 'SEM-7', 'Marianne Freeman', 'EAO-35', 11.32, 1.33, 'A', 0, 1);
insert into notes_details values ('2012-2013', 'SEM-7', 'Marianne Freeman', 'EAO-35', 11.32, 2.67, 'A', 2, 2);
insert into notes_details values ('2012-2013', 'SEM-7', 'Marianne Freeman', 'LCI-3', 11.32, 2.0, 'A', 0, 1);
insert into notes_details values ('2012-2013', 'SEM-7', 'Marianne Freeman', 'LCI-3', 11.32, 4.0, 'A', 3, 2);
insert into notes_details values ('2012-2013', 'SEM-7', 'Marianne Freeman', 'MAT-3', 11.32, 1.0, 'A', 0, 1);
insert into notes_details values ('2012-2013', 'SEM-7', 'Marianne Freeman', 'MAT-3', 11.32, 3.33, 'A', 3, 2);
insert into notes_details values ('2012-2013', 'SEM-7', 'Marianne Freeman', 'MNG-3', 11.32, 1.0, 'A', 0, 1);
insert into notes_details values ('2012-2013', 'SEM-7', 'Marianne Freeman', 'MNG-3', 11.32, 2.0, 'A', 0, 2);
insert into contentieux values ('2012-2013', 'SEM-7', 'Marianne Freeman', 'MNG-3');
insert into notes_details values ('2012-2013', 'SEM-7', 'Marianne Freeman', 'PJT-3', 11.32, 1.33, 'A', 0, 1);
insert into notes_details values ('2012-2013', 'SEM-7', 'Marianne Freeman', 'PJT-3', 11.32, 3.67, 'A', 5, 2);
insert into notes_details values ('2012-2013', 'SEM-7', 'Marianne Freeman', 'STD-3', 11.32, 1.67, 'A', 0, 1);
insert into notes_details values ('2012-2013', 'SEM-7', 'Marianne Freeman', 'STD-3', 11.32, 2.0, 'A', 0, 2);
insert into contentieux values ('2012-2013', 'SEM-7', 'Marianne Freeman', 'STD-3');
insert into gpa values ('2011-2012', 'SEM-5', 'Marianne Freeman', 3.88);
insert into gpa values ('2011-2012', 'SEM-6', 'Marianne Freeman', 2.46);
insert into gpa values ('2012-2013', 'SEM-7', 'Marianne Freeman', 2.01);
insert into eleves values ('Mercer Zidane', 1, 'S', 'Tres bien', 'MP', 'MP', 'mzidane');
insert into notes_details values ('2011-2012', 'SEM-5', 'Mercer Zidane', 'ALG-1', 11.32, 1.0, 'A', 0, 1);
insert into notes_details values ('2011-2012', 'SEM-5', 'Mercer Zidane', 'ALG-1', 11.32, 1.67, 'A', 3, 99);
insert into notes_details values ('2011-2012', 'SEM-5', 'Mercer Zidane', 'DPP-1', 11.32, 1.33, 'A', 0, 1);
insert into notes_details values ('2011-2012', 'SEM-5', 'Mercer Zidane', 'DPP-1', 11.32, 4.0, 'A', 2, 2);
insert into notes_details values ('2011-2012', 'SEM-5', 'Mercer Zidane', 'ELE-1', 11.32, 3.67, 'A', 3, 1);
insert into notes_details values ('2011-2012', 'SEM-5', 'Mercer Zidane', 'INP-1', 11.32, 2.67, 'A', 3, 1);
insert into notes_details values ('2011-2012', 'SEM-5', 'Mercer Zidane', 'LCI-1', 11.32, 2.0, 'A', 0, 1);
insert into notes_details values ('2011-2012', 'SEM-5', 'Mercer Zidane', 'LCI-1', 11.32, 4.0, 'A', 3, 2);
insert into notes_details values ('2011-2012', 'SEM-5', 'Mercer Zidane', 'MAT-1', 11.32, 2.67, 'A', 3, 1);
insert into notes_details values ('2011-2012', 'SEM-5', 'Mercer Zidane', 'MGP-1', 11.32, 1.67, 'A', 0, 1);
insert into notes_details values ('2011-2012', 'SEM-5', 'Mercer Zidane', 'MGP-1', 11.32, 3.0, 'A', 4, 2);
insert into notes_details values ('2011-2012', 'SEM-5', 'Mercer Zidane', 'PHO-1', 11.32, 2.33, 'A', 0, 1);
insert into notes_details values ('2011-2012', 'SEM-5', 'Mercer Zidane', 'PHO-1', 11.32, 2.67, 'A', 3, 2);
insert into notes_details values ('2011-2012', 'SEM-5', 'Mercer Zidane', 'PHQ-1', 11.32, 2.67, 'A', 3, 1);
insert into notes_details values ('2011-2012', 'SEM-5', 'Mercer Zidane', 'SPM-1', 11.32, 3.0, 'A', 3, 1);
insert into notes_details values ('2011-2012', 'SEM-6', 'Mercer Zidane', 'DPP-2', 11.32, 2.33, 'A', 0, 1);
insert into notes_details values ('2011-2012', 'SEM-6', 'Mercer Zidane', 'DPP-2', 11.32, 2.33, 'A', 1, 99);
insert into notes_details values ('2011-2012', 'SEM-6', 'Mercer Zidane', 'EAO-2', 11.32, 2.33, 'A', 0, 1);
insert into notes_details values ('2011-2012', 'SEM-6', 'Mercer Zidane', 'EAO-2', 11.32, 4.0, 'A', 3, 2);
insert into notes_details values ('2011-2012', 'SEM-6', 'Mercer Zidane', 'ECO-2', 11.32, 3.67, 'A', 3, 1);
insert into notes_details values ('2011-2012', 'SEM-6', 'Mercer Zidane', 'LCI-2', 11.32, 3.0, 'A', 3, 1);
insert into notes_details values ('2011-2012', 'SEM-6', 'Mercer Zidane', 'MAT-2', 11.32, 3.67, 'A', 2, 1);
insert into notes_details values ('2011-2012', 'SEM-6', 'Mercer Zidane', 'MCO-2', 11.32, 2.0, 'A', 0, 1);
insert into notes_details values ('2011-2012', 'SEM-6', 'Mercer Zidane', 'MCO-2', 11.32, 4.0, 'A', 2, 2);
insert into notes_details values ('2011-2012', 'SEM-6', 'Mercer Zidane', 'MGP-2', 11.32, 3.0, 'A', 4, 1);
insert into notes_details values ('2011-2012', 'SEM-6', 'Mercer Zidane', 'PHS-2', 11.32, 2.0, 'A', 0, 1);
insert into notes_details values ('2011-2012', 'SEM-6', 'Mercer Zidane', 'PHS-2', 11.32, 3.0, 'A', 2, 2);
insert into notes_details values ('2011-2012', 'SEM-6', 'Mercer Zidane', 'PJT-2', 11.32, 2.0, 'A', 0, 1);
insert into notes_details values ('2011-2012', 'SEM-6', 'Mercer Zidane', 'PJT-2', 11.32, 3.0, 'A', 1, 2);
insert into notes_details values ('2011-2012', 'SEM-6', 'Mercer Zidane', 'RMS-2', 11.32, 2.33, 'A', 0, 1);
insert into notes_details values ('2011-2012', 'SEM-6', 'Mercer Zidane', 'RMS-2', 11.32, 2.0, 'A', 4, 99);
insert into notes_details values ('2011-2012', 'SEM-6', 'Mercer Zidane', 'STG-2', 11.32, 2.67, 'A', 2, 1);
insert into notes_details values ('2011-2012', 'SEM-6', 'Mercer Zidane', 'THS-2', 11.32, 2.0, 'A', 0, 1);
insert into notes_details values ('2011-2012', 'SEM-6', 'Mercer Zidane', 'THS-2', 11.32, 2.0, 'A', 3, 99);
insert into notes_details values ('2012-2013', 'SEM-7', 'Mercer Zidane', 'ASL-3', 11.32, 1.0, 'A', 0, 1);
insert into notes_details values ('2012-2013', 'SEM-7', 'Mercer Zidane', 'ASL-3', 11.32, 1.0, 'A', 0, 2);
insert into contentieux values ('2012-2013', 'SEM-7', 'Mercer Zidane', 'ASL-3');
insert into notes_details values ('2012-2013', 'SEM-7', 'Mercer Zidane', 'DPP-3', 11.32, 2.33, 'A', 0, 1);
insert into notes_details values ('2012-2013', 'SEM-7', 'Mercer Zidane', 'DPP-3', 11.32, 1.33, 'A', 0, 2);
insert into contentieux values ('2012-2013', 'SEM-7', 'Mercer Zidane', 'DPP-3');
insert into notes_details values ('2012-2013', 'SEM-7', 'Mercer Zidane', 'EAO-31', 11.32, 1.0, 'A', 0, 1);
insert into notes_details values ('2012-2013', 'SEM-7', 'Mercer Zidane', 'EAO-31', 11.32, 2.67, 'A', 2, 2);
insert into notes_details values ('2012-2013', 'SEM-7', 'Mercer Zidane', 'EAO-32', 11.32, 1.67, 'A', 0, 1);
insert into notes_details values ('2012-2013', 'SEM-7', 'Mercer Zidane', 'EAO-32', 11.32, 2.67, 'A', 2, 2);
insert into notes_details values ('2012-2013', 'SEM-7', 'Mercer Zidane', 'EAO-33', 11.32, 1.0, 'A', 0, 1);
insert into notes_details values ('2012-2013', 'SEM-7', 'Mercer Zidane', 'EAO-33', 11.32, 3.0, 'A', 2, 2);
insert into notes_details values ('2012-2013', 'SEM-7', 'Mercer Zidane', 'EAO-34', 11.32, 2.33, 'A', 0, 1);
insert into notes_details values ('2012-2013', 'SEM-7', 'Mercer Zidane', 'EAO-34', 11.32, 1.0, 'A', 0, 2);
insert into contentieux values ('2012-2013', 'SEM-7', 'Mercer Zidane', 'EAO-34');
insert into notes_details values ('2012-2013', 'SEM-7', 'Mercer Zidane', 'EAO-35', 11.32, 1.0, 'A', 0, 1);
insert into notes_details values ('2012-2013', 'SEM-7', 'Mercer Zidane', 'EAO-35', 11.32, 2.67, 'A', 2, 2);
insert into notes_details values ('2012-2013', 'SEM-7', 'Mercer Zidane', 'LCI-3', 11.32, 2.67, 'A', 3, 1);
insert into notes_details values ('2012-2013', 'SEM-7', 'Mercer Zidane', 'MAT-3', 11.32, 3.33, 'A', 3, 1);
insert into notes_details values ('2012-2013', 'SEM-7', 'Mercer Zidane', 'MNG-3', 11.32, 1.67, 'A', 0, 1);
insert into notes_details values ('2012-2013', 'SEM-7', 'Mercer Zidane', 'MNG-3', 11.32, 1.33, 'A', 3, 99);
insert into notes_details values ('2012-2013', 'SEM-7', 'Mercer Zidane', 'PJT-3', 11.32, 2.0, 'A', 0, 1);
insert into notes_details values ('2012-2013', 'SEM-7', 'Mercer Zidane', 'PJT-3', 11.32, 1.33, 'A', 0, 2);
insert into contentieux values ('2012-2013', 'SEM-7', 'Mercer Zidane', 'PJT-3');
insert into notes_details values ('2012-2013', 'SEM-7', 'Mercer Zidane', 'STD-3', 11.32, 3.33, 'A', 2, 1);
insert into gpa values ('2011-2012', 'SEM-5', 'Mercer Zidane', 2.32);
insert into gpa values ('2011-2012', 'SEM-6', 'Mercer Zidane', 2.92);
insert into gpa values ('2012-2013', 'SEM-7', 'Mercer Zidane', 3.07);
insert into eleves values ('Enzo Blanc', 1, 'S', 'Tres bien', 'MP', 'MP', 'eblanc');
insert into notes_details values ('2011-2012', 'SEM-5', 'Enzo Blanc', 'ALG-1', 11.32, 2.67, 'A', 3, 1);
insert into notes_details values ('2011-2012', 'SEM-5', 'Enzo Blanc', 'DPP-1', 11.32, 2.67, 'A', 2, 1);
insert into notes_details values ('2011-2012', 'SEM-5', 'Enzo Blanc', 'ELE-1', 11.32, 2.67, 'A', 3, 1);
insert into notes_details values ('2011-2012', 'SEM-5', 'Enzo Blanc', 'INP-1', 11.32, 1.33, 'A', 0, 1);
insert into notes_details values ('2011-2012', 'SEM-5', 'Enzo Blanc', 'INP-1', 11.32, 2.67, 'A', 3, 2);
insert into notes_details values ('2011-2012', 'SEM-5', 'Enzo Blanc', 'LCI-1', 11.32, 4.0, 'A', 3, 1);
insert into notes_details values ('2011-2012', 'SEM-5', 'Enzo Blanc', 'MAT-1', 11.32, 4.0, 'A', 3, 1);
insert into notes_details values ('2011-2012', 'SEM-5', 'Enzo Blanc', 'MGP-1', 11.32, 1.0, 'A', 0, 1);
insert into notes_details values ('2011-2012', 'SEM-5', 'Enzo Blanc', 'MGP-1', 11.32, 3.67, 'A', 4, 2);
insert into notes_details values ('2011-2012', 'SEM-5', 'Enzo Blanc', 'PHO-1', 11.32, 1.67, 'A', 0, 1);
insert into notes_details values ('2011-2012', 'SEM-5', 'Enzo Blanc', 'PHO-1', 11.32, 2.67, 'A', 3, 2);
insert into notes_details values ('2011-2012', 'SEM-5', 'Enzo Blanc', 'PHQ-1', 11.32, 2.33, 'A', 0, 1);
insert into notes_details values ('2011-2012', 'SEM-5', 'Enzo Blanc', 'PHQ-1', 11.32, 3.33, 'A', 3, 2);
insert into notes_details values ('2011-2012', 'SEM-5', 'Enzo Blanc', 'SPM-1', 11.32, 2.33, 'A', 0, 1);
insert into notes_details values ('2011-2012', 'SEM-5', 'Enzo Blanc', 'SPM-1', 11.32, 3.33, 'A', 3, 2);
insert into notes_details values ('2011-2012', 'SEM-6', 'Enzo Blanc', 'DPP-2', 11.32, 1.33, 'A', 0, 1);
insert into notes_details values ('2011-2012', 'SEM-6', 'Enzo Blanc', 'DPP-2', 11.32, 3.0, 'A', 1, 2);
insert into notes_details values ('2011-2012', 'SEM-6', 'Enzo Blanc', 'EAO-2', 11.32, 2.0, 'A', 0, 1);
insert into notes_details values ('2011-2012', 'SEM-6', 'Enzo Blanc', 'EAO-2', 11.32, 3.67, 'A', 3, 2);
insert into notes_details values ('2011-2012', 'SEM-6', 'Enzo Blanc', 'ECO-2', 11.32, 2.0, 'A', 0, 1);
insert into notes_details values ('2011-2012', 'SEM-6', 'Enzo Blanc', 'ECO-2', 11.32, 2.67, 'A', 3, 2);
insert into notes_details values ('2011-2012', 'SEM-6', 'Enzo Blanc', 'LCI-2', 11.32, 3.67, 'A', 3, 1);
insert into notes_details values ('2011-2012', 'SEM-6', 'Enzo Blanc', 'MAT-2', 11.32, 1.67, 'A', 0, 1);
insert into notes_details values ('2011-2012', 'SEM-6', 'Enzo Blanc', 'MAT-2', 11.32, 3.33, 'A', 2, 2);
insert into notes_details values ('2011-2012', 'SEM-6', 'Enzo Blanc', 'MCO-2', 11.32, 1.33, 'A', 0, 1);
insert into notes_details values ('2011-2012', 'SEM-6', 'Enzo Blanc', 'MCO-2', 11.32, 3.67, 'A', 2, 2);
insert into notes_details values ('2011-2012', 'SEM-6', 'Enzo Blanc', 'MGP-2', 11.32, 3.33, 'A', 4, 1);
insert into notes_details values ('2011-2012', 'SEM-6', 'Enzo Blanc', 'PHS-2', 11.32, 3.67, 'A', 2, 1);
insert into notes_details values ('2011-2012', 'SEM-6', 'Enzo Blanc', 'PJT-2', 11.32, 3.0, 'A', 1, 1);
insert into notes_details values ('2011-2012', 'SEM-6', 'Enzo Blanc', 'RMS-2', 11.32, 3.33, 'A', 4, 1);
insert into notes_details values ('2011-2012', 'SEM-6', 'Enzo Blanc', 'STG-2', 11.32, 2.33, 'A', 0, 1);
insert into notes_details values ('2011-2012', 'SEM-6', 'Enzo Blanc', 'STG-2', 11.32, 2.33, 'A', 2, 99);
insert into notes_details values ('2011-2012', 'SEM-6', 'Enzo Blanc', 'THS-2', 11.32, 2.67, 'A', 3, 1);
insert into notes_details values ('2012-2013', 'SEM-7', 'Enzo Blanc', 'ASL-3', 11.32, 3.67, 'A', 2, 1);
insert into notes_details values ('2012-2013', 'SEM-7', 'Enzo Blanc', 'DPP-3', 11.32, 1.67, 'A', 0, 1);
insert into notes_details values ('2012-2013', 'SEM-7', 'Enzo Blanc', 'DPP-3', 11.32, 2.33, 'A', 2, 99);
insert into notes_details values ('2012-2013', 'SEM-7', 'Enzo Blanc', 'EAO-31', 11.32, 1.33, 'A', 0, 1);
insert into notes_details values ('2012-2013', 'SEM-7', 'Enzo Blanc', 'EAO-31', 11.32, 1.67, 'A', 0, 2);
insert into contentieux values ('2012-2013', 'SEM-7', 'Enzo Blanc', 'EAO-31');
insert into notes_details values ('2012-2013', 'SEM-7', 'Enzo Blanc', 'EAO-32', 11.32, 1.67, 'A', 0, 1);
insert into notes_details values ('2012-2013', 'SEM-7', 'Enzo Blanc', 'EAO-32', 11.32, 2.0, 'A', 0, 2);
insert into contentieux values ('2012-2013', 'SEM-7', 'Enzo Blanc', 'EAO-32');
insert into notes_details values ('2012-2013', 'SEM-7', 'Enzo Blanc', 'EAO-33', 11.32, 2.67, 'A', 2, 1);
insert into notes_details values ('2012-2013', 'SEM-7', 'Enzo Blanc', 'EAO-34', 11.32, 1.67, 'A', 0, 1);
insert into notes_details values ('2012-2013', 'SEM-7', 'Enzo Blanc', 'EAO-34', 11.32, 3.67, 'A', 2, 2);
insert into notes_details values ('2012-2013', 'SEM-7', 'Enzo Blanc', 'EAO-35', 11.32, 1.67, 'A', 0, 1);
insert into notes_details values ('2012-2013', 'SEM-7', 'Enzo Blanc', 'EAO-35', 11.32, 2.33, 'A', 2, 99);
insert into notes_details values ('2012-2013', 'SEM-7', 'Enzo Blanc', 'LCI-3', 11.32, 2.33, 'A', 0, 1);
insert into notes_details values ('2012-2013', 'SEM-7', 'Enzo Blanc', 'LCI-3', 11.32, 2.67, 'A', 3, 2);
insert into notes_details values ('2012-2013', 'SEM-7', 'Enzo Blanc', 'MAT-3', 11.32, 2.33, 'A', 0, 1);
insert into notes_details values ('2012-2013', 'SEM-7', 'Enzo Blanc', 'MAT-3', 11.32, 2.33, 'A', 0, 2);
insert into contentieux values ('2012-2013', 'SEM-7', 'Enzo Blanc', 'MAT-3');
insert into notes_details values ('2012-2013', 'SEM-7', 'Enzo Blanc', 'MNG-3', 11.32, 1.33, 'A', 0, 1);
insert into notes_details values ('2012-2013', 'SEM-7', 'Enzo Blanc', 'MNG-3', 11.32, 2.33, 'A', 0, 2);
insert into contentieux values ('2012-2013', 'SEM-7', 'Enzo Blanc', 'MNG-3');
insert into notes_details values ('2012-2013', 'SEM-7', 'Enzo Blanc', 'PJT-3', 11.32, 3.0, 'A', 5, 1);
insert into notes_details values ('2012-2013', 'SEM-7', 'Enzo Blanc', 'STD-3', 11.32, 1.0, 'A', 0, 1);
insert into notes_details values ('2012-2013', 'SEM-7', 'Enzo Blanc', 'STD-3', 11.32, 1.67, 'A', 0, 2);
insert into contentieux values ('2012-2013', 'SEM-7', 'Enzo Blanc', 'STD-3');
insert into gpa values ('2011-2012', 'SEM-5', 'Enzo Blanc', 2.8);
insert into gpa values ('2011-2012', 'SEM-6', 'Enzo Blanc', 3.13);
insert into gpa values ('2012-2013', 'SEM-7', 'Enzo Blanc', 2.63);
insert into eleves values ('Marco Thuram', 1, 'S', 'Tres bien', 'MP', 'MP', 'mthuram');
insert into notes_details values ('2011-2012', 'SEM-5', 'Marco Thuram', 'ALG-1', 11.32, 1.67, 'A', 0, 1);
insert into notes_details values ('2011-2012', 'SEM-5', 'Marco Thuram', 'ALG-1', 11.32, 3.33, 'A', 3, 2);
insert into notes_details values ('2011-2012', 'SEM-5', 'Marco Thuram', 'DPP-1', 11.32, 3.67, 'A', 2, 1);
insert into notes_details values ('2011-2012', 'SEM-5', 'Marco Thuram', 'ELE-1', 11.32, 1.67, 'A', 0, 1);
insert into notes_details values ('2011-2012', 'SEM-5', 'Marco Thuram', 'ELE-1', 11.32, 2.67, 'A', 3, 2);
insert into notes_details values ('2011-2012', 'SEM-5', 'Marco Thuram', 'INP-1', 11.32, 1.33, 'A', 0, 1);
insert into notes_details values ('2011-2012', 'SEM-5', 'Marco Thuram', 'INP-1', 11.32, 3.0, 'A', 3, 2);
insert into notes_details values ('2011-2012', 'SEM-5', 'Marco Thuram', 'LCI-1', 11.32, 3.33, 'A', 3, 1);
insert into notes_details values ('2011-2012', 'SEM-5', 'Marco Thuram', 'MAT-1', 11.32, 3.33, 'A', 3, 1);
insert into notes_details values ('2011-2012', 'SEM-5', 'Marco Thuram', 'MGP-1', 11.32, 2.0, 'A', 0, 1);
insert into notes_details values ('2011-2012', 'SEM-5', 'Marco Thuram', 'MGP-1', 11.32, 2.67, 'A', 4, 2);
insert into notes_details values ('2011-2012', 'SEM-5', 'Marco Thuram', 'PHO-1', 11.32, 1.67, 'A', 0, 1);
insert into notes_details values ('2011-2012', 'SEM-5', 'Marco Thuram', 'PHO-1', 11.32, 3.0, 'A', 3, 2);
insert into notes_details values ('2011-2012', 'SEM-5', 'Marco Thuram', 'PHQ-1', 11.32, 4.0, 'A', 3, 1);
insert into notes_details values ('2011-2012', 'SEM-5', 'Marco Thuram', 'SPM-1', 11.32, 2.67, 'A', 3, 1);
insert into notes_details values ('2011-2012', 'SEM-6', 'Marco Thuram', 'DPP-2', 11.32, 3.33, 'A', 1, 1);
insert into notes_details values ('2011-2012', 'SEM-6', 'Marco Thuram', 'EAO-2', 11.32, 3.33, 'A', 3, 1);
insert into notes_details values ('2011-2012', 'SEM-6', 'Marco Thuram', 'ECO-2', 11.32, 4.0, 'A', 3, 1);
insert into notes_details values ('2011-2012', 'SEM-6', 'Marco Thuram', 'LCI-2', 11.32, 1.0, 'A', 0, 1);
insert into notes_details values ('2011-2012', 'SEM-6', 'Marco Thuram', 'LCI-2', 11.32, 3.0, 'A', 3, 2);
insert into notes_details values ('2011-2012', 'SEM-6', 'Marco Thuram', 'MAT-2', 11.32, 3.0, 'A', 2, 1);
insert into notes_details values ('2011-2012', 'SEM-6', 'Marco Thuram', 'MCO-2', 11.32, 1.67, 'A', 0, 1);
insert into notes_details values ('2011-2012', 'SEM-6', 'Marco Thuram', 'MCO-2', 11.32, 2.67, 'A', 2, 2);
insert into notes_details values ('2011-2012', 'SEM-6', 'Marco Thuram', 'MGP-2', 11.32, 2.33, 'A', 0, 1);
insert into notes_details values ('2011-2012', 'SEM-6', 'Marco Thuram', 'MGP-2', 11.32, 2.67, 'A', 4, 2);
insert into notes_details values ('2011-2012', 'SEM-6', 'Marco Thuram', 'PHS-2', 11.32, 3.0, 'A', 2, 1);
insert into notes_details values ('2011-2012', 'SEM-6', 'Marco Thuram', 'PJT-2', 11.32, 2.33, 'A', 0, 1);
insert into notes_details values ('2011-2012', 'SEM-6', 'Marco Thuram', 'PJT-2', 11.32, 1.0, 'A', 1, 99);
insert into notes_details values ('2011-2012', 'SEM-6', 'Marco Thuram', 'RMS-2', 11.32, 3.67, 'A', 4, 1);
insert into notes_details values ('2011-2012', 'SEM-6', 'Marco Thuram', 'STG-2', 11.32, 1.67, 'A', 0, 1);
insert into notes_details values ('2011-2012', 'SEM-6', 'Marco Thuram', 'STG-2', 11.32, 1.67, 'A', 2, 99);
insert into notes_details values ('2011-2012', 'SEM-6', 'Marco Thuram', 'THS-2', 11.32, 3.67, 'A', 3, 1);
insert into notes_details values ('2012-2013', 'SEM-7', 'Marco Thuram', 'ASL-3', 11.32, 3.67, 'A', 2, 1);
insert into notes_details values ('2012-2013', 'SEM-7', 'Marco Thuram', 'DPP-3', 11.32, 1.67, 'A', 0, 1);
insert into notes_details values ('2012-2013', 'SEM-7', 'Marco Thuram', 'DPP-3', 11.32, 3.0, 'A', 2, 2);
insert into notes_details values ('2012-2013', 'SEM-7', 'Marco Thuram', 'EAO-31', 11.32, 1.0, 'A', 0, 1);
insert into notes_details values ('2012-2013', 'SEM-7', 'Marco Thuram', 'EAO-31', 11.32, 1.33, 'A', 0, 2);
insert into contentieux values ('2012-2013', 'SEM-7', 'Marco Thuram', 'EAO-31');
insert into notes_details values ('2012-2013', 'SEM-7', 'Marco Thuram', 'EAO-32', 11.32, 1.0, 'A', 0, 1);
insert into notes_details values ('2012-2013', 'SEM-7', 'Marco Thuram', 'EAO-32', 11.32, 2.33, 'A', 0, 2);
insert into contentieux values ('2012-2013', 'SEM-7', 'Marco Thuram', 'EAO-32');
insert into notes_details values ('2012-2013', 'SEM-7', 'Marco Thuram', 'EAO-33', 11.32, 4.0, 'A', 2, 1);
insert into notes_details values ('2012-2013', 'SEM-7', 'Marco Thuram', 'EAO-34', 11.32, 2.0, 'A', 0, 1);
insert into notes_details values ('2012-2013', 'SEM-7', 'Marco Thuram', 'EAO-34', 11.32, 3.67, 'A', 2, 2);
insert into notes_details values ('2012-2013', 'SEM-7', 'Marco Thuram', 'EAO-35', 11.32, 1.67, 'A', 0, 1);
insert into notes_details values ('2012-2013', 'SEM-7', 'Marco Thuram', 'EAO-35', 11.32, 3.33, 'A', 2, 2);
insert into notes_details values ('2012-2013', 'SEM-7', 'Marco Thuram', 'LCI-3', 11.32, 2.0, 'A', 0, 1);
insert into notes_details values ('2012-2013', 'SEM-7', 'Marco Thuram', 'LCI-3', 11.32, 1.67, 'A', 0, 2);
insert into contentieux values ('2012-2013', 'SEM-7', 'Marco Thuram', 'LCI-3');
insert into notes_details values ('2012-2013', 'SEM-7', 'Marco Thuram', 'MAT-3', 11.32, 3.33, 'A', 3, 1);
insert into notes_details values ('2012-2013', 'SEM-7', 'Marco Thuram', 'MNG-3', 11.32, 1.67, 'A', 0, 1);
insert into notes_details values ('2012-2013', 'SEM-7', 'Marco Thuram', 'MNG-3', 11.32, 1.0, 'A', 0, 2);
insert into contentieux values ('2012-2013', 'SEM-7', 'Marco Thuram', 'MNG-3');
insert into notes_details values ('2012-2013', 'SEM-7', 'Marco Thuram', 'PJT-3', 11.32, 1.33, 'A', 0, 1);
insert into notes_details values ('2012-2013', 'SEM-7', 'Marco Thuram', 'PJT-3', 11.32, 2.0, 'A', 0, 2);
insert into contentieux values ('2012-2013', 'SEM-7', 'Marco Thuram', 'PJT-3');
insert into notes_details values ('2012-2013', 'SEM-7', 'Marco Thuram', 'STD-3', 11.32, 1.0, 'A', 0, 1);
insert into notes_details values ('2012-2013', 'SEM-7', 'Marco Thuram', 'STD-3', 11.32, 1.0, 'A', 2, 99);
insert into gpa values ('2011-2012', 'SEM-5', 'Marco Thuram', 3.11);
insert into gpa values ('2011-2012', 'SEM-6', 'Marco Thuram', 3.67);
insert into gpa values ('2012-2013', 'SEM-7', 'Marco Thuram', 2.32);
insert into eleves values ('Martin Michaud', 1, 'S', 'Tres bien', 'etranger', 'MP', 'mmichaud');
insert into notes_details values ('2011-2012', 'SEM-5', 'Martin Michaud', 'ALG-1', 11.32, 3.0, 'A', 3, 1);
insert into notes_details values ('2011-2012', 'SEM-5', 'Martin Michaud', 'DPP-1', 11.32, 4.0, 'A', 2, 1);
insert into notes_details values ('2011-2012', 'SEM-5', 'Martin Michaud', 'ELE-1', 11.32, 3.67, 'A', 3, 1);
insert into notes_details values ('2011-2012', 'SEM-5', 'Martin Michaud', 'INP-1', 11.32, 3.33, 'A', 3, 1);
insert into notes_details values ('2011-2012', 'SEM-5', 'Martin Michaud', 'LCI-1', 11.32, 1.0, 'A', 0, 1);
insert into notes_details values ('2011-2012', 'SEM-5', 'Martin Michaud', 'LCI-1', 11.32, 4.0, 'A', 3, 2);
insert into notes_details values ('2011-2012', 'SEM-5', 'Martin Michaud', 'MAT-1', 11.32, 4.0, 'A', 3, 1);
insert into notes_details values ('2011-2012', 'SEM-5', 'Martin Michaud', 'MGP-1', 11.32, 3.67, 'A', 4, 1);
insert into notes_details values ('2011-2012', 'SEM-5', 'Martin Michaud', 'PHO-1', 11.32, 2.33, 'A', 0, 1);
insert into notes_details values ('2011-2012', 'SEM-5', 'Martin Michaud', 'PHO-1', 11.32, 3.0, 'A', 3, 2);
insert into notes_details values ('2011-2012', 'SEM-5', 'Martin Michaud', 'PHQ-1', 11.32, 3.0, 'A', 3, 1);
insert into notes_details values ('2011-2012', 'SEM-5', 'Martin Michaud', 'SPM-1', 11.32, 3.33, 'A', 3, 1);
insert into notes_details values ('2011-2012', 'SEM-6', 'Martin Michaud', 'DPP-2', 11.32, 2.33, 'A', 0, 1);
insert into notes_details values ('2011-2012', 'SEM-6', 'Martin Michaud', 'DPP-2', 11.32, 2.0, 'A', 1, 99);
insert into notes_details values ('2011-2012', 'SEM-6', 'Martin Michaud', 'EAO-2', 11.32, 3.0, 'A', 3, 1);
insert into notes_details values ('2011-2012', 'SEM-6', 'Martin Michaud', 'ECO-2', 11.32, 4.0, 'A', 3, 1);
insert into notes_details values ('2011-2012', 'SEM-6', 'Martin Michaud', 'LCI-2', 11.32, 3.33, 'A', 3, 1);
insert into notes_details values ('2011-2012', 'SEM-6', 'Martin Michaud', 'MAT-2', 11.32, 2.67, 'A', 2, 1);
insert into notes_details values ('2011-2012', 'SEM-6', 'Martin Michaud', 'MCO-2', 11.32, 3.0, 'A', 2, 1);
insert into notes_details values ('2011-2012', 'SEM-6', 'Martin Michaud', 'MGP-2', 11.32, 2.33, 'A', 0, 1);
insert into notes_details values ('2011-2012', 'SEM-6', 'Martin Michaud', 'MGP-2', 11.32, 3.0, 'A', 4, 2);
insert into notes_details values ('2011-2012', 'SEM-6', 'Martin Michaud', 'PHS-2', 11.32, 3.0, 'A', 2, 1);
insert into notes_details values ('2011-2012', 'SEM-6', 'Martin Michaud', 'PJT-2', 11.32, 1.0, 'A', 0, 1);
insert into notes_details values ('2011-2012', 'SEM-6', 'Martin Michaud', 'PJT-2', 11.32, 2.67, 'A', 1, 2);
insert into notes_details values ('2011-2012', 'SEM-6', 'Martin Michaud', 'RMS-2', 11.32, 1.33, 'A', 0, 1);
insert into notes_details values ('2011-2012', 'SEM-6', 'Martin Michaud', 'RMS-2', 11.32, 3.33, 'A', 4, 2);
insert into notes_details values ('2011-2012', 'SEM-6', 'Martin Michaud', 'STG-2', 11.32, 3.33, 'A', 2, 1);
insert into notes_details values ('2011-2012', 'SEM-6', 'Martin Michaud', 'THS-2', 11.32, 2.67, 'A', 3, 1);
insert into notes_details values ('2012-2013', 'SEM-7', 'Martin Michaud', 'ASL-3', 11.32, 4.0, 'A', 2, 1);
insert into notes_details values ('2012-2013', 'SEM-7', 'Martin Michaud', 'DPP-3', 11.32, 3.33, 'A', 2, 1);
insert into notes_details values ('2012-2013', 'SEM-7', 'Martin Michaud', 'EAO-31', 11.32, 1.67, 'A', 0, 1);
insert into notes_details values ('2012-2013', 'SEM-7', 'Martin Michaud', 'EAO-31', 11.32, 2.67, 'A', 2, 2);
insert into notes_details values ('2012-2013', 'SEM-7', 'Martin Michaud', 'EAO-32', 11.32, 2.0, 'A', 0, 1);
insert into notes_details values ('2012-2013', 'SEM-7', 'Martin Michaud', 'EAO-32', 11.32, 4.0, 'A', 2, 2);
insert into notes_details values ('2012-2013', 'SEM-7', 'Martin Michaud', 'EAO-33', 11.32, 1.33, 'A', 0, 1);
insert into notes_details values ('2012-2013', 'SEM-7', 'Martin Michaud', 'EAO-33', 11.32, 3.33, 'A', 2, 2);
insert into notes_details values ('2012-2013', 'SEM-7', 'Martin Michaud', 'EAO-34', 11.32, 1.0, 'A', 0, 1);
insert into notes_details values ('2012-2013', 'SEM-7', 'Martin Michaud', 'EAO-34', 11.32, 3.67, 'A', 2, 2);
insert into notes_details values ('2012-2013', 'SEM-7', 'Martin Michaud', 'EAO-35', 11.32, 1.67, 'A', 0, 1);
insert into notes_details values ('2012-2013', 'SEM-7', 'Martin Michaud', 'EAO-35', 11.32, 2.33, 'A', 2, 99);
insert into notes_details values ('2012-2013', 'SEM-7', 'Martin Michaud', 'LCI-3', 11.32, 2.33, 'A', 0, 1);
insert into notes_details values ('2012-2013', 'SEM-7', 'Martin Michaud', 'LCI-3', 11.32, 1.67, 'A', 0, 2);
insert into contentieux values ('2012-2013', 'SEM-7', 'Martin Michaud', 'LCI-3');
insert into notes_details values ('2012-2013', 'SEM-7', 'Martin Michaud', 'MAT-3', 11.32, 3.67, 'A', 3, 1);
insert into notes_details values ('2012-2013', 'SEM-7', 'Martin Michaud', 'MNG-3', 11.32, 2.33, 'A', 0, 1);
insert into notes_details values ('2012-2013', 'SEM-7', 'Martin Michaud', 'MNG-3', 11.32, 2.0, 'A', 3, 99);
insert into notes_details values ('2012-2013', 'SEM-7', 'Martin Michaud', 'PJT-3', 11.32, 3.67, 'A', 5, 1);
insert into notes_details values ('2012-2013', 'SEM-7', 'Martin Michaud', 'STD-3', 11.32, 3.0, 'A', 2, 1);
insert into gpa values ('2011-2012', 'SEM-5', 'Martin Michaud', 2.71);
insert into gpa values ('2011-2012', 'SEM-6', 'Martin Michaud', 3.11);
insert into gpa values ('2012-2013', 'SEM-7', 'Martin Michaud', 3.3);
insert into eleves values ('Xavier Dostie', 1, 'S', 'Tres bien', 'MP', 'MP', 'xdostie');
insert into notes_details values ('2011-2012', 'SEM-5', 'Xavier Dostie', 'ALG-1', 11.32, 1.67, 'A', 0, 1);
insert into notes_details values ('2011-2012', 'SEM-5', 'Xavier Dostie', 'ALG-1', 11.32, 1.67, 'A', 3, 99);
insert into notes_details values ('2011-2012', 'SEM-5', 'Xavier Dostie', 'DPP-1', 11.32, 1.33, 'A', 0, 1);
insert into notes_details values ('2011-2012', 'SEM-5', 'Xavier Dostie', 'DPP-1', 11.32, 2.0, 'A', 2, 99);
insert into notes_details values ('2011-2012', 'SEM-5', 'Xavier Dostie', 'ELE-1', 11.32, 3.33, 'A', 3, 1);
insert into notes_details values ('2011-2012', 'SEM-5', 'Xavier Dostie', 'INP-1', 11.32, 2.0, 'A', 0, 1);
insert into notes_details values ('2011-2012', 'SEM-5', 'Xavier Dostie', 'INP-1', 11.32, 3.0, 'A', 3, 2);
insert into notes_details values ('2011-2012', 'SEM-5', 'Xavier Dostie', 'LCI-1', 11.32, 2.0, 'A', 0, 1);
insert into notes_details values ('2011-2012', 'SEM-5', 'Xavier Dostie', 'LCI-1', 11.32, 3.0, 'A', 3, 2);
insert into notes_details values ('2011-2012', 'SEM-5', 'Xavier Dostie', 'MAT-1', 11.32, 3.67, 'A', 3, 1);
insert into notes_details values ('2011-2012', 'SEM-5', 'Xavier Dostie', 'MGP-1', 11.32, 3.33, 'A', 4, 1);
insert into notes_details values ('2011-2012', 'SEM-5', 'Xavier Dostie', 'PHO-1', 11.32, 2.67, 'A', 3, 1);
insert into notes_details values ('2011-2012', 'SEM-5', 'Xavier Dostie', 'PHQ-1', 11.32, 1.33, 'A', 0, 1);
insert into notes_details values ('2011-2012', 'SEM-5', 'Xavier Dostie', 'PHQ-1', 11.32, 2.67, 'A', 3, 2);
insert into notes_details values ('2011-2012', 'SEM-5', 'Xavier Dostie', 'SPM-1', 11.32, 4.0, 'A', 3, 1);
insert into notes_details values ('2011-2012', 'SEM-6', 'Xavier Dostie', 'DPP-2', 11.32, 2.33, 'A', 0, 1);
insert into notes_details values ('2011-2012', 'SEM-6', 'Xavier Dostie', 'DPP-2', 11.32, 3.33, 'A', 1, 2);
insert into notes_details values ('2011-2012', 'SEM-6', 'Xavier Dostie', 'EAO-2', 11.32, 2.0, 'A', 0, 1);
insert into notes_details values ('2011-2012', 'SEM-6', 'Xavier Dostie', 'EAO-2', 11.32, 3.33, 'A', 3, 2);
insert into notes_details values ('2011-2012', 'SEM-6', 'Xavier Dostie', 'ECO-2', 11.32, 2.67, 'A', 3, 1);
insert into notes_details values ('2011-2012', 'SEM-6', 'Xavier Dostie', 'LCI-2', 11.32, 3.0, 'A', 3, 1);
insert into notes_details values ('2011-2012', 'SEM-6', 'Xavier Dostie', 'MAT-2', 11.32, 4.0, 'A', 2, 1);
insert into notes_details values ('2011-2012', 'SEM-6', 'Xavier Dostie', 'MCO-2', 11.32, 1.0, 'A', 0, 1);
insert into notes_details values ('2011-2012', 'SEM-6', 'Xavier Dostie', 'MCO-2', 11.32, 3.0, 'A', 2, 2);
insert into notes_details values ('2011-2012', 'SEM-6', 'Xavier Dostie', 'MGP-2', 11.32, 2.67, 'A', 4, 1);
insert into notes_details values ('2011-2012', 'SEM-6', 'Xavier Dostie', 'PHS-2', 11.32, 2.67, 'A', 2, 1);
insert into notes_details values ('2011-2012', 'SEM-6', 'Xavier Dostie', 'PJT-2', 11.32, 1.33, 'A', 0, 1);
insert into notes_details values ('2011-2012', 'SEM-6', 'Xavier Dostie', 'PJT-2', 11.32, 2.0, 'A', 1, 99);
insert into notes_details values ('2011-2012', 'SEM-6', 'Xavier Dostie', 'RMS-2', 11.32, 2.0, 'A', 0, 1);
insert into notes_details values ('2011-2012', 'SEM-6', 'Xavier Dostie', 'RMS-2', 11.32, 3.0, 'A', 4, 2);
insert into notes_details values ('2011-2012', 'SEM-6', 'Xavier Dostie', 'STG-2', 11.32, 3.67, 'A', 2, 1);
insert into notes_details values ('2011-2012', 'SEM-6', 'Xavier Dostie', 'THS-2', 11.32, 1.0, 'A', 0, 1);
insert into notes_details values ('2011-2012', 'SEM-6', 'Xavier Dostie', 'THS-2', 11.32, 2.67, 'A', 3, 2);
insert into notes_details values ('2012-2013', 'SEM-7', 'Xavier Dostie', 'ASL-3', 11.32, 1.67, 'A', 0, 1);
insert into notes_details values ('2012-2013', 'SEM-7', 'Xavier Dostie', 'ASL-3', 11.32, 1.0, 'A', 2, 99);
insert into notes_details values ('2012-2013', 'SEM-7', 'Xavier Dostie', 'DPP-3', 11.32, 1.33, 'A', 0, 1);
insert into notes_details values ('2012-2013', 'SEM-7', 'Xavier Dostie', 'DPP-3', 11.32, 1.0, 'A', 0, 2);
insert into contentieux values ('2012-2013', 'SEM-7', 'Xavier Dostie', 'DPP-3');
insert into notes_details values ('2012-2013', 'SEM-7', 'Xavier Dostie', 'EAO-31', 11.32, 4.0, 'A', 2, 1);
insert into notes_details values ('2012-2013', 'SEM-7', 'Xavier Dostie', 'EAO-32', 11.32, 1.67, 'A', 0, 1);
insert into notes_details values ('2012-2013', 'SEM-7', 'Xavier Dostie', 'EAO-32', 11.32, 1.0, 'A', 2, 99);
insert into notes_details values ('2012-2013', 'SEM-7', 'Xavier Dostie', 'EAO-33', 11.32, 3.67, 'A', 2, 1);
insert into notes_details values ('2012-2013', 'SEM-7', 'Xavier Dostie', 'EAO-34', 11.32, 3.67, 'A', 2, 1);
insert into notes_details values ('2012-2013', 'SEM-7', 'Xavier Dostie', 'EAO-35', 11.32, 1.0, 'A', 0, 1);
insert into notes_details values ('2012-2013', 'SEM-7', 'Xavier Dostie', 'EAO-35', 11.32, 3.0, 'A', 2, 2);
insert into notes_details values ('2012-2013', 'SEM-7', 'Xavier Dostie', 'LCI-3', 11.32, 2.33, 'A', 0, 1);
insert into notes_details values ('2012-2013', 'SEM-7', 'Xavier Dostie', 'LCI-3', 11.32, 4.0, 'A', 3, 2);
insert into notes_details values ('2012-2013', 'SEM-7', 'Xavier Dostie', 'MAT-3', 11.32, 2.67, 'A', 3, 1);
insert into notes_details values ('2012-2013', 'SEM-7', 'Xavier Dostie', 'MNG-3', 11.32, 2.67, 'A', 3, 1);
insert into notes_details values ('2012-2013', 'SEM-7', 'Xavier Dostie', 'PJT-3', 11.32, 2.67, 'A', 5, 1);
insert into notes_details values ('2012-2013', 'SEM-7', 'Xavier Dostie', 'STD-3', 11.32, 2.33, 'A', 0, 1);
insert into notes_details values ('2012-2013', 'SEM-7', 'Xavier Dostie', 'STD-3', 11.32, 1.33, 'A', 0, 2);
insert into contentieux values ('2012-2013', 'SEM-7', 'Xavier Dostie', 'STD-3');
insert into gpa values ('2011-2012', 'SEM-5', 'Xavier Dostie', 2.76);
insert into gpa values ('2011-2012', 'SEM-6', 'Xavier Dostie', 2.83);
insert into gpa values ('2012-2013', 'SEM-7', 'Xavier Dostie', 2.97);
insert into eleves values ('Aymeric Garnier', 1, 'S', 'Tres bien', 'MP', 'MP', 'agarnier');
insert into notes_details values ('2011-2012', 'SEM-5', 'Aymeric Garnier', 'ALG-1', 11.32, 1.33, 'A', 0, 1);
insert into notes_details values ('2011-2012', 'SEM-5', 'Aymeric Garnier', 'ALG-1', 11.32, 3.33, 'A', 3, 2);
insert into notes_details values ('2011-2012', 'SEM-5', 'Aymeric Garnier', 'DPP-1', 11.32, 3.0, 'A', 2, 1);
insert into notes_details values ('2011-2012', 'SEM-5', 'Aymeric Garnier', 'ELE-1', 11.32, 1.33, 'A', 0, 1);
insert into notes_details values ('2011-2012', 'SEM-5', 'Aymeric Garnier', 'ELE-1', 11.32, 1.67, 'A', 3, 99);
insert into notes_details values ('2011-2012', 'SEM-5', 'Aymeric Garnier', 'INP-1', 11.32, 3.67, 'A', 3, 1);
insert into notes_details values ('2011-2012', 'SEM-5', 'Aymeric Garnier', 'LCI-1', 11.32, 3.33, 'A', 3, 1);
insert into notes_details values ('2011-2012', 'SEM-5', 'Aymeric Garnier', 'MAT-1', 11.32, 1.0, 'A', 0, 1);
insert into notes_details values ('2011-2012', 'SEM-5', 'Aymeric Garnier', 'MAT-1', 11.32, 3.67, 'A', 3, 2);
insert into notes_details values ('2011-2012', 'SEM-5', 'Aymeric Garnier', 'MGP-1', 11.32, 2.0, 'A', 0, 1);
insert into notes_details values ('2011-2012', 'SEM-5', 'Aymeric Garnier', 'MGP-1', 11.32, 3.0, 'A', 4, 2);
insert into notes_details values ('2011-2012', 'SEM-5', 'Aymeric Garnier', 'PHO-1', 11.32, 1.33, 'A', 0, 1);
insert into notes_details values ('2011-2012', 'SEM-5', 'Aymeric Garnier', 'PHO-1', 11.32, 3.0, 'A', 3, 2);
insert into notes_details values ('2011-2012', 'SEM-5', 'Aymeric Garnier', 'PHQ-1', 11.32, 2.0, 'A', 0, 1);
insert into notes_details values ('2011-2012', 'SEM-5', 'Aymeric Garnier', 'PHQ-1', 11.32, 4.0, 'A', 3, 2);
insert into notes_details values ('2011-2012', 'SEM-5', 'Aymeric Garnier', 'SPM-1', 11.32, 3.67, 'A', 3, 1);
insert into notes_details values ('2011-2012', 'SEM-6', 'Aymeric Garnier', 'DPP-2', 11.32, 2.33, 'A', 0, 1);
insert into notes_details values ('2011-2012', 'SEM-6', 'Aymeric Garnier', 'DPP-2', 11.32, 3.0, 'A', 1, 2);
insert into notes_details values ('2011-2012', 'SEM-6', 'Aymeric Garnier', 'EAO-2', 11.32, 1.67, 'A', 0, 1);
insert into notes_details values ('2011-2012', 'SEM-6', 'Aymeric Garnier', 'EAO-2', 11.32, 1.67, 'A', 3, 99);
insert into notes_details values ('2011-2012', 'SEM-6', 'Aymeric Garnier', 'ECO-2', 11.32, 2.0, 'A', 0, 1);
insert into notes_details values ('2011-2012', 'SEM-6', 'Aymeric Garnier', 'ECO-2', 11.32, 3.0, 'A', 3, 2);
insert into notes_details values ('2011-2012', 'SEM-6', 'Aymeric Garnier', 'LCI-2', 11.32, 2.33, 'A', 0, 1);
insert into notes_details values ('2011-2012', 'SEM-6', 'Aymeric Garnier', 'LCI-2', 11.32, 3.67, 'A', 3, 2);
insert into notes_details values ('2011-2012', 'SEM-6', 'Aymeric Garnier', 'MAT-2', 11.32, 3.0, 'A', 2, 1);
insert into notes_details values ('2011-2012', 'SEM-6', 'Aymeric Garnier', 'MCO-2', 11.32, 1.0, 'A', 0, 1);
insert into notes_details values ('2011-2012', 'SEM-6', 'Aymeric Garnier', 'MCO-2', 11.32, 2.0, 'A', 2, 99);
insert into notes_details values ('2011-2012', 'SEM-6', 'Aymeric Garnier', 'MGP-2', 11.32, 3.33, 'A', 4, 1);
insert into notes_details values ('2011-2012', 'SEM-6', 'Aymeric Garnier', 'PHS-2', 11.32, 3.67, 'A', 2, 1);
insert into notes_details values ('2011-2012', 'SEM-6', 'Aymeric Garnier', 'PJT-2', 11.32, 1.33, 'A', 0, 1);
insert into notes_details values ('2011-2012', 'SEM-6', 'Aymeric Garnier', 'PJT-2', 11.32, 3.33, 'A', 1, 2);
insert into notes_details values ('2011-2012', 'SEM-6', 'Aymeric Garnier', 'RMS-2', 11.32, 3.33, 'A', 4, 1);
insert into notes_details values ('2011-2012', 'SEM-6', 'Aymeric Garnier', 'STG-2', 11.32, 2.0, 'A', 0, 1);
insert into notes_details values ('2011-2012', 'SEM-6', 'Aymeric Garnier', 'STG-2', 11.32, 3.67, 'A', 2, 2);
insert into notes_details values ('2011-2012', 'SEM-6', 'Aymeric Garnier', 'THS-2', 11.32, 4.0, 'A', 3, 1);
insert into notes_details values ('2012-2013', 'SEM-7', 'Aymeric Garnier', 'ASL-3', 11.32, 3.0, 'A', 2, 1);
insert into notes_details values ('2012-2013', 'SEM-7', 'Aymeric Garnier', 'DPP-3', 11.32, 1.67, 'A', 0, 1);
insert into notes_details values ('2012-2013', 'SEM-7', 'Aymeric Garnier', 'DPP-3', 11.32, 4.0, 'A', 2, 2);
insert into notes_details values ('2012-2013', 'SEM-7', 'Aymeric Garnier', 'EAO-31', 11.32, 3.0, 'A', 2, 1);
insert into notes_details values ('2012-2013', 'SEM-7', 'Aymeric Garnier', 'EAO-32', 11.32, 1.67, 'A', 0, 1);
insert into notes_details values ('2012-2013', 'SEM-7', 'Aymeric Garnier', 'EAO-32', 11.32, 3.33, 'A', 2, 2);
insert into notes_details values ('2012-2013', 'SEM-7', 'Aymeric Garnier', 'EAO-33', 11.32, 2.33, 'A', 0, 1);
insert into notes_details values ('2012-2013', 'SEM-7', 'Aymeric Garnier', 'EAO-33', 11.32, 1.33, 'A', 0, 2);
insert into contentieux values ('2012-2013', 'SEM-7', 'Aymeric Garnier', 'EAO-33');
insert into notes_details values ('2012-2013', 'SEM-7', 'Aymeric Garnier', 'EAO-34', 11.32, 2.67, 'A', 2, 1);
insert into notes_details values ('2012-2013', 'SEM-7', 'Aymeric Garnier', 'EAO-35', 11.32, 4.0, 'A', 2, 1);
insert into notes_details values ('2012-2013', 'SEM-7', 'Aymeric Garnier', 'LCI-3', 11.32, 1.33, 'A', 0, 1);
insert into notes_details values ('2012-2013', 'SEM-7', 'Aymeric Garnier', 'LCI-3', 11.32, 2.67, 'A', 3, 2);
insert into notes_details values ('2012-2013', 'SEM-7', 'Aymeric Garnier', 'MAT-3', 11.32, 2.0, 'A', 0, 1);
insert into notes_details values ('2012-2013', 'SEM-7', 'Aymeric Garnier', 'MAT-3', 11.32, 1.33, 'A', 0, 2);
insert into contentieux values ('2012-2013', 'SEM-7', 'Aymeric Garnier', 'MAT-3');
insert into notes_details values ('2012-2013', 'SEM-7', 'Aymeric Garnier', 'MNG-3', 11.32, 1.33, 'A', 0, 1);
insert into notes_details values ('2012-2013', 'SEM-7', 'Aymeric Garnier', 'MNG-3', 11.32, 1.33, 'A', 0, 2);
insert into contentieux values ('2012-2013', 'SEM-7', 'Aymeric Garnier', 'MNG-3');
insert into notes_details values ('2012-2013', 'SEM-7', 'Aymeric Garnier', 'PJT-3', 11.32, 2.33, 'A', 0, 1);
insert into notes_details values ('2012-2013', 'SEM-7', 'Aymeric Garnier', 'PJT-3', 11.32, 1.33, 'A', 0, 2);
insert into contentieux values ('2012-2013', 'SEM-7', 'Aymeric Garnier', 'PJT-3');
insert into notes_details values ('2012-2013', 'SEM-7', 'Aymeric Garnier', 'STD-3', 11.32, 3.0, 'A', 2, 1);
insert into gpa values ('2011-2012', 'SEM-5', 'Aymeric Garnier', 2.53);
insert into gpa values ('2011-2012', 'SEM-6', 'Aymeric Garnier', 3.88);
insert into gpa values ('2012-2013', 'SEM-7', 'Aymeric Garnier', 2.76);
insert into eleves values ('Susanne Cressac', 1, 'S', 'Tres bien', 'etranger', 'MP', 'scressac');
insert into notes_details values ('2011-2012', 'SEM-5', 'Susanne Cressac', 'ALG-1', 11.32, 4.0, 'A', 3, 1);
insert into notes_details values ('2011-2012', 'SEM-5', 'Susanne Cressac', 'DPP-1', 11.32, 2.33, 'A', 0, 1);
insert into notes_details values ('2011-2012', 'SEM-5', 'Susanne Cressac', 'DPP-1', 11.32, 3.67, 'A', 2, 2);
insert into notes_details values ('2011-2012', 'SEM-5', 'Susanne Cressac', 'ELE-1', 11.32, 1.33, 'A', 0, 1);
insert into notes_details values ('2011-2012', 'SEM-5', 'Susanne Cressac', 'ELE-1', 11.32, 3.0, 'A', 3, 2);
insert into notes_details values ('2011-2012', 'SEM-5', 'Susanne Cressac', 'INP-1', 11.32, 2.0, 'A', 0, 1);
insert into notes_details values ('2011-2012', 'SEM-5', 'Susanne Cressac', 'INP-1', 11.32, 3.33, 'A', 3, 2);
insert into notes_details values ('2011-2012', 'SEM-5', 'Susanne Cressac', 'LCI-1', 11.32, 1.33, 'A', 0, 1);
insert into notes_details values ('2011-2012', 'SEM-5', 'Susanne Cressac', 'LCI-1', 11.32, 1.67, 'A', 3, 99);
insert into notes_details values ('2011-2012', 'SEM-5', 'Susanne Cressac', 'MAT-1', 11.32, 3.67, 'A', 3, 1);
insert into notes_details values ('2011-2012', 'SEM-5', 'Susanne Cressac', 'MGP-1', 11.32, 1.67, 'A', 0, 1);
insert into notes_details values ('2011-2012', 'SEM-5', 'Susanne Cressac', 'MGP-1', 11.32, 2.33, 'A', 4, 99);
insert into notes_details values ('2011-2012', 'SEM-5', 'Susanne Cressac', 'PHO-1', 11.32, 4.0, 'A', 3, 1);
insert into notes_details values ('2011-2012', 'SEM-5', 'Susanne Cressac', 'PHQ-1', 11.32, 2.0, 'A', 0, 1);
insert into notes_details values ('2011-2012', 'SEM-5', 'Susanne Cressac', 'PHQ-1', 11.32, 1.33, 'A', 3, 99);
insert into notes_details values ('2011-2012', 'SEM-5', 'Susanne Cressac', 'SPM-1', 11.32, 4.0, 'A', 3, 1);
insert into notes_details values ('2011-2012', 'SEM-6', 'Susanne Cressac', 'DPP-2', 11.32, 1.0, 'A', 0, 1);
insert into notes_details values ('2011-2012', 'SEM-6', 'Susanne Cressac', 'DPP-2', 11.32, 3.0, 'A', 1, 2);
insert into notes_details values ('2011-2012', 'SEM-6', 'Susanne Cressac', 'EAO-2', 11.32, 4.0, 'A', 3, 1);
insert into notes_details values ('2011-2012', 'SEM-6', 'Susanne Cressac', 'ECO-2', 11.32, 2.67, 'A', 3, 1);
insert into notes_details values ('2011-2012', 'SEM-6', 'Susanne Cressac', 'LCI-2', 11.32, 2.0, 'A', 0, 1);
insert into notes_details values ('2011-2012', 'SEM-6', 'Susanne Cressac', 'LCI-2', 11.32, 1.67, 'A', 3, 99);
insert into notes_details values ('2011-2012', 'SEM-6', 'Susanne Cressac', 'MAT-2', 11.32, 1.67, 'A', 0, 1);
insert into notes_details values ('2011-2012', 'SEM-6', 'Susanne Cressac', 'MAT-2', 11.32, 3.33, 'A', 2, 2);
insert into notes_details values ('2011-2012', 'SEM-6', 'Susanne Cressac', 'MCO-2', 11.32, 2.33, 'A', 0, 1);
insert into notes_details values ('2011-2012', 'SEM-6', 'Susanne Cressac', 'MCO-2', 11.32, 1.0, 'A', 2, 99);
insert into notes_details values ('2011-2012', 'SEM-6', 'Susanne Cressac', 'MGP-2', 11.32, 4.0, 'A', 4, 1);
insert into notes_details values ('2011-2012', 'SEM-6', 'Susanne Cressac', 'PHS-2', 11.32, 1.67, 'A', 0, 1);
insert into notes_details values ('2011-2012', 'SEM-6', 'Susanne Cressac', 'PHS-2', 11.32, 3.33, 'A', 2, 2);
insert into notes_details values ('2011-2012', 'SEM-6', 'Susanne Cressac', 'PJT-2', 11.32, 1.33, 'A', 0, 1);
insert into notes_details values ('2011-2012', 'SEM-6', 'Susanne Cressac', 'PJT-2', 11.32, 3.33, 'A', 1, 2);
insert into notes_details values ('2011-2012', 'SEM-6', 'Susanne Cressac', 'RMS-2', 11.32, 3.33, 'A', 4, 1);
insert into notes_details values ('2011-2012', 'SEM-6', 'Susanne Cressac', 'STG-2', 11.32, 3.33, 'A', 2, 1);
insert into notes_details values ('2011-2012', 'SEM-6', 'Susanne Cressac', 'THS-2', 11.32, 3.0, 'A', 3, 1);
insert into notes_details values ('2012-2013', 'SEM-7', 'Susanne Cressac', 'ASL-3', 11.32, 1.33, 'A', 0, 1);
insert into notes_details values ('2012-2013', 'SEM-7', 'Susanne Cressac', 'ASL-3', 11.32, 1.33, 'A', 0, 2);
insert into contentieux values ('2012-2013', 'SEM-7', 'Susanne Cressac', 'ASL-3');
insert into notes_details values ('2012-2013', 'SEM-7', 'Susanne Cressac', 'DPP-3', 11.32, 1.0, 'A', 0, 1);
insert into notes_details values ('2012-2013', 'SEM-7', 'Susanne Cressac', 'DPP-3', 11.32, 1.33, 'A', 0, 2);
insert into contentieux values ('2012-2013', 'SEM-7', 'Susanne Cressac', 'DPP-3');
insert into notes_details values ('2012-2013', 'SEM-7', 'Susanne Cressac', 'EAO-31', 11.32, 2.0, 'A', 0, 1);
insert into notes_details values ('2012-2013', 'SEM-7', 'Susanne Cressac', 'EAO-31', 11.32, 1.0, 'A', 0, 2);
insert into contentieux values ('2012-2013', 'SEM-7', 'Susanne Cressac', 'EAO-31');
insert into notes_details values ('2012-2013', 'SEM-7', 'Susanne Cressac', 'EAO-32', 11.32, 3.67, 'A', 2, 1);
insert into notes_details values ('2012-2013', 'SEM-7', 'Susanne Cressac', 'EAO-33', 11.32, 2.0, 'A', 0, 1);
insert into notes_details values ('2012-2013', 'SEM-7', 'Susanne Cressac', 'EAO-33', 11.32, 3.67, 'A', 2, 2);
insert into notes_details values ('2012-2013', 'SEM-7', 'Susanne Cressac', 'EAO-34', 11.32, 3.67, 'A', 2, 1);
insert into notes_details values ('2012-2013', 'SEM-7', 'Susanne Cressac', 'EAO-35', 11.32, 1.67, 'A', 0, 1);
insert into notes_details values ('2012-2013', 'SEM-7', 'Susanne Cressac', 'EAO-35', 11.32, 2.33, 'A', 2, 99);
insert into notes_details values ('2012-2013', 'SEM-7', 'Susanne Cressac', 'LCI-3', 11.32, 1.0, 'A', 0, 1);
insert into notes_details values ('2012-2013', 'SEM-7', 'Susanne Cressac', 'LCI-3', 11.32, 3.33, 'A', 3, 2);
insert into notes_details values ('2012-2013', 'SEM-7', 'Susanne Cressac', 'MAT-3', 11.32, 3.33, 'A', 3, 1);
insert into notes_details values ('2012-2013', 'SEM-7', 'Susanne Cressac', 'MNG-3', 11.32, 2.33, 'A', 0, 1);
insert into notes_details values ('2012-2013', 'SEM-7', 'Susanne Cressac', 'MNG-3', 11.32, 3.0, 'A', 3, 2);
insert into notes_details values ('2012-2013', 'SEM-7', 'Susanne Cressac', 'PJT-3', 11.32, 1.33, 'A', 0, 1);
insert into notes_details values ('2012-2013', 'SEM-7', 'Susanne Cressac', 'PJT-3', 11.32, 2.67, 'A', 5, 2);
insert into notes_details values ('2012-2013', 'SEM-7', 'Susanne Cressac', 'STD-3', 11.32, 1.33, 'A', 0, 1);
insert into notes_details values ('2012-2013', 'SEM-7', 'Susanne Cressac', 'STD-3', 11.32, 1.67, 'A', 0, 2);
insert into contentieux values ('2012-2013', 'SEM-7', 'Susanne Cressac', 'STD-3');
insert into gpa values ('2011-2012', 'SEM-5', 'Susanne Cressac', 3.29);
insert into gpa values ('2011-2012', 'SEM-6', 'Susanne Cressac', 2.5);
insert into gpa values ('2012-2013', 'SEM-7', 'Susanne Cressac', 3.03);
insert into eleves values ('Raymond Lama', 1, 'S', 'Tres bien', 'MP', 'MP', 'rlama');
insert into notes_details values ('2011-2012', 'SEM-5', 'Raymond Lama', 'ALG-1', 11.32, 2.0, 'A', 0, 1);
insert into notes_details values ('2011-2012', 'SEM-5', 'Raymond Lama', 'ALG-1', 11.32, 1.67, 'A', 3, 99);
insert into notes_details values ('2011-2012', 'SEM-5', 'Raymond Lama', 'DPP-1', 11.32, 2.33, 'A', 0, 1);
insert into notes_details values ('2011-2012', 'SEM-5', 'Raymond Lama', 'DPP-1', 11.32, 3.0, 'A', 2, 2);
insert into notes_details values ('2011-2012', 'SEM-5', 'Raymond Lama', 'ELE-1', 11.32, 1.33, 'A', 0, 1);
insert into notes_details values ('2011-2012', 'SEM-5', 'Raymond Lama', 'ELE-1', 11.32, 2.67, 'A', 3, 2);
insert into notes_details values ('2011-2012', 'SEM-5', 'Raymond Lama', 'INP-1', 11.32, 1.33, 'A', 0, 1);
insert into notes_details values ('2011-2012', 'SEM-5', 'Raymond Lama', 'INP-1', 11.32, 2.67, 'A', 3, 2);
insert into notes_details values ('2011-2012', 'SEM-5', 'Raymond Lama', 'LCI-1', 11.32, 1.33, 'A', 0, 1);
insert into notes_details values ('2011-2012', 'SEM-5', 'Raymond Lama', 'LCI-1', 11.32, 2.0, 'A', 3, 99);
insert into notes_details values ('2011-2012', 'SEM-5', 'Raymond Lama', 'MAT-1', 11.32, 3.0, 'A', 3, 1);
insert into notes_details values ('2011-2012', 'SEM-5', 'Raymond Lama', 'MGP-1', 11.32, 2.33, 'A', 0, 1);
insert into notes_details values ('2011-2012', 'SEM-5', 'Raymond Lama', 'MGP-1', 11.32, 3.67, 'A', 4, 2);
insert into notes_details values ('2011-2012', 'SEM-5', 'Raymond Lama', 'PHO-1', 11.32, 3.0, 'A', 3, 1);
insert into notes_details values ('2011-2012', 'SEM-5', 'Raymond Lama', 'PHQ-1', 11.32, 1.33, 'A', 0, 1);
insert into notes_details values ('2011-2012', 'SEM-5', 'Raymond Lama', 'PHQ-1', 11.32, 4.0, 'A', 3, 2);
insert into notes_details values ('2011-2012', 'SEM-5', 'Raymond Lama', 'SPM-1', 11.32, 3.67, 'A', 3, 1);
insert into notes_details values ('2011-2012', 'SEM-6', 'Raymond Lama', 'DPP-2', 11.32, 3.0, 'A', 1, 1);
insert into notes_details values ('2011-2012', 'SEM-6', 'Raymond Lama', 'EAO-2', 11.32, 3.33, 'A', 3, 1);
insert into notes_details values ('2011-2012', 'SEM-6', 'Raymond Lama', 'ECO-2', 11.32, 3.0, 'A', 3, 1);
insert into notes_details values ('2011-2012', 'SEM-6', 'Raymond Lama', 'LCI-2', 11.32, 1.0, 'A', 0, 1);
insert into notes_details values ('2011-2012', 'SEM-6', 'Raymond Lama', 'LCI-2', 11.32, 3.33, 'A', 3, 2);
insert into notes_details values ('2011-2012', 'SEM-6', 'Raymond Lama', 'MAT-2', 11.32, 3.67, 'A', 2, 1);
insert into notes_details values ('2011-2012', 'SEM-6', 'Raymond Lama', 'MCO-2', 11.32, 2.33, 'A', 0, 1);
insert into notes_details values ('2011-2012', 'SEM-6', 'Raymond Lama', 'MCO-2', 11.32, 2.67, 'A', 2, 2);
insert into notes_details values ('2011-2012', 'SEM-6', 'Raymond Lama', 'MGP-2', 11.32, 2.33, 'A', 0, 1);
insert into notes_details values ('2011-2012', 'SEM-6', 'Raymond Lama', 'MGP-2', 11.32, 3.67, 'A', 4, 2);
insert into notes_details values ('2011-2012', 'SEM-6', 'Raymond Lama', 'PHS-2', 11.32, 2.0, 'A', 0, 1);
insert into notes_details values ('2011-2012', 'SEM-6', 'Raymond Lama', 'PHS-2', 11.32, 2.67, 'A', 2, 2);
insert into notes_details values ('2011-2012', 'SEM-6', 'Raymond Lama', 'PJT-2', 11.32, 1.67, 'A', 0, 1);
insert into notes_details values ('2011-2012', 'SEM-6', 'Raymond Lama', 'PJT-2', 11.32, 4.0, 'A', 1, 2);
insert into notes_details values ('2011-2012', 'SEM-6', 'Raymond Lama', 'RMS-2', 11.32, 3.0, 'A', 4, 1);
insert into notes_details values ('2011-2012', 'SEM-6', 'Raymond Lama', 'STG-2', 11.32, 1.33, 'A', 0, 1);
insert into notes_details values ('2011-2012', 'SEM-6', 'Raymond Lama', 'STG-2', 11.32, 1.33, 'A', 2, 99);
insert into notes_details values ('2011-2012', 'SEM-6', 'Raymond Lama', 'THS-2', 11.32, 3.67, 'A', 3, 1);
insert into notes_details values ('2012-2013', 'SEM-7', 'Raymond Lama', 'ASL-3', 11.32, 2.33, 'A', 0, 1);
insert into notes_details values ('2012-2013', 'SEM-7', 'Raymond Lama', 'ASL-3', 11.32, 1.33, 'A', 2, 99);
insert into notes_details values ('2012-2013', 'SEM-7', 'Raymond Lama', 'DPP-3', 11.32, 3.0, 'A', 2, 1);
insert into notes_details values ('2012-2013', 'SEM-7', 'Raymond Lama', 'EAO-31', 11.32, 2.0, 'A', 0, 1);
insert into notes_details values ('2012-2013', 'SEM-7', 'Raymond Lama', 'EAO-31', 11.32, 3.0, 'A', 2, 2);
insert into notes_details values ('2012-2013', 'SEM-7', 'Raymond Lama', 'EAO-32', 11.32, 3.0, 'A', 2, 1);
insert into notes_details values ('2012-2013', 'SEM-7', 'Raymond Lama', 'EAO-33', 11.32, 3.33, 'A', 2, 1);
insert into notes_details values ('2012-2013', 'SEM-7', 'Raymond Lama', 'EAO-34', 11.32, 1.67, 'A', 0, 1);
insert into notes_details values ('2012-2013', 'SEM-7', 'Raymond Lama', 'EAO-34', 11.32, 1.33, 'A', 0, 2);
insert into contentieux values ('2012-2013', 'SEM-7', 'Raymond Lama', 'EAO-34');
insert into notes_details values ('2012-2013', 'SEM-7', 'Raymond Lama', 'EAO-35', 11.32, 1.0, 'A', 0, 1);
insert into notes_details values ('2012-2013', 'SEM-7', 'Raymond Lama', 'EAO-35', 11.32, 4.0, 'A', 2, 2);
insert into notes_details values ('2012-2013', 'SEM-7', 'Raymond Lama', 'LCI-3', 11.32, 4.0, 'A', 3, 1);
insert into notes_details values ('2012-2013', 'SEM-7', 'Raymond Lama', 'MAT-3', 11.32, 1.67, 'A', 0, 1);
insert into notes_details values ('2012-2013', 'SEM-7', 'Raymond Lama', 'MAT-3', 11.32, 3.67, 'A', 3, 2);
insert into notes_details values ('2012-2013', 'SEM-7', 'Raymond Lama', 'MNG-3', 11.32, 1.33, 'A', 0, 1);
insert into notes_details values ('2012-2013', 'SEM-7', 'Raymond Lama', 'MNG-3', 11.32, 2.0, 'A', 0, 2);
insert into contentieux values ('2012-2013', 'SEM-7', 'Raymond Lama', 'MNG-3');
insert into notes_details values ('2012-2013', 'SEM-7', 'Raymond Lama', 'PJT-3', 11.32, 3.33, 'A', 5, 1);
insert into notes_details values ('2012-2013', 'SEM-7', 'Raymond Lama', 'STD-3', 11.32, 4.0, 'A', 2, 1);
insert into gpa values ('2011-2012', 'SEM-5', 'Raymond Lama', 3.57);
insert into gpa values ('2011-2012', 'SEM-6', 'Raymond Lama', 3.81);
insert into gpa values ('2012-2013', 'SEM-7', 'Raymond Lama', 2.09);
insert into eleves values ('Emma Dubois', 1, 'S', 'Tres bien', 'MP', 'MP', 'edubois');
insert into notes_details values ('2011-2012', 'SEM-5', 'Emma Dubois', 'ALG-1', 11.32, 4.0, 'A', 3, 1);
insert into notes_details values ('2011-2012', 'SEM-5', 'Emma Dubois', 'DPP-1', 11.32, 3.33, 'A', 2, 1);
insert into notes_details values ('2011-2012', 'SEM-5', 'Emma Dubois', 'ELE-1', 11.32, 1.33, 'A', 0, 1);
insert into notes_details values ('2011-2012', 'SEM-5', 'Emma Dubois', 'ELE-1', 11.32, 3.0, 'A', 3, 2);
insert into notes_details values ('2011-2012', 'SEM-5', 'Emma Dubois', 'INP-1', 11.32, 3.33, 'A', 3, 1);
insert into notes_details values ('2011-2012', 'SEM-5', 'Emma Dubois', 'LCI-1', 11.32, 3.67, 'A', 3, 1);
insert into notes_details values ('2011-2012', 'SEM-5', 'Emma Dubois', 'MAT-1', 11.32, 2.0, 'A', 0, 1);
insert into notes_details values ('2011-2012', 'SEM-5', 'Emma Dubois', 'MAT-1', 11.32, 3.33, 'A', 3, 2);
insert into notes_details values ('2011-2012', 'SEM-5', 'Emma Dubois', 'MGP-1', 11.32, 2.67, 'A', 4, 1);
insert into notes_details values ('2011-2012', 'SEM-5', 'Emma Dubois', 'PHO-1', 11.32, 1.0, 'A', 0, 1);
insert into notes_details values ('2011-2012', 'SEM-5', 'Emma Dubois', 'PHO-1', 11.32, 2.0, 'A', 3, 99);
insert into notes_details values ('2011-2012', 'SEM-5', 'Emma Dubois', 'PHQ-1', 11.32, 1.67, 'A', 0, 1);
insert into notes_details values ('2011-2012', 'SEM-5', 'Emma Dubois', 'PHQ-1', 11.32, 1.67, 'A', 3, 99);
insert into notes_details values ('2011-2012', 'SEM-5', 'Emma Dubois', 'SPM-1', 11.32, 2.67, 'A', 3, 1);
insert into notes_details values ('2011-2012', 'SEM-6', 'Emma Dubois', 'DPP-2', 11.32, 1.67, 'A', 0, 1);
insert into notes_details values ('2011-2012', 'SEM-6', 'Emma Dubois', 'DPP-2', 11.32, 3.0, 'A', 1, 2);
insert into notes_details values ('2011-2012', 'SEM-6', 'Emma Dubois', 'EAO-2', 11.32, 2.0, 'A', 0, 1);
insert into notes_details values ('2011-2012', 'SEM-6', 'Emma Dubois', 'EAO-2', 11.32, 3.67, 'A', 3, 2);
insert into notes_details values ('2011-2012', 'SEM-6', 'Emma Dubois', 'ECO-2', 11.32, 3.33, 'A', 3, 1);
insert into notes_details values ('2011-2012', 'SEM-6', 'Emma Dubois', 'LCI-2', 11.32, 3.0, 'A', 3, 1);
insert into notes_details values ('2011-2012', 'SEM-6', 'Emma Dubois', 'MAT-2', 11.32, 1.0, 'A', 0, 1);
insert into notes_details values ('2011-2012', 'SEM-6', 'Emma Dubois', 'MAT-2', 11.32, 2.67, 'A', 2, 2);
insert into notes_details values ('2011-2012', 'SEM-6', 'Emma Dubois', 'MCO-2', 11.32, 3.0, 'A', 2, 1);
insert into notes_details values ('2011-2012', 'SEM-6', 'Emma Dubois', 'MGP-2', 11.32, 1.33, 'A', 0, 1);
insert into notes_details values ('2011-2012', 'SEM-6', 'Emma Dubois', 'MGP-2', 11.32, 3.33, 'A', 4, 2);
insert into notes_details values ('2011-2012', 'SEM-6', 'Emma Dubois', 'PHS-2', 11.32, 3.67, 'A', 2, 1);
insert into notes_details values ('2011-2012', 'SEM-6', 'Emma Dubois', 'PJT-2', 11.32, 4.0, 'A', 1, 1);
insert into notes_details values ('2011-2012', 'SEM-6', 'Emma Dubois', 'RMS-2', 11.32, 1.33, 'A', 0, 1);
insert into notes_details values ('2011-2012', 'SEM-6', 'Emma Dubois', 'RMS-2', 11.32, 4.0, 'A', 4, 2);
insert into notes_details values ('2011-2012', 'SEM-6', 'Emma Dubois', 'STG-2', 11.32, 3.0, 'A', 2, 1);
insert into notes_details values ('2011-2012', 'SEM-6', 'Emma Dubois', 'THS-2', 11.32, 1.67, 'A', 0, 1);
insert into notes_details values ('2011-2012', 'SEM-6', 'Emma Dubois', 'THS-2', 11.32, 2.67, 'A', 3, 2);
insert into notes_details values ('2012-2013', 'SEM-7', 'Emma Dubois', 'ASL-3', 11.32, 2.33, 'A', 0, 1);
insert into notes_details values ('2012-2013', 'SEM-7', 'Emma Dubois', 'ASL-3', 11.32, 3.33, 'A', 2, 2);
insert into notes_details values ('2012-2013', 'SEM-7', 'Emma Dubois', 'DPP-3', 11.32, 2.0, 'A', 0, 1);
insert into notes_details values ('2012-2013', 'SEM-7', 'Emma Dubois', 'DPP-3', 11.32, 1.33, 'A', 0, 2);
insert into contentieux values ('2012-2013', 'SEM-7', 'Emma Dubois', 'DPP-3');
insert into notes_details values ('2012-2013', 'SEM-7', 'Emma Dubois', 'EAO-31', 11.32, 1.67, 'A', 0, 1);
insert into notes_details values ('2012-2013', 'SEM-7', 'Emma Dubois', 'EAO-31', 11.32, 3.0, 'A', 2, 2);
insert into notes_details values ('2012-2013', 'SEM-7', 'Emma Dubois', 'EAO-32', 11.32, 1.0, 'A', 0, 1);
insert into notes_details values ('2012-2013', 'SEM-7', 'Emma Dubois', 'EAO-32', 11.32, 3.33, 'A', 2, 2);
insert into notes_details values ('2012-2013', 'SEM-7', 'Emma Dubois', 'EAO-33', 11.32, 4.0, 'A', 2, 1);
insert into notes_details values ('2012-2013', 'SEM-7', 'Emma Dubois', 'EAO-34', 11.32, 3.0, 'A', 2, 1);
insert into notes_details values ('2012-2013', 'SEM-7', 'Emma Dubois', 'EAO-35', 11.32, 1.0, 'A', 0, 1);
insert into notes_details values ('2012-2013', 'SEM-7', 'Emma Dubois', 'EAO-35', 11.32, 4.0, 'A', 2, 2);
insert into notes_details values ('2012-2013', 'SEM-7', 'Emma Dubois', 'LCI-3', 11.32, 1.0, 'A', 0, 1);
insert into notes_details values ('2012-2013', 'SEM-7', 'Emma Dubois', 'LCI-3', 11.32, 1.67, 'A', 3, 99);
insert into notes_details values ('2012-2013', 'SEM-7', 'Emma Dubois', 'MAT-3', 11.32, 1.67, 'A', 0, 1);
insert into notes_details values ('2012-2013', 'SEM-7', 'Emma Dubois', 'MAT-3', 11.32, 3.0, 'A', 3, 2);
insert into notes_details values ('2012-2013', 'SEM-7', 'Emma Dubois', 'MNG-3', 11.32, 2.0, 'A', 0, 1);
insert into notes_details values ('2012-2013', 'SEM-7', 'Emma Dubois', 'MNG-3', 11.32, 3.33, 'A', 3, 2);
insert into notes_details values ('2012-2013', 'SEM-7', 'Emma Dubois', 'PJT-3', 11.32, 3.0, 'A', 5, 1);
insert into notes_details values ('2012-2013', 'SEM-7', 'Emma Dubois', 'STD-3', 11.32, 2.67, 'A', 2, 1);
insert into gpa values ('2011-2012', 'SEM-5', 'Emma Dubois', 3.99);
insert into gpa values ('2011-2012', 'SEM-6', 'Emma Dubois', 3.41);
insert into gpa values ('2012-2013', 'SEM-7', 'Emma Dubois', 3.93);
insert into eleves values ('Luis Cruyff', 1, 'S', 'Tres bien', 'MP', 'MP', 'lcruyff');
insert into notes_details values ('2011-2012', 'SEM-5', 'Luis Cruyff', 'ALG-1', 11.32, 3.67, 'A', 3, 1);
insert into notes_details values ('2011-2012', 'SEM-5', 'Luis Cruyff', 'DPP-1', 11.32, 2.67, 'A', 2, 1);
insert into notes_details values ('2011-2012', 'SEM-5', 'Luis Cruyff', 'ELE-1', 11.32, 1.0, 'A', 0, 1);
insert into notes_details values ('2011-2012', 'SEM-5', 'Luis Cruyff', 'ELE-1', 11.32, 2.0, 'A', 3, 99);
insert into notes_details values ('2011-2012', 'SEM-5', 'Luis Cruyff', 'INP-1', 11.32, 2.0, 'A', 0, 1);
insert into notes_details values ('2011-2012', 'SEM-5', 'Luis Cruyff', 'INP-1', 11.32, 3.0, 'A', 3, 2);
insert into notes_details values ('2011-2012', 'SEM-5', 'Luis Cruyff', 'LCI-1', 11.32, 1.0, 'A', 0, 1);
insert into notes_details values ('2011-2012', 'SEM-5', 'Luis Cruyff', 'LCI-1', 11.32, 4.0, 'A', 3, 2);
insert into notes_details values ('2011-2012', 'SEM-5', 'Luis Cruyff', 'MAT-1', 11.32, 2.33, 'A', 0, 1);
insert into notes_details values ('2011-2012', 'SEM-5', 'Luis Cruyff', 'MAT-1', 11.32, 4.0, 'A', 3, 2);
insert into notes_details values ('2011-2012', 'SEM-5', 'Luis Cruyff', 'MGP-1', 11.32, 3.0, 'A', 4, 1);
insert into notes_details values ('2011-2012', 'SEM-5', 'Luis Cruyff', 'PHO-1', 11.32, 3.0, 'A', 3, 1);
insert into notes_details values ('2011-2012', 'SEM-5', 'Luis Cruyff', 'PHQ-1', 11.32, 2.33, 'A', 0, 1);
insert into notes_details values ('2011-2012', 'SEM-5', 'Luis Cruyff', 'PHQ-1', 11.32, 3.0, 'A', 3, 2);
insert into notes_details values ('2011-2012', 'SEM-5', 'Luis Cruyff', 'SPM-1', 11.32, 1.0, 'A', 0, 1);
insert into notes_details values ('2011-2012', 'SEM-5', 'Luis Cruyff', 'SPM-1', 11.32, 3.33, 'A', 3, 2);
insert into notes_details values ('2011-2012', 'SEM-6', 'Luis Cruyff', 'DPP-2', 11.32, 4.0, 'A', 1, 1);
insert into notes_details values ('2011-2012', 'SEM-6', 'Luis Cruyff', 'EAO-2', 11.32, 1.0, 'A', 0, 1);
insert into notes_details values ('2011-2012', 'SEM-6', 'Luis Cruyff', 'EAO-2', 11.32, 3.67, 'A', 3, 2);
insert into notes_details values ('2011-2012', 'SEM-6', 'Luis Cruyff', 'ECO-2', 11.32, 2.67, 'A', 3, 1);
insert into notes_details values ('2011-2012', 'SEM-6', 'Luis Cruyff', 'LCI-2', 11.32, 4.0, 'A', 3, 1);
insert into notes_details values ('2011-2012', 'SEM-6', 'Luis Cruyff', 'MAT-2', 11.32, 4.0, 'A', 2, 1);
insert into notes_details values ('2011-2012', 'SEM-6', 'Luis Cruyff', 'MCO-2', 11.32, 2.33, 'A', 0, 1);
insert into notes_details values ('2011-2012', 'SEM-6', 'Luis Cruyff', 'MCO-2', 11.32, 2.67, 'A', 2, 2);
insert into notes_details values ('2011-2012', 'SEM-6', 'Luis Cruyff', 'MGP-2', 11.32, 2.33, 'A', 0, 1);
insert into notes_details values ('2011-2012', 'SEM-6', 'Luis Cruyff', 'MGP-2', 11.32, 1.67, 'A', 4, 99);
insert into notes_details values ('2011-2012', 'SEM-6', 'Luis Cruyff', 'PHS-2', 11.32, 4.0, 'A', 2, 1);
insert into notes_details values ('2011-2012', 'SEM-6', 'Luis Cruyff', 'PJT-2', 11.32, 2.33, 'A', 0, 1);
insert into notes_details values ('2011-2012', 'SEM-6', 'Luis Cruyff', 'PJT-2', 11.32, 3.33, 'A', 1, 2);
insert into notes_details values ('2011-2012', 'SEM-6', 'Luis Cruyff', 'RMS-2', 11.32, 1.67, 'A', 0, 1);
insert into notes_details values ('2011-2012', 'SEM-6', 'Luis Cruyff', 'RMS-2', 11.32, 4.0, 'A', 4, 2);
insert into notes_details values ('2011-2012', 'SEM-6', 'Luis Cruyff', 'STG-2', 11.32, 1.0, 'A', 0, 1);
insert into notes_details values ('2011-2012', 'SEM-6', 'Luis Cruyff', 'STG-2', 11.32, 4.0, 'A', 2, 2);
insert into notes_details values ('2011-2012', 'SEM-6', 'Luis Cruyff', 'THS-2', 11.32, 4.0, 'A', 3, 1);
insert into notes_details values ('2012-2013', 'SEM-7', 'Luis Cruyff', 'ASL-3', 11.32, 1.67, 'A', 0, 1);
insert into notes_details values ('2012-2013', 'SEM-7', 'Luis Cruyff', 'ASL-3', 11.32, 3.67, 'A', 2, 2);
insert into notes_details values ('2012-2013', 'SEM-7', 'Luis Cruyff', 'DPP-3', 11.32, 2.33, 'A', 0, 1);
insert into notes_details values ('2012-2013', 'SEM-7', 'Luis Cruyff', 'DPP-3', 11.32, 4.0, 'A', 2, 2);
insert into notes_details values ('2012-2013', 'SEM-7', 'Luis Cruyff', 'EAO-31', 11.32, 3.0, 'A', 2, 1);
insert into notes_details values ('2012-2013', 'SEM-7', 'Luis Cruyff', 'EAO-32', 11.32, 3.33, 'A', 2, 1);
insert into notes_details values ('2012-2013', 'SEM-7', 'Luis Cruyff', 'EAO-33', 11.32, 2.33, 'A', 0, 1);
insert into notes_details values ('2012-2013', 'SEM-7', 'Luis Cruyff', 'EAO-33', 11.32, 3.33, 'A', 2, 2);
insert into notes_details values ('2012-2013', 'SEM-7', 'Luis Cruyff', 'EAO-34', 11.32, 1.67, 'A', 0, 1);
insert into notes_details values ('2012-2013', 'SEM-7', 'Luis Cruyff', 'EAO-34', 11.32, 3.67, 'A', 2, 2);
insert into notes_details values ('2012-2013', 'SEM-7', 'Luis Cruyff', 'EAO-35', 11.32, 4.0, 'A', 2, 1);
insert into notes_details values ('2012-2013', 'SEM-7', 'Luis Cruyff', 'LCI-3', 11.32, 3.67, 'A', 3, 1);
insert into notes_details values ('2012-2013', 'SEM-7', 'Luis Cruyff', 'MAT-3', 11.32, 2.33, 'A', 0, 1);
insert into notes_details values ('2012-2013', 'SEM-7', 'Luis Cruyff', 'MAT-3', 11.32, 2.0, 'A', 0, 2);
insert into contentieux values ('2012-2013', 'SEM-7', 'Luis Cruyff', 'MAT-3');
insert into notes_details values ('2012-2013', 'SEM-7', 'Luis Cruyff', 'MNG-3', 11.32, 3.33, 'A', 3, 1);
insert into notes_details values ('2012-2013', 'SEM-7', 'Luis Cruyff', 'PJT-3', 11.32, 1.67, 'A', 0, 1);
insert into notes_details values ('2012-2013', 'SEM-7', 'Luis Cruyff', 'PJT-3', 11.32, 3.67, 'A', 5, 2);
insert into notes_details values ('2012-2013', 'SEM-7', 'Luis Cruyff', 'STD-3', 11.32, 1.33, 'A', 0, 1);
insert into notes_details values ('2012-2013', 'SEM-7', 'Luis Cruyff', 'STD-3', 11.32, 2.33, 'A', 0, 2);
insert into contentieux values ('2012-2013', 'SEM-7', 'Luis Cruyff', 'STD-3');
insert into gpa values ('2011-2012', 'SEM-5', 'Luis Cruyff', 3.06);
insert into gpa values ('2011-2012', 'SEM-6', 'Luis Cruyff', 2.61);
insert into gpa values ('2012-2013', 'SEM-7', 'Luis Cruyff', 3.34);
insert into eleves values ('Hortense Ibrahimovic', 1, 'S', 'Tres bien', 'MP', 'MP', 'hibrahimovic');
insert into notes_details values ('2011-2012', 'SEM-5', 'Hortense Ibrahimovic', 'ALG-1', 11.32, 2.33, 'A', 0, 1);
insert into notes_details values ('2011-2012', 'SEM-5', 'Hortense Ibrahimovic', 'ALG-1', 11.32, 3.67, 'A', 3, 2);
insert into notes_details values ('2011-2012', 'SEM-5', 'Hortense Ibrahimovic', 'DPP-1', 11.32, 3.33, 'A', 2, 1);
insert into notes_details values ('2011-2012', 'SEM-5', 'Hortense Ibrahimovic', 'ELE-1', 11.32, 1.0, 'A', 0, 1);
insert into notes_details values ('2011-2012', 'SEM-5', 'Hortense Ibrahimovic', 'ELE-1', 11.32, 4.0, 'A', 3, 2);
insert into notes_details values ('2011-2012', 'SEM-5', 'Hortense Ibrahimovic', 'INP-1', 11.32, 3.0, 'A', 3, 1);
insert into notes_details values ('2011-2012', 'SEM-5', 'Hortense Ibrahimovic', 'LCI-1', 11.32, 1.0, 'A', 0, 1);
insert into notes_details values ('2011-2012', 'SEM-5', 'Hortense Ibrahimovic', 'LCI-1', 11.32, 2.33, 'A', 3, 99);
insert into notes_details values ('2011-2012', 'SEM-5', 'Hortense Ibrahimovic', 'MAT-1', 11.32, 3.0, 'A', 3, 1);
insert into notes_details values ('2011-2012', 'SEM-5', 'Hortense Ibrahimovic', 'MGP-1', 11.32, 2.67, 'A', 4, 1);
insert into notes_details values ('2011-2012', 'SEM-5', 'Hortense Ibrahimovic', 'PHO-1', 11.32, 1.67, 'A', 0, 1);
insert into notes_details values ('2011-2012', 'SEM-5', 'Hortense Ibrahimovic', 'PHO-1', 11.32, 2.67, 'A', 3, 2);
insert into notes_details values ('2011-2012', 'SEM-5', 'Hortense Ibrahimovic', 'PHQ-1', 11.32, 2.67, 'A', 3, 1);
insert into notes_details values ('2011-2012', 'SEM-5', 'Hortense Ibrahimovic', 'SPM-1', 11.32, 2.33, 'A', 0, 1);
insert into notes_details values ('2011-2012', 'SEM-5', 'Hortense Ibrahimovic', 'SPM-1', 11.32, 1.33, 'A', 3, 99);
insert into notes_details values ('2011-2012', 'SEM-6', 'Hortense Ibrahimovic', 'DPP-2', 11.32, 1.33, 'A', 0, 1);
insert into notes_details values ('2011-2012', 'SEM-6', 'Hortense Ibrahimovic', 'DPP-2', 11.32, 2.67, 'A', 1, 2);
insert into notes_details values ('2011-2012', 'SEM-6', 'Hortense Ibrahimovic', 'EAO-2', 11.32, 1.0, 'A', 0, 1);
insert into notes_details values ('2011-2012', 'SEM-6', 'Hortense Ibrahimovic', 'EAO-2', 11.32, 3.33, 'A', 3, 2);
insert into notes_details values ('2011-2012', 'SEM-6', 'Hortense Ibrahimovic', 'ECO-2', 11.32, 4.0, 'A', 3, 1);
insert into notes_details values ('2011-2012', 'SEM-6', 'Hortense Ibrahimovic', 'LCI-2', 11.32, 3.33, 'A', 3, 1);
insert into notes_details values ('2011-2012', 'SEM-6', 'Hortense Ibrahimovic', 'MAT-2', 11.32, 1.33, 'A', 0, 1);
insert into notes_details values ('2011-2012', 'SEM-6', 'Hortense Ibrahimovic', 'MAT-2', 11.32, 3.33, 'A', 2, 2);
insert into notes_details values ('2011-2012', 'SEM-6', 'Hortense Ibrahimovic', 'MCO-2', 11.32, 2.0, 'A', 0, 1);
insert into notes_details values ('2011-2012', 'SEM-6', 'Hortense Ibrahimovic', 'MCO-2', 11.32, 3.33, 'A', 2, 2);
insert into notes_details values ('2011-2012', 'SEM-6', 'Hortense Ibrahimovic', 'MGP-2', 11.32, 2.0, 'A', 0, 1);
insert into notes_details values ('2011-2012', 'SEM-6', 'Hortense Ibrahimovic', 'MGP-2', 11.32, 3.33, 'A', 4, 2);
insert into notes_details values ('2011-2012', 'SEM-6', 'Hortense Ibrahimovic', 'PHS-2', 11.32, 3.33, 'A', 2, 1);
insert into notes_details values ('2011-2012', 'SEM-6', 'Hortense Ibrahimovic', 'PJT-2', 11.32, 1.0, 'A', 0, 1);
insert into notes_details values ('2011-2012', 'SEM-6', 'Hortense Ibrahimovic', 'PJT-2', 11.32, 3.67, 'A', 1, 2);
insert into notes_details values ('2011-2012', 'SEM-6', 'Hortense Ibrahimovic', 'RMS-2', 11.32, 1.33, 'A', 0, 1);
insert into notes_details values ('2011-2012', 'SEM-6', 'Hortense Ibrahimovic', 'RMS-2', 11.32, 1.67, 'A', 4, 99);
insert into notes_details values ('2011-2012', 'SEM-6', 'Hortense Ibrahimovic', 'STG-2', 11.32, 2.33, 'A', 0, 1);
insert into notes_details values ('2011-2012', 'SEM-6', 'Hortense Ibrahimovic', 'STG-2', 11.32, 4.0, 'A', 2, 2);
insert into notes_details values ('2011-2012', 'SEM-6', 'Hortense Ibrahimovic', 'THS-2', 11.32, 1.0, 'A', 0, 1);
insert into notes_details values ('2011-2012', 'SEM-6', 'Hortense Ibrahimovic', 'THS-2', 11.32, 3.0, 'A', 3, 2);
insert into notes_details values ('2012-2013', 'SEM-7', 'Hortense Ibrahimovic', 'ASL-3', 11.32, 2.33, 'A', 0, 1);
insert into notes_details values ('2012-2013', 'SEM-7', 'Hortense Ibrahimovic', 'ASL-3', 11.32, 3.33, 'A', 2, 2);
insert into notes_details values ('2012-2013', 'SEM-7', 'Hortense Ibrahimovic', 'DPP-3', 11.32, 2.33, 'A', 0, 1);
insert into notes_details values ('2012-2013', 'SEM-7', 'Hortense Ibrahimovic', 'DPP-3', 11.32, 3.33, 'A', 2, 2);
insert into notes_details values ('2012-2013', 'SEM-7', 'Hortense Ibrahimovic', 'EAO-31', 11.32, 4.0, 'A', 2, 1);
insert into notes_details values ('2012-2013', 'SEM-7', 'Hortense Ibrahimovic', 'EAO-32', 11.32, 3.0, 'A', 2, 1);
insert into notes_details values ('2012-2013', 'SEM-7', 'Hortense Ibrahimovic', 'EAO-33', 11.32, 1.33, 'A', 0, 1);
insert into notes_details values ('2012-2013', 'SEM-7', 'Hortense Ibrahimovic', 'EAO-33', 11.32, 2.33, 'A', 2, 99);
insert into notes_details values ('2012-2013', 'SEM-7', 'Hortense Ibrahimovic', 'EAO-34', 11.32, 2.33, 'A', 0, 1);
insert into notes_details values ('2012-2013', 'SEM-7', 'Hortense Ibrahimovic', 'EAO-34', 11.32, 4.0, 'A', 2, 2);
insert into notes_details values ('2012-2013', 'SEM-7', 'Hortense Ibrahimovic', 'EAO-35', 11.32, 3.67, 'A', 2, 1);
insert into notes_details values ('2012-2013', 'SEM-7', 'Hortense Ibrahimovic', 'LCI-3', 11.32, 1.67, 'A', 0, 1);
insert into notes_details values ('2012-2013', 'SEM-7', 'Hortense Ibrahimovic', 'LCI-3', 11.32, 2.0, 'A', 3, 99);
insert into notes_details values ('2012-2013', 'SEM-7', 'Hortense Ibrahimovic', 'MAT-3', 11.32, 1.33, 'A', 0, 1);
insert into notes_details values ('2012-2013', 'SEM-7', 'Hortense Ibrahimovic', 'MAT-3', 11.32, 1.33, 'A', 3, 99);
insert into notes_details values ('2012-2013', 'SEM-7', 'Hortense Ibrahimovic', 'MNG-3', 11.32, 2.67, 'A', 3, 1);
insert into notes_details values ('2012-2013', 'SEM-7', 'Hortense Ibrahimovic', 'PJT-3', 11.32, 2.33, 'A', 0, 1);
insert into notes_details values ('2012-2013', 'SEM-7', 'Hortense Ibrahimovic', 'PJT-3', 11.32, 3.67, 'A', 5, 2);
insert into notes_details values ('2012-2013', 'SEM-7', 'Hortense Ibrahimovic', 'STD-3', 11.32, 1.33, 'A', 0, 1);
insert into notes_details values ('2012-2013', 'SEM-7', 'Hortense Ibrahimovic', 'STD-3', 11.32, 1.33, 'A', 0, 2);
insert into contentieux values ('2012-2013', 'SEM-7', 'Hortense Ibrahimovic', 'STD-3');
insert into gpa values ('2011-2012', 'SEM-5', 'Hortense Ibrahimovic', 2.51);
insert into gpa values ('2011-2012', 'SEM-6', 'Hortense Ibrahimovic', 2.61);
insert into gpa values ('2012-2013', 'SEM-7', 'Hortense Ibrahimovic', 2.18);
insert into eleves values ('Laetitia Bush', 1, 'S', 'Tres bien', 'MP', 'MP', 'lbush');
insert into notes_details values ('2011-2012', 'SEM-5', 'Laetitia Bush', 'ALG-1', 11.32, 1.67, 'A', 0, 1);
insert into notes_details values ('2011-2012', 'SEM-5', 'Laetitia Bush', 'ALG-1', 11.32, 4.0, 'A', 3, 2);
insert into notes_details values ('2011-2012', 'SEM-5', 'Laetitia Bush', 'DPP-1', 11.32, 1.33, 'A', 0, 1);
insert into notes_details values ('2011-2012', 'SEM-5', 'Laetitia Bush', 'DPP-1', 11.32, 3.67, 'A', 2, 2);
insert into notes_details values ('2011-2012', 'SEM-5', 'Laetitia Bush', 'ELE-1', 11.32, 1.0, 'A', 0, 1);
insert into notes_details values ('2011-2012', 'SEM-5', 'Laetitia Bush', 'ELE-1', 11.32, 3.0, 'A', 3, 2);
insert into notes_details values ('2011-2012', 'SEM-5', 'Laetitia Bush', 'INP-1', 11.32, 1.33, 'A', 0, 1);
insert into notes_details values ('2011-2012', 'SEM-5', 'Laetitia Bush', 'INP-1', 11.32, 1.0, 'A', 3, 99);
insert into notes_details values ('2011-2012', 'SEM-5', 'Laetitia Bush', 'LCI-1', 11.32, 1.67, 'A', 0, 1);
insert into notes_details values ('2011-2012', 'SEM-5', 'Laetitia Bush', 'LCI-1', 11.32, 1.33, 'A', 3, 99);
insert into notes_details values ('2011-2012', 'SEM-5', 'Laetitia Bush', 'MAT-1', 11.32, 1.33, 'A', 0, 1);
insert into notes_details values ('2011-2012', 'SEM-5', 'Laetitia Bush', 'MAT-1', 11.32, 3.67, 'A', 3, 2);
insert into notes_details values ('2011-2012', 'SEM-5', 'Laetitia Bush', 'MGP-1', 11.32, 3.0, 'A', 4, 1);
insert into notes_details values ('2011-2012', 'SEM-5', 'Laetitia Bush', 'PHO-1', 11.32, 1.0, 'A', 0, 1);
insert into notes_details values ('2011-2012', 'SEM-5', 'Laetitia Bush', 'PHO-1', 11.32, 1.67, 'A', 3, 99);
insert into notes_details values ('2011-2012', 'SEM-5', 'Laetitia Bush', 'PHQ-1', 11.32, 2.67, 'A', 3, 1);
insert into notes_details values ('2011-2012', 'SEM-5', 'Laetitia Bush', 'SPM-1', 11.32, 1.0, 'A', 0, 1);
insert into notes_details values ('2011-2012', 'SEM-5', 'Laetitia Bush', 'SPM-1', 11.32, 4.0, 'A', 3, 2);
insert into notes_details values ('2011-2012', 'SEM-6', 'Laetitia Bush', 'DPP-2', 11.32, 3.0, 'A', 1, 1);
insert into notes_details values ('2011-2012', 'SEM-6', 'Laetitia Bush', 'EAO-2', 11.32, 3.67, 'A', 3, 1);
insert into notes_details values ('2011-2012', 'SEM-6', 'Laetitia Bush', 'ECO-2', 11.32, 1.0, 'A', 0, 1);
insert into notes_details values ('2011-2012', 'SEM-6', 'Laetitia Bush', 'ECO-2', 11.32, 4.0, 'A', 3, 2);
insert into notes_details values ('2011-2012', 'SEM-6', 'Laetitia Bush', 'LCI-2', 11.32, 4.0, 'A', 3, 1);
insert into notes_details values ('2011-2012', 'SEM-6', 'Laetitia Bush', 'MAT-2', 11.32, 1.0, 'A', 0, 1);
insert into notes_details values ('2011-2012', 'SEM-6', 'Laetitia Bush', 'MAT-2', 11.32, 3.0, 'A', 2, 2);
insert into notes_details values ('2011-2012', 'SEM-6', 'Laetitia Bush', 'MCO-2', 11.32, 3.0, 'A', 2, 1);
insert into notes_details values ('2011-2012', 'SEM-6', 'Laetitia Bush', 'MGP-2', 11.32, 3.67, 'A', 4, 1);
insert into notes_details values ('2011-2012', 'SEM-6', 'Laetitia Bush', 'PHS-2', 11.32, 3.0, 'A', 2, 1);
insert into notes_details values ('2011-2012', 'SEM-6', 'Laetitia Bush', 'PJT-2', 11.32, 3.67, 'A', 1, 1);
insert into notes_details values ('2011-2012', 'SEM-6', 'Laetitia Bush', 'RMS-2', 11.32, 2.33, 'A', 0, 1);
insert into notes_details values ('2011-2012', 'SEM-6', 'Laetitia Bush', 'RMS-2', 11.32, 3.33, 'A', 4, 2);
insert into notes_details values ('2011-2012', 'SEM-6', 'Laetitia Bush', 'STG-2', 11.32, 1.33, 'A', 0, 1);
insert into notes_details values ('2011-2012', 'SEM-6', 'Laetitia Bush', 'STG-2', 11.32, 1.0, 'A', 2, 99);
insert into notes_details values ('2011-2012', 'SEM-6', 'Laetitia Bush', 'THS-2', 11.32, 3.0, 'A', 3, 1);
insert into notes_details values ('2012-2013', 'SEM-7', 'Laetitia Bush', 'ASL-3', 11.32, 2.67, 'A', 2, 1);
insert into notes_details values ('2012-2013', 'SEM-7', 'Laetitia Bush', 'DPP-3', 11.32, 1.67, 'A', 0, 1);
insert into notes_details values ('2012-2013', 'SEM-7', 'Laetitia Bush', 'DPP-3', 11.32, 2.67, 'A', 2, 2);
insert into notes_details values ('2012-2013', 'SEM-7', 'Laetitia Bush', 'EAO-31', 11.32, 3.33, 'A', 2, 1);
insert into notes_details values ('2012-2013', 'SEM-7', 'Laetitia Bush', 'EAO-32', 11.32, 4.0, 'A', 2, 1);
insert into notes_details values ('2012-2013', 'SEM-7', 'Laetitia Bush', 'EAO-33', 11.32, 4.0, 'A', 2, 1);
insert into notes_details values ('2012-2013', 'SEM-7', 'Laetitia Bush', 'EAO-34', 11.32, 4.0, 'A', 2, 1);
insert into notes_details values ('2012-2013', 'SEM-7', 'Laetitia Bush', 'EAO-35', 11.32, 1.67, 'A', 0, 1);
insert into notes_details values ('2012-2013', 'SEM-7', 'Laetitia Bush', 'EAO-35', 11.32, 2.33, 'A', 2, 99);
insert into notes_details values ('2012-2013', 'SEM-7', 'Laetitia Bush', 'LCI-3', 11.32, 2.67, 'A', 3, 1);
insert into notes_details values ('2012-2013', 'SEM-7', 'Laetitia Bush', 'MAT-3', 11.32, 1.33, 'A', 0, 1);
insert into notes_details values ('2012-2013', 'SEM-7', 'Laetitia Bush', 'MAT-3', 11.32, 4.0, 'A', 3, 2);
insert into notes_details values ('2012-2013', 'SEM-7', 'Laetitia Bush', 'MNG-3', 11.32, 2.0, 'A', 0, 1);
insert into notes_details values ('2012-2013', 'SEM-7', 'Laetitia Bush', 'MNG-3', 11.32, 1.0, 'A', 0, 2);
insert into contentieux values ('2012-2013', 'SEM-7', 'Laetitia Bush', 'MNG-3');
insert into notes_details values ('2012-2013', 'SEM-7', 'Laetitia Bush', 'PJT-3', 11.32, 1.0, 'A', 0, 1);
insert into notes_details values ('2012-2013', 'SEM-7', 'Laetitia Bush', 'PJT-3', 11.32, 2.0, 'A', 0, 2);
insert into contentieux values ('2012-2013', 'SEM-7', 'Laetitia Bush', 'PJT-3');
insert into notes_details values ('2012-2013', 'SEM-7', 'Laetitia Bush', 'STD-3', 11.32, 2.33, 'A', 0, 1);
insert into notes_details values ('2012-2013', 'SEM-7', 'Laetitia Bush', 'STD-3', 11.32, 3.33, 'A', 2, 2);
insert into gpa values ('2011-2012', 'SEM-5', 'Laetitia Bush', 3.82);
insert into gpa values ('2011-2012', 'SEM-6', 'Laetitia Bush', 2.2);
insert into gpa values ('2012-2013', 'SEM-7', 'Laetitia Bush', 3.16);
insert into eleves values ('Josef Chamakh', 1, 'S', 'Tres bien', 'etranger', 'MP', 'jchamakh');
insert into notes_details values ('2011-2012', 'SEM-5', 'Josef Chamakh', 'ALG-1', 11.32, 1.0, 'A', 0, 1);
insert into notes_details values ('2011-2012', 'SEM-5', 'Josef Chamakh', 'ALG-1', 11.32, 3.0, 'A', 3, 2);
insert into notes_details values ('2011-2012', 'SEM-5', 'Josef Chamakh', 'DPP-1', 11.32, 2.33, 'A', 0, 1);
insert into notes_details values ('2011-2012', 'SEM-5', 'Josef Chamakh', 'DPP-1', 11.32, 3.67, 'A', 2, 2);
insert into notes_details values ('2011-2012', 'SEM-5', 'Josef Chamakh', 'ELE-1', 11.32, 2.33, 'A', 0, 1);
insert into notes_details values ('2011-2012', 'SEM-5', 'Josef Chamakh', 'ELE-1', 11.32, 3.33, 'A', 3, 2);
insert into notes_details values ('2011-2012', 'SEM-5', 'Josef Chamakh', 'INP-1', 11.32, 2.0, 'A', 0, 1);
insert into notes_details values ('2011-2012', 'SEM-5', 'Josef Chamakh', 'INP-1', 11.32, 3.67, 'A', 3, 2);
insert into notes_details values ('2011-2012', 'SEM-5', 'Josef Chamakh', 'LCI-1', 11.32, 2.33, 'A', 0, 1);
insert into notes_details values ('2011-2012', 'SEM-5', 'Josef Chamakh', 'LCI-1', 11.32, 2.67, 'A', 3, 2);
insert into notes_details values ('2011-2012', 'SEM-5', 'Josef Chamakh', 'MAT-1', 11.32, 3.33, 'A', 3, 1);
insert into notes_details values ('2011-2012', 'SEM-5', 'Josef Chamakh', 'MGP-1', 11.32, 2.33, 'A', 0, 1);
insert into notes_details values ('2011-2012', 'SEM-5', 'Josef Chamakh', 'MGP-1', 11.32, 1.67, 'A', 4, 99);
insert into notes_details values ('2011-2012', 'SEM-5', 'Josef Chamakh', 'PHO-1', 11.32, 1.0, 'A', 0, 1);
insert into notes_details values ('2011-2012', 'SEM-5', 'Josef Chamakh', 'PHO-1', 11.32, 4.0, 'A', 3, 2);
insert into notes_details values ('2011-2012', 'SEM-5', 'Josef Chamakh', 'PHQ-1', 11.32, 2.0, 'A', 0, 1);
insert into notes_details values ('2011-2012', 'SEM-5', 'Josef Chamakh', 'PHQ-1', 11.32, 3.0, 'A', 3, 2);
insert into notes_details values ('2011-2012', 'SEM-5', 'Josef Chamakh', 'SPM-1', 11.32, 3.33, 'A', 3, 1);
insert into notes_details values ('2011-2012', 'SEM-6', 'Josef Chamakh', 'DPP-2', 11.32, 2.0, 'A', 0, 1);
insert into notes_details values ('2011-2012', 'SEM-6', 'Josef Chamakh', 'DPP-2', 11.32, 3.67, 'A', 1, 2);
insert into notes_details values ('2011-2012', 'SEM-6', 'Josef Chamakh', 'EAO-2', 11.32, 3.33, 'A', 3, 1);
insert into notes_details values ('2011-2012', 'SEM-6', 'Josef Chamakh', 'ECO-2', 11.32, 2.67, 'A', 3, 1);
insert into notes_details values ('2011-2012', 'SEM-6', 'Josef Chamakh', 'LCI-2', 11.32, 2.67, 'A', 3, 1);
insert into notes_details values ('2011-2012', 'SEM-6', 'Josef Chamakh', 'MAT-2', 11.32, 3.67, 'A', 2, 1);
insert into notes_details values ('2011-2012', 'SEM-6', 'Josef Chamakh', 'MCO-2', 11.32, 2.67, 'A', 2, 1);
insert into notes_details values ('2011-2012', 'SEM-6', 'Josef Chamakh', 'MGP-2', 11.32, 1.0, 'A', 0, 1);
insert into notes_details values ('2011-2012', 'SEM-6', 'Josef Chamakh', 'MGP-2', 11.32, 3.0, 'A', 4, 2);
insert into notes_details values ('2011-2012', 'SEM-6', 'Josef Chamakh', 'PHS-2', 11.32, 2.67, 'A', 2, 1);
insert into notes_details values ('2011-2012', 'SEM-6', 'Josef Chamakh', 'PJT-2', 11.32, 1.67, 'A', 0, 1);
insert into notes_details values ('2011-2012', 'SEM-6', 'Josef Chamakh', 'PJT-2', 11.32, 3.0, 'A', 1, 2);
insert into notes_details values ('2011-2012', 'SEM-6', 'Josef Chamakh', 'RMS-2', 11.32, 3.0, 'A', 4, 1);
insert into notes_details values ('2011-2012', 'SEM-6', 'Josef Chamakh', 'STG-2', 11.32, 2.33, 'A', 0, 1);
insert into notes_details values ('2011-2012', 'SEM-6', 'Josef Chamakh', 'STG-2', 11.32, 2.67, 'A', 2, 2);
insert into notes_details values ('2011-2012', 'SEM-6', 'Josef Chamakh', 'THS-2', 11.32, 1.33, 'A', 0, 1);
insert into notes_details values ('2011-2012', 'SEM-6', 'Josef Chamakh', 'THS-2', 11.32, 4.0, 'A', 3, 2);
insert into notes_details values ('2012-2013', 'SEM-7', 'Josef Chamakh', 'ASL-3', 11.32, 2.67, 'A', 2, 1);
insert into notes_details values ('2012-2013', 'SEM-7', 'Josef Chamakh', 'DPP-3', 11.32, 2.67, 'A', 2, 1);
insert into notes_details values ('2012-2013', 'SEM-7', 'Josef Chamakh', 'EAO-31', 11.32, 3.33, 'A', 2, 1);
insert into notes_details values ('2012-2013', 'SEM-7', 'Josef Chamakh', 'EAO-32', 11.32, 1.67, 'A', 0, 1);
insert into notes_details values ('2012-2013', 'SEM-7', 'Josef Chamakh', 'EAO-32', 11.32, 1.0, 'A', 0, 2);
insert into contentieux values ('2012-2013', 'SEM-7', 'Josef Chamakh', 'EAO-32');
insert into notes_details values ('2012-2013', 'SEM-7', 'Josef Chamakh', 'EAO-33', 11.32, 2.0, 'A', 0, 1);
insert into notes_details values ('2012-2013', 'SEM-7', 'Josef Chamakh', 'EAO-33', 11.32, 2.33, 'A', 0, 2);
insert into contentieux values ('2012-2013', 'SEM-7', 'Josef Chamakh', 'EAO-33');
insert into notes_details values ('2012-2013', 'SEM-7', 'Josef Chamakh', 'EAO-34', 11.32, 3.33, 'A', 2, 1);
insert into notes_details values ('2012-2013', 'SEM-7', 'Josef Chamakh', 'EAO-35', 11.32, 3.33, 'A', 2, 1);
insert into notes_details values ('2012-2013', 'SEM-7', 'Josef Chamakh', 'LCI-3', 11.32, 2.33, 'A', 0, 1);
insert into notes_details values ('2012-2013', 'SEM-7', 'Josef Chamakh', 'LCI-3', 11.32, 2.67, 'A', 3, 2);
insert into notes_details values ('2012-2013', 'SEM-7', 'Josef Chamakh', 'MAT-3', 11.32, 4.0, 'A', 3, 1);
insert into notes_details values ('2012-2013', 'SEM-7', 'Josef Chamakh', 'MNG-3', 11.32, 2.67, 'A', 3, 1);
insert into notes_details values ('2012-2013', 'SEM-7', 'Josef Chamakh', 'PJT-3', 11.32, 2.33, 'A', 0, 1);
insert into notes_details values ('2012-2013', 'SEM-7', 'Josef Chamakh', 'PJT-3', 11.32, 4.0, 'A', 5, 2);
insert into notes_details values ('2012-2013', 'SEM-7', 'Josef Chamakh', 'STD-3', 11.32, 3.67, 'A', 2, 1);
insert into gpa values ('2011-2012', 'SEM-5', 'Josef Chamakh', 2.37);
insert into gpa values ('2011-2012', 'SEM-6', 'Josef Chamakh', 2.73);
insert into gpa values ('2012-2013', 'SEM-7', 'Josef Chamakh', 2.5);
insert into eleves values ('Laure Riva', 1, 'S', 'Tres bien', 'MP', 'MP', 'lriva');
insert into notes_details values ('2011-2012', 'SEM-5', 'Laure Riva', 'ALG-1', 11.32, 2.33, 'A', 0, 1);
insert into notes_details values ('2011-2012', 'SEM-5', 'Laure Riva', 'ALG-1', 11.32, 1.33, 'A', 3, 99);
insert into notes_details values ('2011-2012', 'SEM-5', 'Laure Riva', 'DPP-1', 11.32, 3.67, 'A', 2, 1);
insert into notes_details values ('2011-2012', 'SEM-5', 'Laure Riva', 'ELE-1', 11.32, 2.0, 'A', 0, 1);
insert into notes_details values ('2011-2012', 'SEM-5', 'Laure Riva', 'ELE-1', 11.32, 2.67, 'A', 3, 2);
insert into notes_details values ('2011-2012', 'SEM-5', 'Laure Riva', 'INP-1', 11.32, 2.67, 'A', 3, 1);
insert into notes_details values ('2011-2012', 'SEM-5', 'Laure Riva', 'LCI-1', 11.32, 1.67, 'A', 0, 1);
insert into notes_details values ('2011-2012', 'SEM-5', 'Laure Riva', 'LCI-1', 11.32, 3.67, 'A', 3, 2);
insert into notes_details values ('2011-2012', 'SEM-5', 'Laure Riva', 'MAT-1', 11.32, 2.67, 'A', 3, 1);
insert into notes_details values ('2011-2012', 'SEM-5', 'Laure Riva', 'MGP-1', 11.32, 1.67, 'A', 0, 1);
insert into notes_details values ('2011-2012', 'SEM-5', 'Laure Riva', 'MGP-1', 11.32, 3.33, 'A', 4, 2);
insert into notes_details values ('2011-2012', 'SEM-5', 'Laure Riva', 'PHO-1', 11.32, 1.33, 'A', 0, 1);
insert into notes_details values ('2011-2012', 'SEM-5', 'Laure Riva', 'PHO-1', 11.32, 4.0, 'A', 3, 2);
insert into notes_details values ('2011-2012', 'SEM-5', 'Laure Riva', 'PHQ-1', 11.32, 2.67, 'A', 3, 1);
insert into notes_details values ('2011-2012', 'SEM-5', 'Laure Riva', 'SPM-1', 11.32, 2.0, 'A', 0, 1);
insert into notes_details values ('2011-2012', 'SEM-5', 'Laure Riva', 'SPM-1', 11.32, 4.0, 'A', 3, 2);
insert into notes_details values ('2011-2012', 'SEM-6', 'Laure Riva', 'DPP-2', 11.32, 3.0, 'A', 1, 1);
insert into notes_details values ('2011-2012', 'SEM-6', 'Laure Riva', 'EAO-2', 11.32, 2.0, 'A', 0, 1);
insert into notes_details values ('2011-2012', 'SEM-6', 'Laure Riva', 'EAO-2', 11.32, 3.33, 'A', 3, 2);
insert into notes_details values ('2011-2012', 'SEM-6', 'Laure Riva', 'ECO-2', 11.32, 1.67, 'A', 0, 1);
insert into notes_details values ('2011-2012', 'SEM-6', 'Laure Riva', 'ECO-2', 11.32, 1.33, 'A', 3, 99);
insert into notes_details values ('2011-2012', 'SEM-6', 'Laure Riva', 'LCI-2', 11.32, 3.67, 'A', 3, 1);
insert into notes_details values ('2011-2012', 'SEM-6', 'Laure Riva', 'MAT-2', 11.32, 3.0, 'A', 2, 1);
insert into notes_details values ('2011-2012', 'SEM-6', 'Laure Riva', 'MCO-2', 11.32, 3.0, 'A', 2, 1);
insert into notes_details values ('2011-2012', 'SEM-6', 'Laure Riva', 'MGP-2', 11.32, 1.67, 'A', 0, 1);
insert into notes_details values ('2011-2012', 'SEM-6', 'Laure Riva', 'MGP-2', 11.32, 1.33, 'A', 4, 99);
insert into notes_details values ('2011-2012', 'SEM-6', 'Laure Riva', 'PHS-2', 11.32, 3.0, 'A', 2, 1);
insert into notes_details values ('2011-2012', 'SEM-6', 'Laure Riva', 'PJT-2', 11.32, 3.67, 'A', 1, 1);
insert into notes_details values ('2011-2012', 'SEM-6', 'Laure Riva', 'RMS-2', 11.32, 2.33, 'A', 0, 1);
insert into notes_details values ('2011-2012', 'SEM-6', 'Laure Riva', 'RMS-2', 11.32, 4.0, 'A', 4, 2);
insert into notes_details values ('2011-2012', 'SEM-6', 'Laure Riva', 'STG-2', 11.32, 1.33, 'A', 0, 1);
insert into notes_details values ('2011-2012', 'SEM-6', 'Laure Riva', 'STG-2', 11.32, 3.67, 'A', 2, 2);
insert into notes_details values ('2011-2012', 'SEM-6', 'Laure Riva', 'THS-2', 11.32, 2.33, 'A', 0, 1);
insert into notes_details values ('2011-2012', 'SEM-6', 'Laure Riva', 'THS-2', 11.32, 3.33, 'A', 3, 2);
insert into notes_details values ('2012-2013', 'SEM-7', 'Laure Riva', 'ASL-3', 11.32, 2.33, 'A', 0, 1);
insert into notes_details values ('2012-2013', 'SEM-7', 'Laure Riva', 'ASL-3', 11.32, 1.0, 'A', 0, 2);
insert into contentieux values ('2012-2013', 'SEM-7', 'Laure Riva', 'ASL-3');
insert into notes_details values ('2012-2013', 'SEM-7', 'Laure Riva', 'DPP-3', 11.32, 1.33, 'A', 0, 1);
insert into notes_details values ('2012-2013', 'SEM-7', 'Laure Riva', 'DPP-3', 11.32, 4.0, 'A', 2, 2);
insert into notes_details values ('2012-2013', 'SEM-7', 'Laure Riva', 'EAO-31', 11.32, 1.0, 'A', 0, 1);
insert into notes_details values ('2012-2013', 'SEM-7', 'Laure Riva', 'EAO-31', 11.32, 3.0, 'A', 2, 2);
insert into notes_details values ('2012-2013', 'SEM-7', 'Laure Riva', 'EAO-32', 11.32, 2.33, 'A', 0, 1);
insert into notes_details values ('2012-2013', 'SEM-7', 'Laure Riva', 'EAO-32', 11.32, 3.33, 'A', 2, 2);
insert into notes_details values ('2012-2013', 'SEM-7', 'Laure Riva', 'EAO-33', 11.32, 1.33, 'A', 0, 1);
insert into notes_details values ('2012-2013', 'SEM-7', 'Laure Riva', 'EAO-33', 11.32, 3.67, 'A', 2, 2);
insert into notes_details values ('2012-2013', 'SEM-7', 'Laure Riva', 'EAO-34', 11.32, 3.33, 'A', 2, 1);
insert into notes_details values ('2012-2013', 'SEM-7', 'Laure Riva', 'EAO-35', 11.32, 1.33, 'A', 0, 1);
insert into notes_details values ('2012-2013', 'SEM-7', 'Laure Riva', 'EAO-35', 11.32, 1.0, 'A', 0, 2);
insert into contentieux values ('2012-2013', 'SEM-7', 'Laure Riva', 'EAO-35');
insert into notes_details values ('2012-2013', 'SEM-7', 'Laure Riva', 'LCI-3', 11.32, 1.0, 'A', 0, 1);
insert into notes_details values ('2012-2013', 'SEM-7', 'Laure Riva', 'LCI-3', 11.32, 2.33, 'A', 0, 2);
insert into contentieux values ('2012-2013', 'SEM-7', 'Laure Riva', 'LCI-3');
insert into notes_details values ('2012-2013', 'SEM-7', 'Laure Riva', 'MAT-3', 11.32, 3.0, 'A', 3, 1);
insert into notes_details values ('2012-2013', 'SEM-7', 'Laure Riva', 'MNG-3', 11.32, 2.0, 'A', 0, 1);
insert into notes_details values ('2012-2013', 'SEM-7', 'Laure Riva', 'MNG-3', 11.32, 2.0, 'A', 0, 2);
insert into contentieux values ('2012-2013', 'SEM-7', 'Laure Riva', 'MNG-3');
insert into notes_details values ('2012-2013', 'SEM-7', 'Laure Riva', 'PJT-3', 11.32, 1.67, 'A', 0, 1);
insert into notes_details values ('2012-2013', 'SEM-7', 'Laure Riva', 'PJT-3', 11.32, 3.0, 'A', 5, 2);
insert into notes_details values ('2012-2013', 'SEM-7', 'Laure Riva', 'STD-3', 11.32, 1.67, 'A', 0, 1);
insert into notes_details values ('2012-2013', 'SEM-7', 'Laure Riva', 'STD-3', 11.32, 2.67, 'A', 2, 2);
insert into gpa values ('2011-2012', 'SEM-5', 'Laure Riva', 3.49);
insert into gpa values ('2011-2012', 'SEM-6', 'Laure Riva', 3.42);
insert into gpa values ('2012-2013', 'SEM-7', 'Laure Riva', 2.55);
insert into eleves values ('Maxime Nicolas', 1, 'S', 'Tres bien', 'MP', 'MP', 'mnicolas');
insert into notes_details values ('2011-2012', 'SEM-5', 'Maxime Nicolas', 'ALG-1', 11.32, 3.33, 'A', 3, 1);
insert into notes_details values ('2011-2012', 'SEM-5', 'Maxime Nicolas', 'DPP-1', 11.32, 1.0, 'A', 0, 1);
insert into notes_details values ('2011-2012', 'SEM-5', 'Maxime Nicolas', 'DPP-1', 11.32, 3.0, 'A', 2, 2);
insert into notes_details values ('2011-2012', 'SEM-5', 'Maxime Nicolas', 'ELE-1', 11.32, 1.0, 'A', 0, 1);
insert into notes_details values ('2011-2012', 'SEM-5', 'Maxime Nicolas', 'ELE-1', 11.32, 2.67, 'A', 3, 2);
insert into notes_details values ('2011-2012', 'SEM-5', 'Maxime Nicolas', 'INP-1', 11.32, 3.33, 'A', 3, 1);
insert into notes_details values ('2011-2012', 'SEM-5', 'Maxime Nicolas', 'LCI-1', 11.32, 3.33, 'A', 3, 1);
insert into notes_details values ('2011-2012', 'SEM-5', 'Maxime Nicolas', 'MAT-1', 11.32, 1.33, 'A', 0, 1);
insert into notes_details values ('2011-2012', 'SEM-5', 'Maxime Nicolas', 'MAT-1', 11.32, 4.0, 'A', 3, 2);
insert into notes_details values ('2011-2012', 'SEM-5', 'Maxime Nicolas', 'MGP-1', 11.32, 3.67, 'A', 4, 1);
insert into notes_details values ('2011-2012', 'SEM-5', 'Maxime Nicolas', 'PHO-1', 11.32, 4.0, 'A', 3, 1);
insert into notes_details values ('2011-2012', 'SEM-5', 'Maxime Nicolas', 'PHQ-1', 11.32, 1.67, 'A', 0, 1);
insert into notes_details values ('2011-2012', 'SEM-5', 'Maxime Nicolas', 'PHQ-1', 11.32, 3.33, 'A', 3, 2);
insert into notes_details values ('2011-2012', 'SEM-5', 'Maxime Nicolas', 'SPM-1', 11.32, 2.67, 'A', 3, 1);
insert into notes_details values ('2011-2012', 'SEM-6', 'Maxime Nicolas', 'DPP-2', 11.32, 3.0, 'A', 1, 1);
insert into notes_details values ('2011-2012', 'SEM-6', 'Maxime Nicolas', 'EAO-2', 11.32, 1.67, 'A', 0, 1);
insert into notes_details values ('2011-2012', 'SEM-6', 'Maxime Nicolas', 'EAO-2', 11.32, 2.67, 'A', 3, 2);
insert into notes_details values ('2011-2012', 'SEM-6', 'Maxime Nicolas', 'ECO-2', 11.32, 2.0, 'A', 0, 1);
insert into notes_details values ('2011-2012', 'SEM-6', 'Maxime Nicolas', 'ECO-2', 11.32, 1.0, 'A', 3, 99);
insert into notes_details values ('2011-2012', 'SEM-6', 'Maxime Nicolas', 'LCI-2', 11.32, 1.33, 'A', 0, 1);
insert into notes_details values ('2011-2012', 'SEM-6', 'Maxime Nicolas', 'LCI-2', 11.32, 1.33, 'A', 3, 99);
insert into notes_details values ('2011-2012', 'SEM-6', 'Maxime Nicolas', 'MAT-2', 11.32, 1.0, 'A', 0, 1);
insert into notes_details values ('2011-2012', 'SEM-6', 'Maxime Nicolas', 'MAT-2', 11.32, 3.67, 'A', 2, 2);
insert into notes_details values ('2011-2012', 'SEM-6', 'Maxime Nicolas', 'MCO-2', 11.32, 3.0, 'A', 2, 1);
insert into notes_details values ('2011-2012', 'SEM-6', 'Maxime Nicolas', 'MGP-2', 11.32, 2.33, 'A', 0, 1);
insert into notes_details values ('2011-2012', 'SEM-6', 'Maxime Nicolas', 'MGP-2', 11.32, 3.33, 'A', 4, 2);
insert into notes_details values ('2011-2012', 'SEM-6', 'Maxime Nicolas', 'PHS-2', 11.32, 2.67, 'A', 2, 1);
insert into notes_details values ('2011-2012', 'SEM-6', 'Maxime Nicolas', 'PJT-2', 11.32, 2.0, 'A', 0, 1);
insert into notes_details values ('2011-2012', 'SEM-6', 'Maxime Nicolas', 'PJT-2', 11.32, 3.0, 'A', 1, 2);
insert into notes_details values ('2011-2012', 'SEM-6', 'Maxime Nicolas', 'RMS-2', 11.32, 4.0, 'A', 4, 1);
insert into notes_details values ('2011-2012', 'SEM-6', 'Maxime Nicolas', 'STG-2', 11.32, 1.33, 'A', 0, 1);
insert into notes_details values ('2011-2012', 'SEM-6', 'Maxime Nicolas', 'STG-2', 11.32, 2.33, 'A', 2, 99);
insert into notes_details values ('2011-2012', 'SEM-6', 'Maxime Nicolas', 'THS-2', 11.32, 4.0, 'A', 3, 1);
insert into notes_details values ('2012-2013', 'SEM-7', 'Maxime Nicolas', 'ASL-3', 11.32, 1.67, 'A', 0, 1);
insert into notes_details values ('2012-2013', 'SEM-7', 'Maxime Nicolas', 'ASL-3', 11.32, 1.0, 'A', 0, 2);
insert into contentieux values ('2012-2013', 'SEM-7', 'Maxime Nicolas', 'ASL-3');
insert into notes_details values ('2012-2013', 'SEM-7', 'Maxime Nicolas', 'DPP-3', 11.32, 2.33, 'A', 0, 1);
insert into notes_details values ('2012-2013', 'SEM-7', 'Maxime Nicolas', 'DPP-3', 11.32, 3.0, 'A', 2, 2);
insert into notes_details values ('2012-2013', 'SEM-7', 'Maxime Nicolas', 'EAO-31', 11.32, 1.33, 'A', 0, 1);
insert into notes_details values ('2012-2013', 'SEM-7', 'Maxime Nicolas', 'EAO-31', 11.32, 1.0, 'A', 0, 2);
insert into contentieux values ('2012-2013', 'SEM-7', 'Maxime Nicolas', 'EAO-31');
insert into notes_details values ('2012-2013', 'SEM-7', 'Maxime Nicolas', 'EAO-32', 11.32, 1.0, 'A', 0, 1);
insert into notes_details values ('2012-2013', 'SEM-7', 'Maxime Nicolas', 'EAO-32', 11.32, 3.0, 'A', 2, 2);
insert into notes_details values ('2012-2013', 'SEM-7', 'Maxime Nicolas', 'EAO-33', 11.32, 2.33, 'A', 0, 1);
insert into notes_details values ('2012-2013', 'SEM-7', 'Maxime Nicolas', 'EAO-33', 11.32, 3.67, 'A', 2, 2);
insert into notes_details values ('2012-2013', 'SEM-7', 'Maxime Nicolas', 'EAO-34', 11.32, 3.67, 'A', 2, 1);
insert into notes_details values ('2012-2013', 'SEM-7', 'Maxime Nicolas', 'EAO-35', 11.32, 1.67, 'A', 0, 1);
insert into notes_details values ('2012-2013', 'SEM-7', 'Maxime Nicolas', 'EAO-35', 11.32, 3.33, 'A', 2, 2);
insert into notes_details values ('2012-2013', 'SEM-7', 'Maxime Nicolas', 'LCI-3', 11.32, 2.0, 'A', 0, 1);
insert into notes_details values ('2012-2013', 'SEM-7', 'Maxime Nicolas', 'LCI-3', 11.32, 4.0, 'A', 3, 2);
insert into notes_details values ('2012-2013', 'SEM-7', 'Maxime Nicolas', 'MAT-3', 11.32, 1.67, 'A', 0, 1);
insert into notes_details values ('2012-2013', 'SEM-7', 'Maxime Nicolas', 'MAT-3', 11.32, 3.67, 'A', 3, 2);
insert into notes_details values ('2012-2013', 'SEM-7', 'Maxime Nicolas', 'MNG-3', 11.32, 1.33, 'A', 0, 1);
insert into notes_details values ('2012-2013', 'SEM-7', 'Maxime Nicolas', 'MNG-3', 11.32, 1.67, 'A', 0, 2);
insert into contentieux values ('2012-2013', 'SEM-7', 'Maxime Nicolas', 'MNG-3');
insert into notes_details values ('2012-2013', 'SEM-7', 'Maxime Nicolas', 'PJT-3', 11.32, 1.33, 'A', 0, 1);
insert into notes_details values ('2012-2013', 'SEM-7', 'Maxime Nicolas', 'PJT-3', 11.32, 1.0, 'A', 0, 2);
insert into contentieux values ('2012-2013', 'SEM-7', 'Maxime Nicolas', 'PJT-3');
insert into notes_details values ('2012-2013', 'SEM-7', 'Maxime Nicolas', 'STD-3', 11.32, 1.0, 'A', 0, 1);
insert into notes_details values ('2012-2013', 'SEM-7', 'Maxime Nicolas', 'STD-3', 11.32, 1.0, 'A', 0, 2);
insert into contentieux values ('2012-2013', 'SEM-7', 'Maxime Nicolas', 'STD-3');
insert into gpa values ('2011-2012', 'SEM-5', 'Maxime Nicolas', 3.6);
insert into gpa values ('2011-2012', 'SEM-6', 'Maxime Nicolas', 2.69);
insert into gpa values ('2012-2013', 'SEM-7', 'Maxime Nicolas', 2.98);
insert into eleves values ('Fusberta Amaro', 1, 'S', 'Tres bien', 'MP', 'MP', 'famaro');
insert into notes_details values ('2011-2012', 'SEM-5', 'Fusberta Amaro', 'ALG-1', 11.32, 1.33, 'A', 0, 1);
insert into notes_details values ('2011-2012', 'SEM-5', 'Fusberta Amaro', 'ALG-1', 11.32, 4.0, 'A', 3, 2);
insert into notes_details values ('2011-2012', 'SEM-5', 'Fusberta Amaro', 'DPP-1', 11.32, 2.33, 'A', 0, 1);
insert into notes_details values ('2011-2012', 'SEM-5', 'Fusberta Amaro', 'DPP-1', 11.32, 4.0, 'A', 2, 2);
insert into notes_details values ('2011-2012', 'SEM-5', 'Fusberta Amaro', 'ELE-1', 11.32, 1.33, 'A', 0, 1);
insert into notes_details values ('2011-2012', 'SEM-5', 'Fusberta Amaro', 'ELE-1', 11.32, 3.67, 'A', 3, 2);
insert into notes_details values ('2011-2012', 'SEM-5', 'Fusberta Amaro', 'INP-1', 11.32, 3.67, 'A', 3, 1);
insert into notes_details values ('2011-2012', 'SEM-5', 'Fusberta Amaro', 'LCI-1', 11.32, 3.67, 'A', 3, 1);
insert into notes_details values ('2011-2012', 'SEM-5', 'Fusberta Amaro', 'MAT-1', 11.32, 3.0, 'A', 3, 1);
insert into notes_details values ('2011-2012', 'SEM-5', 'Fusberta Amaro', 'MGP-1', 11.32, 2.33, 'A', 0, 1);
insert into notes_details values ('2011-2012', 'SEM-5', 'Fusberta Amaro', 'MGP-1', 11.32, 1.67, 'A', 4, 99);
insert into notes_details values ('2011-2012', 'SEM-5', 'Fusberta Amaro', 'PHO-1', 11.32, 3.0, 'A', 3, 1);
insert into notes_details values ('2011-2012', 'SEM-5', 'Fusberta Amaro', 'PHQ-1', 11.32, 3.33, 'A', 3, 1);
insert into notes_details values ('2011-2012', 'SEM-5', 'Fusberta Amaro', 'SPM-1', 11.32, 1.0, 'A', 0, 1);
insert into notes_details values ('2011-2012', 'SEM-5', 'Fusberta Amaro', 'SPM-1', 11.32, 3.67, 'A', 3, 2);
insert into notes_details values ('2011-2012', 'SEM-6', 'Fusberta Amaro', 'DPP-2', 11.32, 2.33, 'A', 0, 1);
insert into notes_details values ('2011-2012', 'SEM-6', 'Fusberta Amaro', 'DPP-2', 11.32, 2.67, 'A', 1, 2);
insert into notes_details values ('2011-2012', 'SEM-6', 'Fusberta Amaro', 'EAO-2', 11.32, 3.0, 'A', 3, 1);
insert into notes_details values ('2011-2012', 'SEM-6', 'Fusberta Amaro', 'ECO-2', 11.32, 4.0, 'A', 3, 1);
insert into notes_details values ('2011-2012', 'SEM-6', 'Fusberta Amaro', 'LCI-2', 11.32, 3.33, 'A', 3, 1);
insert into notes_details values ('2011-2012', 'SEM-6', 'Fusberta Amaro', 'MAT-2', 11.32, 3.0, 'A', 2, 1);
insert into notes_details values ('2011-2012', 'SEM-6', 'Fusberta Amaro', 'MCO-2', 11.32, 4.0, 'A', 2, 1);
insert into notes_details values ('2011-2012', 'SEM-6', 'Fusberta Amaro', 'MGP-2', 11.32, 2.33, 'A', 0, 1);
insert into notes_details values ('2011-2012', 'SEM-6', 'Fusberta Amaro', 'MGP-2', 11.32, 2.67, 'A', 4, 2);
insert into notes_details values ('2011-2012', 'SEM-6', 'Fusberta Amaro', 'PHS-2', 11.32, 3.67, 'A', 2, 1);
insert into notes_details values ('2011-2012', 'SEM-6', 'Fusberta Amaro', 'PJT-2', 11.32, 2.67, 'A', 1, 1);
insert into notes_details values ('2011-2012', 'SEM-6', 'Fusberta Amaro', 'RMS-2', 11.32, 1.67, 'A', 0, 1);
insert into notes_details values ('2011-2012', 'SEM-6', 'Fusberta Amaro', 'RMS-2', 11.32, 1.33, 'A', 4, 99);
insert into notes_details values ('2011-2012', 'SEM-6', 'Fusberta Amaro', 'STG-2', 11.32, 2.67, 'A', 2, 1);
insert into notes_details values ('2011-2012', 'SEM-6', 'Fusberta Amaro', 'THS-2', 11.32, 4.0, 'A', 3, 1);
insert into notes_details values ('2012-2013', 'SEM-7', 'Fusberta Amaro', 'ASL-3', 11.32, 1.0, 'A', 0, 1);
insert into notes_details values ('2012-2013', 'SEM-7', 'Fusberta Amaro', 'ASL-3', 11.32, 3.67, 'A', 2, 2);
insert into notes_details values ('2012-2013', 'SEM-7', 'Fusberta Amaro', 'DPP-3', 11.32, 2.0, 'A', 0, 1);
insert into notes_details values ('2012-2013', 'SEM-7', 'Fusberta Amaro', 'DPP-3', 11.32, 3.67, 'A', 2, 2);
insert into notes_details values ('2012-2013', 'SEM-7', 'Fusberta Amaro', 'EAO-31', 11.32, 1.67, 'A', 0, 1);
insert into notes_details values ('2012-2013', 'SEM-7', 'Fusberta Amaro', 'EAO-31', 11.32, 1.0, 'A', 0, 2);
insert into contentieux values ('2012-2013', 'SEM-7', 'Fusberta Amaro', 'EAO-31');
insert into notes_details values ('2012-2013', 'SEM-7', 'Fusberta Amaro', 'EAO-32', 11.32, 1.33, 'A', 0, 1);
insert into notes_details values ('2012-2013', 'SEM-7', 'Fusberta Amaro', 'EAO-32', 11.32, 1.33, 'A', 2, 99);
insert into notes_details values ('2012-2013', 'SEM-7', 'Fusberta Amaro', 'EAO-33', 11.32, 2.0, 'A', 0, 1);
insert into notes_details values ('2012-2013', 'SEM-7', 'Fusberta Amaro', 'EAO-33', 11.32, 2.0, 'A', 2, 99);
insert into notes_details values ('2012-2013', 'SEM-7', 'Fusberta Amaro', 'EAO-34', 11.32, 4.0, 'A', 2, 1);
insert into notes_details values ('2012-2013', 'SEM-7', 'Fusberta Amaro', 'EAO-35', 11.32, 2.0, 'A', 0, 1);
insert into notes_details values ('2012-2013', 'SEM-7', 'Fusberta Amaro', 'EAO-35', 11.32, 3.0, 'A', 2, 2);
insert into notes_details values ('2012-2013', 'SEM-7', 'Fusberta Amaro', 'LCI-3', 11.32, 3.33, 'A', 3, 1);
insert into notes_details values ('2012-2013', 'SEM-7', 'Fusberta Amaro', 'MAT-3', 11.32, 2.67, 'A', 3, 1);
insert into notes_details values ('2012-2013', 'SEM-7', 'Fusberta Amaro', 'MNG-3', 11.32, 3.33, 'A', 3, 1);
insert into notes_details values ('2012-2013', 'SEM-7', 'Fusberta Amaro', 'PJT-3', 11.32, 4.0, 'A', 5, 1);
insert into notes_details values ('2012-2013', 'SEM-7', 'Fusberta Amaro', 'STD-3', 11.32, 1.33, 'A', 0, 1);
insert into notes_details values ('2012-2013', 'SEM-7', 'Fusberta Amaro', 'STD-3', 11.32, 2.67, 'A', 2, 2);
insert into gpa values ('2011-2012', 'SEM-5', 'Fusberta Amaro', 2.12);
insert into gpa values ('2011-2012', 'SEM-6', 'Fusberta Amaro', 3.27);
insert into gpa values ('2012-2013', 'SEM-7', 'Fusberta Amaro', 2.45);
insert into eleves values ('Marianne Julien', 1, 'S', 'Tres bien', 'MP', 'MP', 'mjulien');
insert into notes_details values ('2011-2012', 'SEM-5', 'Marianne Julien', 'ALG-1', 11.32, 4.0, 'A', 3, 1);
insert into notes_details values ('2011-2012', 'SEM-5', 'Marianne Julien', 'DPP-1', 11.32, 1.33, 'A', 0, 1);
insert into notes_details values ('2011-2012', 'SEM-5', 'Marianne Julien', 'DPP-1', 11.32, 3.0, 'A', 2, 2);
insert into notes_details values ('2011-2012', 'SEM-5', 'Marianne Julien', 'ELE-1', 11.32, 1.33, 'A', 0, 1);
insert into notes_details values ('2011-2012', 'SEM-5', 'Marianne Julien', 'ELE-1', 11.32, 2.67, 'A', 3, 2);
insert into notes_details values ('2011-2012', 'SEM-5', 'Marianne Julien', 'INP-1', 11.32, 3.67, 'A', 3, 1);
insert into notes_details values ('2011-2012', 'SEM-5', 'Marianne Julien', 'LCI-1', 11.32, 3.67, 'A', 3, 1);
insert into notes_details values ('2011-2012', 'SEM-5', 'Marianne Julien', 'MAT-1', 11.32, 3.0, 'A', 3, 1);
insert into notes_details values ('2011-2012', 'SEM-5', 'Marianne Julien', 'MGP-1', 11.32, 2.0, 'A', 0, 1);
insert into notes_details values ('2011-2012', 'SEM-5', 'Marianne Julien', 'MGP-1', 11.32, 3.33, 'A', 4, 2);
insert into notes_details values ('2011-2012', 'SEM-5', 'Marianne Julien', 'PHO-1', 11.32, 1.0, 'A', 0, 1);
insert into notes_details values ('2011-2012', 'SEM-5', 'Marianne Julien', 'PHO-1', 11.32, 3.67, 'A', 3, 2);
insert into notes_details values ('2011-2012', 'SEM-5', 'Marianne Julien', 'PHQ-1', 11.32, 1.0, 'A', 0, 1);
insert into notes_details values ('2011-2012', 'SEM-5', 'Marianne Julien', 'PHQ-1', 11.32, 3.67, 'A', 3, 2);
insert into notes_details values ('2011-2012', 'SEM-5', 'Marianne Julien', 'SPM-1', 11.32, 1.0, 'A', 0, 1);
insert into notes_details values ('2011-2012', 'SEM-5', 'Marianne Julien', 'SPM-1', 11.32, 2.67, 'A', 3, 2);
insert into notes_details values ('2011-2012', 'SEM-6', 'Marianne Julien', 'DPP-2', 11.32, 4.0, 'A', 1, 1);
insert into notes_details values ('2011-2012', 'SEM-6', 'Marianne Julien', 'EAO-2', 11.32, 1.0, 'A', 0, 1);
insert into notes_details values ('2011-2012', 'SEM-6', 'Marianne Julien', 'EAO-2', 11.32, 4.0, 'A', 3, 2);
insert into notes_details values ('2011-2012', 'SEM-6', 'Marianne Julien', 'ECO-2', 11.32, 1.33, 'A', 0, 1);
insert into notes_details values ('2011-2012', 'SEM-6', 'Marianne Julien', 'ECO-2', 11.32, 2.67, 'A', 3, 2);
insert into notes_details values ('2011-2012', 'SEM-6', 'Marianne Julien', 'LCI-2', 11.32, 1.33, 'A', 0, 1);
insert into notes_details values ('2011-2012', 'SEM-6', 'Marianne Julien', 'LCI-2', 11.32, 3.33, 'A', 3, 2);
insert into notes_details values ('2011-2012', 'SEM-6', 'Marianne Julien', 'MAT-2', 11.32, 2.67, 'A', 2, 1);
insert into notes_details values ('2011-2012', 'SEM-6', 'Marianne Julien', 'MCO-2', 11.32, 2.0, 'A', 0, 1);
insert into notes_details values ('2011-2012', 'SEM-6', 'Marianne Julien', 'MCO-2', 11.32, 3.67, 'A', 2, 2);
insert into notes_details values ('2011-2012', 'SEM-6', 'Marianne Julien', 'MGP-2', 11.32, 3.67, 'A', 4, 1);
insert into notes_details values ('2011-2012', 'SEM-6', 'Marianne Julien', 'PHS-2', 11.32, 1.33, 'A', 0, 1);
insert into notes_details values ('2011-2012', 'SEM-6', 'Marianne Julien', 'PHS-2', 11.32, 3.0, 'A', 2, 2);
insert into notes_details values ('2011-2012', 'SEM-6', 'Marianne Julien', 'PJT-2', 11.32, 2.33, 'A', 0, 1);
insert into notes_details values ('2011-2012', 'SEM-6', 'Marianne Julien', 'PJT-2', 11.32, 3.33, 'A', 1, 2);
insert into notes_details values ('2011-2012', 'SEM-6', 'Marianne Julien', 'RMS-2', 11.32, 4.0, 'A', 4, 1);
insert into notes_details values ('2011-2012', 'SEM-6', 'Marianne Julien', 'STG-2', 11.32, 3.0, 'A', 2, 1);
insert into notes_details values ('2011-2012', 'SEM-6', 'Marianne Julien', 'THS-2', 11.32, 2.0, 'A', 0, 1);
insert into notes_details values ('2011-2012', 'SEM-6', 'Marianne Julien', 'THS-2', 11.32, 3.0, 'A', 3, 2);
insert into notes_details values ('2012-2013', 'SEM-7', 'Marianne Julien', 'ASL-3', 11.32, 1.0, 'A', 0, 1);
insert into notes_details values ('2012-2013', 'SEM-7', 'Marianne Julien', 'ASL-3', 11.32, 1.0, 'A', 2, 99);
insert into notes_details values ('2012-2013', 'SEM-7', 'Marianne Julien', 'DPP-3', 11.32, 2.0, 'A', 0, 1);
insert into notes_details values ('2012-2013', 'SEM-7', 'Marianne Julien', 'DPP-3', 11.32, 2.67, 'A', 2, 2);
insert into notes_details values ('2012-2013', 'SEM-7', 'Marianne Julien', 'EAO-31', 11.32, 2.33, 'A', 0, 1);
insert into notes_details values ('2012-2013', 'SEM-7', 'Marianne Julien', 'EAO-31', 11.32, 1.0, 'A', 0, 2);
insert into contentieux values ('2012-2013', 'SEM-7', 'Marianne Julien', 'EAO-31');
insert into notes_details values ('2012-2013', 'SEM-7', 'Marianne Julien', 'EAO-32', 11.32, 2.33, 'A', 0, 1);
insert into notes_details values ('2012-2013', 'SEM-7', 'Marianne Julien', 'EAO-32', 11.32, 1.0, 'A', 0, 2);
insert into contentieux values ('2012-2013', 'SEM-7', 'Marianne Julien', 'EAO-32');
insert into notes_details values ('2012-2013', 'SEM-7', 'Marianne Julien', 'EAO-33', 11.32, 2.33, 'A', 0, 1);
insert into notes_details values ('2012-2013', 'SEM-7', 'Marianne Julien', 'EAO-33', 11.32, 2.33, 'A', 0, 2);
insert into contentieux values ('2012-2013', 'SEM-7', 'Marianne Julien', 'EAO-33');
insert into notes_details values ('2012-2013', 'SEM-7', 'Marianne Julien', 'EAO-34', 11.32, 1.0, 'A', 0, 1);
insert into notes_details values ('2012-2013', 'SEM-7', 'Marianne Julien', 'EAO-34', 11.32, 2.33, 'A', 2, 99);
insert into notes_details values ('2012-2013', 'SEM-7', 'Marianne Julien', 'EAO-35', 11.32, 1.0, 'A', 0, 1);
insert into notes_details values ('2012-2013', 'SEM-7', 'Marianne Julien', 'EAO-35', 11.32, 3.33, 'A', 2, 2);
insert into notes_details values ('2012-2013', 'SEM-7', 'Marianne Julien', 'LCI-3', 11.32, 4.0, 'A', 3, 1);
insert into notes_details values ('2012-2013', 'SEM-7', 'Marianne Julien', 'MAT-3', 11.32, 1.0, 'A', 0, 1);
insert into notes_details values ('2012-2013', 'SEM-7', 'Marianne Julien', 'MAT-3', 11.32, 1.67, 'A', 0, 2);
insert into contentieux values ('2012-2013', 'SEM-7', 'Marianne Julien', 'MAT-3');
insert into notes_details values ('2012-2013', 'SEM-7', 'Marianne Julien', 'MNG-3', 11.32, 1.33, 'A', 0, 1);
insert into notes_details values ('2012-2013', 'SEM-7', 'Marianne Julien', 'MNG-3', 11.32, 2.67, 'A', 3, 2);
insert into notes_details values ('2012-2013', 'SEM-7', 'Marianne Julien', 'PJT-3', 11.32, 4.0, 'A', 5, 1);
insert into notes_details values ('2012-2013', 'SEM-7', 'Marianne Julien', 'STD-3', 11.32, 3.0, 'A', 2, 1);
insert into gpa values ('2011-2012', 'SEM-5', 'Marianne Julien', 2.36);
insert into gpa values ('2011-2012', 'SEM-6', 'Marianne Julien', 2.97);
insert into gpa values ('2012-2013', 'SEM-7', 'Marianne Julien', 2.35);
insert into eleves values ('Dexter Windsor', 1, 'S', 'Tres bien', 'MP', 'MP', 'dwindsor');
insert into notes_details values ('2011-2012', 'SEM-5', 'Dexter Windsor', 'ALG-1', 11.32, 3.67, 'A', 3, 1);
insert into notes_details values ('2011-2012', 'SEM-5', 'Dexter Windsor', 'DPP-1', 11.32, 1.33, 'A', 0, 1);
insert into notes_details values ('2011-2012', 'SEM-5', 'Dexter Windsor', 'DPP-1', 11.32, 4.0, 'A', 2, 2);
insert into notes_details values ('2011-2012', 'SEM-5', 'Dexter Windsor', 'ELE-1', 11.32, 1.0, 'A', 0, 1);
insert into notes_details values ('2011-2012', 'SEM-5', 'Dexter Windsor', 'ELE-1', 11.32, 2.0, 'A', 3, 99);
insert into notes_details values ('2011-2012', 'SEM-5', 'Dexter Windsor', 'INP-1', 11.32, 2.0, 'A', 0, 1);
insert into notes_details values ('2011-2012', 'SEM-5', 'Dexter Windsor', 'INP-1', 11.32, 3.0, 'A', 3, 2);
insert into notes_details values ('2011-2012', 'SEM-5', 'Dexter Windsor', 'LCI-1', 11.32, 3.0, 'A', 3, 1);
insert into notes_details values ('2011-2012', 'SEM-5', 'Dexter Windsor', 'MAT-1', 11.32, 4.0, 'A', 3, 1);
insert into notes_details values ('2011-2012', 'SEM-5', 'Dexter Windsor', 'MGP-1', 11.32, 1.33, 'A', 0, 1);
insert into notes_details values ('2011-2012', 'SEM-5', 'Dexter Windsor', 'MGP-1', 11.32, 2.0, 'A', 4, 99);
insert into notes_details values ('2011-2012', 'SEM-5', 'Dexter Windsor', 'PHO-1', 11.32, 4.0, 'A', 3, 1);
insert into notes_details values ('2011-2012', 'SEM-5', 'Dexter Windsor', 'PHQ-1', 11.32, 1.33, 'A', 0, 1);
insert into notes_details values ('2011-2012', 'SEM-5', 'Dexter Windsor', 'PHQ-1', 11.32, 2.67, 'A', 3, 2);
insert into notes_details values ('2011-2012', 'SEM-5', 'Dexter Windsor', 'SPM-1', 11.32, 2.67, 'A', 3, 1);
insert into notes_details values ('2011-2012', 'SEM-6', 'Dexter Windsor', 'DPP-2', 11.32, 2.33, 'A', 0, 1);
insert into notes_details values ('2011-2012', 'SEM-6', 'Dexter Windsor', 'DPP-2', 11.32, 3.67, 'A', 1, 2);
insert into notes_details values ('2011-2012', 'SEM-6', 'Dexter Windsor', 'EAO-2', 11.32, 2.33, 'A', 0, 1);
insert into notes_details values ('2011-2012', 'SEM-6', 'Dexter Windsor', 'EAO-2', 11.32, 3.33, 'A', 3, 2);
insert into notes_details values ('2011-2012', 'SEM-6', 'Dexter Windsor', 'ECO-2', 11.32, 2.67, 'A', 3, 1);
insert into notes_details values ('2011-2012', 'SEM-6', 'Dexter Windsor', 'LCI-2', 11.32, 2.67, 'A', 3, 1);
insert into notes_details values ('2011-2012', 'SEM-6', 'Dexter Windsor', 'MAT-2', 11.32, 3.33, 'A', 2, 1);
insert into notes_details values ('2011-2012', 'SEM-6', 'Dexter Windsor', 'MCO-2', 11.32, 3.33, 'A', 2, 1);
insert into notes_details values ('2011-2012', 'SEM-6', 'Dexter Windsor', 'MGP-2', 11.32, 2.67, 'A', 4, 1);
insert into notes_details values ('2011-2012', 'SEM-6', 'Dexter Windsor', 'PHS-2', 11.32, 2.0, 'A', 0, 1);
insert into notes_details values ('2011-2012', 'SEM-6', 'Dexter Windsor', 'PHS-2', 11.32, 2.0, 'A', 2, 99);
insert into notes_details values ('2011-2012', 'SEM-6', 'Dexter Windsor', 'PJT-2', 11.32, 2.0, 'A', 0, 1);
insert into notes_details values ('2011-2012', 'SEM-6', 'Dexter Windsor', 'PJT-2', 11.32, 3.33, 'A', 1, 2);
insert into notes_details values ('2011-2012', 'SEM-6', 'Dexter Windsor', 'RMS-2', 11.32, 3.67, 'A', 4, 1);
insert into notes_details values ('2011-2012', 'SEM-6', 'Dexter Windsor', 'STG-2', 11.32, 1.33, 'A', 0, 1);
insert into notes_details values ('2011-2012', 'SEM-6', 'Dexter Windsor', 'STG-2', 11.32, 3.0, 'A', 2, 2);
insert into notes_details values ('2011-2012', 'SEM-6', 'Dexter Windsor', 'THS-2', 11.32, 2.67, 'A', 3, 1);
insert into notes_details values ('2012-2013', 'SEM-7', 'Dexter Windsor', 'ASL-3', 11.32, 2.67, 'A', 2, 1);
insert into notes_details values ('2012-2013', 'SEM-7', 'Dexter Windsor', 'DPP-3', 11.32, 3.33, 'A', 2, 1);
insert into notes_details values ('2012-2013', 'SEM-7', 'Dexter Windsor', 'EAO-31', 11.32, 3.67, 'A', 2, 1);
insert into notes_details values ('2012-2013', 'SEM-7', 'Dexter Windsor', 'EAO-32', 11.32, 3.67, 'A', 2, 1);
insert into notes_details values ('2012-2013', 'SEM-7', 'Dexter Windsor', 'EAO-33', 11.32, 4.0, 'A', 2, 1);
insert into notes_details values ('2012-2013', 'SEM-7', 'Dexter Windsor', 'EAO-34', 11.32, 3.67, 'A', 2, 1);
insert into notes_details values ('2012-2013', 'SEM-7', 'Dexter Windsor', 'EAO-35', 11.32, 3.0, 'A', 2, 1);
insert into notes_details values ('2012-2013', 'SEM-7', 'Dexter Windsor', 'LCI-3', 11.32, 2.0, 'A', 0, 1);
insert into notes_details values ('2012-2013', 'SEM-7', 'Dexter Windsor', 'LCI-3', 11.32, 3.0, 'A', 3, 2);
insert into notes_details values ('2012-2013', 'SEM-7', 'Dexter Windsor', 'MAT-3', 11.32, 1.0, 'A', 0, 1);
insert into notes_details values ('2012-2013', 'SEM-7', 'Dexter Windsor', 'MAT-3', 11.32, 1.67, 'A', 0, 2);
insert into contentieux values ('2012-2013', 'SEM-7', 'Dexter Windsor', 'MAT-3');
insert into notes_details values ('2012-2013', 'SEM-7', 'Dexter Windsor', 'MNG-3', 11.32, 2.0, 'A', 0, 1);
insert into notes_details values ('2012-2013', 'SEM-7', 'Dexter Windsor', 'MNG-3', 11.32, 4.0, 'A', 3, 2);
insert into notes_details values ('2012-2013', 'SEM-7', 'Dexter Windsor', 'PJT-3', 11.32, 3.67, 'A', 5, 1);
insert into notes_details values ('2012-2013', 'SEM-7', 'Dexter Windsor', 'STD-3', 11.32, 3.33, 'A', 2, 1);
insert into gpa values ('2011-2012', 'SEM-5', 'Dexter Windsor', 3.45);
insert into gpa values ('2011-2012', 'SEM-6', 'Dexter Windsor', 2.13);
insert into gpa values ('2012-2013', 'SEM-7', 'Dexter Windsor', 3.38);
insert into eleves values ('Pascal Giguere', 1, 'S', 'Tres bien', 'MP', 'MP', 'pgiguere');
insert into notes_details values ('2011-2012', 'SEM-5', 'Pascal Giguere', 'ALG-1', 11.32, 3.67, 'A', 3, 1);
insert into notes_details values ('2011-2012', 'SEM-5', 'Pascal Giguere', 'DPP-1', 11.32, 3.33, 'A', 2, 1);
insert into notes_details values ('2011-2012', 'SEM-5', 'Pascal Giguere', 'ELE-1', 11.32, 2.33, 'A', 0, 1);
insert into notes_details values ('2011-2012', 'SEM-5', 'Pascal Giguere', 'ELE-1', 11.32, 3.33, 'A', 3, 2);
insert into notes_details values ('2011-2012', 'SEM-5', 'Pascal Giguere', 'INP-1', 11.32, 3.0, 'A', 3, 1);
insert into notes_details values ('2011-2012', 'SEM-5', 'Pascal Giguere', 'LCI-1', 11.32, 4.0, 'A', 3, 1);
insert into notes_details values ('2011-2012', 'SEM-5', 'Pascal Giguere', 'MAT-1', 11.32, 2.33, 'A', 0, 1);
insert into notes_details values ('2011-2012', 'SEM-5', 'Pascal Giguere', 'MAT-1', 11.32, 3.67, 'A', 3, 2);
insert into notes_details values ('2011-2012', 'SEM-5', 'Pascal Giguere', 'MGP-1', 11.32, 3.67, 'A', 4, 1);
insert into notes_details values ('2011-2012', 'SEM-5', 'Pascal Giguere', 'PHO-1', 11.32, 3.67, 'A', 3, 1);
insert into notes_details values ('2011-2012', 'SEM-5', 'Pascal Giguere', 'PHQ-1', 11.32, 4.0, 'A', 3, 1);
insert into notes_details values ('2011-2012', 'SEM-5', 'Pascal Giguere', 'SPM-1', 11.32, 1.33, 'A', 0, 1);
insert into notes_details values ('2011-2012', 'SEM-5', 'Pascal Giguere', 'SPM-1', 11.32, 4.0, 'A', 3, 2);
insert into notes_details values ('2011-2012', 'SEM-6', 'Pascal Giguere', 'DPP-2', 11.32, 3.33, 'A', 1, 1);
insert into notes_details values ('2011-2012', 'SEM-6', 'Pascal Giguere', 'EAO-2', 11.32, 2.33, 'A', 0, 1);
insert into notes_details values ('2011-2012', 'SEM-6', 'Pascal Giguere', 'EAO-2', 11.32, 1.67, 'A', 3, 99);
insert into notes_details values ('2011-2012', 'SEM-6', 'Pascal Giguere', 'ECO-2', 11.32, 1.0, 'A', 0, 1);
insert into notes_details values ('2011-2012', 'SEM-6', 'Pascal Giguere', 'ECO-2', 11.32, 4.0, 'A', 3, 2);
insert into notes_details values ('2011-2012', 'SEM-6', 'Pascal Giguere', 'LCI-2', 11.32, 2.33, 'A', 0, 1);
insert into notes_details values ('2011-2012', 'SEM-6', 'Pascal Giguere', 'LCI-2', 11.32, 3.67, 'A', 3, 2);
insert into notes_details values ('2011-2012', 'SEM-6', 'Pascal Giguere', 'MAT-2', 11.32, 3.0, 'A', 2, 1);
insert into notes_details values ('2011-2012', 'SEM-6', 'Pascal Giguere', 'MCO-2', 11.32, 2.67, 'A', 2, 1);
insert into notes_details values ('2011-2012', 'SEM-6', 'Pascal Giguere', 'MGP-2', 11.32, 1.0, 'A', 0, 1);
insert into notes_details values ('2011-2012', 'SEM-6', 'Pascal Giguere', 'MGP-2', 11.32, 2.67, 'A', 4, 2);
insert into notes_details values ('2011-2012', 'SEM-6', 'Pascal Giguere', 'PHS-2', 11.32, 3.33, 'A', 2, 1);
insert into notes_details values ('2011-2012', 'SEM-6', 'Pascal Giguere', 'PJT-2', 11.32, 4.0, 'A', 1, 1);
insert into notes_details values ('2011-2012', 'SEM-6', 'Pascal Giguere', 'RMS-2', 11.32, 2.0, 'A', 0, 1);
insert into notes_details values ('2011-2012', 'SEM-6', 'Pascal Giguere', 'RMS-2', 11.32, 4.0, 'A', 4, 2);
insert into notes_details values ('2011-2012', 'SEM-6', 'Pascal Giguere', 'STG-2', 11.32, 3.33, 'A', 2, 1);
insert into notes_details values ('2011-2012', 'SEM-6', 'Pascal Giguere', 'THS-2', 11.32, 1.0, 'A', 0, 1);
insert into notes_details values ('2011-2012', 'SEM-6', 'Pascal Giguere', 'THS-2', 11.32, 1.33, 'A', 3, 99);
insert into notes_details values ('2012-2013', 'SEM-7', 'Pascal Giguere', 'ASL-3', 11.32, 2.0, 'A', 0, 1);
insert into notes_details values ('2012-2013', 'SEM-7', 'Pascal Giguere', 'ASL-3', 11.32, 2.33, 'A', 0, 2);
insert into contentieux values ('2012-2013', 'SEM-7', 'Pascal Giguere', 'ASL-3');
insert into notes_details values ('2012-2013', 'SEM-7', 'Pascal Giguere', 'DPP-3', 11.32, 3.33, 'A', 2, 1);
insert into notes_details values ('2012-2013', 'SEM-7', 'Pascal Giguere', 'EAO-31', 11.32, 2.33, 'A', 0, 1);
insert into notes_details values ('2012-2013', 'SEM-7', 'Pascal Giguere', 'EAO-31', 11.32, 2.0, 'A', 0, 2);
insert into contentieux values ('2012-2013', 'SEM-7', 'Pascal Giguere', 'EAO-31');
insert into notes_details values ('2012-2013', 'SEM-7', 'Pascal Giguere', 'EAO-32', 11.32, 1.0, 'A', 0, 1);
insert into notes_details values ('2012-2013', 'SEM-7', 'Pascal Giguere', 'EAO-32', 11.32, 2.33, 'A', 0, 2);
insert into contentieux values ('2012-2013', 'SEM-7', 'Pascal Giguere', 'EAO-32');
insert into notes_details values ('2012-2013', 'SEM-7', 'Pascal Giguere', 'EAO-33', 11.32, 2.0, 'A', 0, 1);
insert into notes_details values ('2012-2013', 'SEM-7', 'Pascal Giguere', 'EAO-33', 11.32, 1.0, 'A', 0, 2);
insert into contentieux values ('2012-2013', 'SEM-7', 'Pascal Giguere', 'EAO-33');
insert into notes_details values ('2012-2013', 'SEM-7', 'Pascal Giguere', 'EAO-34', 11.32, 2.0, 'A', 0, 1);
insert into notes_details values ('2012-2013', 'SEM-7', 'Pascal Giguere', 'EAO-34', 11.32, 3.67, 'A', 2, 2);
insert into notes_details values ('2012-2013', 'SEM-7', 'Pascal Giguere', 'EAO-35', 11.32, 2.67, 'A', 2, 1);
insert into notes_details values ('2012-2013', 'SEM-7', 'Pascal Giguere', 'LCI-3', 11.32, 3.0, 'A', 3, 1);
insert into notes_details values ('2012-2013', 'SEM-7', 'Pascal Giguere', 'MAT-3', 11.32, 1.67, 'A', 0, 1);
insert into notes_details values ('2012-2013', 'SEM-7', 'Pascal Giguere', 'MAT-3', 11.32, 3.33, 'A', 3, 2);
insert into notes_details values ('2012-2013', 'SEM-7', 'Pascal Giguere', 'MNG-3', 11.32, 1.33, 'A', 0, 1);
insert into notes_details values ('2012-2013', 'SEM-7', 'Pascal Giguere', 'MNG-3', 11.32, 2.33, 'A', 0, 2);
insert into contentieux values ('2012-2013', 'SEM-7', 'Pascal Giguere', 'MNG-3');
insert into notes_details values ('2012-2013', 'SEM-7', 'Pascal Giguere', 'PJT-3', 11.32, 1.0, 'A', 0, 1);
insert into notes_details values ('2012-2013', 'SEM-7', 'Pascal Giguere', 'PJT-3', 11.32, 3.33, 'A', 5, 2);
insert into notes_details values ('2012-2013', 'SEM-7', 'Pascal Giguere', 'STD-3', 11.32, 1.33, 'A', 0, 1);
insert into notes_details values ('2012-2013', 'SEM-7', 'Pascal Giguere', 'STD-3', 11.32, 3.33, 'A', 2, 2);
insert into gpa values ('2011-2012', 'SEM-5', 'Pascal Giguere', 2.33);
insert into gpa values ('2011-2012', 'SEM-6', 'Pascal Giguere', 3.38);
insert into gpa values ('2012-2013', 'SEM-7', 'Pascal Giguere', 3.85);
insert into eleves values ('Monique Teague', 1, 'S', 'Tres bien', 'MP', 'MP', 'mteague');
insert into notes_details values ('2011-2012', 'SEM-5', 'Monique Teague', 'ALG-1', 11.32, 2.0, 'A', 0, 1);
insert into notes_details values ('2011-2012', 'SEM-5', 'Monique Teague', 'ALG-1', 11.32, 3.33, 'A', 3, 2);
insert into notes_details values ('2011-2012', 'SEM-5', 'Monique Teague', 'DPP-1', 11.32, 4.0, 'A', 2, 1);
insert into notes_details values ('2011-2012', 'SEM-5', 'Monique Teague', 'ELE-1', 11.32, 1.33, 'A', 0, 1);
insert into notes_details values ('2011-2012', 'SEM-5', 'Monique Teague', 'ELE-1', 11.32, 3.67, 'A', 3, 2);
insert into notes_details values ('2011-2012', 'SEM-5', 'Monique Teague', 'INP-1', 11.32, 1.33, 'A', 0, 1);
insert into notes_details values ('2011-2012', 'SEM-5', 'Monique Teague', 'INP-1', 11.32, 3.33, 'A', 3, 2);
insert into notes_details values ('2011-2012', 'SEM-5', 'Monique Teague', 'LCI-1', 11.32, 2.0, 'A', 0, 1);
insert into notes_details values ('2011-2012', 'SEM-5', 'Monique Teague', 'LCI-1', 11.32, 3.33, 'A', 3, 2);
insert into notes_details values ('2011-2012', 'SEM-5', 'Monique Teague', 'MAT-1', 11.32, 1.33, 'A', 0, 1);
insert into notes_details values ('2011-2012', 'SEM-5', 'Monique Teague', 'MAT-1', 11.32, 1.33, 'A', 3, 99);
insert into notes_details values ('2011-2012', 'SEM-5', 'Monique Teague', 'MGP-1', 11.32, 3.0, 'A', 4, 1);
insert into notes_details values ('2011-2012', 'SEM-5', 'Monique Teague', 'PHO-1', 11.32, 1.0, 'A', 0, 1);
insert into notes_details values ('2011-2012', 'SEM-5', 'Monique Teague', 'PHO-1', 11.32, 2.0, 'A', 3, 99);
insert into notes_details values ('2011-2012', 'SEM-5', 'Monique Teague', 'PHQ-1', 11.32, 3.33, 'A', 3, 1);
insert into notes_details values ('2011-2012', 'SEM-5', 'Monique Teague', 'SPM-1', 11.32, 2.0, 'A', 0, 1);
insert into notes_details values ('2011-2012', 'SEM-5', 'Monique Teague', 'SPM-1', 11.32, 3.0, 'A', 3, 2);
insert into notes_details values ('2011-2012', 'SEM-6', 'Monique Teague', 'DPP-2', 11.32, 3.67, 'A', 1, 1);
insert into notes_details values ('2011-2012', 'SEM-6', 'Monique Teague', 'EAO-2', 11.32, 1.67, 'A', 0, 1);
insert into notes_details values ('2011-2012', 'SEM-6', 'Monique Teague', 'EAO-2', 11.32, 4.0, 'A', 3, 2);
insert into notes_details values ('2011-2012', 'SEM-6', 'Monique Teague', 'ECO-2', 11.32, 4.0, 'A', 3, 1);
insert into notes_details values ('2011-2012', 'SEM-6', 'Monique Teague', 'LCI-2', 11.32, 1.33, 'A', 0, 1);
insert into notes_details values ('2011-2012', 'SEM-6', 'Monique Teague', 'LCI-2', 11.32, 4.0, 'A', 3, 2);
insert into notes_details values ('2011-2012', 'SEM-6', 'Monique Teague', 'MAT-2', 11.32, 2.0, 'A', 0, 1);
insert into notes_details values ('2011-2012', 'SEM-6', 'Monique Teague', 'MAT-2', 11.32, 3.33, 'A', 2, 2);
insert into notes_details values ('2011-2012', 'SEM-6', 'Monique Teague', 'MCO-2', 11.32, 1.33, 'A', 0, 1);
insert into notes_details values ('2011-2012', 'SEM-6', 'Monique Teague', 'MCO-2', 11.32, 3.33, 'A', 2, 2);
insert into notes_details values ('2011-2012', 'SEM-6', 'Monique Teague', 'MGP-2', 11.32, 3.33, 'A', 4, 1);
insert into notes_details values ('2011-2012', 'SEM-6', 'Monique Teague', 'PHS-2', 11.32, 2.0, 'A', 0, 1);
insert into notes_details values ('2011-2012', 'SEM-6', 'Monique Teague', 'PHS-2', 11.32, 3.0, 'A', 2, 2);
insert into notes_details values ('2011-2012', 'SEM-6', 'Monique Teague', 'PJT-2', 11.32, 4.0, 'A', 1, 1);
insert into notes_details values ('2011-2012', 'SEM-6', 'Monique Teague', 'RMS-2', 11.32, 3.33, 'A', 4, 1);
insert into notes_details values ('2011-2012', 'SEM-6', 'Monique Teague', 'STG-2', 11.32, 2.33, 'A', 0, 1);
insert into notes_details values ('2011-2012', 'SEM-6', 'Monique Teague', 'STG-2', 11.32, 3.33, 'A', 2, 2);
insert into notes_details values ('2011-2012', 'SEM-6', 'Monique Teague', 'THS-2', 11.32, 1.67, 'A', 0, 1);
insert into notes_details values ('2011-2012', 'SEM-6', 'Monique Teague', 'THS-2', 11.32, 4.0, 'A', 3, 2);
insert into notes_details values ('2012-2013', 'SEM-7', 'Monique Teague', 'ASL-3', 11.32, 3.0, 'A', 2, 1);
insert into notes_details values ('2012-2013', 'SEM-7', 'Monique Teague', 'DPP-3', 11.32, 2.0, 'A', 0, 1);
insert into notes_details values ('2012-2013', 'SEM-7', 'Monique Teague', 'DPP-3', 11.32, 3.0, 'A', 2, 2);
insert into notes_details values ('2012-2013', 'SEM-7', 'Monique Teague', 'EAO-31', 11.32, 4.0, 'A', 2, 1);
insert into notes_details values ('2012-2013', 'SEM-7', 'Monique Teague', 'EAO-32', 11.32, 3.67, 'A', 2, 1);
insert into notes_details values ('2012-2013', 'SEM-7', 'Monique Teague', 'EAO-33', 11.32, 1.33, 'A', 0, 1);
insert into notes_details values ('2012-2013', 'SEM-7', 'Monique Teague', 'EAO-33', 11.32, 3.67, 'A', 2, 2);
insert into notes_details values ('2012-2013', 'SEM-7', 'Monique Teague', 'EAO-34', 11.32, 1.67, 'A', 0, 1);
insert into notes_details values ('2012-2013', 'SEM-7', 'Monique Teague', 'EAO-34', 11.32, 2.67, 'A', 2, 2);
insert into notes_details values ('2012-2013', 'SEM-7', 'Monique Teague', 'EAO-35', 11.32, 3.67, 'A', 2, 1);
insert into notes_details values ('2012-2013', 'SEM-7', 'Monique Teague', 'LCI-3', 11.32, 2.33, 'A', 0, 1);
insert into notes_details values ('2012-2013', 'SEM-7', 'Monique Teague', 'LCI-3', 11.32, 3.33, 'A', 3, 2);
insert into notes_details values ('2012-2013', 'SEM-7', 'Monique Teague', 'MAT-3', 11.32, 1.67, 'A', 0, 1);
insert into notes_details values ('2012-2013', 'SEM-7', 'Monique Teague', 'MAT-3', 11.32, 1.67, 'A', 3, 99);
insert into notes_details values ('2012-2013', 'SEM-7', 'Monique Teague', 'MNG-3', 11.32, 1.0, 'A', 0, 1);
insert into notes_details values ('2012-2013', 'SEM-7', 'Monique Teague', 'MNG-3', 11.32, 3.0, 'A', 3, 2);
insert into notes_details values ('2012-2013', 'SEM-7', 'Monique Teague', 'PJT-3', 11.32, 1.33, 'A', 0, 1);
insert into notes_details values ('2012-2013', 'SEM-7', 'Monique Teague', 'PJT-3', 11.32, 2.33, 'A', 5, 99);
insert into notes_details values ('2012-2013', 'SEM-7', 'Monique Teague', 'STD-3', 11.32, 2.33, 'A', 0, 1);
insert into notes_details values ('2012-2013', 'SEM-7', 'Monique Teague', 'STD-3', 11.32, 1.67, 'A', 0, 2);
insert into contentieux values ('2012-2013', 'SEM-7', 'Monique Teague', 'STD-3');
insert into gpa values ('2011-2012', 'SEM-5', 'Monique Teague', 2.21);
insert into gpa values ('2011-2012', 'SEM-6', 'Monique Teague', 2.82);
insert into gpa values ('2012-2013', 'SEM-7', 'Monique Teague', 2.9);
insert into eleves values ('Joseph Lejeune', 1, 'S', 'Tres bien', 'etranger', 'MP', 'jlejeune');
insert into notes_details values ('2011-2012', 'SEM-5', 'Joseph Lejeune', 'ALG-1', 11.32, 2.33, 'A', 0, 1);
insert into notes_details values ('2011-2012', 'SEM-5', 'Joseph Lejeune', 'ALG-1', 11.32, 3.67, 'A', 3, 2);
insert into notes_details values ('2011-2012', 'SEM-5', 'Joseph Lejeune', 'DPP-1', 11.32, 1.33, 'A', 0, 1);
insert into notes_details values ('2011-2012', 'SEM-5', 'Joseph Lejeune', 'DPP-1', 11.32, 4.0, 'A', 2, 2);
insert into notes_details values ('2011-2012', 'SEM-5', 'Joseph Lejeune', 'ELE-1', 11.32, 1.0, 'A', 0, 1);
insert into notes_details values ('2011-2012', 'SEM-5', 'Joseph Lejeune', 'ELE-1', 11.32, 2.67, 'A', 3, 2);
insert into notes_details values ('2011-2012', 'SEM-5', 'Joseph Lejeune', 'INP-1', 11.32, 2.0, 'A', 0, 1);
insert into notes_details values ('2011-2012', 'SEM-5', 'Joseph Lejeune', 'INP-1', 11.32, 2.67, 'A', 3, 2);
insert into notes_details values ('2011-2012', 'SEM-5', 'Joseph Lejeune', 'LCI-1', 11.32, 3.67, 'A', 3, 1);
insert into notes_details values ('2011-2012', 'SEM-5', 'Joseph Lejeune', 'MAT-1', 11.32, 3.33, 'A', 3, 1);
insert into notes_details values ('2011-2012', 'SEM-5', 'Joseph Lejeune', 'MGP-1', 11.32, 2.67, 'A', 4, 1);
insert into notes_details values ('2011-2012', 'SEM-5', 'Joseph Lejeune', 'PHO-1', 11.32, 2.0, 'A', 0, 1);
insert into notes_details values ('2011-2012', 'SEM-5', 'Joseph Lejeune', 'PHO-1', 11.32, 2.67, 'A', 3, 2);
insert into notes_details values ('2011-2012', 'SEM-5', 'Joseph Lejeune', 'PHQ-1', 11.32, 2.0, 'A', 0, 1);
insert into notes_details values ('2011-2012', 'SEM-5', 'Joseph Lejeune', 'PHQ-1', 11.32, 3.67, 'A', 3, 2);
insert into notes_details values ('2011-2012', 'SEM-5', 'Joseph Lejeune', 'SPM-1', 11.32, 3.33, 'A', 3, 1);
insert into notes_details values ('2011-2012', 'SEM-6', 'Joseph Lejeune', 'DPP-2', 11.32, 3.67, 'A', 1, 1);
insert into notes_details values ('2011-2012', 'SEM-6', 'Joseph Lejeune', 'EAO-2', 11.32, 4.0, 'A', 3, 1);
insert into notes_details values ('2011-2012', 'SEM-6', 'Joseph Lejeune', 'ECO-2', 11.32, 3.33, 'A', 3, 1);
insert into notes_details values ('2011-2012', 'SEM-6', 'Joseph Lejeune', 'LCI-2', 11.32, 1.33, 'A', 0, 1);
insert into notes_details values ('2011-2012', 'SEM-6', 'Joseph Lejeune', 'LCI-2', 11.32, 2.67, 'A', 3, 2);
insert into notes_details values ('2011-2012', 'SEM-6', 'Joseph Lejeune', 'MAT-2', 11.32, 3.67, 'A', 2, 1);
insert into notes_details values ('2011-2012', 'SEM-6', 'Joseph Lejeune', 'MCO-2', 11.32, 2.67, 'A', 2, 1);
insert into notes_details values ('2011-2012', 'SEM-6', 'Joseph Lejeune', 'MGP-2', 11.32, 3.67, 'A', 4, 1);
insert into notes_details values ('2011-2012', 'SEM-6', 'Joseph Lejeune', 'PHS-2', 11.32, 3.67, 'A', 2, 1);
insert into notes_details values ('2011-2012', 'SEM-6', 'Joseph Lejeune', 'PJT-2', 11.32, 2.67, 'A', 1, 1);
insert into notes_details values ('2011-2012', 'SEM-6', 'Joseph Lejeune', 'RMS-2', 11.32, 3.33, 'A', 4, 1);
insert into notes_details values ('2011-2012', 'SEM-6', 'Joseph Lejeune', 'STG-2', 11.32, 3.0, 'A', 2, 1);
insert into notes_details values ('2011-2012', 'SEM-6', 'Joseph Lejeune', 'THS-2', 11.32, 3.33, 'A', 3, 1);
insert into notes_details values ('2012-2013', 'SEM-7', 'Joseph Lejeune', 'ASL-3', 11.32, 1.67, 'A', 0, 1);
insert into notes_details values ('2012-2013', 'SEM-7', 'Joseph Lejeune', 'ASL-3', 11.32, 2.0, 'A', 0, 2);
insert into contentieux values ('2012-2013', 'SEM-7', 'Joseph Lejeune', 'ASL-3');
insert into notes_details values ('2012-2013', 'SEM-7', 'Joseph Lejeune', 'DPP-3', 11.32, 3.33, 'A', 2, 1);
insert into notes_details values ('2012-2013', 'SEM-7', 'Joseph Lejeune', 'EAO-31', 11.32, 1.67, 'A', 0, 1);
insert into notes_details values ('2012-2013', 'SEM-7', 'Joseph Lejeune', 'EAO-31', 11.32, 1.67, 'A', 0, 2);
insert into contentieux values ('2012-2013', 'SEM-7', 'Joseph Lejeune', 'EAO-31');
insert into notes_details values ('2012-2013', 'SEM-7', 'Joseph Lejeune', 'EAO-32', 11.32, 3.33, 'A', 2, 1);
insert into notes_details values ('2012-2013', 'SEM-7', 'Joseph Lejeune', 'EAO-33', 11.32, 4.0, 'A', 2, 1);
insert into notes_details values ('2012-2013', 'SEM-7', 'Joseph Lejeune', 'EAO-34', 11.32, 2.0, 'A', 0, 1);
insert into notes_details values ('2012-2013', 'SEM-7', 'Joseph Lejeune', 'EAO-34', 11.32, 1.33, 'A', 2, 99);
insert into notes_details values ('2012-2013', 'SEM-7', 'Joseph Lejeune', 'EAO-35', 11.32, 3.33, 'A', 2, 1);
insert into notes_details values ('2012-2013', 'SEM-7', 'Joseph Lejeune', 'LCI-3', 11.32, 1.33, 'A', 0, 1);
insert into notes_details values ('2012-2013', 'SEM-7', 'Joseph Lejeune', 'LCI-3', 11.32, 1.0, 'A', 0, 2);
insert into contentieux values ('2012-2013', 'SEM-7', 'Joseph Lejeune', 'LCI-3');
insert into notes_details values ('2012-2013', 'SEM-7', 'Joseph Lejeune', 'MAT-3', 11.32, 1.67, 'A', 0, 1);
insert into notes_details values ('2012-2013', 'SEM-7', 'Joseph Lejeune', 'MAT-3', 11.32, 3.67, 'A', 3, 2);
insert into notes_details values ('2012-2013', 'SEM-7', 'Joseph Lejeune', 'MNG-3', 11.32, 3.33, 'A', 3, 1);
insert into notes_details values ('2012-2013', 'SEM-7', 'Joseph Lejeune', 'PJT-3', 11.32, 1.67, 'A', 0, 1);
insert into notes_details values ('2012-2013', 'SEM-7', 'Joseph Lejeune', 'PJT-3', 11.32, 2.0, 'A', 5, 99);
insert into notes_details values ('2012-2013', 'SEM-7', 'Joseph Lejeune', 'STD-3', 11.32, 1.0, 'A', 0, 1);
insert into notes_details values ('2012-2013', 'SEM-7', 'Joseph Lejeune', 'STD-3', 11.32, 1.0, 'A', 0, 2);
insert into contentieux values ('2012-2013', 'SEM-7', 'Joseph Lejeune', 'STD-3');
insert into gpa values ('2011-2012', 'SEM-5', 'Joseph Lejeune', 2.77);
insert into gpa values ('2011-2012', 'SEM-6', 'Joseph Lejeune', 2.41);
insert into gpa values ('2012-2013', 'SEM-7', 'Joseph Lejeune', 2.21);
insert into eleves values ('Agathe Arnoux', 1, 'S', 'Tres bien', 'MP', 'MP', 'aarnoux');
insert into notes_details values ('2011-2012', 'SEM-5', 'Agathe Arnoux', 'ALG-1', 11.32, 2.33, 'A', 0, 1);
insert into notes_details values ('2011-2012', 'SEM-5', 'Agathe Arnoux', 'ALG-1', 11.32, 3.0, 'A', 3, 2);
insert into notes_details values ('2011-2012', 'SEM-5', 'Agathe Arnoux', 'DPP-1', 11.32, 1.0, 'A', 0, 1);
insert into notes_details values ('2011-2012', 'SEM-5', 'Agathe Arnoux', 'DPP-1', 11.32, 3.0, 'A', 2, 2);
insert into notes_details values ('2011-2012', 'SEM-5', 'Agathe Arnoux', 'ELE-1', 11.32, 4.0, 'A', 3, 1);
insert into notes_details values ('2011-2012', 'SEM-5', 'Agathe Arnoux', 'INP-1', 11.32, 1.33, 'A', 0, 1);
insert into notes_details values ('2011-2012', 'SEM-5', 'Agathe Arnoux', 'INP-1', 11.32, 3.33, 'A', 3, 2);
insert into notes_details values ('2011-2012', 'SEM-5', 'Agathe Arnoux', 'LCI-1', 11.32, 1.0, 'A', 0, 1);
insert into notes_details values ('2011-2012', 'SEM-5', 'Agathe Arnoux', 'LCI-1', 11.32, 3.0, 'A', 3, 2);
insert into notes_details values ('2011-2012', 'SEM-5', 'Agathe Arnoux', 'MAT-1', 11.32, 3.33, 'A', 3, 1);
insert into notes_details values ('2011-2012', 'SEM-5', 'Agathe Arnoux', 'MGP-1', 11.32, 3.0, 'A', 4, 1);
insert into notes_details values ('2011-2012', 'SEM-5', 'Agathe Arnoux', 'PHO-1', 11.32, 3.67, 'A', 3, 1);
insert into notes_details values ('2011-2012', 'SEM-5', 'Agathe Arnoux', 'PHQ-1', 11.32, 1.33, 'A', 0, 1);
insert into notes_details values ('2011-2012', 'SEM-5', 'Agathe Arnoux', 'PHQ-1', 11.32, 3.0, 'A', 3, 2);
insert into notes_details values ('2011-2012', 'SEM-5', 'Agathe Arnoux', 'SPM-1', 11.32, 1.67, 'A', 0, 1);
insert into notes_details values ('2011-2012', 'SEM-5', 'Agathe Arnoux', 'SPM-1', 11.32, 1.67, 'A', 3, 99);
insert into notes_details values ('2011-2012', 'SEM-6', 'Agathe Arnoux', 'DPP-2', 11.32, 3.33, 'A', 1, 1);
insert into notes_details values ('2011-2012', 'SEM-6', 'Agathe Arnoux', 'EAO-2', 11.32, 1.33, 'A', 0, 1);
insert into notes_details values ('2011-2012', 'SEM-6', 'Agathe Arnoux', 'EAO-2', 11.32, 3.67, 'A', 3, 2);
insert into notes_details values ('2011-2012', 'SEM-6', 'Agathe Arnoux', 'ECO-2', 11.32, 3.33, 'A', 3, 1);
insert into notes_details values ('2011-2012', 'SEM-6', 'Agathe Arnoux', 'LCI-2', 11.32, 3.33, 'A', 3, 1);
insert into notes_details values ('2011-2012', 'SEM-6', 'Agathe Arnoux', 'MAT-2', 11.32, 2.33, 'A', 0, 1);
insert into notes_details values ('2011-2012', 'SEM-6', 'Agathe Arnoux', 'MAT-2', 11.32, 4.0, 'A', 2, 2);
insert into notes_details values ('2011-2012', 'SEM-6', 'Agathe Arnoux', 'MCO-2', 11.32, 2.67, 'A', 2, 1);
insert into notes_details values ('2011-2012', 'SEM-6', 'Agathe Arnoux', 'MGP-2', 11.32, 1.33, 'A', 0, 1);
insert into notes_details values ('2011-2012', 'SEM-6', 'Agathe Arnoux', 'MGP-2', 11.32, 3.67, 'A', 4, 2);
insert into notes_details values ('2011-2012', 'SEM-6', 'Agathe Arnoux', 'PHS-2', 11.32, 4.0, 'A', 2, 1);
insert into notes_details values ('2011-2012', 'SEM-6', 'Agathe Arnoux', 'PJT-2', 11.32, 3.0, 'A', 1, 1);
insert into notes_details values ('2011-2012', 'SEM-6', 'Agathe Arnoux', 'RMS-2', 11.32, 3.33, 'A', 4, 1);
insert into notes_details values ('2011-2012', 'SEM-6', 'Agathe Arnoux', 'STG-2', 11.32, 3.0, 'A', 2, 1);
insert into notes_details values ('2011-2012', 'SEM-6', 'Agathe Arnoux', 'THS-2', 11.32, 3.33, 'A', 3, 1);
insert into notes_details values ('2012-2013', 'SEM-7', 'Agathe Arnoux', 'ASL-3', 11.32, 2.0, 'A', 0, 1);
insert into notes_details values ('2012-2013', 'SEM-7', 'Agathe Arnoux', 'ASL-3', 11.32, 3.67, 'A', 2, 2);
insert into notes_details values ('2012-2013', 'SEM-7', 'Agathe Arnoux', 'DPP-3', 11.32, 3.33, 'A', 2, 1);
insert into notes_details values ('2012-2013', 'SEM-7', 'Agathe Arnoux', 'EAO-31', 11.32, 3.67, 'A', 2, 1);
insert into notes_details values ('2012-2013', 'SEM-7', 'Agathe Arnoux', 'EAO-32', 11.32, 3.67, 'A', 2, 1);
insert into notes_details values ('2012-2013', 'SEM-7', 'Agathe Arnoux', 'EAO-33', 11.32, 1.0, 'A', 0, 1);
insert into notes_details values ('2012-2013', 'SEM-7', 'Agathe Arnoux', 'EAO-33', 11.32, 3.0, 'A', 2, 2);
insert into notes_details values ('2012-2013', 'SEM-7', 'Agathe Arnoux', 'EAO-34', 11.32, 2.0, 'A', 0, 1);
insert into notes_details values ('2012-2013', 'SEM-7', 'Agathe Arnoux', 'EAO-34', 11.32, 1.33, 'A', 0, 2);
insert into contentieux values ('2012-2013', 'SEM-7', 'Agathe Arnoux', 'EAO-34');
insert into notes_details values ('2012-2013', 'SEM-7', 'Agathe Arnoux', 'EAO-35', 11.32, 2.0, 'A', 0, 1);
insert into notes_details values ('2012-2013', 'SEM-7', 'Agathe Arnoux', 'EAO-35', 11.32, 3.67, 'A', 2, 2);
insert into notes_details values ('2012-2013', 'SEM-7', 'Agathe Arnoux', 'LCI-3', 11.32, 3.0, 'A', 3, 1);
insert into notes_details values ('2012-2013', 'SEM-7', 'Agathe Arnoux', 'MAT-3', 11.32, 1.67, 'A', 0, 1);
insert into notes_details values ('2012-2013', 'SEM-7', 'Agathe Arnoux', 'MAT-3', 11.32, 1.0, 'A', 3, 99);
insert into notes_details values ('2012-2013', 'SEM-7', 'Agathe Arnoux', 'MNG-3', 11.32, 1.0, 'A', 0, 1);
insert into notes_details values ('2012-2013', 'SEM-7', 'Agathe Arnoux', 'MNG-3', 11.32, 2.33, 'A', 3, 99);
insert into notes_details values ('2012-2013', 'SEM-7', 'Agathe Arnoux', 'PJT-3', 11.32, 2.33, 'A', 0, 1);
insert into notes_details values ('2012-2013', 'SEM-7', 'Agathe Arnoux', 'PJT-3', 11.32, 3.0, 'A', 5, 2);
insert into notes_details values ('2012-2013', 'SEM-7', 'Agathe Arnoux', 'STD-3', 11.32, 3.0, 'A', 2, 1);
insert into gpa values ('2011-2012', 'SEM-5', 'Agathe Arnoux', 2.63);
insert into gpa values ('2011-2012', 'SEM-6', 'Agathe Arnoux', 3.77);
insert into gpa values ('2012-2013', 'SEM-7', 'Agathe Arnoux', 3.72);
insert into eleves values ('Gerd Noah', 1, 'S', 'Tres bien', 'MP', 'MP', 'gnoah');
insert into notes_details values ('2011-2012', 'SEM-5', 'Gerd Noah', 'ALG-1', 11.32, 3.33, 'A', 3, 1);
insert into notes_details values ('2011-2012', 'SEM-5', 'Gerd Noah', 'DPP-1', 11.32, 2.67, 'A', 2, 1);
insert into notes_details values ('2011-2012', 'SEM-5', 'Gerd Noah', 'ELE-1', 11.32, 4.0, 'A', 3, 1);
insert into notes_details values ('2011-2012', 'SEM-5', 'Gerd Noah', 'INP-1', 11.32, 3.33, 'A', 3, 1);
insert into notes_details values ('2011-2012', 'SEM-5', 'Gerd Noah', 'LCI-1', 11.32, 4.0, 'A', 3, 1);
insert into notes_details values ('2011-2012', 'SEM-5', 'Gerd Noah', 'MAT-1', 11.32, 4.0, 'A', 3, 1);
insert into notes_details values ('2011-2012', 'SEM-5', 'Gerd Noah', 'MGP-1', 11.32, 2.0, 'A', 0, 1);
insert into notes_details values ('2011-2012', 'SEM-5', 'Gerd Noah', 'MGP-1', 11.32, 3.33, 'A', 4, 2);
insert into notes_details values ('2011-2012', 'SEM-5', 'Gerd Noah', 'PHO-1', 11.32, 2.33, 'A', 0, 1);
insert into notes_details values ('2011-2012', 'SEM-5', 'Gerd Noah', 'PHO-1', 11.32, 3.33, 'A', 3, 2);
insert into notes_details values ('2011-2012', 'SEM-5', 'Gerd Noah', 'PHQ-1', 11.32, 1.67, 'A', 0, 1);
insert into notes_details values ('2011-2012', 'SEM-5', 'Gerd Noah', 'PHQ-1', 11.32, 1.0, 'A', 3, 99);
insert into notes_details values ('2011-2012', 'SEM-5', 'Gerd Noah', 'SPM-1', 11.32, 3.67, 'A', 3, 1);
insert into notes_details values ('2011-2012', 'SEM-6', 'Gerd Noah', 'DPP-2', 11.32, 4.0, 'A', 1, 1);
insert into notes_details values ('2011-2012', 'SEM-6', 'Gerd Noah', 'EAO-2', 11.32, 3.67, 'A', 3, 1);
insert into notes_details values ('2011-2012', 'SEM-6', 'Gerd Noah', 'ECO-2', 11.32, 2.33, 'A', 0, 1);
insert into notes_details values ('2011-2012', 'SEM-6', 'Gerd Noah', 'ECO-2', 11.32, 4.0, 'A', 3, 2);
insert into notes_details values ('2011-2012', 'SEM-6', 'Gerd Noah', 'LCI-2', 11.32, 1.0, 'A', 0, 1);
insert into notes_details values ('2011-2012', 'SEM-6', 'Gerd Noah', 'LCI-2', 11.32, 3.67, 'A', 3, 2);
insert into notes_details values ('2011-2012', 'SEM-6', 'Gerd Noah', 'MAT-2', 11.32, 1.67, 'A', 0, 1);
insert into notes_details values ('2011-2012', 'SEM-6', 'Gerd Noah', 'MAT-2', 11.32, 3.67, 'A', 2, 2);
insert into notes_details values ('2011-2012', 'SEM-6', 'Gerd Noah', 'MCO-2', 11.32, 1.33, 'A', 0, 1);
insert into notes_details values ('2011-2012', 'SEM-6', 'Gerd Noah', 'MCO-2', 11.32, 3.33, 'A', 2, 2);
insert into notes_details values ('2011-2012', 'SEM-6', 'Gerd Noah', 'MGP-2', 11.32, 2.33, 'A', 0, 1);
insert into notes_details values ('2011-2012', 'SEM-6', 'Gerd Noah', 'MGP-2', 11.32, 2.67, 'A', 4, 2);
insert into notes_details values ('2011-2012', 'SEM-6', 'Gerd Noah', 'PHS-2', 11.32, 1.33, 'A', 0, 1);
insert into notes_details values ('2011-2012', 'SEM-6', 'Gerd Noah', 'PHS-2', 11.32, 1.0, 'A', 2, 99);
insert into notes_details values ('2011-2012', 'SEM-6', 'Gerd Noah', 'PJT-2', 11.32, 3.67, 'A', 1, 1);
insert into notes_details values ('2011-2012', 'SEM-6', 'Gerd Noah', 'RMS-2', 11.32, 1.0, 'A', 0, 1);
insert into notes_details values ('2011-2012', 'SEM-6', 'Gerd Noah', 'RMS-2', 11.32, 1.0, 'A', 4, 99);
insert into notes_details values ('2011-2012', 'SEM-6', 'Gerd Noah', 'STG-2', 11.32, 4.0, 'A', 2, 1);
insert into notes_details values ('2011-2012', 'SEM-6', 'Gerd Noah', 'THS-2', 11.32, 4.0, 'A', 3, 1);
insert into notes_details values ('2012-2013', 'SEM-7', 'Gerd Noah', 'ASL-3', 11.32, 4.0, 'A', 2, 1);
insert into notes_details values ('2012-2013', 'SEM-7', 'Gerd Noah', 'DPP-3', 11.32, 1.67, 'A', 0, 1);
insert into notes_details values ('2012-2013', 'SEM-7', 'Gerd Noah', 'DPP-3', 11.32, 1.0, 'A', 0, 2);
insert into contentieux values ('2012-2013', 'SEM-7', 'Gerd Noah', 'DPP-3');
insert into notes_details values ('2012-2013', 'SEM-7', 'Gerd Noah', 'EAO-31', 11.32, 2.33, 'A', 0, 1);
insert into notes_details values ('2012-2013', 'SEM-7', 'Gerd Noah', 'EAO-31', 11.32, 4.0, 'A', 2, 2);
insert into notes_details values ('2012-2013', 'SEM-7', 'Gerd Noah', 'EAO-32', 11.32, 1.33, 'A', 0, 1);
insert into notes_details values ('2012-2013', 'SEM-7', 'Gerd Noah', 'EAO-32', 11.32, 3.0, 'A', 2, 2);
insert into notes_details values ('2012-2013', 'SEM-7', 'Gerd Noah', 'EAO-33', 11.32, 2.67, 'A', 2, 1);
insert into notes_details values ('2012-2013', 'SEM-7', 'Gerd Noah', 'EAO-34', 11.32, 1.67, 'A', 0, 1);
insert into notes_details values ('2012-2013', 'SEM-7', 'Gerd Noah', 'EAO-34', 11.32, 3.33, 'A', 2, 2);
insert into notes_details values ('2012-2013', 'SEM-7', 'Gerd Noah', 'EAO-35', 11.32, 2.67, 'A', 2, 1);
insert into notes_details values ('2012-2013', 'SEM-7', 'Gerd Noah', 'LCI-3', 11.32, 1.67, 'A', 0, 1);
insert into notes_details values ('2012-2013', 'SEM-7', 'Gerd Noah', 'LCI-3', 11.32, 1.67, 'A', 0, 2);
insert into contentieux values ('2012-2013', 'SEM-7', 'Gerd Noah', 'LCI-3');
insert into notes_details values ('2012-2013', 'SEM-7', 'Gerd Noah', 'MAT-3', 11.32, 3.67, 'A', 3, 1);
insert into notes_details values ('2012-2013', 'SEM-7', 'Gerd Noah', 'MNG-3', 11.32, 1.33, 'A', 0, 1);
insert into notes_details values ('2012-2013', 'SEM-7', 'Gerd Noah', 'MNG-3', 11.32, 2.67, 'A', 3, 2);
insert into notes_details values ('2012-2013', 'SEM-7', 'Gerd Noah', 'PJT-3', 11.32, 2.33, 'A', 0, 1);
insert into notes_details values ('2012-2013', 'SEM-7', 'Gerd Noah', 'PJT-3', 11.32, 3.0, 'A', 5, 2);
insert into notes_details values ('2012-2013', 'SEM-7', 'Gerd Noah', 'STD-3', 11.32, 1.67, 'A', 0, 1);
insert into notes_details values ('2012-2013', 'SEM-7', 'Gerd Noah', 'STD-3', 11.32, 3.33, 'A', 2, 2);
insert into gpa values ('2011-2012', 'SEM-5', 'Gerd Noah', 2.28);
insert into gpa values ('2011-2012', 'SEM-6', 'Gerd Noah', 2.76);
insert into gpa values ('2012-2013', 'SEM-7', 'Gerd Noah', 2.44);
insert into eleves values ('Martin Laurent', 1, 'S', 'Tres bien', 'MP', 'MP', 'mlaurent');
insert into notes_details values ('2011-2012', 'SEM-5', 'Martin Laurent', 'ALG-1', 11.32, 1.33, 'A', 0, 1);
insert into notes_details values ('2011-2012', 'SEM-5', 'Martin Laurent', 'ALG-1', 11.32, 1.0, 'A', 3, 99);
insert into notes_details values ('2011-2012', 'SEM-5', 'Martin Laurent', 'DPP-1', 11.32, 1.67, 'A', 0, 1);
insert into notes_details values ('2011-2012', 'SEM-5', 'Martin Laurent', 'DPP-1', 11.32, 3.33, 'A', 2, 2);
insert into notes_details values ('2011-2012', 'SEM-5', 'Martin Laurent', 'ELE-1', 11.32, 4.0, 'A', 3, 1);
insert into notes_details values ('2011-2012', 'SEM-5', 'Martin Laurent', 'INP-1', 11.32, 1.67, 'A', 0, 1);
insert into notes_details values ('2011-2012', 'SEM-5', 'Martin Laurent', 'INP-1', 11.32, 2.67, 'A', 3, 2);
insert into notes_details values ('2011-2012', 'SEM-5', 'Martin Laurent', 'LCI-1', 11.32, 3.0, 'A', 3, 1);
insert into notes_details values ('2011-2012', 'SEM-5', 'Martin Laurent', 'MAT-1', 11.32, 2.33, 'A', 0, 1);
insert into notes_details values ('2011-2012', 'SEM-5', 'Martin Laurent', 'MAT-1', 11.32, 3.0, 'A', 3, 2);
insert into notes_details values ('2011-2012', 'SEM-5', 'Martin Laurent', 'MGP-1', 11.32, 3.33, 'A', 4, 1);
insert into notes_details values ('2011-2012', 'SEM-5', 'Martin Laurent', 'PHO-1', 11.32, 3.33, 'A', 3, 1);
insert into notes_details values ('2011-2012', 'SEM-5', 'Martin Laurent', 'PHQ-1', 11.32, 3.67, 'A', 3, 1);
insert into notes_details values ('2011-2012', 'SEM-5', 'Martin Laurent', 'SPM-1', 11.32, 2.0, 'A', 0, 1);
insert into notes_details values ('2011-2012', 'SEM-5', 'Martin Laurent', 'SPM-1', 11.32, 3.0, 'A', 3, 2);
insert into notes_details values ('2011-2012', 'SEM-6', 'Martin Laurent', 'DPP-2', 11.32, 2.67, 'A', 1, 1);
insert into notes_details values ('2011-2012', 'SEM-6', 'Martin Laurent', 'EAO-2', 11.32, 2.0, 'A', 0, 1);
insert into notes_details values ('2011-2012', 'SEM-6', 'Martin Laurent', 'EAO-2', 11.32, 3.67, 'A', 3, 2);
insert into notes_details values ('2011-2012', 'SEM-6', 'Martin Laurent', 'ECO-2', 11.32, 2.67, 'A', 3, 1);
insert into notes_details values ('2011-2012', 'SEM-6', 'Martin Laurent', 'LCI-2', 11.32, 1.0, 'A', 0, 1);
insert into notes_details values ('2011-2012', 'SEM-6', 'Martin Laurent', 'LCI-2', 11.32, 1.33, 'A', 3, 99);
insert into notes_details values ('2011-2012', 'SEM-6', 'Martin Laurent', 'MAT-2', 11.32, 2.33, 'A', 0, 1);
insert into notes_details values ('2011-2012', 'SEM-6', 'Martin Laurent', 'MAT-2', 11.32, 3.33, 'A', 2, 2);
insert into notes_details values ('2011-2012', 'SEM-6', 'Martin Laurent', 'MCO-2', 11.32, 1.33, 'A', 0, 1);
insert into notes_details values ('2011-2012', 'SEM-6', 'Martin Laurent', 'MCO-2', 11.32, 1.0, 'A', 2, 99);
insert into notes_details values ('2011-2012', 'SEM-6', 'Martin Laurent', 'MGP-2', 11.32, 1.67, 'A', 0, 1);
insert into notes_details values ('2011-2012', 'SEM-6', 'Martin Laurent', 'MGP-2', 11.32, 4.0, 'A', 4, 2);
insert into notes_details values ('2011-2012', 'SEM-6', 'Martin Laurent', 'PHS-2', 11.32, 2.0, 'A', 0, 1);
insert into notes_details values ('2011-2012', 'SEM-6', 'Martin Laurent', 'PHS-2', 11.32, 3.33, 'A', 2, 2);
insert into notes_details values ('2011-2012', 'SEM-6', 'Martin Laurent', 'PJT-2', 11.32, 1.33, 'A', 0, 1);
insert into notes_details values ('2011-2012', 'SEM-6', 'Martin Laurent', 'PJT-2', 11.32, 4.0, 'A', 1, 2);
insert into notes_details values ('2011-2012', 'SEM-6', 'Martin Laurent', 'RMS-2', 11.32, 3.33, 'A', 4, 1);
insert into notes_details values ('2011-2012', 'SEM-6', 'Martin Laurent', 'STG-2', 11.32, 2.0, 'A', 0, 1);
insert into notes_details values ('2011-2012', 'SEM-6', 'Martin Laurent', 'STG-2', 11.32, 3.67, 'A', 2, 2);
insert into notes_details values ('2011-2012', 'SEM-6', 'Martin Laurent', 'THS-2', 11.32, 1.67, 'A', 0, 1);
insert into notes_details values ('2011-2012', 'SEM-6', 'Martin Laurent', 'THS-2', 11.32, 2.67, 'A', 3, 2);
insert into notes_details values ('2012-2013', 'SEM-7', 'Martin Laurent', 'ASL-3', 11.32, 2.67, 'A', 2, 1);
insert into notes_details values ('2012-2013', 'SEM-7', 'Martin Laurent', 'DPP-3', 11.32, 3.33, 'A', 2, 1);
insert into notes_details values ('2012-2013', 'SEM-7', 'Martin Laurent', 'EAO-31', 11.32, 3.67, 'A', 2, 1);
insert into notes_details values ('2012-2013', 'SEM-7', 'Martin Laurent', 'EAO-32', 11.32, 1.0, 'A', 0, 1);
insert into notes_details values ('2012-2013', 'SEM-7', 'Martin Laurent', 'EAO-32', 11.32, 1.0, 'A', 0, 2);
insert into contentieux values ('2012-2013', 'SEM-7', 'Martin Laurent', 'EAO-32');
insert into notes_details values ('2012-2013', 'SEM-7', 'Martin Laurent', 'EAO-33', 11.32, 2.67, 'A', 2, 1);
insert into notes_details values ('2012-2013', 'SEM-7', 'Martin Laurent', 'EAO-34', 11.32, 2.33, 'A', 0, 1);
insert into notes_details values ('2012-2013', 'SEM-7', 'Martin Laurent', 'EAO-34', 11.32, 1.0, 'A', 2, 99);
insert into notes_details values ('2012-2013', 'SEM-7', 'Martin Laurent', 'EAO-35', 11.32, 1.33, 'A', 0, 1);
insert into notes_details values ('2012-2013', 'SEM-7', 'Martin Laurent', 'EAO-35', 11.32, 2.33, 'A', 0, 2);
insert into contentieux values ('2012-2013', 'SEM-7', 'Martin Laurent', 'EAO-35');
insert into notes_details values ('2012-2013', 'SEM-7', 'Martin Laurent', 'LCI-3', 11.32, 1.0, 'A', 0, 1);
insert into notes_details values ('2012-2013', 'SEM-7', 'Martin Laurent', 'LCI-3', 11.32, 1.0, 'A', 0, 2);
insert into contentieux values ('2012-2013', 'SEM-7', 'Martin Laurent', 'LCI-3');
insert into notes_details values ('2012-2013', 'SEM-7', 'Martin Laurent', 'MAT-3', 11.32, 1.67, 'A', 0, 1);
insert into notes_details values ('2012-2013', 'SEM-7', 'Martin Laurent', 'MAT-3', 11.32, 3.67, 'A', 3, 2);
insert into notes_details values ('2012-2013', 'SEM-7', 'Martin Laurent', 'MNG-3', 11.32, 1.0, 'A', 0, 1);
insert into notes_details values ('2012-2013', 'SEM-7', 'Martin Laurent', 'MNG-3', 11.32, 1.0, 'A', 0, 2);
insert into contentieux values ('2012-2013', 'SEM-7', 'Martin Laurent', 'MNG-3');
insert into notes_details values ('2012-2013', 'SEM-7', 'Martin Laurent', 'PJT-3', 11.32, 2.33, 'A', 0, 1);
insert into notes_details values ('2012-2013', 'SEM-7', 'Martin Laurent', 'PJT-3', 11.32, 1.33, 'A', 0, 2);
insert into contentieux values ('2012-2013', 'SEM-7', 'Martin Laurent', 'PJT-3');
insert into notes_details values ('2012-2013', 'SEM-7', 'Martin Laurent', 'STD-3', 11.32, 3.0, 'A', 2, 1);
insert into gpa values ('2011-2012', 'SEM-5', 'Martin Laurent', 3.72);
insert into gpa values ('2011-2012', 'SEM-6', 'Martin Laurent', 3.1);
insert into gpa values ('2012-2013', 'SEM-7', 'Martin Laurent', 2.42);
insert into eleves values ('Serge Ronaldo', 1, 'S', 'Tres bien', 'MP', 'MP', 'sronaldo');
insert into notes_details values ('2011-2012', 'SEM-5', 'Serge Ronaldo', 'ALG-1', 11.32, 2.0, 'A', 0, 1);
insert into notes_details values ('2011-2012', 'SEM-5', 'Serge Ronaldo', 'ALG-1', 11.32, 2.67, 'A', 3, 2);
insert into notes_details values ('2011-2012', 'SEM-5', 'Serge Ronaldo', 'DPP-1', 11.32, 2.33, 'A', 0, 1);
insert into notes_details values ('2011-2012', 'SEM-5', 'Serge Ronaldo', 'DPP-1', 11.32, 2.33, 'A', 2, 99);
insert into notes_details values ('2011-2012', 'SEM-5', 'Serge Ronaldo', 'ELE-1', 11.32, 4.0, 'A', 3, 1);
insert into notes_details values ('2011-2012', 'SEM-5', 'Serge Ronaldo', 'INP-1', 11.32, 2.0, 'A', 0, 1);
insert into notes_details values ('2011-2012', 'SEM-5', 'Serge Ronaldo', 'INP-1', 11.32, 2.67, 'A', 3, 2);
insert into notes_details values ('2011-2012', 'SEM-5', 'Serge Ronaldo', 'LCI-1', 11.32, 3.0, 'A', 3, 1);
insert into notes_details values ('2011-2012', 'SEM-5', 'Serge Ronaldo', 'MAT-1', 11.32, 1.67, 'A', 0, 1);
insert into notes_details values ('2011-2012', 'SEM-5', 'Serge Ronaldo', 'MAT-1', 11.32, 4.0, 'A', 3, 2);
insert into notes_details values ('2011-2012', 'SEM-5', 'Serge Ronaldo', 'MGP-1', 11.32, 4.0, 'A', 4, 1);
insert into notes_details values ('2011-2012', 'SEM-5', 'Serge Ronaldo', 'PHO-1', 11.32, 3.0, 'A', 3, 1);
insert into notes_details values ('2011-2012', 'SEM-5', 'Serge Ronaldo', 'PHQ-1', 11.32, 2.67, 'A', 3, 1);
insert into notes_details values ('2011-2012', 'SEM-5', 'Serge Ronaldo', 'SPM-1', 11.32, 1.67, 'A', 0, 1);
insert into notes_details values ('2011-2012', 'SEM-5', 'Serge Ronaldo', 'SPM-1', 11.32, 2.67, 'A', 3, 2);
insert into notes_details values ('2011-2012', 'SEM-6', 'Serge Ronaldo', 'DPP-2', 11.32, 2.0, 'A', 0, 1);
insert into notes_details values ('2011-2012', 'SEM-6', 'Serge Ronaldo', 'DPP-2', 11.32, 2.0, 'A', 1, 99);
insert into notes_details values ('2011-2012', 'SEM-6', 'Serge Ronaldo', 'EAO-2', 11.32, 2.33, 'A', 0, 1);
insert into notes_details values ('2011-2012', 'SEM-6', 'Serge Ronaldo', 'EAO-2', 11.32, 3.0, 'A', 3, 2);
insert into notes_details values ('2011-2012', 'SEM-6', 'Serge Ronaldo', 'ECO-2', 11.32, 4.0, 'A', 3, 1);
insert into notes_details values ('2011-2012', 'SEM-6', 'Serge Ronaldo', 'LCI-2', 11.32, 3.67, 'A', 3, 1);
insert into notes_details values ('2011-2012', 'SEM-6', 'Serge Ronaldo', 'MAT-2', 11.32, 1.67, 'A', 0, 1);
insert into notes_details values ('2011-2012', 'SEM-6', 'Serge Ronaldo', 'MAT-2', 11.32, 3.0, 'A', 2, 2);
insert into notes_details values ('2011-2012', 'SEM-6', 'Serge Ronaldo', 'MCO-2', 11.32, 1.67, 'A', 0, 1);
insert into notes_details values ('2011-2012', 'SEM-6', 'Serge Ronaldo', 'MCO-2', 11.32, 3.33, 'A', 2, 2);
insert into notes_details values ('2011-2012', 'SEM-6', 'Serge Ronaldo', 'MGP-2', 11.32, 3.0, 'A', 4, 1);
insert into notes_details values ('2011-2012', 'SEM-6', 'Serge Ronaldo', 'PHS-2', 11.32, 2.0, 'A', 0, 1);
insert into notes_details values ('2011-2012', 'SEM-6', 'Serge Ronaldo', 'PHS-2', 11.32, 2.67, 'A', 2, 2);
insert into notes_details values ('2011-2012', 'SEM-6', 'Serge Ronaldo', 'PJT-2', 11.32, 3.0, 'A', 1, 1);
insert into notes_details values ('2011-2012', 'SEM-6', 'Serge Ronaldo', 'RMS-2', 11.32, 3.67, 'A', 4, 1);
insert into notes_details values ('2011-2012', 'SEM-6', 'Serge Ronaldo', 'STG-2', 11.32, 4.0, 'A', 2, 1);
insert into notes_details values ('2011-2012', 'SEM-6', 'Serge Ronaldo', 'THS-2', 11.32, 4.0, 'A', 3, 1);
insert into notes_details values ('2012-2013', 'SEM-7', 'Serge Ronaldo', 'ASL-3', 11.32, 2.33, 'A', 0, 1);
insert into notes_details values ('2012-2013', 'SEM-7', 'Serge Ronaldo', 'ASL-3', 11.32, 3.0, 'A', 2, 2);
insert into notes_details values ('2012-2013', 'SEM-7', 'Serge Ronaldo', 'DPP-3', 11.32, 3.0, 'A', 2, 1);
insert into notes_details values ('2012-2013', 'SEM-7', 'Serge Ronaldo', 'EAO-31', 11.32, 2.67, 'A', 2, 1);
insert into notes_details values ('2012-2013', 'SEM-7', 'Serge Ronaldo', 'EAO-32', 11.32, 2.0, 'A', 0, 1);
insert into notes_details values ('2012-2013', 'SEM-7', 'Serge Ronaldo', 'EAO-32', 11.32, 1.67, 'A', 0, 2);
insert into contentieux values ('2012-2013', 'SEM-7', 'Serge Ronaldo', 'EAO-32');
insert into notes_details values ('2012-2013', 'SEM-7', 'Serge Ronaldo', 'EAO-33', 11.32, 2.0, 'A', 0, 1);
insert into notes_details values ('2012-2013', 'SEM-7', 'Serge Ronaldo', 'EAO-33', 11.32, 4.0, 'A', 2, 2);
insert into notes_details values ('2012-2013', 'SEM-7', 'Serge Ronaldo', 'EAO-34', 11.32, 3.0, 'A', 2, 1);
insert into notes_details values ('2012-2013', 'SEM-7', 'Serge Ronaldo', 'EAO-35', 11.32, 3.67, 'A', 2, 1);
insert into notes_details values ('2012-2013', 'SEM-7', 'Serge Ronaldo', 'LCI-3', 11.32, 1.33, 'A', 0, 1);
insert into notes_details values ('2012-2013', 'SEM-7', 'Serge Ronaldo', 'LCI-3', 11.32, 1.33, 'A', 0, 2);
insert into contentieux values ('2012-2013', 'SEM-7', 'Serge Ronaldo', 'LCI-3');
insert into notes_details values ('2012-2013', 'SEM-7', 'Serge Ronaldo', 'MAT-3', 11.32, 2.33, 'A', 0, 1);
insert into notes_details values ('2012-2013', 'SEM-7', 'Serge Ronaldo', 'MAT-3', 11.32, 4.0, 'A', 3, 2);
insert into notes_details values ('2012-2013', 'SEM-7', 'Serge Ronaldo', 'MNG-3', 11.32, 1.0, 'A', 0, 1);
insert into notes_details values ('2012-2013', 'SEM-7', 'Serge Ronaldo', 'MNG-3', 11.32, 1.0, 'A', 0, 2);
insert into contentieux values ('2012-2013', 'SEM-7', 'Serge Ronaldo', 'MNG-3');
insert into notes_details values ('2012-2013', 'SEM-7', 'Serge Ronaldo', 'PJT-3', 11.32, 2.0, 'A', 0, 1);
insert into notes_details values ('2012-2013', 'SEM-7', 'Serge Ronaldo', 'PJT-3', 11.32, 3.0, 'A', 5, 2);
insert into notes_details values ('2012-2013', 'SEM-7', 'Serge Ronaldo', 'STD-3', 11.32, 1.67, 'A', 0, 1);
insert into notes_details values ('2012-2013', 'SEM-7', 'Serge Ronaldo', 'STD-3', 11.32, 3.67, 'A', 2, 2);
insert into gpa values ('2011-2012', 'SEM-5', 'Serge Ronaldo', 3.93);
insert into gpa values ('2011-2012', 'SEM-6', 'Serge Ronaldo', 2.28);
insert into gpa values ('2012-2013', 'SEM-7', 'Serge Ronaldo', 3.93);
insert into eleves values ('Theodore Teague', 1, 'S', 'Tres bien', 'MP', 'MP', 'tteague');
insert into notes_details values ('2011-2012', 'SEM-5', 'Theodore Teague', 'ALG-1', 11.32, 3.0, 'A', 3, 1);
insert into notes_details values ('2011-2012', 'SEM-5', 'Theodore Teague', 'DPP-1', 11.32, 1.0, 'A', 0, 1);
insert into notes_details values ('2011-2012', 'SEM-5', 'Theodore Teague', 'DPP-1', 11.32, 3.67, 'A', 2, 2);
insert into notes_details values ('2011-2012', 'SEM-5', 'Theodore Teague', 'ELE-1', 11.32, 4.0, 'A', 3, 1);
insert into notes_details values ('2011-2012', 'SEM-5', 'Theodore Teague', 'INP-1', 11.32, 1.33, 'A', 0, 1);
insert into notes_details values ('2011-2012', 'SEM-5', 'Theodore Teague', 'INP-1', 11.32, 4.0, 'A', 3, 2);
insert into notes_details values ('2011-2012', 'SEM-5', 'Theodore Teague', 'LCI-1', 11.32, 1.67, 'A', 0, 1);
insert into notes_details values ('2011-2012', 'SEM-5', 'Theodore Teague', 'LCI-1', 11.32, 4.0, 'A', 3, 2);
insert into notes_details values ('2011-2012', 'SEM-5', 'Theodore Teague', 'MAT-1', 11.32, 2.33, 'A', 0, 1);
insert into notes_details values ('2011-2012', 'SEM-5', 'Theodore Teague', 'MAT-1', 11.32, 4.0, 'A', 3, 2);
insert into notes_details values ('2011-2012', 'SEM-5', 'Theodore Teague', 'MGP-1', 11.32, 1.67, 'A', 0, 1);
insert into notes_details values ('2011-2012', 'SEM-5', 'Theodore Teague', 'MGP-1', 11.32, 3.0, 'A', 4, 2);
insert into notes_details values ('2011-2012', 'SEM-5', 'Theodore Teague', 'PHO-1', 11.32, 1.0, 'A', 0, 1);
insert into notes_details values ('2011-2012', 'SEM-5', 'Theodore Teague', 'PHO-1', 11.32, 1.33, 'A', 3, 99);
insert into notes_details values ('2011-2012', 'SEM-5', 'Theodore Teague', 'PHQ-1', 11.32, 1.33, 'A', 0, 1);
insert into notes_details values ('2011-2012', 'SEM-5', 'Theodore Teague', 'PHQ-1', 11.32, 4.0, 'A', 3, 2);
insert into notes_details values ('2011-2012', 'SEM-5', 'Theodore Teague', 'SPM-1', 11.32, 1.67, 'A', 0, 1);
insert into notes_details values ('2011-2012', 'SEM-5', 'Theodore Teague', 'SPM-1', 11.32, 4.0, 'A', 3, 2);
insert into notes_details values ('2011-2012', 'SEM-6', 'Theodore Teague', 'DPP-2', 11.32, 1.0, 'A', 0, 1);
insert into notes_details values ('2011-2012', 'SEM-6', 'Theodore Teague', 'DPP-2', 11.32, 3.33, 'A', 1, 2);
insert into notes_details values ('2011-2012', 'SEM-6', 'Theodore Teague', 'EAO-2', 11.32, 2.0, 'A', 0, 1);
insert into notes_details values ('2011-2012', 'SEM-6', 'Theodore Teague', 'EAO-2', 11.32, 2.33, 'A', 3, 99);
insert into notes_details values ('2011-2012', 'SEM-6', 'Theodore Teague', 'ECO-2', 11.32, 2.67, 'A', 3, 1);
insert into notes_details values ('2011-2012', 'SEM-6', 'Theodore Teague', 'LCI-2', 11.32, 3.33, 'A', 3, 1);
insert into notes_details values ('2011-2012', 'SEM-6', 'Theodore Teague', 'MAT-2', 11.32, 3.67, 'A', 2, 1);
insert into notes_details values ('2011-2012', 'SEM-6', 'Theodore Teague', 'MCO-2', 11.32, 3.33, 'A', 2, 1);
insert into notes_details values ('2011-2012', 'SEM-6', 'Theodore Teague', 'MGP-2', 11.32, 3.67, 'A', 4, 1);
insert into notes_details values ('2011-2012', 'SEM-6', 'Theodore Teague', 'PHS-2', 11.32, 1.33, 'A', 0, 1);
insert into notes_details values ('2011-2012', 'SEM-6', 'Theodore Teague', 'PHS-2', 11.32, 3.33, 'A', 2, 2);
insert into notes_details values ('2011-2012', 'SEM-6', 'Theodore Teague', 'PJT-2', 11.32, 2.67, 'A', 1, 1);
insert into notes_details values ('2011-2012', 'SEM-6', 'Theodore Teague', 'RMS-2', 11.32, 3.33, 'A', 4, 1);
insert into notes_details values ('2011-2012', 'SEM-6', 'Theodore Teague', 'STG-2', 11.32, 3.0, 'A', 2, 1);
insert into notes_details values ('2011-2012', 'SEM-6', 'Theodore Teague', 'THS-2', 11.32, 2.33, 'A', 0, 1);
insert into notes_details values ('2011-2012', 'SEM-6', 'Theodore Teague', 'THS-2', 11.32, 2.33, 'A', 3, 99);
insert into notes_details values ('2012-2013', 'SEM-7', 'Theodore Teague', 'ASL-3', 11.32, 2.33, 'A', 0, 1);
insert into notes_details values ('2012-2013', 'SEM-7', 'Theodore Teague', 'ASL-3', 11.32, 2.33, 'A', 0, 2);
insert into contentieux values ('2012-2013', 'SEM-7', 'Theodore Teague', 'ASL-3');
insert into notes_details values ('2012-2013', 'SEM-7', 'Theodore Teague', 'DPP-3', 11.32, 2.0, 'A', 0, 1);
insert into notes_details values ('2012-2013', 'SEM-7', 'Theodore Teague', 'DPP-3', 11.32, 3.33, 'A', 2, 2);
insert into notes_details values ('2012-2013', 'SEM-7', 'Theodore Teague', 'EAO-31', 11.32, 2.33, 'A', 0, 1);
insert into notes_details values ('2012-2013', 'SEM-7', 'Theodore Teague', 'EAO-31', 11.32, 4.0, 'A', 2, 2);
insert into notes_details values ('2012-2013', 'SEM-7', 'Theodore Teague', 'EAO-32', 11.32, 2.67, 'A', 2, 1);
insert into notes_details values ('2012-2013', 'SEM-7', 'Theodore Teague', 'EAO-33', 11.32, 1.33, 'A', 0, 1);
insert into notes_details values ('2012-2013', 'SEM-7', 'Theodore Teague', 'EAO-33', 11.32, 2.0, 'A', 2, 99);
insert into notes_details values ('2012-2013', 'SEM-7', 'Theodore Teague', 'EAO-34', 11.32, 2.33, 'A', 0, 1);
insert into notes_details values ('2012-2013', 'SEM-7', 'Theodore Teague', 'EAO-34', 11.32, 1.67, 'A', 0, 2);
insert into contentieux values ('2012-2013', 'SEM-7', 'Theodore Teague', 'EAO-34');
insert into notes_details values ('2012-2013', 'SEM-7', 'Theodore Teague', 'EAO-35', 11.32, 3.67, 'A', 2, 1);
insert into notes_details values ('2012-2013', 'SEM-7', 'Theodore Teague', 'LCI-3', 11.32, 1.33, 'A', 0, 1);
insert into notes_details values ('2012-2013', 'SEM-7', 'Theodore Teague', 'LCI-3', 11.32, 3.33, 'A', 3, 2);
insert into notes_details values ('2012-2013', 'SEM-7', 'Theodore Teague', 'MAT-3', 11.32, 1.67, 'A', 0, 1);
insert into notes_details values ('2012-2013', 'SEM-7', 'Theodore Teague', 'MAT-3', 11.32, 2.0, 'A', 3, 99);
insert into notes_details values ('2012-2013', 'SEM-7', 'Theodore Teague', 'MNG-3', 11.32, 4.0, 'A', 3, 1);
insert into notes_details values ('2012-2013', 'SEM-7', 'Theodore Teague', 'PJT-3', 11.32, 1.33, 'A', 0, 1);
insert into notes_details values ('2012-2013', 'SEM-7', 'Theodore Teague', 'PJT-3', 11.32, 1.67, 'A', 0, 2);
insert into contentieux values ('2012-2013', 'SEM-7', 'Theodore Teague', 'PJT-3');
insert into notes_details values ('2012-2013', 'SEM-7', 'Theodore Teague', 'STD-3', 11.32, 1.67, 'A', 0, 1);
insert into notes_details values ('2012-2013', 'SEM-7', 'Theodore Teague', 'STD-3', 11.32, 4.0, 'A', 2, 2);
insert into gpa values ('2011-2012', 'SEM-5', 'Theodore Teague', 3.91);
insert into gpa values ('2011-2012', 'SEM-6', 'Theodore Teague', 2.82);
insert into gpa values ('2012-2013', 'SEM-7', 'Theodore Teague', 3.62);
insert into eleves values ('Cyrille Thuram', 1, 'S', 'Tres bien', 'MP', 'MP', 'cthuram');
insert into notes_details values ('2011-2012', 'SEM-5', 'Cyrille Thuram', 'ALG-1', 11.32, 1.0, 'A', 0, 1);
insert into notes_details values ('2011-2012', 'SEM-5', 'Cyrille Thuram', 'ALG-1', 11.32, 3.67, 'A', 3, 2);
insert into notes_details values ('2011-2012', 'SEM-5', 'Cyrille Thuram', 'DPP-1', 11.32, 1.67, 'A', 0, 1);
insert into notes_details values ('2011-2012', 'SEM-5', 'Cyrille Thuram', 'DPP-1', 11.32, 3.0, 'A', 2, 2);
insert into notes_details values ('2011-2012', 'SEM-5', 'Cyrille Thuram', 'ELE-1', 11.32, 4.0, 'A', 3, 1);
insert into notes_details values ('2011-2012', 'SEM-5', 'Cyrille Thuram', 'INP-1', 11.32, 1.67, 'A', 0, 1);
insert into notes_details values ('2011-2012', 'SEM-5', 'Cyrille Thuram', 'INP-1', 11.32, 2.67, 'A', 3, 2);
insert into notes_details values ('2011-2012', 'SEM-5', 'Cyrille Thuram', 'LCI-1', 11.32, 3.67, 'A', 3, 1);
insert into notes_details values ('2011-2012', 'SEM-5', 'Cyrille Thuram', 'MAT-1', 11.32, 3.0, 'A', 3, 1);
insert into notes_details values ('2011-2012', 'SEM-5', 'Cyrille Thuram', 'MGP-1', 11.32, 3.67, 'A', 4, 1);
insert into notes_details values ('2011-2012', 'SEM-5', 'Cyrille Thuram', 'PHO-1', 11.32, 2.33, 'A', 0, 1);
insert into notes_details values ('2011-2012', 'SEM-5', 'Cyrille Thuram', 'PHO-1', 11.32, 3.67, 'A', 3, 2);
insert into notes_details values ('2011-2012', 'SEM-5', 'Cyrille Thuram', 'PHQ-1', 11.32, 1.67, 'A', 0, 1);
insert into notes_details values ('2011-2012', 'SEM-5', 'Cyrille Thuram', 'PHQ-1', 11.32, 3.33, 'A', 3, 2);
insert into notes_details values ('2011-2012', 'SEM-5', 'Cyrille Thuram', 'SPM-1', 11.32, 3.33, 'A', 3, 1);
insert into notes_details values ('2011-2012', 'SEM-6', 'Cyrille Thuram', 'DPP-2', 11.32, 3.0, 'A', 1, 1);
insert into notes_details values ('2011-2012', 'SEM-6', 'Cyrille Thuram', 'EAO-2', 11.32, 1.0, 'A', 0, 1);
insert into notes_details values ('2011-2012', 'SEM-6', 'Cyrille Thuram', 'EAO-2', 11.32, 2.33, 'A', 3, 99);
insert into notes_details values ('2011-2012', 'SEM-6', 'Cyrille Thuram', 'ECO-2', 11.32, 3.33, 'A', 3, 1);
insert into notes_details values ('2011-2012', 'SEM-6', 'Cyrille Thuram', 'LCI-2', 11.32, 3.33, 'A', 3, 1);
insert into notes_details values ('2011-2012', 'SEM-6', 'Cyrille Thuram', 'MAT-2', 11.32, 4.0, 'A', 2, 1);
insert into notes_details values ('2011-2012', 'SEM-6', 'Cyrille Thuram', 'MCO-2', 11.32, 2.33, 'A', 0, 1);
insert into notes_details values ('2011-2012', 'SEM-6', 'Cyrille Thuram', 'MCO-2', 11.32, 3.33, 'A', 2, 2);
insert into notes_details values ('2011-2012', 'SEM-6', 'Cyrille Thuram', 'MGP-2', 11.32, 1.33, 'A', 0, 1);
insert into notes_details values ('2011-2012', 'SEM-6', 'Cyrille Thuram', 'MGP-2', 11.32, 3.33, 'A', 4, 2);
insert into notes_details values ('2011-2012', 'SEM-6', 'Cyrille Thuram', 'PHS-2', 11.32, 3.67, 'A', 2, 1);
insert into notes_details values ('2011-2012', 'SEM-6', 'Cyrille Thuram', 'PJT-2', 11.32, 1.33, 'A', 0, 1);
insert into notes_details values ('2011-2012', 'SEM-6', 'Cyrille Thuram', 'PJT-2', 11.32, 3.33, 'A', 1, 2);
insert into notes_details values ('2011-2012', 'SEM-6', 'Cyrille Thuram', 'RMS-2', 11.32, 1.33, 'A', 0, 1);
insert into notes_details values ('2011-2012', 'SEM-6', 'Cyrille Thuram', 'RMS-2', 11.32, 3.67, 'A', 4, 2);
insert into notes_details values ('2011-2012', 'SEM-6', 'Cyrille Thuram', 'STG-2', 11.32, 3.0, 'A', 2, 1);
insert into notes_details values ('2011-2012', 'SEM-6', 'Cyrille Thuram', 'THS-2', 11.32, 2.33, 'A', 0, 1);
insert into notes_details values ('2011-2012', 'SEM-6', 'Cyrille Thuram', 'THS-2', 11.32, 2.67, 'A', 3, 2);
insert into notes_details values ('2012-2013', 'SEM-7', 'Cyrille Thuram', 'ASL-3', 11.32, 3.33, 'A', 2, 1);
insert into notes_details values ('2012-2013', 'SEM-7', 'Cyrille Thuram', 'DPP-3', 11.32, 2.0, 'A', 0, 1);
insert into notes_details values ('2012-2013', 'SEM-7', 'Cyrille Thuram', 'DPP-3', 11.32, 1.33, 'A', 0, 2);
insert into contentieux values ('2012-2013', 'SEM-7', 'Cyrille Thuram', 'DPP-3');
insert into notes_details values ('2012-2013', 'SEM-7', 'Cyrille Thuram', 'EAO-31', 11.32, 4.0, 'A', 2, 1);
insert into notes_details values ('2012-2013', 'SEM-7', 'Cyrille Thuram', 'EAO-32', 11.32, 3.0, 'A', 2, 1);
insert into notes_details values ('2012-2013', 'SEM-7', 'Cyrille Thuram', 'EAO-33', 11.32, 1.67, 'A', 0, 1);
insert into notes_details values ('2012-2013', 'SEM-7', 'Cyrille Thuram', 'EAO-33', 11.32, 1.33, 'A', 2, 99);
insert into notes_details values ('2012-2013', 'SEM-7', 'Cyrille Thuram', 'EAO-34', 11.32, 1.33, 'A', 0, 1);
insert into notes_details values ('2012-2013', 'SEM-7', 'Cyrille Thuram', 'EAO-34', 11.32, 1.33, 'A', 0, 2);
insert into contentieux values ('2012-2013', 'SEM-7', 'Cyrille Thuram', 'EAO-34');
insert into notes_details values ('2012-2013', 'SEM-7', 'Cyrille Thuram', 'EAO-35', 11.32, 1.0, 'A', 0, 1);
insert into notes_details values ('2012-2013', 'SEM-7', 'Cyrille Thuram', 'EAO-35', 11.32, 1.33, 'A', 0, 2);
insert into contentieux values ('2012-2013', 'SEM-7', 'Cyrille Thuram', 'EAO-35');
insert into notes_details values ('2012-2013', 'SEM-7', 'Cyrille Thuram', 'LCI-3', 11.32, 2.0, 'A', 0, 1);
insert into notes_details values ('2012-2013', 'SEM-7', 'Cyrille Thuram', 'LCI-3', 11.32, 2.0, 'A', 0, 2);
insert into contentieux values ('2012-2013', 'SEM-7', 'Cyrille Thuram', 'LCI-3');
insert into notes_details values ('2012-2013', 'SEM-7', 'Cyrille Thuram', 'MAT-3', 11.32, 2.0, 'A', 0, 1);
insert into notes_details values ('2012-2013', 'SEM-7', 'Cyrille Thuram', 'MAT-3', 11.32, 3.67, 'A', 3, 2);
insert into notes_details values ('2012-2013', 'SEM-7', 'Cyrille Thuram', 'MNG-3', 11.32, 1.33, 'A', 0, 1);
insert into notes_details values ('2012-2013', 'SEM-7', 'Cyrille Thuram', 'MNG-3', 11.32, 1.67, 'A', 3, 99);
insert into notes_details values ('2012-2013', 'SEM-7', 'Cyrille Thuram', 'PJT-3', 11.32, 1.0, 'A', 0, 1);
insert into notes_details values ('2012-2013', 'SEM-7', 'Cyrille Thuram', 'PJT-3', 11.32, 1.33, 'A', 0, 2);
insert into contentieux values ('2012-2013', 'SEM-7', 'Cyrille Thuram', 'PJT-3');
insert into notes_details values ('2012-2013', 'SEM-7', 'Cyrille Thuram', 'STD-3', 11.32, 3.0, 'A', 2, 1);
insert into gpa values ('2011-2012', 'SEM-5', 'Cyrille Thuram', 3.3);
insert into gpa values ('2011-2012', 'SEM-6', 'Cyrille Thuram', 3.09);
insert into gpa values ('2012-2013', 'SEM-7', 'Cyrille Thuram', 3.42);
insert into eleves values ('Gaetan Dessailly', 1, 'S', 'Tres bien', 'MP', 'MP', 'gdessailly');
insert into notes_details values ('2011-2012', 'SEM-5', 'Gaetan Dessailly', 'ALG-1', 11.32, 1.33, 'A', 0, 1);
insert into notes_details values ('2011-2012', 'SEM-5', 'Gaetan Dessailly', 'ALG-1', 11.32, 2.33, 'A', 3, 99);
insert into notes_details values ('2011-2012', 'SEM-5', 'Gaetan Dessailly', 'DPP-1', 11.32, 2.0, 'A', 0, 1);
insert into notes_details values ('2011-2012', 'SEM-5', 'Gaetan Dessailly', 'DPP-1', 11.32, 3.33, 'A', 2, 2);
insert into notes_details values ('2011-2012', 'SEM-5', 'Gaetan Dessailly', 'ELE-1', 11.32, 1.33, 'A', 0, 1);
insert into notes_details values ('2011-2012', 'SEM-5', 'Gaetan Dessailly', 'ELE-1', 11.32, 3.33, 'A', 3, 2);
insert into notes_details values ('2011-2012', 'SEM-5', 'Gaetan Dessailly', 'INP-1', 11.32, 1.33, 'A', 0, 1);
insert into notes_details values ('2011-2012', 'SEM-5', 'Gaetan Dessailly', 'INP-1', 11.32, 2.67, 'A', 3, 2);
insert into notes_details values ('2011-2012', 'SEM-5', 'Gaetan Dessailly', 'LCI-1', 11.32, 1.33, 'A', 0, 1);
insert into notes_details values ('2011-2012', 'SEM-5', 'Gaetan Dessailly', 'LCI-1', 11.32, 2.0, 'A', 3, 99);
insert into notes_details values ('2011-2012', 'SEM-5', 'Gaetan Dessailly', 'MAT-1', 11.32, 1.0, 'A', 0, 1);
insert into notes_details values ('2011-2012', 'SEM-5', 'Gaetan Dessailly', 'MAT-1', 11.32, 4.0, 'A', 3, 2);
insert into notes_details values ('2011-2012', 'SEM-5', 'Gaetan Dessailly', 'MGP-1', 11.32, 1.67, 'A', 0, 1);
insert into notes_details values ('2011-2012', 'SEM-5', 'Gaetan Dessailly', 'MGP-1', 11.32, 3.0, 'A', 4, 2);
insert into notes_details values ('2011-2012', 'SEM-5', 'Gaetan Dessailly', 'PHO-1', 11.32, 3.67, 'A', 3, 1);
insert into notes_details values ('2011-2012', 'SEM-5', 'Gaetan Dessailly', 'PHQ-1', 11.32, 2.33, 'A', 0, 1);
insert into notes_details values ('2011-2012', 'SEM-5', 'Gaetan Dessailly', 'PHQ-1', 11.32, 3.0, 'A', 3, 2);
insert into notes_details values ('2011-2012', 'SEM-5', 'Gaetan Dessailly', 'SPM-1', 11.32, 3.67, 'A', 3, 1);
insert into notes_details values ('2011-2012', 'SEM-6', 'Gaetan Dessailly', 'DPP-2', 11.32, 2.0, 'A', 0, 1);
insert into notes_details values ('2011-2012', 'SEM-6', 'Gaetan Dessailly', 'DPP-2', 11.32, 2.67, 'A', 1, 2);
insert into notes_details values ('2011-2012', 'SEM-6', 'Gaetan Dessailly', 'EAO-2', 11.32, 1.0, 'A', 0, 1);
insert into notes_details values ('2011-2012', 'SEM-6', 'Gaetan Dessailly', 'EAO-2', 11.32, 3.0, 'A', 3, 2);
insert into notes_details values ('2011-2012', 'SEM-6', 'Gaetan Dessailly', 'ECO-2', 11.32, 3.33, 'A', 3, 1);
insert into notes_details values ('2011-2012', 'SEM-6', 'Gaetan Dessailly', 'LCI-2', 11.32, 3.0, 'A', 3, 1);
insert into notes_details values ('2011-2012', 'SEM-6', 'Gaetan Dessailly', 'MAT-2', 11.32, 2.0, 'A', 0, 1);
insert into notes_details values ('2011-2012', 'SEM-6', 'Gaetan Dessailly', 'MAT-2', 11.32, 3.33, 'A', 2, 2);
insert into notes_details values ('2011-2012', 'SEM-6', 'Gaetan Dessailly', 'MCO-2', 11.32, 3.33, 'A', 2, 1);
insert into notes_details values ('2011-2012', 'SEM-6', 'Gaetan Dessailly', 'MGP-2', 11.32, 2.0, 'A', 0, 1);
insert into notes_details values ('2011-2012', 'SEM-6', 'Gaetan Dessailly', 'MGP-2', 11.32, 2.0, 'A', 4, 99);
insert into notes_details values ('2011-2012', 'SEM-6', 'Gaetan Dessailly', 'PHS-2', 11.32, 2.67, 'A', 2, 1);
insert into notes_details values ('2011-2012', 'SEM-6', 'Gaetan Dessailly', 'PJT-2', 11.32, 3.67, 'A', 1, 1);
insert into notes_details values ('2011-2012', 'SEM-6', 'Gaetan Dessailly', 'RMS-2', 11.32, 2.33, 'A', 0, 1);
insert into notes_details values ('2011-2012', 'SEM-6', 'Gaetan Dessailly', 'RMS-2', 11.32, 3.67, 'A', 4, 2);
insert into notes_details values ('2011-2012', 'SEM-6', 'Gaetan Dessailly', 'STG-2', 11.32, 2.33, 'A', 0, 1);
insert into notes_details values ('2011-2012', 'SEM-6', 'Gaetan Dessailly', 'STG-2', 11.32, 2.33, 'A', 2, 99);
insert into notes_details values ('2011-2012', 'SEM-6', 'Gaetan Dessailly', 'THS-2', 11.32, 2.33, 'A', 0, 1);
insert into notes_details values ('2011-2012', 'SEM-6', 'Gaetan Dessailly', 'THS-2', 11.32, 3.67, 'A', 3, 2);
insert into notes_details values ('2012-2013', 'SEM-7', 'Gaetan Dessailly', 'ASL-3', 11.32, 1.0, 'A', 0, 1);
insert into notes_details values ('2012-2013', 'SEM-7', 'Gaetan Dessailly', 'ASL-3', 11.32, 2.67, 'A', 2, 2);
insert into notes_details values ('2012-2013', 'SEM-7', 'Gaetan Dessailly', 'DPP-3', 11.32, 1.67, 'A', 0, 1);
insert into notes_details values ('2012-2013', 'SEM-7', 'Gaetan Dessailly', 'DPP-3', 11.32, 2.0, 'A', 2, 99);
insert into notes_details values ('2012-2013', 'SEM-7', 'Gaetan Dessailly', 'EAO-31', 11.32, 4.0, 'A', 2, 1);
insert into notes_details values ('2012-2013', 'SEM-7', 'Gaetan Dessailly', 'EAO-32', 11.32, 3.0, 'A', 2, 1);
insert into notes_details values ('2012-2013', 'SEM-7', 'Gaetan Dessailly', 'EAO-33', 11.32, 1.67, 'A', 0, 1);
insert into notes_details values ('2012-2013', 'SEM-7', 'Gaetan Dessailly', 'EAO-33', 11.32, 3.0, 'A', 2, 2);
insert into notes_details values ('2012-2013', 'SEM-7', 'Gaetan Dessailly', 'EAO-34', 11.32, 2.33, 'A', 0, 1);
insert into notes_details values ('2012-2013', 'SEM-7', 'Gaetan Dessailly', 'EAO-34', 11.32, 3.0, 'A', 2, 2);
insert into notes_details values ('2012-2013', 'SEM-7', 'Gaetan Dessailly', 'EAO-35', 11.32, 2.33, 'A', 0, 1);
insert into notes_details values ('2012-2013', 'SEM-7', 'Gaetan Dessailly', 'EAO-35', 11.32, 4.0, 'A', 2, 2);
insert into notes_details values ('2012-2013', 'SEM-7', 'Gaetan Dessailly', 'LCI-3', 11.32, 2.0, 'A', 0, 1);
insert into notes_details values ('2012-2013', 'SEM-7', 'Gaetan Dessailly', 'LCI-3', 11.32, 1.33, 'A', 0, 2);
insert into contentieux values ('2012-2013', 'SEM-7', 'Gaetan Dessailly', 'LCI-3');
insert into notes_details values ('2012-2013', 'SEM-7', 'Gaetan Dessailly', 'MAT-3', 11.32, 2.0, 'A', 0, 1);
insert into notes_details values ('2012-2013', 'SEM-7', 'Gaetan Dessailly', 'MAT-3', 11.32, 1.33, 'A', 3, 99);
insert into notes_details values ('2012-2013', 'SEM-7', 'Gaetan Dessailly', 'MNG-3', 11.32, 2.0, 'A', 0, 1);
insert into notes_details values ('2012-2013', 'SEM-7', 'Gaetan Dessailly', 'MNG-3', 11.32, 1.33, 'A', 3, 99);
insert into notes_details values ('2012-2013', 'SEM-7', 'Gaetan Dessailly', 'PJT-3', 11.32, 2.67, 'A', 5, 1);
insert into notes_details values ('2012-2013', 'SEM-7', 'Gaetan Dessailly', 'STD-3', 11.32, 3.0, 'A', 2, 1);
insert into gpa values ('2011-2012', 'SEM-5', 'Gaetan Dessailly', 3.43);
insert into gpa values ('2011-2012', 'SEM-6', 'Gaetan Dessailly', 3.56);
insert into gpa values ('2012-2013', 'SEM-7', 'Gaetan Dessailly', 2.89);
insert into eleves values ('Zlatan Djorkaeff', 1, 'S', 'Tres bien', 'MP', 'MP', 'zdjorkaeff');
insert into notes_details values ('2011-2012', 'SEM-5', 'Zlatan Djorkaeff', 'ALG-1', 11.32, 3.33, 'A', 3, 1);
insert into notes_details values ('2011-2012', 'SEM-5', 'Zlatan Djorkaeff', 'DPP-1', 11.32, 3.67, 'A', 2, 1);
insert into notes_details values ('2011-2012', 'SEM-5', 'Zlatan Djorkaeff', 'ELE-1', 11.32, 1.33, 'A', 0, 1);
insert into notes_details values ('2011-2012', 'SEM-5', 'Zlatan Djorkaeff', 'ELE-1', 11.32, 3.33, 'A', 3, 2);
insert into notes_details values ('2011-2012', 'SEM-5', 'Zlatan Djorkaeff', 'INP-1', 11.32, 3.0, 'A', 3, 1);
insert into notes_details values ('2011-2012', 'SEM-5', 'Zlatan Djorkaeff', 'LCI-1', 11.32, 4.0, 'A', 3, 1);
insert into notes_details values ('2011-2012', 'SEM-5', 'Zlatan Djorkaeff', 'MAT-1', 11.32, 4.0, 'A', 3, 1);
insert into notes_details values ('2011-2012', 'SEM-5', 'Zlatan Djorkaeff', 'MGP-1', 11.32, 1.33, 'A', 0, 1);
insert into notes_details values ('2011-2012', 'SEM-5', 'Zlatan Djorkaeff', 'MGP-1', 11.32, 3.0, 'A', 4, 2);
insert into notes_details values ('2011-2012', 'SEM-5', 'Zlatan Djorkaeff', 'PHO-1', 11.32, 1.33, 'A', 0, 1);
insert into notes_details values ('2011-2012', 'SEM-5', 'Zlatan Djorkaeff', 'PHO-1', 11.32, 1.33, 'A', 3, 99);
insert into notes_details values ('2011-2012', 'SEM-5', 'Zlatan Djorkaeff', 'PHQ-1', 11.32, 1.33, 'A', 0, 1);
insert into notes_details values ('2011-2012', 'SEM-5', 'Zlatan Djorkaeff', 'PHQ-1', 11.32, 3.0, 'A', 3, 2);
insert into notes_details values ('2011-2012', 'SEM-5', 'Zlatan Djorkaeff', 'SPM-1', 11.32, 2.33, 'A', 0, 1);
insert into notes_details values ('2011-2012', 'SEM-5', 'Zlatan Djorkaeff', 'SPM-1', 11.32, 3.67, 'A', 3, 2);
insert into notes_details values ('2011-2012', 'SEM-6', 'Zlatan Djorkaeff', 'DPP-2', 11.32, 1.33, 'A', 0, 1);
insert into notes_details values ('2011-2012', 'SEM-6', 'Zlatan Djorkaeff', 'DPP-2', 11.32, 3.67, 'A', 1, 2);
insert into notes_details values ('2011-2012', 'SEM-6', 'Zlatan Djorkaeff', 'EAO-2', 11.32, 2.67, 'A', 3, 1);
insert into notes_details values ('2011-2012', 'SEM-6', 'Zlatan Djorkaeff', 'ECO-2', 11.32, 2.0, 'A', 0, 1);
insert into notes_details values ('2011-2012', 'SEM-6', 'Zlatan Djorkaeff', 'ECO-2', 11.32, 3.67, 'A', 3, 2);
insert into notes_details values ('2011-2012', 'SEM-6', 'Zlatan Djorkaeff', 'LCI-2', 11.32, 4.0, 'A', 3, 1);
insert into notes_details values ('2011-2012', 'SEM-6', 'Zlatan Djorkaeff', 'MAT-2', 11.32, 4.0, 'A', 2, 1);
insert into notes_details values ('2011-2012', 'SEM-6', 'Zlatan Djorkaeff', 'MCO-2', 11.32, 1.33, 'A', 0, 1);
insert into notes_details values ('2011-2012', 'SEM-6', 'Zlatan Djorkaeff', 'MCO-2', 11.32, 3.67, 'A', 2, 2);
insert into notes_details values ('2011-2012', 'SEM-6', 'Zlatan Djorkaeff', 'MGP-2', 11.32, 2.33, 'A', 0, 1);
insert into notes_details values ('2011-2012', 'SEM-6', 'Zlatan Djorkaeff', 'MGP-2', 11.32, 3.0, 'A', 4, 2);
insert into notes_details values ('2011-2012', 'SEM-6', 'Zlatan Djorkaeff', 'PHS-2', 11.32, 2.67, 'A', 2, 1);
insert into notes_details values ('2011-2012', 'SEM-6', 'Zlatan Djorkaeff', 'PJT-2', 11.32, 4.0, 'A', 1, 1);
insert into notes_details values ('2011-2012', 'SEM-6', 'Zlatan Djorkaeff', 'RMS-2', 11.32, 1.33, 'A', 0, 1);
insert into notes_details values ('2011-2012', 'SEM-6', 'Zlatan Djorkaeff', 'RMS-2', 11.32, 3.33, 'A', 4, 2);
insert into notes_details values ('2011-2012', 'SEM-6', 'Zlatan Djorkaeff', 'STG-2', 11.32, 3.0, 'A', 2, 1);
insert into notes_details values ('2011-2012', 'SEM-6', 'Zlatan Djorkaeff', 'THS-2', 11.32, 4.0, 'A', 3, 1);
insert into notes_details values ('2012-2013', 'SEM-7', 'Zlatan Djorkaeff', 'ASL-3', 11.32, 2.33, 'A', 0, 1);
insert into notes_details values ('2012-2013', 'SEM-7', 'Zlatan Djorkaeff', 'ASL-3', 11.32, 3.67, 'A', 2, 2);
insert into notes_details values ('2012-2013', 'SEM-7', 'Zlatan Djorkaeff', 'DPP-3', 11.32, 2.67, 'A', 2, 1);
insert into notes_details values ('2012-2013', 'SEM-7', 'Zlatan Djorkaeff', 'EAO-31', 11.32, 1.0, 'A', 0, 1);
insert into notes_details values ('2012-2013', 'SEM-7', 'Zlatan Djorkaeff', 'EAO-31', 11.32, 2.33, 'A', 0, 2);
insert into contentieux values ('2012-2013', 'SEM-7', 'Zlatan Djorkaeff', 'EAO-31');
insert into notes_details values ('2012-2013', 'SEM-7', 'Zlatan Djorkaeff', 'EAO-32', 11.32, 2.0, 'A', 0, 1);
insert into notes_details values ('2012-2013', 'SEM-7', 'Zlatan Djorkaeff', 'EAO-32', 11.32, 2.33, 'A', 0, 2);
insert into contentieux values ('2012-2013', 'SEM-7', 'Zlatan Djorkaeff', 'EAO-32');
insert into notes_details values ('2012-2013', 'SEM-7', 'Zlatan Djorkaeff', 'EAO-33', 11.32, 2.33, 'A', 0, 1);
insert into notes_details values ('2012-2013', 'SEM-7', 'Zlatan Djorkaeff', 'EAO-33', 11.32, 2.67, 'A', 2, 2);
insert into notes_details values ('2012-2013', 'SEM-7', 'Zlatan Djorkaeff', 'EAO-34', 11.32, 1.33, 'A', 0, 1);
insert into notes_details values ('2012-2013', 'SEM-7', 'Zlatan Djorkaeff', 'EAO-34', 11.32, 1.33, 'A', 0, 2);
insert into contentieux values ('2012-2013', 'SEM-7', 'Zlatan Djorkaeff', 'EAO-34');
insert into notes_details values ('2012-2013', 'SEM-7', 'Zlatan Djorkaeff', 'EAO-35', 11.32, 1.33, 'A', 0, 1);
insert into notes_details values ('2012-2013', 'SEM-7', 'Zlatan Djorkaeff', 'EAO-35', 11.32, 1.33, 'A', 0, 2);
insert into contentieux values ('2012-2013', 'SEM-7', 'Zlatan Djorkaeff', 'EAO-35');
insert into notes_details values ('2012-2013', 'SEM-7', 'Zlatan Djorkaeff', 'LCI-3', 11.32, 2.67, 'A', 3, 1);
insert into notes_details values ('2012-2013', 'SEM-7', 'Zlatan Djorkaeff', 'MAT-3', 11.32, 2.0, 'A', 0, 1);
insert into notes_details values ('2012-2013', 'SEM-7', 'Zlatan Djorkaeff', 'MAT-3', 11.32, 3.67, 'A', 3, 2);
insert into notes_details values ('2012-2013', 'SEM-7', 'Zlatan Djorkaeff', 'MNG-3', 11.32, 4.0, 'A', 3, 1);
insert into notes_details values ('2012-2013', 'SEM-7', 'Zlatan Djorkaeff', 'PJT-3', 11.32, 1.0, 'A', 0, 1);
insert into notes_details values ('2012-2013', 'SEM-7', 'Zlatan Djorkaeff', 'PJT-3', 11.32, 2.33, 'A', 0, 2);
insert into contentieux values ('2012-2013', 'SEM-7', 'Zlatan Djorkaeff', 'PJT-3');
insert into notes_details values ('2012-2013', 'SEM-7', 'Zlatan Djorkaeff', 'STD-3', 11.32, 2.0, 'A', 0, 1);
insert into notes_details values ('2012-2013', 'SEM-7', 'Zlatan Djorkaeff', 'STD-3', 11.32, 2.67, 'A', 2, 2);
insert into gpa values ('2011-2012', 'SEM-5', 'Zlatan Djorkaeff', 3.75);
insert into gpa values ('2011-2012', 'SEM-6', 'Zlatan Djorkaeff', 3.72);
insert into gpa values ('2012-2013', 'SEM-7', 'Zlatan Djorkaeff', 3.69);
insert into eleves values ('Gaetan Aucoin', 1, 'S', 'Tres bien', 'MP', 'MP', 'gaucoin');
insert into notes_details values ('2011-2012', 'SEM-5', 'Gaetan Aucoin', 'ALG-1', 11.32, 2.0, 'A', 0, 1);
insert into notes_details values ('2011-2012', 'SEM-5', 'Gaetan Aucoin', 'ALG-1', 11.32, 3.33, 'A', 3, 2);
insert into notes_details values ('2011-2012', 'SEM-5', 'Gaetan Aucoin', 'DPP-1', 11.32, 1.67, 'A', 0, 1);
insert into notes_details values ('2011-2012', 'SEM-5', 'Gaetan Aucoin', 'DPP-1', 11.32, 2.67, 'A', 2, 2);
insert into notes_details values ('2011-2012', 'SEM-5', 'Gaetan Aucoin', 'ELE-1', 11.32, 2.67, 'A', 3, 1);
insert into notes_details values ('2011-2012', 'SEM-5', 'Gaetan Aucoin', 'INP-1', 11.32, 4.0, 'A', 3, 1);
insert into notes_details values ('2011-2012', 'SEM-5', 'Gaetan Aucoin', 'LCI-1', 11.32, 2.0, 'A', 0, 1);
insert into notes_details values ('2011-2012', 'SEM-5', 'Gaetan Aucoin', 'LCI-1', 11.32, 1.33, 'A', 3, 99);
insert into notes_details values ('2011-2012', 'SEM-5', 'Gaetan Aucoin', 'MAT-1', 11.32, 1.33, 'A', 0, 1);
insert into notes_details values ('2011-2012', 'SEM-5', 'Gaetan Aucoin', 'MAT-1', 11.32, 4.0, 'A', 3, 2);
insert into notes_details values ('2011-2012', 'SEM-5', 'Gaetan Aucoin', 'MGP-1', 11.32, 3.67, 'A', 4, 1);
insert into notes_details values ('2011-2012', 'SEM-5', 'Gaetan Aucoin', 'PHO-1', 11.32, 1.67, 'A', 0, 1);
insert into notes_details values ('2011-2012', 'SEM-5', 'Gaetan Aucoin', 'PHO-1', 11.32, 3.67, 'A', 3, 2);
insert into notes_details values ('2011-2012', 'SEM-5', 'Gaetan Aucoin', 'PHQ-1', 11.32, 4.0, 'A', 3, 1);
insert into notes_details values ('2011-2012', 'SEM-5', 'Gaetan Aucoin', 'SPM-1', 11.32, 1.67, 'A', 0, 1);
insert into notes_details values ('2011-2012', 'SEM-5', 'Gaetan Aucoin', 'SPM-1', 11.32, 3.0, 'A', 3, 2);
insert into notes_details values ('2011-2012', 'SEM-6', 'Gaetan Aucoin', 'DPP-2', 11.32, 3.0, 'A', 1, 1);
insert into notes_details values ('2011-2012', 'SEM-6', 'Gaetan Aucoin', 'EAO-2', 11.32, 1.33, 'A', 0, 1);
insert into notes_details values ('2011-2012', 'SEM-6', 'Gaetan Aucoin', 'EAO-2', 11.32, 2.0, 'A', 3, 99);
insert into notes_details values ('2011-2012', 'SEM-6', 'Gaetan Aucoin', 'ECO-2', 11.32, 3.33, 'A', 3, 1);
insert into notes_details values ('2011-2012', 'SEM-6', 'Gaetan Aucoin', 'LCI-2', 11.32, 2.0, 'A', 0, 1);
insert into notes_details values ('2011-2012', 'SEM-6', 'Gaetan Aucoin', 'LCI-2', 11.32, 3.0, 'A', 3, 2);
insert into notes_details values ('2011-2012', 'SEM-6', 'Gaetan Aucoin', 'MAT-2', 11.32, 1.0, 'A', 0, 1);
insert into notes_details values ('2011-2012', 'SEM-6', 'Gaetan Aucoin', 'MAT-2', 11.32, 1.0, 'A', 2, 99);
insert into notes_details values ('2011-2012', 'SEM-6', 'Gaetan Aucoin', 'MCO-2', 11.32, 1.0, 'A', 0, 1);
insert into notes_details values ('2011-2012', 'SEM-6', 'Gaetan Aucoin', 'MCO-2', 11.32, 3.0, 'A', 2, 2);
insert into notes_details values ('2011-2012', 'SEM-6', 'Gaetan Aucoin', 'MGP-2', 11.32, 2.0, 'A', 0, 1);
insert into notes_details values ('2011-2012', 'SEM-6', 'Gaetan Aucoin', 'MGP-2', 11.32, 3.33, 'A', 4, 2);
insert into notes_details values ('2011-2012', 'SEM-6', 'Gaetan Aucoin', 'PHS-2', 11.32, 3.67, 'A', 2, 1);
insert into notes_details values ('2011-2012', 'SEM-6', 'Gaetan Aucoin', 'PJT-2', 11.32, 3.67, 'A', 1, 1);
insert into notes_details values ('2011-2012', 'SEM-6', 'Gaetan Aucoin', 'RMS-2', 11.32, 3.67, 'A', 4, 1);
insert into notes_details values ('2011-2012', 'SEM-6', 'Gaetan Aucoin', 'STG-2', 11.32, 2.33, 'A', 0, 1);
insert into notes_details values ('2011-2012', 'SEM-6', 'Gaetan Aucoin', 'STG-2', 11.32, 3.33, 'A', 2, 2);
insert into notes_details values ('2011-2012', 'SEM-6', 'Gaetan Aucoin', 'THS-2', 11.32, 2.0, 'A', 0, 1);
insert into notes_details values ('2011-2012', 'SEM-6', 'Gaetan Aucoin', 'THS-2', 11.32, 4.0, 'A', 3, 2);
insert into notes_details values ('2012-2013', 'SEM-7', 'Gaetan Aucoin', 'ASL-3', 11.32, 3.67, 'A', 2, 1);
insert into notes_details values ('2012-2013', 'SEM-7', 'Gaetan Aucoin', 'DPP-3', 11.32, 1.67, 'A', 0, 1);
insert into notes_details values ('2012-2013', 'SEM-7', 'Gaetan Aucoin', 'DPP-3', 11.32, 1.33, 'A', 2, 99);
insert into notes_details values ('2012-2013', 'SEM-7', 'Gaetan Aucoin', 'EAO-31', 11.32, 1.33, 'A', 0, 1);
insert into notes_details values ('2012-2013', 'SEM-7', 'Gaetan Aucoin', 'EAO-31', 11.32, 1.67, 'A', 0, 2);
insert into contentieux values ('2012-2013', 'SEM-7', 'Gaetan Aucoin', 'EAO-31');
insert into notes_details values ('2012-2013', 'SEM-7', 'Gaetan Aucoin', 'EAO-32', 11.32, 3.0, 'A', 2, 1);
insert into notes_details values ('2012-2013', 'SEM-7', 'Gaetan Aucoin', 'EAO-33', 11.32, 1.0, 'A', 0, 1);
insert into notes_details values ('2012-2013', 'SEM-7', 'Gaetan Aucoin', 'EAO-33', 11.32, 1.33, 'A', 0, 2);
insert into contentieux values ('2012-2013', 'SEM-7', 'Gaetan Aucoin', 'EAO-33');
insert into notes_details values ('2012-2013', 'SEM-7', 'Gaetan Aucoin', 'EAO-34', 11.32, 1.0, 'A', 0, 1);
insert into notes_details values ('2012-2013', 'SEM-7', 'Gaetan Aucoin', 'EAO-34', 11.32, 1.67, 'A', 0, 2);
insert into contentieux values ('2012-2013', 'SEM-7', 'Gaetan Aucoin', 'EAO-34');
insert into notes_details values ('2012-2013', 'SEM-7', 'Gaetan Aucoin', 'EAO-35', 11.32, 2.0, 'A', 0, 1);
insert into notes_details values ('2012-2013', 'SEM-7', 'Gaetan Aucoin', 'EAO-35', 11.32, 1.33, 'A', 0, 2);
insert into contentieux values ('2012-2013', 'SEM-7', 'Gaetan Aucoin', 'EAO-35');
insert into notes_details values ('2012-2013', 'SEM-7', 'Gaetan Aucoin', 'LCI-3', 11.32, 1.67, 'A', 0, 1);
insert into notes_details values ('2012-2013', 'SEM-7', 'Gaetan Aucoin', 'LCI-3', 11.32, 2.33, 'A', 0, 2);
insert into contentieux values ('2012-2013', 'SEM-7', 'Gaetan Aucoin', 'LCI-3');
insert into notes_details values ('2012-2013', 'SEM-7', 'Gaetan Aucoin', 'MAT-3', 11.32, 1.67, 'A', 0, 1);
insert into notes_details values ('2012-2013', 'SEM-7', 'Gaetan Aucoin', 'MAT-3', 11.32, 1.0, 'A', 0, 2);
insert into contentieux values ('2012-2013', 'SEM-7', 'Gaetan Aucoin', 'MAT-3');
insert into notes_details values ('2012-2013', 'SEM-7', 'Gaetan Aucoin', 'MNG-3', 11.32, 1.33, 'A', 0, 1);
insert into notes_details values ('2012-2013', 'SEM-7', 'Gaetan Aucoin', 'MNG-3', 11.32, 1.67, 'A', 0, 2);
insert into contentieux values ('2012-2013', 'SEM-7', 'Gaetan Aucoin', 'MNG-3');
insert into notes_details values ('2012-2013', 'SEM-7', 'Gaetan Aucoin', 'PJT-3', 11.32, 1.67, 'A', 0, 1);
insert into notes_details values ('2012-2013', 'SEM-7', 'Gaetan Aucoin', 'PJT-3', 11.32, 2.67, 'A', 5, 2);
insert into notes_details values ('2012-2013', 'SEM-7', 'Gaetan Aucoin', 'STD-3', 11.32, 1.67, 'A', 0, 1);
insert into notes_details values ('2012-2013', 'SEM-7', 'Gaetan Aucoin', 'STD-3', 11.32, 3.0, 'A', 2, 2);
insert into gpa values ('2011-2012', 'SEM-5', 'Gaetan Aucoin', 2.31);
insert into gpa values ('2011-2012', 'SEM-6', 'Gaetan Aucoin', 3.36);
insert into gpa values ('2012-2013', 'SEM-7', 'Gaetan Aucoin', 2.79);
insert into eleves values ('Melvin Sauve', 1, 'S', 'Tres bien', 'etranger', 'MP', 'msauve');
insert into notes_details values ('2011-2012', 'SEM-5', 'Melvin Sauve', 'ALG-1', 11.32, 3.0, 'A', 3, 1);
insert into notes_details values ('2011-2012', 'SEM-5', 'Melvin Sauve', 'DPP-1', 11.32, 2.33, 'A', 0, 1);
insert into notes_details values ('2011-2012', 'SEM-5', 'Melvin Sauve', 'DPP-1', 11.32, 3.67, 'A', 2, 2);
insert into notes_details values ('2011-2012', 'SEM-5', 'Melvin Sauve', 'ELE-1', 11.32, 3.33, 'A', 3, 1);
insert into notes_details values ('2011-2012', 'SEM-5', 'Melvin Sauve', 'INP-1', 11.32, 3.0, 'A', 3, 1);
insert into notes_details values ('2011-2012', 'SEM-5', 'Melvin Sauve', 'LCI-1', 11.32, 3.0, 'A', 3, 1);
insert into notes_details values ('2011-2012', 'SEM-5', 'Melvin Sauve', 'MAT-1', 11.32, 2.67, 'A', 3, 1);
insert into notes_details values ('2011-2012', 'SEM-5', 'Melvin Sauve', 'MGP-1', 11.32, 1.67, 'A', 0, 1);
insert into notes_details values ('2011-2012', 'SEM-5', 'Melvin Sauve', 'MGP-1', 11.32, 2.0, 'A', 4, 99);
insert into notes_details values ('2011-2012', 'SEM-5', 'Melvin Sauve', 'PHO-1', 11.32, 1.0, 'A', 0, 1);
insert into notes_details values ('2011-2012', 'SEM-5', 'Melvin Sauve', 'PHO-1', 11.32, 2.67, 'A', 3, 2);
insert into notes_details values ('2011-2012', 'SEM-5', 'Melvin Sauve', 'PHQ-1', 11.32, 2.67, 'A', 3, 1);
insert into notes_details values ('2011-2012', 'SEM-5', 'Melvin Sauve', 'SPM-1', 11.32, 1.0, 'A', 0, 1);
insert into notes_details values ('2011-2012', 'SEM-5', 'Melvin Sauve', 'SPM-1', 11.32, 3.33, 'A', 3, 2);
insert into notes_details values ('2011-2012', 'SEM-6', 'Melvin Sauve', 'DPP-2', 11.32, 2.67, 'A', 1, 1);
insert into notes_details values ('2011-2012', 'SEM-6', 'Melvin Sauve', 'EAO-2', 11.32, 1.67, 'A', 0, 1);
insert into notes_details values ('2011-2012', 'SEM-6', 'Melvin Sauve', 'EAO-2', 11.32, 3.67, 'A', 3, 2);
insert into notes_details values ('2011-2012', 'SEM-6', 'Melvin Sauve', 'ECO-2', 11.32, 2.67, 'A', 3, 1);
insert into notes_details values ('2011-2012', 'SEM-6', 'Melvin Sauve', 'LCI-2', 11.32, 4.0, 'A', 3, 1);
insert into notes_details values ('2011-2012', 'SEM-6', 'Melvin Sauve', 'MAT-2', 11.32, 4.0, 'A', 2, 1);
insert into notes_details values ('2011-2012', 'SEM-6', 'Melvin Sauve', 'MCO-2', 11.32, 2.67, 'A', 2, 1);
insert into notes_details values ('2011-2012', 'SEM-6', 'Melvin Sauve', 'MGP-2', 11.32, 1.67, 'A', 0, 1);
insert into notes_details values ('2011-2012', 'SEM-6', 'Melvin Sauve', 'MGP-2', 11.32, 2.67, 'A', 4, 2);
insert into notes_details values ('2011-2012', 'SEM-6', 'Melvin Sauve', 'PHS-2', 11.32, 3.67, 'A', 2, 1);
insert into notes_details values ('2011-2012', 'SEM-6', 'Melvin Sauve', 'PJT-2', 11.32, 3.33, 'A', 1, 1);
insert into notes_details values ('2011-2012', 'SEM-6', 'Melvin Sauve', 'RMS-2', 11.32, 1.67, 'A', 0, 1);
insert into notes_details values ('2011-2012', 'SEM-6', 'Melvin Sauve', 'RMS-2', 11.32, 3.67, 'A', 4, 2);
insert into notes_details values ('2011-2012', 'SEM-6', 'Melvin Sauve', 'STG-2', 11.32, 3.0, 'A', 2, 1);
insert into notes_details values ('2011-2012', 'SEM-6', 'Melvin Sauve', 'THS-2', 11.32, 2.67, 'A', 3, 1);
insert into notes_details values ('2012-2013', 'SEM-7', 'Melvin Sauve', 'ASL-3', 11.32, 1.67, 'A', 0, 1);
insert into notes_details values ('2012-2013', 'SEM-7', 'Melvin Sauve', 'ASL-3', 11.32, 1.67, 'A', 0, 2);
insert into contentieux values ('2012-2013', 'SEM-7', 'Melvin Sauve', 'ASL-3');
insert into notes_details values ('2012-2013', 'SEM-7', 'Melvin Sauve', 'DPP-3', 11.32, 1.33, 'A', 0, 1);
insert into notes_details values ('2012-2013', 'SEM-7', 'Melvin Sauve', 'DPP-3', 11.32, 2.67, 'A', 2, 2);
insert into notes_details values ('2012-2013', 'SEM-7', 'Melvin Sauve', 'EAO-31', 11.32, 1.0, 'A', 0, 1);
insert into notes_details values ('2012-2013', 'SEM-7', 'Melvin Sauve', 'EAO-31', 11.32, 3.33, 'A', 2, 2);
insert into notes_details values ('2012-2013', 'SEM-7', 'Melvin Sauve', 'EAO-32', 11.32, 2.33, 'A', 0, 1);
insert into notes_details values ('2012-2013', 'SEM-7', 'Melvin Sauve', 'EAO-32', 11.32, 3.0, 'A', 2, 2);
insert into notes_details values ('2012-2013', 'SEM-7', 'Melvin Sauve', 'EAO-33', 11.32, 1.33, 'A', 0, 1);
insert into notes_details values ('2012-2013', 'SEM-7', 'Melvin Sauve', 'EAO-33', 11.32, 3.0, 'A', 2, 2);
insert into notes_details values ('2012-2013', 'SEM-7', 'Melvin Sauve', 'EAO-34', 11.32, 2.0, 'A', 0, 1);
insert into notes_details values ('2012-2013', 'SEM-7', 'Melvin Sauve', 'EAO-34', 11.32, 3.33, 'A', 2, 2);
insert into notes_details values ('2012-2013', 'SEM-7', 'Melvin Sauve', 'EAO-35', 11.32, 1.67, 'A', 0, 1);
insert into notes_details values ('2012-2013', 'SEM-7', 'Melvin Sauve', 'EAO-35', 11.32, 3.0, 'A', 2, 2);
insert into notes_details values ('2012-2013', 'SEM-7', 'Melvin Sauve', 'LCI-3', 11.32, 1.0, 'A', 0, 1);
insert into notes_details values ('2012-2013', 'SEM-7', 'Melvin Sauve', 'LCI-3', 11.32, 1.33, 'A', 3, 99);
insert into notes_details values ('2012-2013', 'SEM-7', 'Melvin Sauve', 'MAT-3', 11.32, 2.33, 'A', 0, 1);
insert into notes_details values ('2012-2013', 'SEM-7', 'Melvin Sauve', 'MAT-3', 11.32, 1.33, 'A', 0, 2);
insert into contentieux values ('2012-2013', 'SEM-7', 'Melvin Sauve', 'MAT-3');
insert into notes_details values ('2012-2013', 'SEM-7', 'Melvin Sauve', 'MNG-3', 11.32, 1.33, 'A', 0, 1);
insert into notes_details values ('2012-2013', 'SEM-7', 'Melvin Sauve', 'MNG-3', 11.32, 2.0, 'A', 0, 2);
insert into contentieux values ('2012-2013', 'SEM-7', 'Melvin Sauve', 'MNG-3');
insert into notes_details values ('2012-2013', 'SEM-7', 'Melvin Sauve', 'PJT-3', 11.32, 1.0, 'A', 0, 1);
insert into notes_details values ('2012-2013', 'SEM-7', 'Melvin Sauve', 'PJT-3', 11.32, 2.67, 'A', 5, 2);
insert into notes_details values ('2012-2013', 'SEM-7', 'Melvin Sauve', 'STD-3', 11.32, 3.67, 'A', 2, 1);
insert into gpa values ('2011-2012', 'SEM-5', 'Melvin Sauve', 2.98);
insert into gpa values ('2011-2012', 'SEM-6', 'Melvin Sauve', 3.32);
insert into gpa values ('2012-2013', 'SEM-7', 'Melvin Sauve', 2.77);
insert into eleves values ('Dreux Viktor', 1, 'S', 'Tres bien', 'MP', 'MP', 'dviktor');
insert into notes_details values ('2011-2012', 'SEM-5', 'Dreux Viktor', 'ALG-1', 11.32, 3.0, 'A', 3, 1);
insert into notes_details values ('2011-2012', 'SEM-5', 'Dreux Viktor', 'DPP-1', 11.32, 1.33, 'A', 0, 1);
insert into notes_details values ('2011-2012', 'SEM-5', 'Dreux Viktor', 'DPP-1', 11.32, 3.67, 'A', 2, 2);
insert into notes_details values ('2011-2012', 'SEM-5', 'Dreux Viktor', 'ELE-1', 11.32, 4.0, 'A', 3, 1);
insert into notes_details values ('2011-2012', 'SEM-5', 'Dreux Viktor', 'INP-1', 11.32, 1.67, 'A', 0, 1);
insert into notes_details values ('2011-2012', 'SEM-5', 'Dreux Viktor', 'INP-1', 11.32, 2.67, 'A', 3, 2);
insert into notes_details values ('2011-2012', 'SEM-5', 'Dreux Viktor', 'LCI-1', 11.32, 1.67, 'A', 0, 1);
insert into notes_details values ('2011-2012', 'SEM-5', 'Dreux Viktor', 'LCI-1', 11.32, 3.0, 'A', 3, 2);
insert into notes_details values ('2011-2012', 'SEM-5', 'Dreux Viktor', 'MAT-1', 11.32, 1.33, 'A', 0, 1);
insert into notes_details values ('2011-2012', 'SEM-5', 'Dreux Viktor', 'MAT-1', 11.32, 3.33, 'A', 3, 2);
insert into notes_details values ('2011-2012', 'SEM-5', 'Dreux Viktor', 'MGP-1', 11.32, 2.67, 'A', 4, 1);
insert into notes_details values ('2011-2012', 'SEM-5', 'Dreux Viktor', 'PHO-1', 11.32, 1.67, 'A', 0, 1);
insert into notes_details values ('2011-2012', 'SEM-5', 'Dreux Viktor', 'PHO-1', 11.32, 3.33, 'A', 3, 2);
insert into notes_details values ('2011-2012', 'SEM-5', 'Dreux Viktor', 'PHQ-1', 11.32, 1.0, 'A', 0, 1);
insert into notes_details values ('2011-2012', 'SEM-5', 'Dreux Viktor', 'PHQ-1', 11.32, 2.67, 'A', 3, 2);
insert into notes_details values ('2011-2012', 'SEM-5', 'Dreux Viktor', 'SPM-1', 11.32, 1.0, 'A', 0, 1);
insert into notes_details values ('2011-2012', 'SEM-5', 'Dreux Viktor', 'SPM-1', 11.32, 2.67, 'A', 3, 2);
insert into notes_details values ('2011-2012', 'SEM-6', 'Dreux Viktor', 'DPP-2', 11.32, 2.67, 'A', 1, 1);
insert into notes_details values ('2011-2012', 'SEM-6', 'Dreux Viktor', 'EAO-2', 11.32, 4.0, 'A', 3, 1);
insert into notes_details values ('2011-2012', 'SEM-6', 'Dreux Viktor', 'ECO-2', 11.32, 3.33, 'A', 3, 1);
insert into notes_details values ('2011-2012', 'SEM-6', 'Dreux Viktor', 'LCI-2', 11.32, 1.0, 'A', 0, 1);
insert into notes_details values ('2011-2012', 'SEM-6', 'Dreux Viktor', 'LCI-2', 11.32, 2.33, 'A', 3, 99);
insert into notes_details values ('2011-2012', 'SEM-6', 'Dreux Viktor', 'MAT-2', 11.32, 1.0, 'A', 0, 1);
insert into notes_details values ('2011-2012', 'SEM-6', 'Dreux Viktor', 'MAT-2', 11.32, 2.67, 'A', 2, 2);
insert into notes_details values ('2011-2012', 'SEM-6', 'Dreux Viktor', 'MCO-2', 11.32, 1.33, 'A', 0, 1);
insert into notes_details values ('2011-2012', 'SEM-6', 'Dreux Viktor', 'MCO-2', 11.32, 1.67, 'A', 2, 99);
insert into notes_details values ('2011-2012', 'SEM-6', 'Dreux Viktor', 'MGP-2', 11.32, 4.0, 'A', 4, 1);
insert into notes_details values ('2011-2012', 'SEM-6', 'Dreux Viktor', 'PHS-2', 11.32, 2.0, 'A', 0, 1);
insert into notes_details values ('2011-2012', 'SEM-6', 'Dreux Viktor', 'PHS-2', 11.32, 4.0, 'A', 2, 2);
insert into notes_details values ('2011-2012', 'SEM-6', 'Dreux Viktor', 'PJT-2', 11.32, 1.0, 'A', 0, 1);
insert into notes_details values ('2011-2012', 'SEM-6', 'Dreux Viktor', 'PJT-2', 11.32, 1.67, 'A', 1, 99);
insert into notes_details values ('2011-2012', 'SEM-6', 'Dreux Viktor', 'RMS-2', 11.32, 3.33, 'A', 4, 1);
insert into notes_details values ('2011-2012', 'SEM-6', 'Dreux Viktor', 'STG-2', 11.32, 4.0, 'A', 2, 1);
insert into notes_details values ('2011-2012', 'SEM-6', 'Dreux Viktor', 'THS-2', 11.32, 1.33, 'A', 0, 1);
insert into notes_details values ('2011-2012', 'SEM-6', 'Dreux Viktor', 'THS-2', 11.32, 3.33, 'A', 3, 2);
insert into notes_details values ('2012-2013', 'SEM-7', 'Dreux Viktor', 'ASL-3', 11.32, 2.33, 'A', 0, 1);
insert into notes_details values ('2012-2013', 'SEM-7', 'Dreux Viktor', 'ASL-3', 11.32, 1.33, 'A', 0, 2);
insert into contentieux values ('2012-2013', 'SEM-7', 'Dreux Viktor', 'ASL-3');
insert into notes_details values ('2012-2013', 'SEM-7', 'Dreux Viktor', 'DPP-3', 11.32, 2.0, 'A', 0, 1);
insert into notes_details values ('2012-2013', 'SEM-7', 'Dreux Viktor', 'DPP-3', 11.32, 2.33, 'A', 0, 2);
insert into contentieux values ('2012-2013', 'SEM-7', 'Dreux Viktor', 'DPP-3');
insert into notes_details values ('2012-2013', 'SEM-7', 'Dreux Viktor', 'EAO-31', 11.32, 2.0, 'A', 0, 1);
insert into notes_details values ('2012-2013', 'SEM-7', 'Dreux Viktor', 'EAO-31', 11.32, 2.0, 'A', 0, 2);
insert into contentieux values ('2012-2013', 'SEM-7', 'Dreux Viktor', 'EAO-31');
insert into notes_details values ('2012-2013', 'SEM-7', 'Dreux Viktor', 'EAO-32', 11.32, 2.33, 'A', 0, 1);
insert into notes_details values ('2012-2013', 'SEM-7', 'Dreux Viktor', 'EAO-32', 11.32, 1.67, 'A', 0, 2);
insert into contentieux values ('2012-2013', 'SEM-7', 'Dreux Viktor', 'EAO-32');
insert into notes_details values ('2012-2013', 'SEM-7', 'Dreux Viktor', 'EAO-33', 11.32, 3.67, 'A', 2, 1);
insert into notes_details values ('2012-2013', 'SEM-7', 'Dreux Viktor', 'EAO-34', 11.32, 2.33, 'A', 0, 1);
insert into notes_details values ('2012-2013', 'SEM-7', 'Dreux Viktor', 'EAO-34', 11.32, 1.67, 'A', 2, 99);
insert into notes_details values ('2012-2013', 'SEM-7', 'Dreux Viktor', 'EAO-35', 11.32, 2.33, 'A', 0, 1);
insert into notes_details values ('2012-2013', 'SEM-7', 'Dreux Viktor', 'EAO-35', 11.32, 1.0, 'A', 0, 2);
insert into contentieux values ('2012-2013', 'SEM-7', 'Dreux Viktor', 'EAO-35');
insert into notes_details values ('2012-2013', 'SEM-7', 'Dreux Viktor', 'LCI-3', 11.32, 2.67, 'A', 3, 1);
insert into notes_details values ('2012-2013', 'SEM-7', 'Dreux Viktor', 'MAT-3', 11.32, 1.67, 'A', 0, 1);
insert into notes_details values ('2012-2013', 'SEM-7', 'Dreux Viktor', 'MAT-3', 11.32, 4.0, 'A', 3, 2);
insert into notes_details values ('2012-2013', 'SEM-7', 'Dreux Viktor', 'MNG-3', 11.32, 2.0, 'A', 0, 1);
insert into notes_details values ('2012-2013', 'SEM-7', 'Dreux Viktor', 'MNG-3', 11.32, 4.0, 'A', 3, 2);
insert into notes_details values ('2012-2013', 'SEM-7', 'Dreux Viktor', 'PJT-3', 11.32, 1.67, 'A', 0, 1);
insert into notes_details values ('2012-2013', 'SEM-7', 'Dreux Viktor', 'PJT-3', 11.32, 3.0, 'A', 5, 2);
insert into notes_details values ('2012-2013', 'SEM-7', 'Dreux Viktor', 'STD-3', 11.32, 2.67, 'A', 2, 1);
insert into gpa values ('2011-2012', 'SEM-5', 'Dreux Viktor', 2.19);
insert into gpa values ('2011-2012', 'SEM-6', 'Dreux Viktor', 3.67);
insert into gpa values ('2012-2013', 'SEM-7', 'Dreux Viktor', 2.54);
insert into eleves values ('Paolo Cannavaro', 1, 'S', 'Tres bien', 'MP', 'MP', 'pcannavaro');
insert into notes_details values ('2011-2012', 'SEM-5', 'Paolo Cannavaro', 'ALG-1', 11.32, 2.67, 'A', 3, 1);
insert into notes_details values ('2011-2012', 'SEM-5', 'Paolo Cannavaro', 'DPP-1', 11.32, 2.67, 'A', 2, 1);
insert into notes_details values ('2011-2012', 'SEM-5', 'Paolo Cannavaro', 'ELE-1', 11.32, 1.67, 'A', 0, 1);
insert into notes_details values ('2011-2012', 'SEM-5', 'Paolo Cannavaro', 'ELE-1', 11.32, 3.33, 'A', 3, 2);
insert into notes_details values ('2011-2012', 'SEM-5', 'Paolo Cannavaro', 'INP-1', 11.32, 2.33, 'A', 0, 1);
insert into notes_details values ('2011-2012', 'SEM-5', 'Paolo Cannavaro', 'INP-1', 11.32, 3.67, 'A', 3, 2);
insert into notes_details values ('2011-2012', 'SEM-5', 'Paolo Cannavaro', 'LCI-1', 11.32, 1.0, 'A', 0, 1);
insert into notes_details values ('2011-2012', 'SEM-5', 'Paolo Cannavaro', 'LCI-1', 11.32, 2.67, 'A', 3, 2);
insert into notes_details values ('2011-2012', 'SEM-5', 'Paolo Cannavaro', 'MAT-1', 11.32, 1.33, 'A', 0, 1);
insert into notes_details values ('2011-2012', 'SEM-5', 'Paolo Cannavaro', 'MAT-1', 11.32, 2.67, 'A', 3, 2);
insert into notes_details values ('2011-2012', 'SEM-5', 'Paolo Cannavaro', 'MGP-1', 11.32, 2.0, 'A', 0, 1);
insert into notes_details values ('2011-2012', 'SEM-5', 'Paolo Cannavaro', 'MGP-1', 11.32, 2.67, 'A', 4, 2);
insert into notes_details values ('2011-2012', 'SEM-5', 'Paolo Cannavaro', 'PHO-1', 11.32, 3.0, 'A', 3, 1);
insert into notes_details values ('2011-2012', 'SEM-5', 'Paolo Cannavaro', 'PHQ-1', 11.32, 1.33, 'A', 0, 1);
insert into notes_details values ('2011-2012', 'SEM-5', 'Paolo Cannavaro', 'PHQ-1', 11.32, 3.0, 'A', 3, 2);
insert into notes_details values ('2011-2012', 'SEM-5', 'Paolo Cannavaro', 'SPM-1', 11.32, 1.0, 'A', 0, 1);
insert into notes_details values ('2011-2012', 'SEM-5', 'Paolo Cannavaro', 'SPM-1', 11.32, 3.67, 'A', 3, 2);
insert into notes_details values ('2011-2012', 'SEM-6', 'Paolo Cannavaro', 'DPP-2', 11.32, 2.33, 'A', 0, 1);
insert into notes_details values ('2011-2012', 'SEM-6', 'Paolo Cannavaro', 'DPP-2', 11.32, 1.67, 'A', 1, 99);
insert into notes_details values ('2011-2012', 'SEM-6', 'Paolo Cannavaro', 'EAO-2', 11.32, 4.0, 'A', 3, 1);
insert into notes_details values ('2011-2012', 'SEM-6', 'Paolo Cannavaro', 'ECO-2', 11.32, 2.67, 'A', 3, 1);
insert into notes_details values ('2011-2012', 'SEM-6', 'Paolo Cannavaro', 'LCI-2', 11.32, 1.67, 'A', 0, 1);
insert into notes_details values ('2011-2012', 'SEM-6', 'Paolo Cannavaro', 'LCI-2', 11.32, 3.0, 'A', 3, 2);
insert into notes_details values ('2011-2012', 'SEM-6', 'Paolo Cannavaro', 'MAT-2', 11.32, 2.67, 'A', 2, 1);
insert into notes_details values ('2011-2012', 'SEM-6', 'Paolo Cannavaro', 'MCO-2', 11.32, 1.67, 'A', 0, 1);
insert into notes_details values ('2011-2012', 'SEM-6', 'Paolo Cannavaro', 'MCO-2', 11.32, 3.67, 'A', 2, 2);
insert into notes_details values ('2011-2012', 'SEM-6', 'Paolo Cannavaro', 'MGP-2', 11.32, 3.67, 'A', 4, 1);
insert into notes_details values ('2011-2012', 'SEM-6', 'Paolo Cannavaro', 'PHS-2', 11.32, 2.67, 'A', 2, 1);
insert into notes_details values ('2011-2012', 'SEM-6', 'Paolo Cannavaro', 'PJT-2', 11.32, 2.0, 'A', 0, 1);
insert into notes_details values ('2011-2012', 'SEM-6', 'Paolo Cannavaro', 'PJT-2', 11.32, 3.33, 'A', 1, 2);
insert into notes_details values ('2011-2012', 'SEM-6', 'Paolo Cannavaro', 'RMS-2', 11.32, 2.0, 'A', 0, 1);
insert into notes_details values ('2011-2012', 'SEM-6', 'Paolo Cannavaro', 'RMS-2', 11.32, 3.0, 'A', 4, 2);
insert into notes_details values ('2011-2012', 'SEM-6', 'Paolo Cannavaro', 'STG-2', 11.32, 3.67, 'A', 2, 1);
insert into notes_details values ('2011-2012', 'SEM-6', 'Paolo Cannavaro', 'THS-2', 11.32, 2.67, 'A', 3, 1);
insert into notes_details values ('2012-2013', 'SEM-7', 'Paolo Cannavaro', 'ASL-3', 11.32, 2.0, 'A', 0, 1);
insert into notes_details values ('2012-2013', 'SEM-7', 'Paolo Cannavaro', 'ASL-3', 11.32, 1.0, 'A', 0, 2);
insert into contentieux values ('2012-2013', 'SEM-7', 'Paolo Cannavaro', 'ASL-3');
insert into notes_details values ('2012-2013', 'SEM-7', 'Paolo Cannavaro', 'DPP-3', 11.32, 2.0, 'A', 0, 1);
insert into notes_details values ('2012-2013', 'SEM-7', 'Paolo Cannavaro', 'DPP-3', 11.32, 2.0, 'A', 2, 99);
insert into notes_details values ('2012-2013', 'SEM-7', 'Paolo Cannavaro', 'EAO-31', 11.32, 3.0, 'A', 2, 1);
insert into notes_details values ('2012-2013', 'SEM-7', 'Paolo Cannavaro', 'EAO-32', 11.32, 1.0, 'A', 0, 1);
insert into notes_details values ('2012-2013', 'SEM-7', 'Paolo Cannavaro', 'EAO-32', 11.32, 1.0, 'A', 0, 2);
insert into contentieux values ('2012-2013', 'SEM-7', 'Paolo Cannavaro', 'EAO-32');
insert into notes_details values ('2012-2013', 'SEM-7', 'Paolo Cannavaro', 'EAO-33', 11.32, 1.67, 'A', 0, 1);
insert into notes_details values ('2012-2013', 'SEM-7', 'Paolo Cannavaro', 'EAO-33', 11.32, 3.0, 'A', 2, 2);
insert into notes_details values ('2012-2013', 'SEM-7', 'Paolo Cannavaro', 'EAO-34', 11.32, 3.0, 'A', 2, 1);
insert into notes_details values ('2012-2013', 'SEM-7', 'Paolo Cannavaro', 'EAO-35', 11.32, 1.0, 'A', 0, 1);
insert into notes_details values ('2012-2013', 'SEM-7', 'Paolo Cannavaro', 'EAO-35', 11.32, 2.67, 'A', 2, 2);
insert into notes_details values ('2012-2013', 'SEM-7', 'Paolo Cannavaro', 'LCI-3', 11.32, 2.0, 'A', 0, 1);
insert into notes_details values ('2012-2013', 'SEM-7', 'Paolo Cannavaro', 'LCI-3', 11.32, 1.67, 'A', 0, 2);
insert into contentieux values ('2012-2013', 'SEM-7', 'Paolo Cannavaro', 'LCI-3');
insert into notes_details values ('2012-2013', 'SEM-7', 'Paolo Cannavaro', 'MAT-3', 11.32, 1.33, 'A', 0, 1);
insert into notes_details values ('2012-2013', 'SEM-7', 'Paolo Cannavaro', 'MAT-3', 11.32, 1.33, 'A', 0, 2);
insert into contentieux values ('2012-2013', 'SEM-7', 'Paolo Cannavaro', 'MAT-3');
insert into notes_details values ('2012-2013', 'SEM-7', 'Paolo Cannavaro', 'MNG-3', 11.32, 1.0, 'A', 0, 1);
insert into notes_details values ('2012-2013', 'SEM-7', 'Paolo Cannavaro', 'MNG-3', 11.32, 1.0, 'A', 3, 99);
insert into notes_details values ('2012-2013', 'SEM-7', 'Paolo Cannavaro', 'PJT-3', 11.32, 1.33, 'A', 0, 1);
insert into notes_details values ('2012-2013', 'SEM-7', 'Paolo Cannavaro', 'PJT-3', 11.32, 2.33, 'A', 0, 2);
insert into contentieux values ('2012-2013', 'SEM-7', 'Paolo Cannavaro', 'PJT-3');
insert into notes_details values ('2012-2013', 'SEM-7', 'Paolo Cannavaro', 'STD-3', 11.32, 1.67, 'A', 0, 1);
insert into notes_details values ('2012-2013', 'SEM-7', 'Paolo Cannavaro', 'STD-3', 11.32, 1.33, 'A', 0, 2);
insert into contentieux values ('2012-2013', 'SEM-7', 'Paolo Cannavaro', 'STD-3');
insert into gpa values ('2011-2012', 'SEM-5', 'Paolo Cannavaro', 2.07);
insert into gpa values ('2011-2012', 'SEM-6', 'Paolo Cannavaro', 3.58);
insert into gpa values ('2012-2013', 'SEM-7', 'Paolo Cannavaro', 3.31);
insert into eleves values ('Francois Butler', 1, 'S', 'Tres bien', 'MP', 'MP', 'fbutler');
insert into notes_details values ('2011-2012', 'SEM-5', 'Francois Butler', 'ALG-1', 11.32, 1.67, 'A', 0, 1);
insert into notes_details values ('2011-2012', 'SEM-5', 'Francois Butler', 'ALG-1', 11.32, 3.0, 'A', 3, 2);
insert into notes_details values ('2011-2012', 'SEM-5', 'Francois Butler', 'DPP-1', 11.32, 3.33, 'A', 2, 1);
insert into notes_details values ('2011-2012', 'SEM-5', 'Francois Butler', 'ELE-1', 11.32, 3.0, 'A', 3, 1);
insert into notes_details values ('2011-2012', 'SEM-5', 'Francois Butler', 'INP-1', 11.32, 4.0, 'A', 3, 1);
insert into notes_details values ('2011-2012', 'SEM-5', 'Francois Butler', 'LCI-1', 11.32, 1.33, 'A', 0, 1);
insert into notes_details values ('2011-2012', 'SEM-5', 'Francois Butler', 'LCI-1', 11.32, 2.67, 'A', 3, 2);
insert into notes_details values ('2011-2012', 'SEM-5', 'Francois Butler', 'MAT-1', 11.32, 1.33, 'A', 0, 1);
insert into notes_details values ('2011-2012', 'SEM-5', 'Francois Butler', 'MAT-1', 11.32, 4.0, 'A', 3, 2);
insert into notes_details values ('2011-2012', 'SEM-5', 'Francois Butler', 'MGP-1', 11.32, 4.0, 'A', 4, 1);
insert into notes_details values ('2011-2012', 'SEM-5', 'Francois Butler', 'PHO-1', 11.32, 3.33, 'A', 3, 1);
insert into notes_details values ('2011-2012', 'SEM-5', 'Francois Butler', 'PHQ-1', 11.32, 1.0, 'A', 0, 1);
insert into notes_details values ('2011-2012', 'SEM-5', 'Francois Butler', 'PHQ-1', 11.32, 2.67, 'A', 3, 2);
insert into notes_details values ('2011-2012', 'SEM-5', 'Francois Butler', 'SPM-1', 11.32, 3.33, 'A', 3, 1);
insert into notes_details values ('2011-2012', 'SEM-6', 'Francois Butler', 'DPP-2', 11.32, 2.67, 'A', 1, 1);
insert into notes_details values ('2011-2012', 'SEM-6', 'Francois Butler', 'EAO-2', 11.32, 1.67, 'A', 0, 1);
insert into notes_details values ('2011-2012', 'SEM-6', 'Francois Butler', 'EAO-2', 11.32, 2.0, 'A', 3, 99);
insert into notes_details values ('2011-2012', 'SEM-6', 'Francois Butler', 'ECO-2', 11.32, 4.0, 'A', 3, 1);
insert into notes_details values ('2011-2012', 'SEM-6', 'Francois Butler', 'LCI-2', 11.32, 2.33, 'A', 0, 1);
insert into notes_details values ('2011-2012', 'SEM-6', 'Francois Butler', 'LCI-2', 11.32, 3.33, 'A', 3, 2);
insert into notes_details values ('2011-2012', 'SEM-6', 'Francois Butler', 'MAT-2', 11.32, 3.33, 'A', 2, 1);
insert into notes_details values ('2011-2012', 'SEM-6', 'Francois Butler', 'MCO-2', 11.32, 3.33, 'A', 2, 1);
insert into notes_details values ('2011-2012', 'SEM-6', 'Francois Butler', 'MGP-2', 11.32, 3.33, 'A', 4, 1);
insert into notes_details values ('2011-2012', 'SEM-6', 'Francois Butler', 'PHS-2', 11.32, 1.33, 'A', 0, 1);
insert into notes_details values ('2011-2012', 'SEM-6', 'Francois Butler', 'PHS-2', 11.32, 4.0, 'A', 2, 2);
insert into notes_details values ('2011-2012', 'SEM-6', 'Francois Butler', 'PJT-2', 11.32, 2.67, 'A', 1, 1);
insert into notes_details values ('2011-2012', 'SEM-6', 'Francois Butler', 'RMS-2', 11.32, 3.67, 'A', 4, 1);
insert into notes_details values ('2011-2012', 'SEM-6', 'Francois Butler', 'STG-2', 11.32, 3.33, 'A', 2, 1);
insert into notes_details values ('2011-2012', 'SEM-6', 'Francois Butler', 'THS-2', 11.32, 2.0, 'A', 0, 1);
insert into notes_details values ('2011-2012', 'SEM-6', 'Francois Butler', 'THS-2', 11.32, 4.0, 'A', 3, 2);
insert into notes_details values ('2012-2013', 'SEM-7', 'Francois Butler', 'ASL-3', 11.32, 2.33, 'A', 0, 1);
insert into notes_details values ('2012-2013', 'SEM-7', 'Francois Butler', 'ASL-3', 11.32, 2.0, 'A', 2, 99);
insert into notes_details values ('2012-2013', 'SEM-7', 'Francois Butler', 'DPP-3', 11.32, 2.33, 'A', 0, 1);
insert into notes_details values ('2012-2013', 'SEM-7', 'Francois Butler', 'DPP-3', 11.32, 1.67, 'A', 0, 2);
insert into contentieux values ('2012-2013', 'SEM-7', 'Francois Butler', 'DPP-3');
insert into notes_details values ('2012-2013', 'SEM-7', 'Francois Butler', 'EAO-31', 11.32, 2.33, 'A', 0, 1);
insert into notes_details values ('2012-2013', 'SEM-7', 'Francois Butler', 'EAO-31', 11.32, 4.0, 'A', 2, 2);
insert into notes_details values ('2012-2013', 'SEM-7', 'Francois Butler', 'EAO-32', 11.32, 3.0, 'A', 2, 1);
insert into notes_details values ('2012-2013', 'SEM-7', 'Francois Butler', 'EAO-33', 11.32, 2.33, 'A', 0, 1);
insert into notes_details values ('2012-2013', 'SEM-7', 'Francois Butler', 'EAO-33', 11.32, 1.67, 'A', 2, 99);
insert into notes_details values ('2012-2013', 'SEM-7', 'Francois Butler', 'EAO-34', 11.32, 1.33, 'A', 0, 1);
insert into notes_details values ('2012-2013', 'SEM-7', 'Francois Butler', 'EAO-34', 11.32, 2.0, 'A', 2, 99);
insert into notes_details values ('2012-2013', 'SEM-7', 'Francois Butler', 'EAO-35', 11.32, 2.33, 'A', 0, 1);
insert into notes_details values ('2012-2013', 'SEM-7', 'Francois Butler', 'EAO-35', 11.32, 2.67, 'A', 2, 2);
insert into notes_details values ('2012-2013', 'SEM-7', 'Francois Butler', 'LCI-3', 11.32, 2.0, 'A', 0, 1);
insert into notes_details values ('2012-2013', 'SEM-7', 'Francois Butler', 'LCI-3', 11.32, 4.0, 'A', 3, 2);
insert into notes_details values ('2012-2013', 'SEM-7', 'Francois Butler', 'MAT-3', 11.32, 2.33, 'A', 0, 1);
insert into notes_details values ('2012-2013', 'SEM-7', 'Francois Butler', 'MAT-3', 11.32, 1.33, 'A', 3, 99);
insert into notes_details values ('2012-2013', 'SEM-7', 'Francois Butler', 'MNG-3', 11.32, 3.67, 'A', 3, 1);
insert into notes_details values ('2012-2013', 'SEM-7', 'Francois Butler', 'PJT-3', 11.32, 2.33, 'A', 0, 1);
insert into notes_details values ('2012-2013', 'SEM-7', 'Francois Butler', 'PJT-3', 11.32, 1.33, 'A', 0, 2);
insert into contentieux values ('2012-2013', 'SEM-7', 'Francois Butler', 'PJT-3');
insert into notes_details values ('2012-2013', 'SEM-7', 'Francois Butler', 'STD-3', 11.32, 2.0, 'A', 0, 1);
insert into notes_details values ('2012-2013', 'SEM-7', 'Francois Butler', 'STD-3', 11.32, 2.0, 'A', 0, 2);
insert into contentieux values ('2012-2013', 'SEM-7', 'Francois Butler', 'STD-3');
insert into gpa values ('2011-2012', 'SEM-5', 'Francois Butler', 3.15);
insert into gpa values ('2011-2012', 'SEM-6', 'Francois Butler', 2.24);
insert into gpa values ('2012-2013', 'SEM-7', 'Francois Butler', 2.17);
insert into eleves values ('Hugo Morel', 1, 'S', 'Tres bien', 'MP', 'MP', 'hmorel');
insert into notes_details values ('2011-2012', 'SEM-5', 'Hugo Morel', 'ALG-1', 11.32, 4.0, 'A', 3, 1);
insert into notes_details values ('2011-2012', 'SEM-5', 'Hugo Morel', 'DPP-1', 11.32, 2.0, 'A', 0, 1);
insert into notes_details values ('2011-2012', 'SEM-5', 'Hugo Morel', 'DPP-1', 11.32, 1.0, 'A', 2, 99);
insert into notes_details values ('2011-2012', 'SEM-5', 'Hugo Morel', 'ELE-1', 11.32, 1.67, 'A', 0, 1);
insert into notes_details values ('2011-2012', 'SEM-5', 'Hugo Morel', 'ELE-1', 11.32, 3.0, 'A', 3, 2);
insert into notes_details values ('2011-2012', 'SEM-5', 'Hugo Morel', 'INP-1', 11.32, 1.33, 'A', 0, 1);
insert into notes_details values ('2011-2012', 'SEM-5', 'Hugo Morel', 'INP-1', 11.32, 1.67, 'A', 3, 99);
insert into notes_details values ('2011-2012', 'SEM-5', 'Hugo Morel', 'LCI-1', 11.32, 1.33, 'A', 0, 1);
insert into notes_details values ('2011-2012', 'SEM-5', 'Hugo Morel', 'LCI-1', 11.32, 4.0, 'A', 3, 2);
insert into notes_details values ('2011-2012', 'SEM-5', 'Hugo Morel', 'MAT-1', 11.32, 3.33, 'A', 3, 1);
insert into notes_details values ('2011-2012', 'SEM-5', 'Hugo Morel', 'MGP-1', 11.32, 1.0, 'A', 0, 1);
insert into notes_details values ('2011-2012', 'SEM-5', 'Hugo Morel', 'MGP-1', 11.32, 3.67, 'A', 4, 2);
insert into notes_details values ('2011-2012', 'SEM-5', 'Hugo Morel', 'PHO-1', 11.32, 2.67, 'A', 3, 1);
insert into notes_details values ('2011-2012', 'SEM-5', 'Hugo Morel', 'PHQ-1', 11.32, 2.33, 'A', 0, 1);
insert into notes_details values ('2011-2012', 'SEM-5', 'Hugo Morel', 'PHQ-1', 11.32, 3.67, 'A', 3, 2);
insert into notes_details values ('2011-2012', 'SEM-5', 'Hugo Morel', 'SPM-1', 11.32, 2.0, 'A', 0, 1);
insert into notes_details values ('2011-2012', 'SEM-5', 'Hugo Morel', 'SPM-1', 11.32, 2.67, 'A', 3, 2);
insert into notes_details values ('2011-2012', 'SEM-6', 'Hugo Morel', 'DPP-2', 11.32, 1.0, 'A', 0, 1);
insert into notes_details values ('2011-2012', 'SEM-6', 'Hugo Morel', 'DPP-2', 11.32, 2.67, 'A', 1, 2);
insert into notes_details values ('2011-2012', 'SEM-6', 'Hugo Morel', 'EAO-2', 11.32, 4.0, 'A', 3, 1);
insert into notes_details values ('2011-2012', 'SEM-6', 'Hugo Morel', 'ECO-2', 11.32, 3.33, 'A', 3, 1);
insert into notes_details values ('2011-2012', 'SEM-6', 'Hugo Morel', 'LCI-2', 11.32, 3.33, 'A', 3, 1);
insert into notes_details values ('2011-2012', 'SEM-6', 'Hugo Morel', 'MAT-2', 11.32, 3.67, 'A', 2, 1);
insert into notes_details values ('2011-2012', 'SEM-6', 'Hugo Morel', 'MCO-2', 11.32, 3.67, 'A', 2, 1);
insert into notes_details values ('2011-2012', 'SEM-6', 'Hugo Morel', 'MGP-2', 11.32, 1.33, 'A', 0, 1);
insert into notes_details values ('2011-2012', 'SEM-6', 'Hugo Morel', 'MGP-2', 11.32, 2.0, 'A', 4, 99);
insert into notes_details values ('2011-2012', 'SEM-6', 'Hugo Morel', 'PHS-2', 11.32, 2.0, 'A', 0, 1);
insert into notes_details values ('2011-2012', 'SEM-6', 'Hugo Morel', 'PHS-2', 11.32, 3.33, 'A', 2, 2);
insert into notes_details values ('2011-2012', 'SEM-6', 'Hugo Morel', 'PJT-2', 11.32, 3.33, 'A', 1, 1);
insert into notes_details values ('2011-2012', 'SEM-6', 'Hugo Morel', 'RMS-2', 11.32, 1.33, 'A', 0, 1);
insert into notes_details values ('2011-2012', 'SEM-6', 'Hugo Morel', 'RMS-2', 11.32, 1.67, 'A', 4, 99);
insert into notes_details values ('2011-2012', 'SEM-6', 'Hugo Morel', 'STG-2', 11.32, 1.67, 'A', 0, 1);
insert into notes_details values ('2011-2012', 'SEM-6', 'Hugo Morel', 'STG-2', 11.32, 1.33, 'A', 2, 99);
insert into notes_details values ('2011-2012', 'SEM-6', 'Hugo Morel', 'THS-2', 11.32, 3.33, 'A', 3, 1);
insert into notes_details values ('2012-2013', 'SEM-7', 'Hugo Morel', 'ASL-3', 11.32, 2.0, 'A', 0, 1);
insert into notes_details values ('2012-2013', 'SEM-7', 'Hugo Morel', 'ASL-3', 11.32, 1.0, 'A', 2, 99);
insert into notes_details values ('2012-2013', 'SEM-7', 'Hugo Morel', 'DPP-3', 11.32, 1.0, 'A', 0, 1);
insert into notes_details values ('2012-2013', 'SEM-7', 'Hugo Morel', 'DPP-3', 11.32, 1.67, 'A', 0, 2);
insert into contentieux values ('2012-2013', 'SEM-7', 'Hugo Morel', 'DPP-3');
insert into notes_details values ('2012-2013', 'SEM-7', 'Hugo Morel', 'EAO-31', 11.32, 1.33, 'A', 0, 1);
insert into notes_details values ('2012-2013', 'SEM-7', 'Hugo Morel', 'EAO-31', 11.32, 3.67, 'A', 2, 2);
insert into notes_details values ('2012-2013', 'SEM-7', 'Hugo Morel', 'EAO-32', 11.32, 1.0, 'A', 0, 1);
insert into notes_details values ('2012-2013', 'SEM-7', 'Hugo Morel', 'EAO-32', 11.32, 1.67, 'A', 2, 99);
insert into notes_details values ('2012-2013', 'SEM-7', 'Hugo Morel', 'EAO-33', 11.32, 1.0, 'A', 0, 1);
insert into notes_details values ('2012-2013', 'SEM-7', 'Hugo Morel', 'EAO-33', 11.32, 2.67, 'A', 2, 2);
insert into notes_details values ('2012-2013', 'SEM-7', 'Hugo Morel', 'EAO-34', 11.32, 2.0, 'A', 0, 1);
insert into notes_details values ('2012-2013', 'SEM-7', 'Hugo Morel', 'EAO-34', 11.32, 3.67, 'A', 2, 2);
insert into notes_details values ('2012-2013', 'SEM-7', 'Hugo Morel', 'EAO-35', 11.32, 1.67, 'A', 0, 1);
insert into notes_details values ('2012-2013', 'SEM-7', 'Hugo Morel', 'EAO-35', 11.32, 3.33, 'A', 2, 2);
insert into notes_details values ('2012-2013', 'SEM-7', 'Hugo Morel', 'LCI-3', 11.32, 2.33, 'A', 0, 1);
insert into notes_details values ('2012-2013', 'SEM-7', 'Hugo Morel', 'LCI-3', 11.32, 1.0, 'A', 0, 2);
insert into contentieux values ('2012-2013', 'SEM-7', 'Hugo Morel', 'LCI-3');
insert into notes_details values ('2012-2013', 'SEM-7', 'Hugo Morel', 'MAT-3', 11.32, 3.33, 'A', 3, 1);
insert into notes_details values ('2012-2013', 'SEM-7', 'Hugo Morel', 'MNG-3', 11.32, 3.33, 'A', 3, 1);
insert into notes_details values ('2012-2013', 'SEM-7', 'Hugo Morel', 'PJT-3', 11.32, 1.33, 'A', 0, 1);
insert into notes_details values ('2012-2013', 'SEM-7', 'Hugo Morel', 'PJT-3', 11.32, 2.0, 'A', 0, 2);
insert into contentieux values ('2012-2013', 'SEM-7', 'Hugo Morel', 'PJT-3');
insert into notes_details values ('2012-2013', 'SEM-7', 'Hugo Morel', 'STD-3', 11.32, 1.33, 'A', 0, 1);
insert into notes_details values ('2012-2013', 'SEM-7', 'Hugo Morel', 'STD-3', 11.32, 1.33, 'A', 0, 2);
insert into contentieux values ('2012-2013', 'SEM-7', 'Hugo Morel', 'STD-3');
insert into gpa values ('2011-2012', 'SEM-5', 'Hugo Morel', 2.99);
insert into gpa values ('2011-2012', 'SEM-6', 'Hugo Morel', 3.76);
insert into gpa values ('2012-2013', 'SEM-7', 'Hugo Morel', 3.82);
insert into eleves values ('Christophe Cailot', 1, 'S', 'Tres bien', 'MP', 'MP', 'ccailot');
insert into notes_details values ('2011-2012', 'SEM-5', 'Christophe Cailot', 'ALG-1', 11.32, 2.33, 'A', 0, 1);
insert into notes_details values ('2011-2012', 'SEM-5', 'Christophe Cailot', 'ALG-1', 11.32, 2.67, 'A', 3, 2);
insert into notes_details values ('2011-2012', 'SEM-5', 'Christophe Cailot', 'DPP-1', 11.32, 2.67, 'A', 2, 1);
insert into notes_details values ('2011-2012', 'SEM-5', 'Christophe Cailot', 'ELE-1', 11.32, 1.67, 'A', 0, 1);
insert into notes_details values ('2011-2012', 'SEM-5', 'Christophe Cailot', 'ELE-1', 11.32, 3.0, 'A', 3, 2);
insert into notes_details values ('2011-2012', 'SEM-5', 'Christophe Cailot', 'INP-1', 11.32, 2.0, 'A', 0, 1);
insert into notes_details values ('2011-2012', 'SEM-5', 'Christophe Cailot', 'INP-1', 11.32, 4.0, 'A', 3, 2);
insert into notes_details values ('2011-2012', 'SEM-5', 'Christophe Cailot', 'LCI-1', 11.32, 2.0, 'A', 0, 1);
insert into notes_details values ('2011-2012', 'SEM-5', 'Christophe Cailot', 'LCI-1', 11.32, 3.33, 'A', 3, 2);
insert into notes_details values ('2011-2012', 'SEM-5', 'Christophe Cailot', 'MAT-1', 11.32, 3.67, 'A', 3, 1);
insert into notes_details values ('2011-2012', 'SEM-5', 'Christophe Cailot', 'MGP-1', 11.32, 1.33, 'A', 0, 1);
insert into notes_details values ('2011-2012', 'SEM-5', 'Christophe Cailot', 'MGP-1', 11.32, 2.67, 'A', 4, 2);
insert into notes_details values ('2011-2012', 'SEM-5', 'Christophe Cailot', 'PHO-1', 11.32, 1.0, 'A', 0, 1);
insert into notes_details values ('2011-2012', 'SEM-5', 'Christophe Cailot', 'PHO-1', 11.32, 2.67, 'A', 3, 2);
insert into notes_details values ('2011-2012', 'SEM-5', 'Christophe Cailot', 'PHQ-1', 11.32, 1.0, 'A', 0, 1);
insert into notes_details values ('2011-2012', 'SEM-5', 'Christophe Cailot', 'PHQ-1', 11.32, 1.67, 'A', 3, 99);
insert into notes_details values ('2011-2012', 'SEM-5', 'Christophe Cailot', 'SPM-1', 11.32, 2.67, 'A', 3, 1);
insert into notes_details values ('2011-2012', 'SEM-6', 'Christophe Cailot', 'DPP-2', 11.32, 4.0, 'A', 1, 1);
insert into notes_details values ('2011-2012', 'SEM-6', 'Christophe Cailot', 'EAO-2', 11.32, 1.33, 'A', 0, 1);
insert into notes_details values ('2011-2012', 'SEM-6', 'Christophe Cailot', 'EAO-2', 11.32, 3.67, 'A', 3, 2);
insert into notes_details values ('2011-2012', 'SEM-6', 'Christophe Cailot', 'ECO-2', 11.32, 3.33, 'A', 3, 1);
insert into notes_details values ('2011-2012', 'SEM-6', 'Christophe Cailot', 'LCI-2', 11.32, 3.33, 'A', 3, 1);
insert into notes_details values ('2011-2012', 'SEM-6', 'Christophe Cailot', 'MAT-2', 11.32, 1.67, 'A', 0, 1);
insert into notes_details values ('2011-2012', 'SEM-6', 'Christophe Cailot', 'MAT-2', 11.32, 1.33, 'A', 2, 99);
insert into notes_details values ('2011-2012', 'SEM-6', 'Christophe Cailot', 'MCO-2', 11.32, 4.0, 'A', 2, 1);
insert into notes_details values ('2011-2012', 'SEM-6', 'Christophe Cailot', 'MGP-2', 11.32, 2.67, 'A', 4, 1);
insert into notes_details values ('2011-2012', 'SEM-6', 'Christophe Cailot', 'PHS-2', 11.32, 2.0, 'A', 0, 1);
insert into notes_details values ('2011-2012', 'SEM-6', 'Christophe Cailot', 'PHS-2', 11.32, 4.0, 'A', 2, 2);
insert into notes_details values ('2011-2012', 'SEM-6', 'Christophe Cailot', 'PJT-2', 11.32, 1.0, 'A', 0, 1);
insert into notes_details values ('2011-2012', 'SEM-6', 'Christophe Cailot', 'PJT-2', 11.32, 3.0, 'A', 1, 2);
insert into notes_details values ('2011-2012', 'SEM-6', 'Christophe Cailot', 'RMS-2', 11.32, 1.33, 'A', 0, 1);
insert into notes_details values ('2011-2012', 'SEM-6', 'Christophe Cailot', 'RMS-2', 11.32, 4.0, 'A', 4, 2);
insert into notes_details values ('2011-2012', 'SEM-6', 'Christophe Cailot', 'STG-2', 11.32, 3.33, 'A', 2, 1);
insert into notes_details values ('2011-2012', 'SEM-6', 'Christophe Cailot', 'THS-2', 11.32, 1.0, 'A', 0, 1);
insert into notes_details values ('2011-2012', 'SEM-6', 'Christophe Cailot', 'THS-2', 11.32, 4.0, 'A', 3, 2);
insert into notes_details values ('2012-2013', 'SEM-7', 'Christophe Cailot', 'ASL-3', 11.32, 2.67, 'A', 2, 1);
insert into notes_details values ('2012-2013', 'SEM-7', 'Christophe Cailot', 'DPP-3', 11.32, 1.0, 'A', 0, 1);
insert into notes_details values ('2012-2013', 'SEM-7', 'Christophe Cailot', 'DPP-3', 11.32, 3.67, 'A', 2, 2);
insert into notes_details values ('2012-2013', 'SEM-7', 'Christophe Cailot', 'EAO-31', 11.32, 2.33, 'A', 0, 1);
insert into notes_details values ('2012-2013', 'SEM-7', 'Christophe Cailot', 'EAO-31', 11.32, 3.0, 'A', 2, 2);
insert into notes_details values ('2012-2013', 'SEM-7', 'Christophe Cailot', 'EAO-32', 11.32, 3.33, 'A', 2, 1);
insert into notes_details values ('2012-2013', 'SEM-7', 'Christophe Cailot', 'EAO-33', 11.32, 3.33, 'A', 2, 1);
insert into notes_details values ('2012-2013', 'SEM-7', 'Christophe Cailot', 'EAO-34', 11.32, 1.0, 'A', 0, 1);
insert into notes_details values ('2012-2013', 'SEM-7', 'Christophe Cailot', 'EAO-34', 11.32, 2.33, 'A', 0, 2);
insert into contentieux values ('2012-2013', 'SEM-7', 'Christophe Cailot', 'EAO-34');
insert into notes_details values ('2012-2013', 'SEM-7', 'Christophe Cailot', 'EAO-35', 11.32, 1.0, 'A', 0, 1);
insert into notes_details values ('2012-2013', 'SEM-7', 'Christophe Cailot', 'EAO-35', 11.32, 1.0, 'A', 0, 2);
insert into contentieux values ('2012-2013', 'SEM-7', 'Christophe Cailot', 'EAO-35');
insert into notes_details values ('2012-2013', 'SEM-7', 'Christophe Cailot', 'LCI-3', 11.32, 4.0, 'A', 3, 1);
insert into notes_details values ('2012-2013', 'SEM-7', 'Christophe Cailot', 'MAT-3', 11.32, 2.67, 'A', 3, 1);
insert into notes_details values ('2012-2013', 'SEM-7', 'Christophe Cailot', 'MNG-3', 11.32, 2.33, 'A', 0, 1);
insert into notes_details values ('2012-2013', 'SEM-7', 'Christophe Cailot', 'MNG-3', 11.32, 1.67, 'A', 0, 2);
insert into contentieux values ('2012-2013', 'SEM-7', 'Christophe Cailot', 'MNG-3');
insert into notes_details values ('2012-2013', 'SEM-7', 'Christophe Cailot', 'PJT-3', 11.32, 2.33, 'A', 0, 1);
insert into notes_details values ('2012-2013', 'SEM-7', 'Christophe Cailot', 'PJT-3', 11.32, 3.33, 'A', 5, 2);
insert into notes_details values ('2012-2013', 'SEM-7', 'Christophe Cailot', 'STD-3', 11.32, 1.0, 'A', 0, 1);
insert into notes_details values ('2012-2013', 'SEM-7', 'Christophe Cailot', 'STD-3', 11.32, 1.67, 'A', 0, 2);
insert into contentieux values ('2012-2013', 'SEM-7', 'Christophe Cailot', 'STD-3');
insert into gpa values ('2011-2012', 'SEM-5', 'Christophe Cailot', 2.62);
insert into gpa values ('2011-2012', 'SEM-6', 'Christophe Cailot', 2.34);
insert into gpa values ('2012-2013', 'SEM-7', 'Christophe Cailot', 2.55);
insert into eleves values ('Florent Robert', 1, 'S', 'Tres bien', 'MP', 'MP', 'frobert');
insert into notes_details values ('2011-2012', 'SEM-5', 'Florent Robert', 'ALG-1', 11.32, 2.0, 'A', 0, 1);
insert into notes_details values ('2011-2012', 'SEM-5', 'Florent Robert', 'ALG-1', 11.32, 3.0, 'A', 3, 2);
insert into notes_details values ('2011-2012', 'SEM-5', 'Florent Robert', 'DPP-1', 11.32, 1.0, 'A', 0, 1);
insert into notes_details values ('2011-2012', 'SEM-5', 'Florent Robert', 'DPP-1', 11.32, 3.33, 'A', 2, 2);
insert into notes_details values ('2011-2012', 'SEM-5', 'Florent Robert', 'ELE-1', 11.32, 2.0, 'A', 0, 1);
insert into notes_details values ('2011-2012', 'SEM-5', 'Florent Robert', 'ELE-1', 11.32, 3.33, 'A', 3, 2);
insert into notes_details values ('2011-2012', 'SEM-5', 'Florent Robert', 'INP-1', 11.32, 3.0, 'A', 3, 1);
insert into notes_details values ('2011-2012', 'SEM-5', 'Florent Robert', 'LCI-1', 11.32, 4.0, 'A', 3, 1);
insert into notes_details values ('2011-2012', 'SEM-5', 'Florent Robert', 'MAT-1', 11.32, 3.67, 'A', 3, 1);
insert into notes_details values ('2011-2012', 'SEM-5', 'Florent Robert', 'MGP-1', 11.32, 4.0, 'A', 4, 1);
insert into notes_details values ('2011-2012', 'SEM-5', 'Florent Robert', 'PHO-1', 11.32, 2.33, 'A', 0, 1);
insert into notes_details values ('2011-2012', 'SEM-5', 'Florent Robert', 'PHO-1', 11.32, 2.67, 'A', 3, 2);
insert into notes_details values ('2011-2012', 'SEM-5', 'Florent Robert', 'PHQ-1', 11.32, 3.67, 'A', 3, 1);
insert into notes_details values ('2011-2012', 'SEM-5', 'Florent Robert', 'SPM-1', 11.32, 1.33, 'A', 0, 1);
insert into notes_details values ('2011-2012', 'SEM-5', 'Florent Robert', 'SPM-1', 11.32, 3.33, 'A', 3, 2);
insert into notes_details values ('2011-2012', 'SEM-6', 'Florent Robert', 'DPP-2', 11.32, 2.33, 'A', 0, 1);
insert into notes_details values ('2011-2012', 'SEM-6', 'Florent Robert', 'DPP-2', 11.32, 3.33, 'A', 1, 2);
insert into notes_details values ('2011-2012', 'SEM-6', 'Florent Robert', 'EAO-2', 11.32, 3.67, 'A', 3, 1);
insert into notes_details values ('2011-2012', 'SEM-6', 'Florent Robert', 'ECO-2', 11.32, 3.33, 'A', 3, 1);
insert into notes_details values ('2011-2012', 'SEM-6', 'Florent Robert', 'LCI-2', 11.32, 1.0, 'A', 0, 1);
insert into notes_details values ('2011-2012', 'SEM-6', 'Florent Robert', 'LCI-2', 11.32, 3.33, 'A', 3, 2);
insert into notes_details values ('2011-2012', 'SEM-6', 'Florent Robert', 'MAT-2', 11.32, 2.67, 'A', 2, 1);
insert into notes_details values ('2011-2012', 'SEM-6', 'Florent Robert', 'MCO-2', 11.32, 3.33, 'A', 2, 1);
insert into notes_details values ('2011-2012', 'SEM-6', 'Florent Robert', 'MGP-2', 11.32, 2.0, 'A', 0, 1);
insert into notes_details values ('2011-2012', 'SEM-6', 'Florent Robert', 'MGP-2', 11.32, 4.0, 'A', 4, 2);
insert into notes_details values ('2011-2012', 'SEM-6', 'Florent Robert', 'PHS-2', 11.32, 1.0, 'A', 0, 1);
insert into notes_details values ('2011-2012', 'SEM-6', 'Florent Robert', 'PHS-2', 11.32, 2.67, 'A', 2, 2);
insert into notes_details values ('2011-2012', 'SEM-6', 'Florent Robert', 'PJT-2', 11.32, 4.0, 'A', 1, 1);
insert into notes_details values ('2011-2012', 'SEM-6', 'Florent Robert', 'RMS-2', 11.32, 3.33, 'A', 4, 1);
insert into notes_details values ('2011-2012', 'SEM-6', 'Florent Robert', 'STG-2', 11.32, 3.33, 'A', 2, 1);
insert into notes_details values ('2011-2012', 'SEM-6', 'Florent Robert', 'THS-2', 11.32, 4.0, 'A', 3, 1);
insert into notes_details values ('2012-2013', 'SEM-7', 'Florent Robert', 'ASL-3', 11.32, 2.67, 'A', 2, 1);
insert into notes_details values ('2012-2013', 'SEM-7', 'Florent Robert', 'DPP-3', 11.32, 1.0, 'A', 0, 1);
insert into notes_details values ('2012-2013', 'SEM-7', 'Florent Robert', 'DPP-3', 11.32, 4.0, 'A', 2, 2);
insert into notes_details values ('2012-2013', 'SEM-7', 'Florent Robert', 'EAO-31', 11.32, 3.33, 'A', 2, 1);
insert into notes_details values ('2012-2013', 'SEM-7', 'Florent Robert', 'EAO-32', 11.32, 1.67, 'A', 0, 1);
insert into notes_details values ('2012-2013', 'SEM-7', 'Florent Robert', 'EAO-32', 11.32, 3.0, 'A', 2, 2);
insert into notes_details values ('2012-2013', 'SEM-7', 'Florent Robert', 'EAO-33', 11.32, 2.67, 'A', 2, 1);
insert into notes_details values ('2012-2013', 'SEM-7', 'Florent Robert', 'EAO-34', 11.32, 2.33, 'A', 0, 1);
insert into notes_details values ('2012-2013', 'SEM-7', 'Florent Robert', 'EAO-34', 11.32, 2.33, 'A', 0, 2);
insert into contentieux values ('2012-2013', 'SEM-7', 'Florent Robert', 'EAO-34');
insert into notes_details values ('2012-2013', 'SEM-7', 'Florent Robert', 'EAO-35', 11.32, 1.67, 'A', 0, 1);
insert into notes_details values ('2012-2013', 'SEM-7', 'Florent Robert', 'EAO-35', 11.32, 3.33, 'A', 2, 2);
insert into notes_details values ('2012-2013', 'SEM-7', 'Florent Robert', 'LCI-3', 11.32, 2.67, 'A', 3, 1);
insert into notes_details values ('2012-2013', 'SEM-7', 'Florent Robert', 'MAT-3', 11.32, 4.0, 'A', 3, 1);
insert into notes_details values ('2012-2013', 'SEM-7', 'Florent Robert', 'MNG-3', 11.32, 1.0, 'A', 0, 1);
insert into notes_details values ('2012-2013', 'SEM-7', 'Florent Robert', 'MNG-3', 11.32, 2.33, 'A', 0, 2);
insert into contentieux values ('2012-2013', 'SEM-7', 'Florent Robert', 'MNG-3');
insert into notes_details values ('2012-2013', 'SEM-7', 'Florent Robert', 'PJT-3', 11.32, 3.0, 'A', 5, 1);
insert into notes_details values ('2012-2013', 'SEM-7', 'Florent Robert', 'STD-3', 11.32, 3.67, 'A', 2, 1);
insert into gpa values ('2011-2012', 'SEM-5', 'Florent Robert', 3.37);
insert into gpa values ('2011-2012', 'SEM-6', 'Florent Robert', 3.85);
insert into gpa values ('2012-2013', 'SEM-7', 'Florent Robert', 2.48);
insert into eleves values ('Arthur Ratte', 1, 'S', 'Tres bien', 'etranger', 'MP', 'aratte');
insert into notes_details values ('2011-2012', 'SEM-5', 'Arthur Ratte', 'ALG-1', 11.32, 2.0, 'A', 0, 1);
insert into notes_details values ('2011-2012', 'SEM-5', 'Arthur Ratte', 'ALG-1', 11.32, 3.0, 'A', 3, 2);
insert into notes_details values ('2011-2012', 'SEM-5', 'Arthur Ratte', 'DPP-1', 11.32, 3.67, 'A', 2, 1);
insert into notes_details values ('2011-2012', 'SEM-5', 'Arthur Ratte', 'ELE-1', 11.32, 2.0, 'A', 0, 1);
insert into notes_details values ('2011-2012', 'SEM-5', 'Arthur Ratte', 'ELE-1', 11.32, 3.67, 'A', 3, 2);
insert into notes_details values ('2011-2012', 'SEM-5', 'Arthur Ratte', 'INP-1', 11.32, 4.0, 'A', 3, 1);
insert into notes_details values ('2011-2012', 'SEM-5', 'Arthur Ratte', 'LCI-1', 11.32, 1.33, 'A', 0, 1);
insert into notes_details values ('2011-2012', 'SEM-5', 'Arthur Ratte', 'LCI-1', 11.32, 4.0, 'A', 3, 2);
insert into notes_details values ('2011-2012', 'SEM-5', 'Arthur Ratte', 'MAT-1', 11.32, 1.33, 'A', 0, 1);
insert into notes_details values ('2011-2012', 'SEM-5', 'Arthur Ratte', 'MAT-1', 11.32, 4.0, 'A', 3, 2);
insert into notes_details values ('2011-2012', 'SEM-5', 'Arthur Ratte', 'MGP-1', 11.32, 2.33, 'A', 0, 1);
insert into notes_details values ('2011-2012', 'SEM-5', 'Arthur Ratte', 'MGP-1', 11.32, 4.0, 'A', 4, 2);
insert into notes_details values ('2011-2012', 'SEM-5', 'Arthur Ratte', 'PHO-1', 11.32, 2.33, 'A', 0, 1);
insert into notes_details values ('2011-2012', 'SEM-5', 'Arthur Ratte', 'PHO-1', 11.32, 3.33, 'A', 3, 2);
insert into notes_details values ('2011-2012', 'SEM-5', 'Arthur Ratte', 'PHQ-1', 11.32, 2.0, 'A', 0, 1);
insert into notes_details values ('2011-2012', 'SEM-5', 'Arthur Ratte', 'PHQ-1', 11.32, 2.67, 'A', 3, 2);
insert into notes_details values ('2011-2012', 'SEM-5', 'Arthur Ratte', 'SPM-1', 11.32, 3.33, 'A', 3, 1);
insert into notes_details values ('2011-2012', 'SEM-6', 'Arthur Ratte', 'DPP-2', 11.32, 1.67, 'A', 0, 1);
insert into notes_details values ('2011-2012', 'SEM-6', 'Arthur Ratte', 'DPP-2', 11.32, 3.0, 'A', 1, 2);
insert into notes_details values ('2011-2012', 'SEM-6', 'Arthur Ratte', 'EAO-2', 11.32, 3.33, 'A', 3, 1);
insert into notes_details values ('2011-2012', 'SEM-6', 'Arthur Ratte', 'ECO-2', 11.32, 1.0, 'A', 0, 1);
insert into notes_details values ('2011-2012', 'SEM-6', 'Arthur Ratte', 'ECO-2', 11.32, 3.33, 'A', 3, 2);
insert into notes_details values ('2011-2012', 'SEM-6', 'Arthur Ratte', 'LCI-2', 11.32, 3.33, 'A', 3, 1);
insert into notes_details values ('2011-2012', 'SEM-6', 'Arthur Ratte', 'MAT-2', 11.32, 3.67, 'A', 2, 1);
insert into notes_details values ('2011-2012', 'SEM-6', 'Arthur Ratte', 'MCO-2', 11.32, 1.0, 'A', 0, 1);
insert into notes_details values ('2011-2012', 'SEM-6', 'Arthur Ratte', 'MCO-2', 11.32, 2.67, 'A', 2, 2);
insert into notes_details values ('2011-2012', 'SEM-6', 'Arthur Ratte', 'MGP-2', 11.32, 3.0, 'A', 4, 1);
insert into notes_details values ('2011-2012', 'SEM-6', 'Arthur Ratte', 'PHS-2', 11.32, 3.67, 'A', 2, 1);
insert into notes_details values ('2011-2012', 'SEM-6', 'Arthur Ratte', 'PJT-2', 11.32, 2.0, 'A', 0, 1);
insert into notes_details values ('2011-2012', 'SEM-6', 'Arthur Ratte', 'PJT-2', 11.32, 3.67, 'A', 1, 2);
insert into notes_details values ('2011-2012', 'SEM-6', 'Arthur Ratte', 'RMS-2', 11.32, 4.0, 'A', 4, 1);
insert into notes_details values ('2011-2012', 'SEM-6', 'Arthur Ratte', 'STG-2', 11.32, 1.67, 'A', 0, 1);
insert into notes_details values ('2011-2012', 'SEM-6', 'Arthur Ratte', 'STG-2', 11.32, 4.0, 'A', 2, 2);
insert into notes_details values ('2011-2012', 'SEM-6', 'Arthur Ratte', 'THS-2', 11.32, 2.67, 'A', 3, 1);
insert into notes_details values ('2012-2013', 'SEM-7', 'Arthur Ratte', 'ASL-3', 11.32, 2.0, 'A', 0, 1);
insert into notes_details values ('2012-2013', 'SEM-7', 'Arthur Ratte', 'ASL-3', 11.32, 3.33, 'A', 2, 2);
insert into notes_details values ('2012-2013', 'SEM-7', 'Arthur Ratte', 'DPP-3', 11.32, 2.33, 'A', 0, 1);
insert into notes_details values ('2012-2013', 'SEM-7', 'Arthur Ratte', 'DPP-3', 11.32, 3.67, 'A', 2, 2);
insert into notes_details values ('2012-2013', 'SEM-7', 'Arthur Ratte', 'EAO-31', 11.32, 2.33, 'A', 0, 1);
insert into notes_details values ('2012-2013', 'SEM-7', 'Arthur Ratte', 'EAO-31', 11.32, 1.33, 'A', 0, 2);
insert into contentieux values ('2012-2013', 'SEM-7', 'Arthur Ratte', 'EAO-31');
insert into notes_details values ('2012-2013', 'SEM-7', 'Arthur Ratte', 'EAO-32', 11.32, 1.67, 'A', 0, 1);
insert into notes_details values ('2012-2013', 'SEM-7', 'Arthur Ratte', 'EAO-32', 11.32, 3.0, 'A', 2, 2);
insert into notes_details values ('2012-2013', 'SEM-7', 'Arthur Ratte', 'EAO-33', 11.32, 2.67, 'A', 2, 1);
insert into notes_details values ('2012-2013', 'SEM-7', 'Arthur Ratte', 'EAO-34', 11.32, 3.67, 'A', 2, 1);
insert into notes_details values ('2012-2013', 'SEM-7', 'Arthur Ratte', 'EAO-35', 11.32, 1.67, 'A', 0, 1);
insert into notes_details values ('2012-2013', 'SEM-7', 'Arthur Ratte', 'EAO-35', 11.32, 2.33, 'A', 0, 2);
insert into contentieux values ('2012-2013', 'SEM-7', 'Arthur Ratte', 'EAO-35');
insert into notes_details values ('2012-2013', 'SEM-7', 'Arthur Ratte', 'LCI-3', 11.32, 2.67, 'A', 3, 1);
insert into notes_details values ('2012-2013', 'SEM-7', 'Arthur Ratte', 'MAT-3', 11.32, 1.67, 'A', 0, 1);
insert into notes_details values ('2012-2013', 'SEM-7', 'Arthur Ratte', 'MAT-3', 11.32, 1.33, 'A', 3, 99);
insert into notes_details values ('2012-2013', 'SEM-7', 'Arthur Ratte', 'MNG-3', 11.32, 2.67, 'A', 3, 1);
insert into notes_details values ('2012-2013', 'SEM-7', 'Arthur Ratte', 'PJT-3', 11.32, 2.67, 'A', 5, 1);
insert into notes_details values ('2012-2013', 'SEM-7', 'Arthur Ratte', 'STD-3', 11.32, 4.0, 'A', 2, 1);
insert into gpa values ('2011-2012', 'SEM-5', 'Arthur Ratte', 2.64);
insert into gpa values ('2011-2012', 'SEM-6', 'Arthur Ratte', 3.3);
insert into gpa values ('2012-2013', 'SEM-7', 'Arthur Ratte', 2.94);
insert into eleves values ('Luis Rossi', 1, 'S', 'Tres bien', 'MP', 'MP', 'lrossi');
insert into notes_details values ('2011-2012', 'SEM-5', 'Luis Rossi', 'ALG-1', 11.32, 3.0, 'A', 3, 1);
insert into notes_details values ('2011-2012', 'SEM-5', 'Luis Rossi', 'DPP-1', 11.32, 2.33, 'A', 0, 1);
insert into notes_details values ('2011-2012', 'SEM-5', 'Luis Rossi', 'DPP-1', 11.32, 2.0, 'A', 2, 99);
insert into notes_details values ('2011-2012', 'SEM-5', 'Luis Rossi', 'ELE-1', 11.32, 4.0, 'A', 3, 1);
insert into notes_details values ('2011-2012', 'SEM-5', 'Luis Rossi', 'INP-1', 11.32, 3.67, 'A', 3, 1);
insert into notes_details values ('2011-2012', 'SEM-5', 'Luis Rossi', 'LCI-1', 11.32, 1.0, 'A', 0, 1);
insert into notes_details values ('2011-2012', 'SEM-5', 'Luis Rossi', 'LCI-1', 11.32, 3.33, 'A', 3, 2);
insert into notes_details values ('2011-2012', 'SEM-5', 'Luis Rossi', 'MAT-1', 11.32, 3.0, 'A', 3, 1);
insert into notes_details values ('2011-2012', 'SEM-5', 'Luis Rossi', 'MGP-1', 11.32, 2.0, 'A', 0, 1);
insert into notes_details values ('2011-2012', 'SEM-5', 'Luis Rossi', 'MGP-1', 11.32, 2.0, 'A', 4, 99);
insert into notes_details values ('2011-2012', 'SEM-5', 'Luis Rossi', 'PHO-1', 11.32, 3.67, 'A', 3, 1);
insert into notes_details values ('2011-2012', 'SEM-5', 'Luis Rossi', 'PHQ-1', 11.32, 1.67, 'A', 0, 1);
insert into notes_details values ('2011-2012', 'SEM-5', 'Luis Rossi', 'PHQ-1', 11.32, 4.0, 'A', 3, 2);
insert into notes_details values ('2011-2012', 'SEM-5', 'Luis Rossi', 'SPM-1', 11.32, 3.67, 'A', 3, 1);
insert into notes_details values ('2011-2012', 'SEM-6', 'Luis Rossi', 'DPP-2', 11.32, 1.33, 'A', 0, 1);
insert into notes_details values ('2011-2012', 'SEM-6', 'Luis Rossi', 'DPP-2', 11.32, 1.33, 'A', 1, 99);
insert into notes_details values ('2011-2012', 'SEM-6', 'Luis Rossi', 'EAO-2', 11.32, 3.0, 'A', 3, 1);
insert into notes_details values ('2011-2012', 'SEM-6', 'Luis Rossi', 'ECO-2', 11.32, 1.67, 'A', 0, 1);
insert into notes_details values ('2011-2012', 'SEM-6', 'Luis Rossi', 'ECO-2', 11.32, 3.67, 'A', 3, 2);
insert into notes_details values ('2011-2012', 'SEM-6', 'Luis Rossi', 'LCI-2', 11.32, 3.67, 'A', 3, 1);
insert into notes_details values ('2011-2012', 'SEM-6', 'Luis Rossi', 'MAT-2', 11.32, 2.33, 'A', 0, 1);
insert into notes_details values ('2011-2012', 'SEM-6', 'Luis Rossi', 'MAT-2', 11.32, 2.67, 'A', 2, 2);
insert into notes_details values ('2011-2012', 'SEM-6', 'Luis Rossi', 'MCO-2', 11.32, 4.0, 'A', 2, 1);
insert into notes_details values ('2011-2012', 'SEM-6', 'Luis Rossi', 'MGP-2', 11.32, 1.0, 'A', 0, 1);
insert into notes_details values ('2011-2012', 'SEM-6', 'Luis Rossi', 'MGP-2', 11.32, 1.0, 'A', 4, 99);
insert into notes_details values ('2011-2012', 'SEM-6', 'Luis Rossi', 'PHS-2', 11.32, 2.67, 'A', 2, 1);
insert into notes_details values ('2011-2012', 'SEM-6', 'Luis Rossi', 'PJT-2', 11.32, 1.33, 'A', 0, 1);
insert into notes_details values ('2011-2012', 'SEM-6', 'Luis Rossi', 'PJT-2', 11.32, 2.67, 'A', 1, 2);
insert into notes_details values ('2011-2012', 'SEM-6', 'Luis Rossi', 'RMS-2', 11.32, 1.0, 'A', 0, 1);
insert into notes_details values ('2011-2012', 'SEM-6', 'Luis Rossi', 'RMS-2', 11.32, 2.67, 'A', 4, 2);
insert into notes_details values ('2011-2012', 'SEM-6', 'Luis Rossi', 'STG-2', 11.32, 1.67, 'A', 0, 1);
insert into notes_details values ('2011-2012', 'SEM-6', 'Luis Rossi', 'STG-2', 11.32, 3.33, 'A', 2, 2);
insert into notes_details values ('2011-2012', 'SEM-6', 'Luis Rossi', 'THS-2', 11.32, 2.67, 'A', 3, 1);
insert into notes_details values ('2012-2013', 'SEM-7', 'Luis Rossi', 'ASL-3', 11.32, 2.33, 'A', 0, 1);
insert into notes_details values ('2012-2013', 'SEM-7', 'Luis Rossi', 'ASL-3', 11.32, 1.67, 'A', 0, 2);
insert into contentieux values ('2012-2013', 'SEM-7', 'Luis Rossi', 'ASL-3');
insert into notes_details values ('2012-2013', 'SEM-7', 'Luis Rossi', 'DPP-3', 11.32, 1.67, 'A', 0, 1);
insert into notes_details values ('2012-2013', 'SEM-7', 'Luis Rossi', 'DPP-3', 11.32, 2.0, 'A', 0, 2);
insert into contentieux values ('2012-2013', 'SEM-7', 'Luis Rossi', 'DPP-3');
insert into notes_details values ('2012-2013', 'SEM-7', 'Luis Rossi', 'EAO-31', 11.32, 2.67, 'A', 2, 1);
insert into notes_details values ('2012-2013', 'SEM-7', 'Luis Rossi', 'EAO-32', 11.32, 1.0, 'A', 0, 1);
insert into notes_details values ('2012-2013', 'SEM-7', 'Luis Rossi', 'EAO-32', 11.32, 2.0, 'A', 0, 2);
insert into contentieux values ('2012-2013', 'SEM-7', 'Luis Rossi', 'EAO-32');
insert into notes_details values ('2012-2013', 'SEM-7', 'Luis Rossi', 'EAO-33', 11.32, 1.67, 'A', 0, 1);
insert into notes_details values ('2012-2013', 'SEM-7', 'Luis Rossi', 'EAO-33', 11.32, 1.0, 'A', 0, 2);
insert into contentieux values ('2012-2013', 'SEM-7', 'Luis Rossi', 'EAO-33');
insert into notes_details values ('2012-2013', 'SEM-7', 'Luis Rossi', 'EAO-34', 11.32, 3.67, 'A', 2, 1);
insert into notes_details values ('2012-2013', 'SEM-7', 'Luis Rossi', 'EAO-35', 11.32, 1.0, 'A', 0, 1);
insert into notes_details values ('2012-2013', 'SEM-7', 'Luis Rossi', 'EAO-35', 11.32, 2.33, 'A', 0, 2);
insert into contentieux values ('2012-2013', 'SEM-7', 'Luis Rossi', 'EAO-35');
insert into notes_details values ('2012-2013', 'SEM-7', 'Luis Rossi', 'LCI-3', 11.32, 3.0, 'A', 3, 1);
insert into notes_details values ('2012-2013', 'SEM-7', 'Luis Rossi', 'MAT-3', 11.32, 4.0, 'A', 3, 1);
insert into notes_details values ('2012-2013', 'SEM-7', 'Luis Rossi', 'MNG-3', 11.32, 4.0, 'A', 3, 1);
insert into notes_details values ('2012-2013', 'SEM-7', 'Luis Rossi', 'PJT-3', 11.32, 2.0, 'A', 0, 1);
insert into notes_details values ('2012-2013', 'SEM-7', 'Luis Rossi', 'PJT-3', 11.32, 1.0, 'A', 0, 2);
insert into contentieux values ('2012-2013', 'SEM-7', 'Luis Rossi', 'PJT-3');
insert into notes_details values ('2012-2013', 'SEM-7', 'Luis Rossi', 'STD-3', 11.32, 1.33, 'A', 0, 1);
insert into notes_details values ('2012-2013', 'SEM-7', 'Luis Rossi', 'STD-3', 11.32, 1.33, 'A', 0, 2);
insert into contentieux values ('2012-2013', 'SEM-7', 'Luis Rossi', 'STD-3');
insert into gpa values ('2011-2012', 'SEM-5', 'Luis Rossi', 2.13);
insert into gpa values ('2011-2012', 'SEM-6', 'Luis Rossi', 3.76);
insert into gpa values ('2012-2013', 'SEM-7', 'Luis Rossi', 2.98);
insert into eleves values ('Jeremie Dandonneau', 1, 'S', 'Tres bien', 'MP', 'MP', 'jdandonneau');
insert into notes_details values ('2011-2012', 'SEM-5', 'Jeremie Dandonneau', 'ALG-1', 11.32, 3.67, 'A', 3, 1);
insert into notes_details values ('2011-2012', 'SEM-5', 'Jeremie Dandonneau', 'DPP-1', 11.32, 4.0, 'A', 2, 1);
insert into notes_details values ('2011-2012', 'SEM-5', 'Jeremie Dandonneau', 'ELE-1', 11.32, 1.0, 'A', 0, 1);
insert into notes_details values ('2011-2012', 'SEM-5', 'Jeremie Dandonneau', 'ELE-1', 11.32, 3.67, 'A', 3, 2);
insert into notes_details values ('2011-2012', 'SEM-5', 'Jeremie Dandonneau', 'INP-1', 11.32, 1.0, 'A', 0, 1);
insert into notes_details values ('2011-2012', 'SEM-5', 'Jeremie Dandonneau', 'INP-1', 11.32, 3.67, 'A', 3, 2);
insert into notes_details values ('2011-2012', 'SEM-5', 'Jeremie Dandonneau', 'LCI-1', 11.32, 2.0, 'A', 0, 1);
insert into notes_details values ('2011-2012', 'SEM-5', 'Jeremie Dandonneau', 'LCI-1', 11.32, 3.67, 'A', 3, 2);
insert into notes_details values ('2011-2012', 'SEM-5', 'Jeremie Dandonneau', 'MAT-1', 11.32, 2.33, 'A', 0, 1);
insert into notes_details values ('2011-2012', 'SEM-5', 'Jeremie Dandonneau', 'MAT-1', 11.32, 3.33, 'A', 3, 2);
insert into notes_details values ('2011-2012', 'SEM-5', 'Jeremie Dandonneau', 'MGP-1', 11.32, 3.0, 'A', 4, 1);
insert into notes_details values ('2011-2012', 'SEM-5', 'Jeremie Dandonneau', 'PHO-1', 11.32, 3.0, 'A', 3, 1);
insert into notes_details values ('2011-2012', 'SEM-5', 'Jeremie Dandonneau', 'PHQ-1', 11.32, 2.0, 'A', 0, 1);
insert into notes_details values ('2011-2012', 'SEM-5', 'Jeremie Dandonneau', 'PHQ-1', 11.32, 4.0, 'A', 3, 2);
insert into notes_details values ('2011-2012', 'SEM-5', 'Jeremie Dandonneau', 'SPM-1', 11.32, 2.0, 'A', 0, 1);
insert into notes_details values ('2011-2012', 'SEM-5', 'Jeremie Dandonneau', 'SPM-1', 11.32, 2.67, 'A', 3, 2);
insert into notes_details values ('2011-2012', 'SEM-6', 'Jeremie Dandonneau', 'DPP-2', 11.32, 4.0, 'A', 1, 1);
insert into notes_details values ('2011-2012', 'SEM-6', 'Jeremie Dandonneau', 'EAO-2', 11.32, 3.67, 'A', 3, 1);
insert into notes_details values ('2011-2012', 'SEM-6', 'Jeremie Dandonneau', 'ECO-2', 11.32, 1.0, 'A', 0, 1);
insert into notes_details values ('2011-2012', 'SEM-6', 'Jeremie Dandonneau', 'ECO-2', 11.32, 3.0, 'A', 3, 2);
insert into notes_details values ('2011-2012', 'SEM-6', 'Jeremie Dandonneau', 'LCI-2', 11.32, 1.0, 'A', 0, 1);
insert into notes_details values ('2011-2012', 'SEM-6', 'Jeremie Dandonneau', 'LCI-2', 11.32, 1.0, 'A', 3, 99);
insert into notes_details values ('2011-2012', 'SEM-6', 'Jeremie Dandonneau', 'MAT-2', 11.32, 2.33, 'A', 0, 1);
insert into notes_details values ('2011-2012', 'SEM-6', 'Jeremie Dandonneau', 'MAT-2', 11.32, 3.0, 'A', 2, 2);
insert into notes_details values ('2011-2012', 'SEM-6', 'Jeremie Dandonneau', 'MCO-2', 11.32, 3.0, 'A', 2, 1);
insert into notes_details values ('2011-2012', 'SEM-6', 'Jeremie Dandonneau', 'MGP-2', 11.32, 4.0, 'A', 4, 1);
insert into notes_details values ('2011-2012', 'SEM-6', 'Jeremie Dandonneau', 'PHS-2', 11.32, 1.0, 'A', 0, 1);
insert into notes_details values ('2011-2012', 'SEM-6', 'Jeremie Dandonneau', 'PHS-2', 11.32, 3.33, 'A', 2, 2);
insert into notes_details values ('2011-2012', 'SEM-6', 'Jeremie Dandonneau', 'PJT-2', 11.32, 3.33, 'A', 1, 1);
insert into notes_details values ('2011-2012', 'SEM-6', 'Jeremie Dandonneau', 'RMS-2', 11.32, 2.0, 'A', 0, 1);
insert into notes_details values ('2011-2012', 'SEM-6', 'Jeremie Dandonneau', 'RMS-2', 11.32, 3.0, 'A', 4, 2);
insert into notes_details values ('2011-2012', 'SEM-6', 'Jeremie Dandonneau', 'STG-2', 11.32, 3.0, 'A', 2, 1);
insert into notes_details values ('2011-2012', 'SEM-6', 'Jeremie Dandonneau', 'THS-2', 11.32, 1.33, 'A', 0, 1);
insert into notes_details values ('2011-2012', 'SEM-6', 'Jeremie Dandonneau', 'THS-2', 11.32, 3.33, 'A', 3, 2);
insert into notes_details values ('2012-2013', 'SEM-7', 'Jeremie Dandonneau', 'ASL-3', 11.32, 3.0, 'A', 2, 1);
insert into notes_details values ('2012-2013', 'SEM-7', 'Jeremie Dandonneau', 'DPP-3', 11.32, 3.67, 'A', 2, 1);
insert into notes_details values ('2012-2013', 'SEM-7', 'Jeremie Dandonneau', 'EAO-31', 11.32, 1.33, 'A', 0, 1);
insert into notes_details values ('2012-2013', 'SEM-7', 'Jeremie Dandonneau', 'EAO-31', 11.32, 3.67, 'A', 2, 2);
insert into notes_details values ('2012-2013', 'SEM-7', 'Jeremie Dandonneau', 'EAO-32', 11.32, 4.0, 'A', 2, 1);
insert into notes_details values ('2012-2013', 'SEM-7', 'Jeremie Dandonneau', 'EAO-33', 11.32, 1.67, 'A', 0, 1);
insert into notes_details values ('2012-2013', 'SEM-7', 'Jeremie Dandonneau', 'EAO-33', 11.32, 1.67, 'A', 0, 2);
insert into contentieux values ('2012-2013', 'SEM-7', 'Jeremie Dandonneau', 'EAO-33');
insert into notes_details values ('2012-2013', 'SEM-7', 'Jeremie Dandonneau', 'EAO-34', 11.32, 1.67, 'A', 0, 1);
insert into notes_details values ('2012-2013', 'SEM-7', 'Jeremie Dandonneau', 'EAO-34', 11.32, 1.33, 'A', 2, 99);
insert into notes_details values ('2012-2013', 'SEM-7', 'Jeremie Dandonneau', 'EAO-35', 11.32, 2.33, 'A', 0, 1);
insert into notes_details values ('2012-2013', 'SEM-7', 'Jeremie Dandonneau', 'EAO-35', 11.32, 3.0, 'A', 2, 2);
insert into notes_details values ('2012-2013', 'SEM-7', 'Jeremie Dandonneau', 'LCI-3', 11.32, 2.0, 'A', 0, 1);
insert into notes_details values ('2012-2013', 'SEM-7', 'Jeremie Dandonneau', 'LCI-3', 11.32, 3.0, 'A', 3, 2);
insert into notes_details values ('2012-2013', 'SEM-7', 'Jeremie Dandonneau', 'MAT-3', 11.32, 1.0, 'A', 0, 1);
insert into notes_details values ('2012-2013', 'SEM-7', 'Jeremie Dandonneau', 'MAT-3', 11.32, 3.0, 'A', 3, 2);
insert into notes_details values ('2012-2013', 'SEM-7', 'Jeremie Dandonneau', 'MNG-3', 11.32, 2.0, 'A', 0, 1);
insert into notes_details values ('2012-2013', 'SEM-7', 'Jeremie Dandonneau', 'MNG-3', 11.32, 1.33, 'A', 0, 2);
insert into contentieux values ('2012-2013', 'SEM-7', 'Jeremie Dandonneau', 'MNG-3');
insert into notes_details values ('2012-2013', 'SEM-7', 'Jeremie Dandonneau', 'PJT-3', 11.32, 1.67, 'A', 0, 1);
insert into notes_details values ('2012-2013', 'SEM-7', 'Jeremie Dandonneau', 'PJT-3', 11.32, 1.0, 'A', 0, 2);
insert into contentieux values ('2012-2013', 'SEM-7', 'Jeremie Dandonneau', 'PJT-3');
insert into notes_details values ('2012-2013', 'SEM-7', 'Jeremie Dandonneau', 'STD-3', 11.32, 1.33, 'A', 0, 1);
insert into notes_details values ('2012-2013', 'SEM-7', 'Jeremie Dandonneau', 'STD-3', 11.32, 1.67, 'A', 0, 2);
insert into contentieux values ('2012-2013', 'SEM-7', 'Jeremie Dandonneau', 'STD-3');
insert into gpa values ('2011-2012', 'SEM-5', 'Jeremie Dandonneau', 2.4);
insert into gpa values ('2011-2012', 'SEM-6', 'Jeremie Dandonneau', 2.98);
insert into gpa values ('2012-2013', 'SEM-7', 'Jeremie Dandonneau', 2.81);
insert into eleves values ('Adrien Ullrich', 1, 'S', 'Tres bien', 'MP', 'MP', 'aullrich');
insert into notes_details values ('2011-2012', 'SEM-5', 'Adrien Ullrich', 'ALG-1', 11.32, 1.33, 'A', 0, 1);
insert into notes_details values ('2011-2012', 'SEM-5', 'Adrien Ullrich', 'ALG-1', 11.32, 3.33, 'A', 3, 2);
insert into notes_details values ('2011-2012', 'SEM-5', 'Adrien Ullrich', 'DPP-1', 11.32, 2.67, 'A', 2, 1);
insert into notes_details values ('2011-2012', 'SEM-5', 'Adrien Ullrich', 'ELE-1', 11.32, 1.67, 'A', 0, 1);
insert into notes_details values ('2011-2012', 'SEM-5', 'Adrien Ullrich', 'ELE-1', 11.32, 3.33, 'A', 3, 2);
insert into notes_details values ('2011-2012', 'SEM-5', 'Adrien Ullrich', 'INP-1', 11.32, 3.33, 'A', 3, 1);
insert into notes_details values ('2011-2012', 'SEM-5', 'Adrien Ullrich', 'LCI-1', 11.32, 1.0, 'A', 0, 1);
insert into notes_details values ('2011-2012', 'SEM-5', 'Adrien Ullrich', 'LCI-1', 11.32, 3.33, 'A', 3, 2);
insert into notes_details values ('2011-2012', 'SEM-5', 'Adrien Ullrich', 'MAT-1', 11.32, 2.33, 'A', 0, 1);
insert into notes_details values ('2011-2012', 'SEM-5', 'Adrien Ullrich', 'MAT-1', 11.32, 3.67, 'A', 3, 2);
insert into notes_details values ('2011-2012', 'SEM-5', 'Adrien Ullrich', 'MGP-1', 11.32, 2.67, 'A', 4, 1);
insert into notes_details values ('2011-2012', 'SEM-5', 'Adrien Ullrich', 'PHO-1', 11.32, 2.0, 'A', 0, 1);
insert into notes_details values ('2011-2012', 'SEM-5', 'Adrien Ullrich', 'PHO-1', 11.32, 3.0, 'A', 3, 2);
insert into notes_details values ('2011-2012', 'SEM-5', 'Adrien Ullrich', 'PHQ-1', 11.32, 3.33, 'A', 3, 1);
insert into notes_details values ('2011-2012', 'SEM-5', 'Adrien Ullrich', 'SPM-1', 11.32, 3.67, 'A', 3, 1);
insert into notes_details values ('2011-2012', 'SEM-6', 'Adrien Ullrich', 'DPP-2', 11.32, 1.0, 'A', 0, 1);
insert into notes_details values ('2011-2012', 'SEM-6', 'Adrien Ullrich', 'DPP-2', 11.32, 1.0, 'A', 1, 99);
insert into notes_details values ('2011-2012', 'SEM-6', 'Adrien Ullrich', 'EAO-2', 11.32, 1.67, 'A', 0, 1);
insert into notes_details values ('2011-2012', 'SEM-6', 'Adrien Ullrich', 'EAO-2', 11.32, 2.67, 'A', 3, 2);
insert into notes_details values ('2011-2012', 'SEM-6', 'Adrien Ullrich', 'ECO-2', 11.32, 1.0, 'A', 0, 1);
insert into notes_details values ('2011-2012', 'SEM-6', 'Adrien Ullrich', 'ECO-2', 11.32, 3.0, 'A', 3, 2);
insert into notes_details values ('2011-2012', 'SEM-6', 'Adrien Ullrich', 'LCI-2', 11.32, 1.67, 'A', 0, 1);
insert into notes_details values ('2011-2012', 'SEM-6', 'Adrien Ullrich', 'LCI-2', 11.32, 3.33, 'A', 3, 2);
insert into notes_details values ('2011-2012', 'SEM-6', 'Adrien Ullrich', 'MAT-2', 11.32, 3.0, 'A', 2, 1);
insert into notes_details values ('2011-2012', 'SEM-6', 'Adrien Ullrich', 'MCO-2', 11.32, 3.67, 'A', 2, 1);
insert into notes_details values ('2011-2012', 'SEM-6', 'Adrien Ullrich', 'MGP-2', 11.32, 3.33, 'A', 4, 1);
insert into notes_details values ('2011-2012', 'SEM-6', 'Adrien Ullrich', 'PHS-2', 11.32, 2.67, 'A', 2, 1);
insert into notes_details values ('2011-2012', 'SEM-6', 'Adrien Ullrich', 'PJT-2', 11.32, 2.33, 'A', 0, 1);
insert into notes_details values ('2011-2012', 'SEM-6', 'Adrien Ullrich', 'PJT-2', 11.32, 2.67, 'A', 1, 2);
insert into notes_details values ('2011-2012', 'SEM-6', 'Adrien Ullrich', 'RMS-2', 11.32, 2.33, 'A', 0, 1);
insert into notes_details values ('2011-2012', 'SEM-6', 'Adrien Ullrich', 'RMS-2', 11.32, 3.33, 'A', 4, 2);
insert into notes_details values ('2011-2012', 'SEM-6', 'Adrien Ullrich', 'STG-2', 11.32, 2.67, 'A', 2, 1);
insert into notes_details values ('2011-2012', 'SEM-6', 'Adrien Ullrich', 'THS-2', 11.32, 1.33, 'A', 0, 1);
insert into notes_details values ('2011-2012', 'SEM-6', 'Adrien Ullrich', 'THS-2', 11.32, 3.67, 'A', 3, 2);
insert into notes_details values ('2012-2013', 'SEM-7', 'Adrien Ullrich', 'ASL-3', 11.32, 2.0, 'A', 0, 1);
insert into notes_details values ('2012-2013', 'SEM-7', 'Adrien Ullrich', 'ASL-3', 11.32, 2.0, 'A', 0, 2);
insert into contentieux values ('2012-2013', 'SEM-7', 'Adrien Ullrich', 'ASL-3');
insert into notes_details values ('2012-2013', 'SEM-7', 'Adrien Ullrich', 'DPP-3', 11.32, 1.33, 'A', 0, 1);
insert into notes_details values ('2012-2013', 'SEM-7', 'Adrien Ullrich', 'DPP-3', 11.32, 1.0, 'A', 0, 2);
insert into contentieux values ('2012-2013', 'SEM-7', 'Adrien Ullrich', 'DPP-3');
insert into notes_details values ('2012-2013', 'SEM-7', 'Adrien Ullrich', 'EAO-31', 11.32, 3.67, 'A', 2, 1);
insert into notes_details values ('2012-2013', 'SEM-7', 'Adrien Ullrich', 'EAO-32', 11.32, 1.67, 'A', 0, 1);
insert into notes_details values ('2012-2013', 'SEM-7', 'Adrien Ullrich', 'EAO-32', 11.32, 2.67, 'A', 2, 2);
insert into notes_details values ('2012-2013', 'SEM-7', 'Adrien Ullrich', 'EAO-33', 11.32, 3.67, 'A', 2, 1);
insert into notes_details values ('2012-2013', 'SEM-7', 'Adrien Ullrich', 'EAO-34', 11.32, 3.67, 'A', 2, 1);
insert into notes_details values ('2012-2013', 'SEM-7', 'Adrien Ullrich', 'EAO-35', 11.32, 2.33, 'A', 0, 1);
insert into notes_details values ('2012-2013', 'SEM-7', 'Adrien Ullrich', 'EAO-35', 11.32, 1.0, 'A', 2, 99);
insert into notes_details values ('2012-2013', 'SEM-7', 'Adrien Ullrich', 'LCI-3', 11.32, 2.0, 'A', 0, 1);
insert into notes_details values ('2012-2013', 'SEM-7', 'Adrien Ullrich', 'LCI-3', 11.32, 2.0, 'A', 3, 99);
insert into notes_details values ('2012-2013', 'SEM-7', 'Adrien Ullrich', 'MAT-3', 11.32, 3.0, 'A', 3, 1);
insert into notes_details values ('2012-2013', 'SEM-7', 'Adrien Ullrich', 'MNG-3', 11.32, 4.0, 'A', 3, 1);
insert into notes_details values ('2012-2013', 'SEM-7', 'Adrien Ullrich', 'PJT-3', 11.32, 1.33, 'A', 0, 1);
insert into notes_details values ('2012-2013', 'SEM-7', 'Adrien Ullrich', 'PJT-3', 11.32, 1.33, 'A', 5, 99);
insert into notes_details values ('2012-2013', 'SEM-7', 'Adrien Ullrich', 'STD-3', 11.32, 2.33, 'A', 0, 1);
insert into notes_details values ('2012-2013', 'SEM-7', 'Adrien Ullrich', 'STD-3', 11.32, 2.67, 'A', 2, 2);
insert into gpa values ('2011-2012', 'SEM-5', 'Adrien Ullrich', 2.92);
insert into gpa values ('2011-2012', 'SEM-6', 'Adrien Ullrich', 2.75);
insert into gpa values ('2012-2013', 'SEM-7', 'Adrien Ullrich', 2.17);
insert into eleves values ('Zoe Brisbois', 1, 'S', 'Tres bien', 'MP', 'MP', 'zbrisbois');
insert into notes_details values ('2011-2012', 'SEM-5', 'Zoe Brisbois', 'ALG-1', 11.32, 2.33, 'A', 0, 1);
insert into notes_details values ('2011-2012', 'SEM-5', 'Zoe Brisbois', 'ALG-1', 11.32, 4.0, 'A', 3, 2);
insert into notes_details values ('2011-2012', 'SEM-5', 'Zoe Brisbois', 'DPP-1', 11.32, 1.67, 'A', 0, 1);
insert into notes_details values ('2011-2012', 'SEM-5', 'Zoe Brisbois', 'DPP-1', 11.32, 4.0, 'A', 2, 2);
insert into notes_details values ('2011-2012', 'SEM-5', 'Zoe Brisbois', 'ELE-1', 11.32, 1.67, 'A', 0, 1);
insert into notes_details values ('2011-2012', 'SEM-5', 'Zoe Brisbois', 'ELE-1', 11.32, 3.67, 'A', 3, 2);
insert into notes_details values ('2011-2012', 'SEM-5', 'Zoe Brisbois', 'INP-1', 11.32, 3.33, 'A', 3, 1);
insert into notes_details values ('2011-2012', 'SEM-5', 'Zoe Brisbois', 'LCI-1', 11.32, 2.33, 'A', 0, 1);
insert into notes_details values ('2011-2012', 'SEM-5', 'Zoe Brisbois', 'LCI-1', 11.32, 3.0, 'A', 3, 2);
insert into notes_details values ('2011-2012', 'SEM-5', 'Zoe Brisbois', 'MAT-1', 11.32, 2.33, 'A', 0, 1);
insert into notes_details values ('2011-2012', 'SEM-5', 'Zoe Brisbois', 'MAT-1', 11.32, 2.33, 'A', 3, 99);
insert into notes_details values ('2011-2012', 'SEM-5', 'Zoe Brisbois', 'MGP-1', 11.32, 1.67, 'A', 0, 1);
insert into notes_details values ('2011-2012', 'SEM-5', 'Zoe Brisbois', 'MGP-1', 11.32, 3.0, 'A', 4, 2);
insert into notes_details values ('2011-2012', 'SEM-5', 'Zoe Brisbois', 'PHO-1', 11.32, 1.0, 'A', 0, 1);
insert into notes_details values ('2011-2012', 'SEM-5', 'Zoe Brisbois', 'PHO-1', 11.32, 3.33, 'A', 3, 2);
insert into notes_details values ('2011-2012', 'SEM-5', 'Zoe Brisbois', 'PHQ-1', 11.32, 1.67, 'A', 0, 1);
insert into notes_details values ('2011-2012', 'SEM-5', 'Zoe Brisbois', 'PHQ-1', 11.32, 3.0, 'A', 3, 2);
insert into notes_details values ('2011-2012', 'SEM-5', 'Zoe Brisbois', 'SPM-1', 11.32, 3.0, 'A', 3, 1);
insert into notes_details values ('2011-2012', 'SEM-6', 'Zoe Brisbois', 'DPP-2', 11.32, 1.67, 'A', 0, 1);
insert into notes_details values ('2011-2012', 'SEM-6', 'Zoe Brisbois', 'DPP-2', 11.32, 2.67, 'A', 1, 2);
insert into notes_details values ('2011-2012', 'SEM-6', 'Zoe Brisbois', 'EAO-2', 11.32, 1.0, 'A', 0, 1);
insert into notes_details values ('2011-2012', 'SEM-6', 'Zoe Brisbois', 'EAO-2', 11.32, 4.0, 'A', 3, 2);
insert into notes_details values ('2011-2012', 'SEM-6', 'Zoe Brisbois', 'ECO-2', 11.32, 1.67, 'A', 0, 1);
insert into notes_details values ('2011-2012', 'SEM-6', 'Zoe Brisbois', 'ECO-2', 11.32, 2.67, 'A', 3, 2);
insert into notes_details values ('2011-2012', 'SEM-6', 'Zoe Brisbois', 'LCI-2', 11.32, 2.33, 'A', 0, 1);
insert into notes_details values ('2011-2012', 'SEM-6', 'Zoe Brisbois', 'LCI-2', 11.32, 1.33, 'A', 3, 99);
insert into notes_details values ('2011-2012', 'SEM-6', 'Zoe Brisbois', 'MAT-2', 11.32, 3.33, 'A', 2, 1);
insert into notes_details values ('2011-2012', 'SEM-6', 'Zoe Brisbois', 'MCO-2', 11.32, 3.67, 'A', 2, 1);
insert into notes_details values ('2011-2012', 'SEM-6', 'Zoe Brisbois', 'MGP-2', 11.32, 1.0, 'A', 0, 1);
insert into notes_details values ('2011-2012', 'SEM-6', 'Zoe Brisbois', 'MGP-2', 11.32, 3.0, 'A', 4, 2);
insert into notes_details values ('2011-2012', 'SEM-6', 'Zoe Brisbois', 'PHS-2', 11.32, 2.0, 'A', 0, 1);
insert into notes_details values ('2011-2012', 'SEM-6', 'Zoe Brisbois', 'PHS-2', 11.32, 2.67, 'A', 2, 2);
insert into notes_details values ('2011-2012', 'SEM-6', 'Zoe Brisbois', 'PJT-2', 11.32, 1.33, 'A', 0, 1);
insert into notes_details values ('2011-2012', 'SEM-6', 'Zoe Brisbois', 'PJT-2', 11.32, 3.33, 'A', 1, 2);
insert into notes_details values ('2011-2012', 'SEM-6', 'Zoe Brisbois', 'RMS-2', 11.32, 3.0, 'A', 4, 1);
insert into notes_details values ('2011-2012', 'SEM-6', 'Zoe Brisbois', 'STG-2', 11.32, 1.0, 'A', 0, 1);
insert into notes_details values ('2011-2012', 'SEM-6', 'Zoe Brisbois', 'STG-2', 11.32, 3.0, 'A', 2, 2);
insert into notes_details values ('2011-2012', 'SEM-6', 'Zoe Brisbois', 'THS-2', 11.32, 1.67, 'A', 0, 1);
insert into notes_details values ('2011-2012', 'SEM-6', 'Zoe Brisbois', 'THS-2', 11.32, 3.0, 'A', 3, 2);
insert into notes_details values ('2012-2013', 'SEM-7', 'Zoe Brisbois', 'ASL-3', 11.32, 4.0, 'A', 2, 1);
insert into notes_details values ('2012-2013', 'SEM-7', 'Zoe Brisbois', 'DPP-3', 11.32, 1.67, 'A', 0, 1);
insert into notes_details values ('2012-2013', 'SEM-7', 'Zoe Brisbois', 'DPP-3', 11.32, 3.0, 'A', 2, 2);
insert into notes_details values ('2012-2013', 'SEM-7', 'Zoe Brisbois', 'EAO-31', 11.32, 2.33, 'A', 0, 1);
insert into notes_details values ('2012-2013', 'SEM-7', 'Zoe Brisbois', 'EAO-31', 11.32, 2.33, 'A', 0, 2);
insert into contentieux values ('2012-2013', 'SEM-7', 'Zoe Brisbois', 'EAO-31');
insert into notes_details values ('2012-2013', 'SEM-7', 'Zoe Brisbois', 'EAO-32', 11.32, 1.0, 'A', 0, 1);
insert into notes_details values ('2012-2013', 'SEM-7', 'Zoe Brisbois', 'EAO-32', 11.32, 2.0, 'A', 0, 2);
insert into contentieux values ('2012-2013', 'SEM-7', 'Zoe Brisbois', 'EAO-32');
insert into notes_details values ('2012-2013', 'SEM-7', 'Zoe Brisbois', 'EAO-33', 11.32, 2.33, 'A', 0, 1);
insert into notes_details values ('2012-2013', 'SEM-7', 'Zoe Brisbois', 'EAO-33', 11.32, 1.33, 'A', 2, 99);
insert into notes_details values ('2012-2013', 'SEM-7', 'Zoe Brisbois', 'EAO-34', 11.32, 1.33, 'A', 0, 1);
insert into notes_details values ('2012-2013', 'SEM-7', 'Zoe Brisbois', 'EAO-34', 11.32, 3.0, 'A', 2, 2);
insert into notes_details values ('2012-2013', 'SEM-7', 'Zoe Brisbois', 'EAO-35', 11.32, 2.33, 'A', 0, 1);
insert into notes_details values ('2012-2013', 'SEM-7', 'Zoe Brisbois', 'EAO-35', 11.32, 2.33, 'A', 0, 2);
insert into contentieux values ('2012-2013', 'SEM-7', 'Zoe Brisbois', 'EAO-35');
insert into notes_details values ('2012-2013', 'SEM-7', 'Zoe Brisbois', 'LCI-3', 11.32, 2.33, 'A', 0, 1);
insert into notes_details values ('2012-2013', 'SEM-7', 'Zoe Brisbois', 'LCI-3', 11.32, 2.33, 'A', 0, 2);
insert into contentieux values ('2012-2013', 'SEM-7', 'Zoe Brisbois', 'LCI-3');
insert into notes_details values ('2012-2013', 'SEM-7', 'Zoe Brisbois', 'MAT-3', 11.32, 1.67, 'A', 0, 1);
insert into notes_details values ('2012-2013', 'SEM-7', 'Zoe Brisbois', 'MAT-3', 11.32, 1.67, 'A', 0, 2);
insert into contentieux values ('2012-2013', 'SEM-7', 'Zoe Brisbois', 'MAT-3');
insert into notes_details values ('2012-2013', 'SEM-7', 'Zoe Brisbois', 'MNG-3', 11.32, 4.0, 'A', 3, 1);
insert into notes_details values ('2012-2013', 'SEM-7', 'Zoe Brisbois', 'PJT-3', 11.32, 3.0, 'A', 5, 1);
insert into notes_details values ('2012-2013', 'SEM-7', 'Zoe Brisbois', 'STD-3', 11.32, 2.67, 'A', 2, 1);
insert into gpa values ('2011-2012', 'SEM-5', 'Zoe Brisbois', 2.67);
insert into gpa values ('2011-2012', 'SEM-6', 'Zoe Brisbois', 3.54);
insert into gpa values ('2012-2013', 'SEM-7', 'Zoe Brisbois', 3.39);
insert into eleves values ('Fusberta Bazinet', 1, 'S', 'Tres bien', 'MP', 'MP', 'fbazinet');
insert into notes_details values ('2011-2012', 'SEM-5', 'Fusberta Bazinet', 'ALG-1', 11.32, 1.0, 'A', 0, 1);
insert into notes_details values ('2011-2012', 'SEM-5', 'Fusberta Bazinet', 'ALG-1', 11.32, 3.33, 'A', 3, 2);
insert into notes_details values ('2011-2012', 'SEM-5', 'Fusberta Bazinet', 'DPP-1', 11.32, 1.67, 'A', 0, 1);
insert into notes_details values ('2011-2012', 'SEM-5', 'Fusberta Bazinet', 'DPP-1', 11.32, 3.67, 'A', 2, 2);
insert into notes_details values ('2011-2012', 'SEM-5', 'Fusberta Bazinet', 'ELE-1', 11.32, 2.67, 'A', 3, 1);
insert into notes_details values ('2011-2012', 'SEM-5', 'Fusberta Bazinet', 'INP-1', 11.32, 2.0, 'A', 0, 1);
insert into notes_details values ('2011-2012', 'SEM-5', 'Fusberta Bazinet', 'INP-1', 11.32, 3.0, 'A', 3, 2);
insert into notes_details values ('2011-2012', 'SEM-5', 'Fusberta Bazinet', 'LCI-1', 11.32, 3.0, 'A', 3, 1);
insert into notes_details values ('2011-2012', 'SEM-5', 'Fusberta Bazinet', 'MAT-1', 11.32, 1.67, 'A', 0, 1);
insert into notes_details values ('2011-2012', 'SEM-5', 'Fusberta Bazinet', 'MAT-1', 11.32, 4.0, 'A', 3, 2);
insert into notes_details values ('2011-2012', 'SEM-5', 'Fusberta Bazinet', 'MGP-1', 11.32, 3.33, 'A', 4, 1);
insert into notes_details values ('2011-2012', 'SEM-5', 'Fusberta Bazinet', 'PHO-1', 11.32, 3.67, 'A', 3, 1);
insert into notes_details values ('2011-2012', 'SEM-5', 'Fusberta Bazinet', 'PHQ-1', 11.32, 1.0, 'A', 0, 1);
insert into notes_details values ('2011-2012', 'SEM-5', 'Fusberta Bazinet', 'PHQ-1', 11.32, 2.67, 'A', 3, 2);
insert into notes_details values ('2011-2012', 'SEM-5', 'Fusberta Bazinet', 'SPM-1', 11.32, 1.0, 'A', 0, 1);
insert into notes_details values ('2011-2012', 'SEM-5', 'Fusberta Bazinet', 'SPM-1', 11.32, 3.67, 'A', 3, 2);
insert into notes_details values ('2011-2012', 'SEM-6', 'Fusberta Bazinet', 'DPP-2', 11.32, 3.0, 'A', 1, 1);
insert into notes_details values ('2011-2012', 'SEM-6', 'Fusberta Bazinet', 'EAO-2', 11.32, 3.33, 'A', 3, 1);
insert into notes_details values ('2011-2012', 'SEM-6', 'Fusberta Bazinet', 'ECO-2', 11.32, 4.0, 'A', 3, 1);
insert into notes_details values ('2011-2012', 'SEM-6', 'Fusberta Bazinet', 'LCI-2', 11.32, 3.33, 'A', 3, 1);
insert into notes_details values ('2011-2012', 'SEM-6', 'Fusberta Bazinet', 'MAT-2', 11.32, 3.67, 'A', 2, 1);
insert into notes_details values ('2011-2012', 'SEM-6', 'Fusberta Bazinet', 'MCO-2', 11.32, 1.0, 'A', 0, 1);
insert into notes_details values ('2011-2012', 'SEM-6', 'Fusberta Bazinet', 'MCO-2', 11.32, 4.0, 'A', 2, 2);
insert into notes_details values ('2011-2012', 'SEM-6', 'Fusberta Bazinet', 'MGP-2', 11.32, 2.33, 'A', 0, 1);
insert into notes_details values ('2011-2012', 'SEM-6', 'Fusberta Bazinet', 'MGP-2', 11.32, 2.67, 'A', 4, 2);
insert into notes_details values ('2011-2012', 'SEM-6', 'Fusberta Bazinet', 'PHS-2', 11.32, 3.33, 'A', 2, 1);
insert into notes_details values ('2011-2012', 'SEM-6', 'Fusberta Bazinet', 'PJT-2', 11.32, 3.0, 'A', 1, 1);
insert into notes_details values ('2011-2012', 'SEM-6', 'Fusberta Bazinet', 'RMS-2', 11.32, 2.33, 'A', 0, 1);
insert into notes_details values ('2011-2012', 'SEM-6', 'Fusberta Bazinet', 'RMS-2', 11.32, 1.33, 'A', 4, 99);
insert into notes_details values ('2011-2012', 'SEM-6', 'Fusberta Bazinet', 'STG-2', 11.32, 3.0, 'A', 2, 1);
insert into notes_details values ('2011-2012', 'SEM-6', 'Fusberta Bazinet', 'THS-2', 11.32, 3.33, 'A', 3, 1);
insert into notes_details values ('2012-2013', 'SEM-7', 'Fusberta Bazinet', 'ASL-3', 11.32, 1.33, 'A', 0, 1);
insert into notes_details values ('2012-2013', 'SEM-7', 'Fusberta Bazinet', 'ASL-3', 11.32, 3.0, 'A', 2, 2);
insert into notes_details values ('2012-2013', 'SEM-7', 'Fusberta Bazinet', 'DPP-3', 11.32, 2.0, 'A', 0, 1);
insert into notes_details values ('2012-2013', 'SEM-7', 'Fusberta Bazinet', 'DPP-3', 11.32, 1.33, 'A', 0, 2);
insert into contentieux values ('2012-2013', 'SEM-7', 'Fusberta Bazinet', 'DPP-3');
insert into notes_details values ('2012-2013', 'SEM-7', 'Fusberta Bazinet', 'EAO-31', 11.32, 4.0, 'A', 2, 1);
insert into notes_details values ('2012-2013', 'SEM-7', 'Fusberta Bazinet', 'EAO-32', 11.32, 3.67, 'A', 2, 1);
insert into notes_details values ('2012-2013', 'SEM-7', 'Fusberta Bazinet', 'EAO-33', 11.32, 2.0, 'A', 0, 1);
insert into notes_details values ('2012-2013', 'SEM-7', 'Fusberta Bazinet', 'EAO-33', 11.32, 1.33, 'A', 0, 2);
insert into contentieux values ('2012-2013', 'SEM-7', 'Fusberta Bazinet', 'EAO-33');
insert into notes_details values ('2012-2013', 'SEM-7', 'Fusberta Bazinet', 'EAO-34', 11.32, 1.67, 'A', 0, 1);
insert into notes_details values ('2012-2013', 'SEM-7', 'Fusberta Bazinet', 'EAO-34', 11.32, 2.0, 'A', 2, 99);
insert into notes_details values ('2012-2013', 'SEM-7', 'Fusberta Bazinet', 'EAO-35', 11.32, 1.0, 'A', 0, 1);
insert into notes_details values ('2012-2013', 'SEM-7', 'Fusberta Bazinet', 'EAO-35', 11.32, 2.67, 'A', 2, 2);
insert into notes_details values ('2012-2013', 'SEM-7', 'Fusberta Bazinet', 'LCI-3', 11.32, 2.0, 'A', 0, 1);
insert into notes_details values ('2012-2013', 'SEM-7', 'Fusberta Bazinet', 'LCI-3', 11.32, 1.33, 'A', 0, 2);
insert into contentieux values ('2012-2013', 'SEM-7', 'Fusberta Bazinet', 'LCI-3');
insert into notes_details values ('2012-2013', 'SEM-7', 'Fusberta Bazinet', 'MAT-3', 11.32, 2.67, 'A', 3, 1);
insert into notes_details values ('2012-2013', 'SEM-7', 'Fusberta Bazinet', 'MNG-3', 11.32, 3.33, 'A', 3, 1);
insert into notes_details values ('2012-2013', 'SEM-7', 'Fusberta Bazinet', 'PJT-3', 11.32, 2.67, 'A', 5, 1);
insert into notes_details values ('2012-2013', 'SEM-7', 'Fusberta Bazinet', 'STD-3', 11.32, 1.67, 'A', 0, 1);
insert into notes_details values ('2012-2013', 'SEM-7', 'Fusberta Bazinet', 'STD-3', 11.32, 4.0, 'A', 2, 2);
insert into gpa values ('2011-2012', 'SEM-5', 'Fusberta Bazinet', 2.46);
insert into gpa values ('2011-2012', 'SEM-6', 'Fusberta Bazinet', 3.96);
insert into gpa values ('2012-2013', 'SEM-7', 'Fusberta Bazinet', 2.14);
insert into eleves values ('Virginie Bush', 1, 'S', 'Tres bien', 'MP', 'MP', 'vbush');
insert into notes_details values ('2011-2012', 'SEM-5', 'Virginie Bush', 'ALG-1', 11.32, 2.67, 'A', 3, 1);
insert into notes_details values ('2011-2012', 'SEM-5', 'Virginie Bush', 'DPP-1', 11.32, 2.67, 'A', 2, 1);
insert into notes_details values ('2011-2012', 'SEM-5', 'Virginie Bush', 'ELE-1', 11.32, 2.67, 'A', 3, 1);
insert into notes_details values ('2011-2012', 'SEM-5', 'Virginie Bush', 'INP-1', 11.32, 1.0, 'A', 0, 1);
insert into notes_details values ('2011-2012', 'SEM-5', 'Virginie Bush', 'INP-1', 11.32, 3.33, 'A', 3, 2);
insert into notes_details values ('2011-2012', 'SEM-5', 'Virginie Bush', 'LCI-1', 11.32, 2.0, 'A', 0, 1);
insert into notes_details values ('2011-2012', 'SEM-5', 'Virginie Bush', 'LCI-1', 11.32, 3.67, 'A', 3, 2);
insert into notes_details values ('2011-2012', 'SEM-5', 'Virginie Bush', 'MAT-1', 11.32, 2.33, 'A', 0, 1);
insert into notes_details values ('2011-2012', 'SEM-5', 'Virginie Bush', 'MAT-1', 11.32, 3.0, 'A', 3, 2);
insert into notes_details values ('2011-2012', 'SEM-5', 'Virginie Bush', 'MGP-1', 11.32, 3.33, 'A', 4, 1);
insert into notes_details values ('2011-2012', 'SEM-5', 'Virginie Bush', 'PHO-1', 11.32, 3.0, 'A', 3, 1);
insert into notes_details values ('2011-2012', 'SEM-5', 'Virginie Bush', 'PHQ-1', 11.32, 4.0, 'A', 3, 1);
insert into notes_details values ('2011-2012', 'SEM-5', 'Virginie Bush', 'SPM-1', 11.32, 1.33, 'A', 0, 1);
insert into notes_details values ('2011-2012', 'SEM-5', 'Virginie Bush', 'SPM-1', 11.32, 2.67, 'A', 3, 2);
insert into notes_details values ('2011-2012', 'SEM-6', 'Virginie Bush', 'DPP-2', 11.32, 1.0, 'A', 0, 1);
insert into notes_details values ('2011-2012', 'SEM-6', 'Virginie Bush', 'DPP-2', 11.32, 3.67, 'A', 1, 2);
insert into notes_details values ('2011-2012', 'SEM-6', 'Virginie Bush', 'EAO-2', 11.32, 4.0, 'A', 3, 1);
insert into notes_details values ('2011-2012', 'SEM-6', 'Virginie Bush', 'ECO-2', 11.32, 3.33, 'A', 3, 1);
insert into notes_details values ('2011-2012', 'SEM-6', 'Virginie Bush', 'LCI-2', 11.32, 3.33, 'A', 3, 1);
insert into notes_details values ('2011-2012', 'SEM-6', 'Virginie Bush', 'MAT-2', 11.32, 1.0, 'A', 0, 1);
insert into notes_details values ('2011-2012', 'SEM-6', 'Virginie Bush', 'MAT-2', 11.32, 4.0, 'A', 2, 2);
insert into notes_details values ('2011-2012', 'SEM-6', 'Virginie Bush', 'MCO-2', 11.32, 2.0, 'A', 0, 1);
insert into notes_details values ('2011-2012', 'SEM-6', 'Virginie Bush', 'MCO-2', 11.32, 3.33, 'A', 2, 2);
insert into notes_details values ('2011-2012', 'SEM-6', 'Virginie Bush', 'MGP-2', 11.32, 3.33, 'A', 4, 1);
insert into notes_details values ('2011-2012', 'SEM-6', 'Virginie Bush', 'PHS-2', 11.32, 1.0, 'A', 0, 1);
insert into notes_details values ('2011-2012', 'SEM-6', 'Virginie Bush', 'PHS-2', 11.32, 3.0, 'A', 2, 2);
insert into notes_details values ('2011-2012', 'SEM-6', 'Virginie Bush', 'PJT-2', 11.32, 2.0, 'A', 0, 1);
insert into notes_details values ('2011-2012', 'SEM-6', 'Virginie Bush', 'PJT-2', 11.32, 4.0, 'A', 1, 2);
insert into notes_details values ('2011-2012', 'SEM-6', 'Virginie Bush', 'RMS-2', 11.32, 1.67, 'A', 0, 1);
insert into notes_details values ('2011-2012', 'SEM-6', 'Virginie Bush', 'RMS-2', 11.32, 3.0, 'A', 4, 2);
insert into notes_details values ('2011-2012', 'SEM-6', 'Virginie Bush', 'STG-2', 11.32, 3.33, 'A', 2, 1);
insert into notes_details values ('2011-2012', 'SEM-6', 'Virginie Bush', 'THS-2', 11.32, 3.67, 'A', 3, 1);
insert into notes_details values ('2012-2013', 'SEM-7', 'Virginie Bush', 'ASL-3', 11.32, 3.67, 'A', 2, 1);
insert into notes_details values ('2012-2013', 'SEM-7', 'Virginie Bush', 'DPP-3', 11.32, 1.0, 'A', 0, 1);
insert into notes_details values ('2012-2013', 'SEM-7', 'Virginie Bush', 'DPP-3', 11.32, 3.0, 'A', 2, 2);
insert into notes_details values ('2012-2013', 'SEM-7', 'Virginie Bush', 'EAO-31', 11.32, 3.67, 'A', 2, 1);
insert into notes_details values ('2012-2013', 'SEM-7', 'Virginie Bush', 'EAO-32', 11.32, 1.67, 'A', 0, 1);
insert into notes_details values ('2012-2013', 'SEM-7', 'Virginie Bush', 'EAO-32', 11.32, 4.0, 'A', 2, 2);
insert into notes_details values ('2012-2013', 'SEM-7', 'Virginie Bush', 'EAO-33', 11.32, 2.33, 'A', 0, 1);
insert into notes_details values ('2012-2013', 'SEM-7', 'Virginie Bush', 'EAO-33', 11.32, 3.0, 'A', 2, 2);
insert into notes_details values ('2012-2013', 'SEM-7', 'Virginie Bush', 'EAO-34', 11.32, 1.33, 'A', 0, 1);
insert into notes_details values ('2012-2013', 'SEM-7', 'Virginie Bush', 'EAO-34', 11.32, 2.0, 'A', 0, 2);
insert into contentieux values ('2012-2013', 'SEM-7', 'Virginie Bush', 'EAO-34');
insert into notes_details values ('2012-2013', 'SEM-7', 'Virginie Bush', 'EAO-35', 11.32, 3.67, 'A', 2, 1);
insert into notes_details values ('2012-2013', 'SEM-7', 'Virginie Bush', 'LCI-3', 11.32, 1.0, 'A', 0, 1);
insert into notes_details values ('2012-2013', 'SEM-7', 'Virginie Bush', 'LCI-3', 11.32, 3.67, 'A', 3, 2);
insert into notes_details values ('2012-2013', 'SEM-7', 'Virginie Bush', 'MAT-3', 11.32, 2.33, 'A', 0, 1);
insert into notes_details values ('2012-2013', 'SEM-7', 'Virginie Bush', 'MAT-3', 11.32, 3.0, 'A', 3, 2);
insert into notes_details values ('2012-2013', 'SEM-7', 'Virginie Bush', 'MNG-3', 11.32, 3.33, 'A', 3, 1);
insert into notes_details values ('2012-2013', 'SEM-7', 'Virginie Bush', 'PJT-3', 11.32, 1.33, 'A', 0, 1);
insert into notes_details values ('2012-2013', 'SEM-7', 'Virginie Bush', 'PJT-3', 11.32, 2.0, 'A', 0, 2);
insert into contentieux values ('2012-2013', 'SEM-7', 'Virginie Bush', 'PJT-3');
insert into notes_details values ('2012-2013', 'SEM-7', 'Virginie Bush', 'STD-3', 11.32, 2.67, 'A', 2, 1);
insert into gpa values ('2011-2012', 'SEM-5', 'Virginie Bush', 3.97);
insert into gpa values ('2011-2012', 'SEM-6', 'Virginie Bush', 3.61);
insert into gpa values ('2012-2013', 'SEM-7', 'Virginie Bush', 3.18);
insert into eleves values ('Zlatan Tello', 1, 'S', 'Tres bien', 'MP', 'MP', 'ztello');
insert into notes_details values ('2011-2012', 'SEM-5', 'Zlatan Tello', 'ALG-1', 11.32, 2.67, 'A', 3, 1);
insert into notes_details values ('2011-2012', 'SEM-5', 'Zlatan Tello', 'DPP-1', 11.32, 1.67, 'A', 0, 1);
insert into notes_details values ('2011-2012', 'SEM-5', 'Zlatan Tello', 'DPP-1', 11.32, 3.67, 'A', 2, 2);
insert into notes_details values ('2011-2012', 'SEM-5', 'Zlatan Tello', 'ELE-1', 11.32, 1.67, 'A', 0, 1);
insert into notes_details values ('2011-2012', 'SEM-5', 'Zlatan Tello', 'ELE-1', 11.32, 2.33, 'A', 3, 99);
insert into notes_details values ('2011-2012', 'SEM-5', 'Zlatan Tello', 'INP-1', 11.32, 3.33, 'A', 3, 1);
insert into notes_details values ('2011-2012', 'SEM-5', 'Zlatan Tello', 'LCI-1', 11.32, 3.0, 'A', 3, 1);
insert into notes_details values ('2011-2012', 'SEM-5', 'Zlatan Tello', 'MAT-1', 11.32, 2.33, 'A', 0, 1);
insert into notes_details values ('2011-2012', 'SEM-5', 'Zlatan Tello', 'MAT-1', 11.32, 2.67, 'A', 3, 2);
insert into notes_details values ('2011-2012', 'SEM-5', 'Zlatan Tello', 'MGP-1', 11.32, 2.0, 'A', 0, 1);
insert into notes_details values ('2011-2012', 'SEM-5', 'Zlatan Tello', 'MGP-1', 11.32, 1.0, 'A', 4, 99);
insert into notes_details values ('2011-2012', 'SEM-5', 'Zlatan Tello', 'PHO-1', 11.32, 3.33, 'A', 3, 1);
insert into notes_details values ('2011-2012', 'SEM-5', 'Zlatan Tello', 'PHQ-1', 11.32, 2.0, 'A', 0, 1);
insert into notes_details values ('2011-2012', 'SEM-5', 'Zlatan Tello', 'PHQ-1', 11.32, 3.67, 'A', 3, 2);
insert into notes_details values ('2011-2012', 'SEM-5', 'Zlatan Tello', 'SPM-1', 11.32, 1.0, 'A', 0, 1);
insert into notes_details values ('2011-2012', 'SEM-5', 'Zlatan Tello', 'SPM-1', 11.32, 3.0, 'A', 3, 2);
insert into notes_details values ('2011-2012', 'SEM-6', 'Zlatan Tello', 'DPP-2', 11.32, 2.67, 'A', 1, 1);
insert into notes_details values ('2011-2012', 'SEM-6', 'Zlatan Tello', 'EAO-2', 11.32, 1.0, 'A', 0, 1);
insert into notes_details values ('2011-2012', 'SEM-6', 'Zlatan Tello', 'EAO-2', 11.32, 1.0, 'A', 3, 99);
insert into notes_details values ('2011-2012', 'SEM-6', 'Zlatan Tello', 'ECO-2', 11.32, 2.0, 'A', 0, 1);
insert into notes_details values ('2011-2012', 'SEM-6', 'Zlatan Tello', 'ECO-2', 11.32, 1.0, 'A', 3, 99);
insert into notes_details values ('2011-2012', 'SEM-6', 'Zlatan Tello', 'LCI-2', 11.32, 3.67, 'A', 3, 1);
insert into notes_details values ('2011-2012', 'SEM-6', 'Zlatan Tello', 'MAT-2', 11.32, 2.33, 'A', 0, 1);
insert into notes_details values ('2011-2012', 'SEM-6', 'Zlatan Tello', 'MAT-2', 11.32, 2.0, 'A', 2, 99);
insert into notes_details values ('2011-2012', 'SEM-6', 'Zlatan Tello', 'MCO-2', 11.32, 2.33, 'A', 0, 1);
insert into notes_details values ('2011-2012', 'SEM-6', 'Zlatan Tello', 'MCO-2', 11.32, 3.0, 'A', 2, 2);
insert into notes_details values ('2011-2012', 'SEM-6', 'Zlatan Tello', 'MGP-2', 11.32, 3.0, 'A', 4, 1);
insert into notes_details values ('2011-2012', 'SEM-6', 'Zlatan Tello', 'PHS-2', 11.32, 2.0, 'A', 0, 1);
insert into notes_details values ('2011-2012', 'SEM-6', 'Zlatan Tello', 'PHS-2', 11.32, 3.33, 'A', 2, 2);
insert into notes_details values ('2011-2012', 'SEM-6', 'Zlatan Tello', 'PJT-2', 11.32, 1.33, 'A', 0, 1);
insert into notes_details values ('2011-2012', 'SEM-6', 'Zlatan Tello', 'PJT-2', 11.32, 3.67, 'A', 1, 2);
insert into notes_details values ('2011-2012', 'SEM-6', 'Zlatan Tello', 'RMS-2', 11.32, 2.67, 'A', 4, 1);
insert into notes_details values ('2011-2012', 'SEM-6', 'Zlatan Tello', 'STG-2', 11.32, 4.0, 'A', 2, 1);
insert into notes_details values ('2011-2012', 'SEM-6', 'Zlatan Tello', 'THS-2', 11.32, 2.0, 'A', 0, 1);
insert into notes_details values ('2011-2012', 'SEM-6', 'Zlatan Tello', 'THS-2', 11.32, 3.67, 'A', 3, 2);
insert into notes_details values ('2012-2013', 'SEM-7', 'Zlatan Tello', 'ASL-3', 11.32, 1.0, 'A', 0, 1);
insert into notes_details values ('2012-2013', 'SEM-7', 'Zlatan Tello', 'ASL-3', 11.32, 1.0, 'A', 0, 2);
insert into contentieux values ('2012-2013', 'SEM-7', 'Zlatan Tello', 'ASL-3');
insert into notes_details values ('2012-2013', 'SEM-7', 'Zlatan Tello', 'DPP-3', 11.32, 3.0, 'A', 2, 1);
insert into notes_details values ('2012-2013', 'SEM-7', 'Zlatan Tello', 'EAO-31', 11.32, 1.67, 'A', 0, 1);
insert into notes_details values ('2012-2013', 'SEM-7', 'Zlatan Tello', 'EAO-31', 11.32, 1.0, 'A', 0, 2);
insert into contentieux values ('2012-2013', 'SEM-7', 'Zlatan Tello', 'EAO-31');
insert into notes_details values ('2012-2013', 'SEM-7', 'Zlatan Tello', 'EAO-32', 11.32, 1.0, 'A', 0, 1);
insert into notes_details values ('2012-2013', 'SEM-7', 'Zlatan Tello', 'EAO-32', 11.32, 2.0, 'A', 2, 99);
insert into notes_details values ('2012-2013', 'SEM-7', 'Zlatan Tello', 'EAO-33', 11.32, 3.67, 'A', 2, 1);
insert into notes_details values ('2012-2013', 'SEM-7', 'Zlatan Tello', 'EAO-34', 11.32, 1.33, 'A', 0, 1);
insert into notes_details values ('2012-2013', 'SEM-7', 'Zlatan Tello', 'EAO-34', 11.32, 2.0, 'A', 2, 99);
insert into notes_details values ('2012-2013', 'SEM-7', 'Zlatan Tello', 'EAO-35', 11.32, 2.33, 'A', 0, 1);
insert into notes_details values ('2012-2013', 'SEM-7', 'Zlatan Tello', 'EAO-35', 11.32, 1.0, 'A', 0, 2);
insert into contentieux values ('2012-2013', 'SEM-7', 'Zlatan Tello', 'EAO-35');
insert into notes_details values ('2012-2013', 'SEM-7', 'Zlatan Tello', 'LCI-3', 11.32, 2.33, 'A', 0, 1);
insert into notes_details values ('2012-2013', 'SEM-7', 'Zlatan Tello', 'LCI-3', 11.32, 2.0, 'A', 0, 2);
insert into contentieux values ('2012-2013', 'SEM-7', 'Zlatan Tello', 'LCI-3');
insert into notes_details values ('2012-2013', 'SEM-7', 'Zlatan Tello', 'MAT-3', 11.32, 1.67, 'A', 0, 1);
insert into notes_details values ('2012-2013', 'SEM-7', 'Zlatan Tello', 'MAT-3', 11.32, 4.0, 'A', 3, 2);
insert into notes_details values ('2012-2013', 'SEM-7', 'Zlatan Tello', 'MNG-3', 11.32, 1.33, 'A', 0, 1);
insert into notes_details values ('2012-2013', 'SEM-7', 'Zlatan Tello', 'MNG-3', 11.32, 3.0, 'A', 3, 2);
insert into notes_details values ('2012-2013', 'SEM-7', 'Zlatan Tello', 'PJT-3', 11.32, 3.67, 'A', 5, 1);
insert into notes_details values ('2012-2013', 'SEM-7', 'Zlatan Tello', 'STD-3', 11.32, 1.0, 'A', 0, 1);
insert into notes_details values ('2012-2013', 'SEM-7', 'Zlatan Tello', 'STD-3', 11.32, 2.33, 'A', 0, 2);
insert into contentieux values ('2012-2013', 'SEM-7', 'Zlatan Tello', 'STD-3');
insert into gpa values ('2011-2012', 'SEM-5', 'Zlatan Tello', 3.06);
insert into gpa values ('2011-2012', 'SEM-6', 'Zlatan Tello', 2.19);
insert into gpa values ('2012-2013', 'SEM-7', 'Zlatan Tello', 2.61);
insert into eleves values ('France Pearce', 1, 'S', 'Tres bien', 'MP', 'MP', 'fpearce');
insert into notes_details values ('2011-2012', 'SEM-5', 'France Pearce', 'ALG-1', 11.32, 1.33, 'A', 0, 1);
insert into notes_details values ('2011-2012', 'SEM-5', 'France Pearce', 'ALG-1', 11.32, 2.67, 'A', 3, 2);
insert into notes_details values ('2011-2012', 'SEM-5', 'France Pearce', 'DPP-1', 11.32, 3.33, 'A', 2, 1);
insert into notes_details values ('2011-2012', 'SEM-5', 'France Pearce', 'ELE-1', 11.32, 1.0, 'A', 0, 1);
insert into notes_details values ('2011-2012', 'SEM-5', 'France Pearce', 'ELE-1', 11.32, 3.0, 'A', 3, 2);
insert into notes_details values ('2011-2012', 'SEM-5', 'France Pearce', 'INP-1', 11.32, 3.0, 'A', 3, 1);
insert into notes_details values ('2011-2012', 'SEM-5', 'France Pearce', 'LCI-1', 11.32, 4.0, 'A', 3, 1);
insert into notes_details values ('2011-2012', 'SEM-5', 'France Pearce', 'MAT-1', 11.32, 2.33, 'A', 0, 1);
insert into notes_details values ('2011-2012', 'SEM-5', 'France Pearce', 'MAT-1', 11.32, 4.0, 'A', 3, 2);
insert into notes_details values ('2011-2012', 'SEM-5', 'France Pearce', 'MGP-1', 11.32, 1.0, 'A', 0, 1);
insert into notes_details values ('2011-2012', 'SEM-5', 'France Pearce', 'MGP-1', 11.32, 4.0, 'A', 4, 2);
insert into notes_details values ('2011-2012', 'SEM-5', 'France Pearce', 'PHO-1', 11.32, 1.33, 'A', 0, 1);
insert into notes_details values ('2011-2012', 'SEM-5', 'France Pearce', 'PHO-1', 11.32, 3.67, 'A', 3, 2);
insert into notes_details values ('2011-2012', 'SEM-5', 'France Pearce', 'PHQ-1', 11.32, 1.0, 'A', 0, 1);
insert into notes_details values ('2011-2012', 'SEM-5', 'France Pearce', 'PHQ-1', 11.32, 2.67, 'A', 3, 2);
insert into notes_details values ('2011-2012', 'SEM-5', 'France Pearce', 'SPM-1', 11.32, 4.0, 'A', 3, 1);
insert into notes_details values ('2011-2012', 'SEM-6', 'France Pearce', 'DPP-2', 11.32, 2.33, 'A', 0, 1);
insert into notes_details values ('2011-2012', 'SEM-6', 'France Pearce', 'DPP-2', 11.32, 2.0, 'A', 1, 99);
insert into notes_details values ('2011-2012', 'SEM-6', 'France Pearce', 'EAO-2', 11.32, 1.0, 'A', 0, 1);
insert into notes_details values ('2011-2012', 'SEM-6', 'France Pearce', 'EAO-2', 11.32, 2.33, 'A', 3, 99);
insert into notes_details values ('2011-2012', 'SEM-6', 'France Pearce', 'ECO-2', 11.32, 1.0, 'A', 0, 1);
insert into notes_details values ('2011-2012', 'SEM-6', 'France Pearce', 'ECO-2', 11.32, 4.0, 'A', 3, 2);
insert into notes_details values ('2011-2012', 'SEM-6', 'France Pearce', 'LCI-2', 11.32, 4.0, 'A', 3, 1);
insert into notes_details values ('2011-2012', 'SEM-6', 'France Pearce', 'MAT-2', 11.32, 2.33, 'A', 0, 1);
insert into notes_details values ('2011-2012', 'SEM-6', 'France Pearce', 'MAT-2', 11.32, 3.67, 'A', 2, 2);
insert into notes_details values ('2011-2012', 'SEM-6', 'France Pearce', 'MCO-2', 11.32, 3.67, 'A', 2, 1);
insert into notes_details values ('2011-2012', 'SEM-6', 'France Pearce', 'MGP-2', 11.32, 2.67, 'A', 4, 1);
insert into notes_details values ('2011-2012', 'SEM-6', 'France Pearce', 'PHS-2', 11.32, 2.33, 'A', 0, 1);
insert into notes_details values ('2011-2012', 'SEM-6', 'France Pearce', 'PHS-2', 11.32, 4.0, 'A', 2, 2);
insert into notes_details values ('2011-2012', 'SEM-6', 'France Pearce', 'PJT-2', 11.32, 2.33, 'A', 0, 1);
insert into notes_details values ('2011-2012', 'SEM-6', 'France Pearce', 'PJT-2', 11.32, 1.67, 'A', 1, 99);
insert into notes_details values ('2011-2012', 'SEM-6', 'France Pearce', 'RMS-2', 11.32, 3.67, 'A', 4, 1);
insert into notes_details values ('2011-2012', 'SEM-6', 'France Pearce', 'STG-2', 11.32, 2.0, 'A', 0, 1);
insert into notes_details values ('2011-2012', 'SEM-6', 'France Pearce', 'STG-2', 11.32, 2.0, 'A', 2, 99);
insert into notes_details values ('2011-2012', 'SEM-6', 'France Pearce', 'THS-2', 11.32, 2.67, 'A', 3, 1);
insert into notes_details values ('2012-2013', 'SEM-7', 'France Pearce', 'ASL-3', 11.32, 1.67, 'A', 0, 1);
insert into notes_details values ('2012-2013', 'SEM-7', 'France Pearce', 'ASL-3', 11.32, 3.67, 'A', 2, 2);
insert into notes_details values ('2012-2013', 'SEM-7', 'France Pearce', 'DPP-3', 11.32, 2.0, 'A', 0, 1);
insert into notes_details values ('2012-2013', 'SEM-7', 'France Pearce', 'DPP-3', 11.32, 3.33, 'A', 2, 2);
insert into notes_details values ('2012-2013', 'SEM-7', 'France Pearce', 'EAO-31', 11.32, 2.33, 'A', 0, 1);
insert into notes_details values ('2012-2013', 'SEM-7', 'France Pearce', 'EAO-31', 11.32, 3.67, 'A', 2, 2);
insert into notes_details values ('2012-2013', 'SEM-7', 'France Pearce', 'EAO-32', 11.32, 2.67, 'A', 2, 1);
insert into notes_details values ('2012-2013', 'SEM-7', 'France Pearce', 'EAO-33', 11.32, 2.0, 'A', 0, 1);
insert into notes_details values ('2012-2013', 'SEM-7', 'France Pearce', 'EAO-33', 11.32, 3.33, 'A', 2, 2);
insert into notes_details values ('2012-2013', 'SEM-7', 'France Pearce', 'EAO-34', 11.32, 1.0, 'A', 0, 1);
insert into notes_details values ('2012-2013', 'SEM-7', 'France Pearce', 'EAO-34', 11.32, 2.33, 'A', 0, 2);
insert into contentieux values ('2012-2013', 'SEM-7', 'France Pearce', 'EAO-34');
insert into notes_details values ('2012-2013', 'SEM-7', 'France Pearce', 'EAO-35', 11.32, 3.0, 'A', 2, 1);
insert into notes_details values ('2012-2013', 'SEM-7', 'France Pearce', 'LCI-3', 11.32, 2.0, 'A', 0, 1);
insert into notes_details values ('2012-2013', 'SEM-7', 'France Pearce', 'LCI-3', 11.32, 3.67, 'A', 3, 2);
insert into notes_details values ('2012-2013', 'SEM-7', 'France Pearce', 'MAT-3', 11.32, 1.67, 'A', 0, 1);
insert into notes_details values ('2012-2013', 'SEM-7', 'France Pearce', 'MAT-3', 11.32, 1.67, 'A', 0, 2);
insert into contentieux values ('2012-2013', 'SEM-7', 'France Pearce', 'MAT-3');
insert into notes_details values ('2012-2013', 'SEM-7', 'France Pearce', 'MNG-3', 11.32, 2.33, 'A', 0, 1);
insert into notes_details values ('2012-2013', 'SEM-7', 'France Pearce', 'MNG-3', 11.32, 2.33, 'A', 0, 2);
insert into contentieux values ('2012-2013', 'SEM-7', 'France Pearce', 'MNG-3');
insert into notes_details values ('2012-2013', 'SEM-7', 'France Pearce', 'PJT-3', 11.32, 1.67, 'A', 0, 1);
insert into notes_details values ('2012-2013', 'SEM-7', 'France Pearce', 'PJT-3', 11.32, 4.0, 'A', 5, 2);
insert into notes_details values ('2012-2013', 'SEM-7', 'France Pearce', 'STD-3', 11.32, 1.67, 'A', 0, 1);
insert into notes_details values ('2012-2013', 'SEM-7', 'France Pearce', 'STD-3', 11.32, 1.67, 'A', 0, 2);
insert into contentieux values ('2012-2013', 'SEM-7', 'France Pearce', 'STD-3');
insert into gpa values ('2011-2012', 'SEM-5', 'France Pearce', 2.07);
insert into gpa values ('2011-2012', 'SEM-6', 'France Pearce', 2.84);
insert into gpa values ('2012-2013', 'SEM-7', 'France Pearce', 3.68);
insert into eleves values ('Florian Maradona', 1, 'S', 'Tres bien', 'MP', 'MP', 'fmaradona');
insert into notes_details values ('2011-2012', 'SEM-5', 'Florian Maradona', 'ALG-1', 11.32, 3.33, 'A', 3, 1);
insert into notes_details values ('2011-2012', 'SEM-5', 'Florian Maradona', 'DPP-1', 11.32, 3.0, 'A', 2, 1);
insert into notes_details values ('2011-2012', 'SEM-5', 'Florian Maradona', 'ELE-1', 11.32, 2.0, 'A', 0, 1);
insert into notes_details values ('2011-2012', 'SEM-5', 'Florian Maradona', 'ELE-1', 11.32, 3.67, 'A', 3, 2);
insert into notes_details values ('2011-2012', 'SEM-5', 'Florian Maradona', 'INP-1', 11.32, 2.33, 'A', 0, 1);
insert into notes_details values ('2011-2012', 'SEM-5', 'Florian Maradona', 'INP-1', 11.32, 1.67, 'A', 3, 99);
insert into notes_details values ('2011-2012', 'SEM-5', 'Florian Maradona', 'LCI-1', 11.32, 2.67, 'A', 3, 1);
insert into notes_details values ('2011-2012', 'SEM-5', 'Florian Maradona', 'MAT-1', 11.32, 1.33, 'A', 0, 1);
insert into notes_details values ('2011-2012', 'SEM-5', 'Florian Maradona', 'MAT-1', 11.32, 3.67, 'A', 3, 2);
insert into notes_details values ('2011-2012', 'SEM-5', 'Florian Maradona', 'MGP-1', 11.32, 3.0, 'A', 4, 1);
insert into notes_details values ('2011-2012', 'SEM-5', 'Florian Maradona', 'PHO-1', 11.32, 3.33, 'A', 3, 1);
insert into notes_details values ('2011-2012', 'SEM-5', 'Florian Maradona', 'PHQ-1', 11.32, 2.33, 'A', 0, 1);
insert into notes_details values ('2011-2012', 'SEM-5', 'Florian Maradona', 'PHQ-1', 11.32, 3.0, 'A', 3, 2);
insert into notes_details values ('2011-2012', 'SEM-5', 'Florian Maradona', 'SPM-1', 11.32, 3.33, 'A', 3, 1);
insert into notes_details values ('2011-2012', 'SEM-6', 'Florian Maradona', 'DPP-2', 11.32, 3.33, 'A', 1, 1);
insert into notes_details values ('2011-2012', 'SEM-6', 'Florian Maradona', 'EAO-2', 11.32, 4.0, 'A', 3, 1);
insert into notes_details values ('2011-2012', 'SEM-6', 'Florian Maradona', 'ECO-2', 11.32, 2.33, 'A', 0, 1);
insert into notes_details values ('2011-2012', 'SEM-6', 'Florian Maradona', 'ECO-2', 11.32, 4.0, 'A', 3, 2);
insert into notes_details values ('2011-2012', 'SEM-6', 'Florian Maradona', 'LCI-2', 11.32, 1.0, 'A', 0, 1);
insert into notes_details values ('2011-2012', 'SEM-6', 'Florian Maradona', 'LCI-2', 11.32, 3.33, 'A', 3, 2);
insert into notes_details values ('2011-2012', 'SEM-6', 'Florian Maradona', 'MAT-2', 11.32, 3.33, 'A', 2, 1);
insert into notes_details values ('2011-2012', 'SEM-6', 'Florian Maradona', 'MCO-2', 11.32, 2.67, 'A', 2, 1);
insert into notes_details values ('2011-2012', 'SEM-6', 'Florian Maradona', 'MGP-2', 11.32, 4.0, 'A', 4, 1);
insert into notes_details values ('2011-2012', 'SEM-6', 'Florian Maradona', 'PHS-2', 11.32, 3.33, 'A', 2, 1);
insert into notes_details values ('2011-2012', 'SEM-6', 'Florian Maradona', 'PJT-2', 11.32, 2.67, 'A', 1, 1);
insert into notes_details values ('2011-2012', 'SEM-6', 'Florian Maradona', 'RMS-2', 11.32, 2.33, 'A', 0, 1);
insert into notes_details values ('2011-2012', 'SEM-6', 'Florian Maradona', 'RMS-2', 11.32, 2.67, 'A', 4, 2);
insert into notes_details values ('2011-2012', 'SEM-6', 'Florian Maradona', 'STG-2', 11.32, 2.0, 'A', 0, 1);
insert into notes_details values ('2011-2012', 'SEM-6', 'Florian Maradona', 'STG-2', 11.32, 1.0, 'A', 2, 99);
insert into notes_details values ('2011-2012', 'SEM-6', 'Florian Maradona', 'THS-2', 11.32, 3.0, 'A', 3, 1);
insert into notes_details values ('2012-2013', 'SEM-7', 'Florian Maradona', 'ASL-3', 11.32, 3.33, 'A', 2, 1);
insert into notes_details values ('2012-2013', 'SEM-7', 'Florian Maradona', 'DPP-3', 11.32, 3.0, 'A', 2, 1);
insert into notes_details values ('2012-2013', 'SEM-7', 'Florian Maradona', 'EAO-31', 11.32, 1.0, 'A', 0, 1);
insert into notes_details values ('2012-2013', 'SEM-7', 'Florian Maradona', 'EAO-31', 11.32, 2.33, 'A', 0, 2);
insert into contentieux values ('2012-2013', 'SEM-7', 'Florian Maradona', 'EAO-31');
insert into notes_details values ('2012-2013', 'SEM-7', 'Florian Maradona', 'EAO-32', 11.32, 2.33, 'A', 0, 1);
insert into notes_details values ('2012-2013', 'SEM-7', 'Florian Maradona', 'EAO-32', 11.32, 1.67, 'A', 0, 2);
insert into contentieux values ('2012-2013', 'SEM-7', 'Florian Maradona', 'EAO-32');
insert into notes_details values ('2012-2013', 'SEM-7', 'Florian Maradona', 'EAO-33', 11.32, 1.0, 'A', 0, 1);
insert into notes_details values ('2012-2013', 'SEM-7', 'Florian Maradona', 'EAO-33', 11.32, 2.0, 'A', 0, 2);
insert into contentieux values ('2012-2013', 'SEM-7', 'Florian Maradona', 'EAO-33');
insert into notes_details values ('2012-2013', 'SEM-7', 'Florian Maradona', 'EAO-34', 11.32, 1.0, 'A', 0, 1);
insert into notes_details values ('2012-2013', 'SEM-7', 'Florian Maradona', 'EAO-34', 11.32, 3.67, 'A', 2, 2);
insert into notes_details values ('2012-2013', 'SEM-7', 'Florian Maradona', 'EAO-35', 11.32, 2.0, 'A', 0, 1);
insert into notes_details values ('2012-2013', 'SEM-7', 'Florian Maradona', 'EAO-35', 11.32, 2.0, 'A', 2, 99);
insert into notes_details values ('2012-2013', 'SEM-7', 'Florian Maradona', 'LCI-3', 11.32, 3.33, 'A', 3, 1);
insert into notes_details values ('2012-2013', 'SEM-7', 'Florian Maradona', 'MAT-3', 11.32, 1.33, 'A', 0, 1);
insert into notes_details values ('2012-2013', 'SEM-7', 'Florian Maradona', 'MAT-3', 11.32, 3.67, 'A', 3, 2);
insert into notes_details values ('2012-2013', 'SEM-7', 'Florian Maradona', 'MNG-3', 11.32, 3.67, 'A', 3, 1);
insert into notes_details values ('2012-2013', 'SEM-7', 'Florian Maradona', 'PJT-3', 11.32, 1.33, 'A', 0, 1);
insert into notes_details values ('2012-2013', 'SEM-7', 'Florian Maradona', 'PJT-3', 11.32, 3.0, 'A', 5, 2);
insert into notes_details values ('2012-2013', 'SEM-7', 'Florian Maradona', 'STD-3', 11.32, 2.33, 'A', 0, 1);
insert into notes_details values ('2012-2013', 'SEM-7', 'Florian Maradona', 'STD-3', 11.32, 2.0, 'A', 0, 2);
insert into contentieux values ('2012-2013', 'SEM-7', 'Florian Maradona', 'STD-3');
insert into gpa values ('2011-2012', 'SEM-5', 'Florian Maradona', 2.28);
insert into gpa values ('2011-2012', 'SEM-6', 'Florian Maradona', 3.21);
insert into gpa values ('2012-2013', 'SEM-7', 'Florian Maradona', 3.65);
insert into eleves values ('Langley Lemond', 1, 'S', 'Tres bien', 'MP', 'MP', 'llemond');
insert into notes_details values ('2011-2012', 'SEM-5', 'Langley Lemond', 'ALG-1', 11.32, 1.0, 'A', 0, 1);
insert into notes_details values ('2011-2012', 'SEM-5', 'Langley Lemond', 'ALG-1', 11.32, 3.67, 'A', 3, 2);
insert into notes_details values ('2011-2012', 'SEM-5', 'Langley Lemond', 'DPP-1', 11.32, 1.0, 'A', 0, 1);
insert into notes_details values ('2011-2012', 'SEM-5', 'Langley Lemond', 'DPP-1', 11.32, 3.0, 'A', 2, 2);
insert into notes_details values ('2011-2012', 'SEM-5', 'Langley Lemond', 'ELE-1', 11.32, 1.0, 'A', 0, 1);
insert into notes_details values ('2011-2012', 'SEM-5', 'Langley Lemond', 'ELE-1', 11.32, 4.0, 'A', 3, 2);
insert into notes_details values ('2011-2012', 'SEM-5', 'Langley Lemond', 'INP-1', 11.32, 4.0, 'A', 3, 1);
insert into notes_details values ('2011-2012', 'SEM-5', 'Langley Lemond', 'LCI-1', 11.32, 3.0, 'A', 3, 1);
insert into notes_details values ('2011-2012', 'SEM-5', 'Langley Lemond', 'MAT-1', 11.32, 3.67, 'A', 3, 1);
insert into notes_details values ('2011-2012', 'SEM-5', 'Langley Lemond', 'MGP-1', 11.32, 1.0, 'A', 0, 1);
insert into notes_details values ('2011-2012', 'SEM-5', 'Langley Lemond', 'MGP-1', 11.32, 2.67, 'A', 4, 2);
insert into notes_details values ('2011-2012', 'SEM-5', 'Langley Lemond', 'PHO-1', 11.32, 3.0, 'A', 3, 1);
insert into notes_details values ('2011-2012', 'SEM-5', 'Langley Lemond', 'PHQ-1', 11.32, 1.67, 'A', 0, 1);
insert into notes_details values ('2011-2012', 'SEM-5', 'Langley Lemond', 'PHQ-1', 11.32, 3.33, 'A', 3, 2);
insert into notes_details values ('2011-2012', 'SEM-5', 'Langley Lemond', 'SPM-1', 11.32, 2.67, 'A', 3, 1);
insert into notes_details values ('2011-2012', 'SEM-6', 'Langley Lemond', 'DPP-2', 11.32, 1.0, 'A', 0, 1);
insert into notes_details values ('2011-2012', 'SEM-6', 'Langley Lemond', 'DPP-2', 11.32, 3.33, 'A', 1, 2);
insert into notes_details values ('2011-2012', 'SEM-6', 'Langley Lemond', 'EAO-2', 11.32, 1.0, 'A', 0, 1);
insert into notes_details values ('2011-2012', 'SEM-6', 'Langley Lemond', 'EAO-2', 11.32, 3.67, 'A', 3, 2);
insert into notes_details values ('2011-2012', 'SEM-6', 'Langley Lemond', 'ECO-2', 11.32, 1.67, 'A', 0, 1);
insert into notes_details values ('2011-2012', 'SEM-6', 'Langley Lemond', 'ECO-2', 11.32, 3.67, 'A', 3, 2);
insert into notes_details values ('2011-2012', 'SEM-6', 'Langley Lemond', 'LCI-2', 11.32, 3.33, 'A', 3, 1);
insert into notes_details values ('2011-2012', 'SEM-6', 'Langley Lemond', 'MAT-2', 11.32, 1.33, 'A', 0, 1);
insert into notes_details values ('2011-2012', 'SEM-6', 'Langley Lemond', 'MAT-2', 11.32, 3.0, 'A', 2, 2);
insert into notes_details values ('2011-2012', 'SEM-6', 'Langley Lemond', 'MCO-2', 11.32, 2.33, 'A', 0, 1);
insert into notes_details values ('2011-2012', 'SEM-6', 'Langley Lemond', 'MCO-2', 11.32, 3.33, 'A', 2, 2);
insert into notes_details values ('2011-2012', 'SEM-6', 'Langley Lemond', 'MGP-2', 11.32, 4.0, 'A', 4, 1);
insert into notes_details values ('2011-2012', 'SEM-6', 'Langley Lemond', 'PHS-2', 11.32, 3.0, 'A', 2, 1);
insert into notes_details values ('2011-2012', 'SEM-6', 'Langley Lemond', 'PJT-2', 11.32, 1.67, 'A', 0, 1);
insert into notes_details values ('2011-2012', 'SEM-6', 'Langley Lemond', 'PJT-2', 11.32, 3.0, 'A', 1, 2);
insert into notes_details values ('2011-2012', 'SEM-6', 'Langley Lemond', 'RMS-2', 11.32, 3.67, 'A', 4, 1);
insert into notes_details values ('2011-2012', 'SEM-6', 'Langley Lemond', 'STG-2', 11.32, 1.33, 'A', 0, 1);
insert into notes_details values ('2011-2012', 'SEM-6', 'Langley Lemond', 'STG-2', 11.32, 2.33, 'A', 2, 99);
insert into notes_details values ('2011-2012', 'SEM-6', 'Langley Lemond', 'THS-2', 11.32, 2.0, 'A', 0, 1);
insert into notes_details values ('2011-2012', 'SEM-6', 'Langley Lemond', 'THS-2', 11.32, 3.0, 'A', 3, 2);
insert into notes_details values ('2012-2013', 'SEM-7', 'Langley Lemond', 'ASL-3', 11.32, 3.67, 'A', 2, 1);
insert into notes_details values ('2012-2013', 'SEM-7', 'Langley Lemond', 'DPP-3', 11.32, 2.33, 'A', 0, 1);
insert into notes_details values ('2012-2013', 'SEM-7', 'Langley Lemond', 'DPP-3', 11.32, 3.0, 'A', 2, 2);
insert into notes_details values ('2012-2013', 'SEM-7', 'Langley Lemond', 'EAO-31', 11.32, 1.0, 'A', 0, 1);
insert into notes_details values ('2012-2013', 'SEM-7', 'Langley Lemond', 'EAO-31', 11.32, 3.67, 'A', 2, 2);
insert into notes_details values ('2012-2013', 'SEM-7', 'Langley Lemond', 'EAO-32', 11.32, 3.67, 'A', 2, 1);
insert into notes_details values ('2012-2013', 'SEM-7', 'Langley Lemond', 'EAO-33', 11.32, 3.33, 'A', 2, 1);
insert into notes_details values ('2012-2013', 'SEM-7', 'Langley Lemond', 'EAO-34', 11.32, 2.67, 'A', 2, 1);
insert into notes_details values ('2012-2013', 'SEM-7', 'Langley Lemond', 'EAO-35', 11.32, 2.0, 'A', 0, 1);
insert into notes_details values ('2012-2013', 'SEM-7', 'Langley Lemond', 'EAO-35', 11.32, 1.33, 'A', 0, 2);
insert into contentieux values ('2012-2013', 'SEM-7', 'Langley Lemond', 'EAO-35');
insert into notes_details values ('2012-2013', 'SEM-7', 'Langley Lemond', 'LCI-3', 11.32, 2.33, 'A', 0, 1);
insert into notes_details values ('2012-2013', 'SEM-7', 'Langley Lemond', 'LCI-3', 11.32, 1.0, 'A', 0, 2);
insert into contentieux values ('2012-2013', 'SEM-7', 'Langley Lemond', 'LCI-3');
insert into notes_details values ('2012-2013', 'SEM-7', 'Langley Lemond', 'MAT-3', 11.32, 2.0, 'A', 0, 1);
insert into notes_details values ('2012-2013', 'SEM-7', 'Langley Lemond', 'MAT-3', 11.32, 1.67, 'A', 0, 2);
insert into contentieux values ('2012-2013', 'SEM-7', 'Langley Lemond', 'MAT-3');
insert into notes_details values ('2012-2013', 'SEM-7', 'Langley Lemond', 'MNG-3', 11.32, 3.67, 'A', 3, 1);
insert into notes_details values ('2012-2013', 'SEM-7', 'Langley Lemond', 'PJT-3', 11.32, 3.0, 'A', 5, 1);
insert into notes_details values ('2012-2013', 'SEM-7', 'Langley Lemond', 'STD-3', 11.32, 3.33, 'A', 2, 1);
insert into gpa values ('2011-2012', 'SEM-5', 'Langley Lemond', 3.86);
insert into gpa values ('2011-2012', 'SEM-6', 'Langley Lemond', 3.63);
insert into gpa values ('2012-2013', 'SEM-7', 'Langley Lemond', 2.5);
insert into eleves values ('Faustin Eto', 1, 'S', 'Tres bien', 'MP', 'MP', 'feto');
insert into notes_details values ('2011-2012', 'SEM-5', 'Faustin Eto', 'ALG-1', 11.32, 2.0, 'A', 0, 1);
insert into notes_details values ('2011-2012', 'SEM-5', 'Faustin Eto', 'ALG-1', 11.32, 2.67, 'A', 3, 2);
insert into notes_details values ('2011-2012', 'SEM-5', 'Faustin Eto', 'DPP-1', 11.32, 2.67, 'A', 2, 1);
insert into notes_details values ('2011-2012', 'SEM-5', 'Faustin Eto', 'ELE-1', 11.32, 1.33, 'A', 0, 1);
insert into notes_details values ('2011-2012', 'SEM-5', 'Faustin Eto', 'ELE-1', 11.32, 4.0, 'A', 3, 2);
insert into notes_details values ('2011-2012', 'SEM-5', 'Faustin Eto', 'INP-1', 11.32, 3.0, 'A', 3, 1);
insert into notes_details values ('2011-2012', 'SEM-5', 'Faustin Eto', 'LCI-1', 11.32, 4.0, 'A', 3, 1);
insert into notes_details values ('2011-2012', 'SEM-5', 'Faustin Eto', 'MAT-1', 11.32, 1.33, 'A', 0, 1);
insert into notes_details values ('2011-2012', 'SEM-5', 'Faustin Eto', 'MAT-1', 11.32, 3.33, 'A', 3, 2);
insert into notes_details values ('2011-2012', 'SEM-5', 'Faustin Eto', 'MGP-1', 11.32, 2.33, 'A', 0, 1);
insert into notes_details values ('2011-2012', 'SEM-5', 'Faustin Eto', 'MGP-1', 11.32, 2.67, 'A', 4, 2);
insert into notes_details values ('2011-2012', 'SEM-5', 'Faustin Eto', 'PHO-1', 11.32, 1.67, 'A', 0, 1);
insert into notes_details values ('2011-2012', 'SEM-5', 'Faustin Eto', 'PHO-1', 11.32, 1.67, 'A', 3, 99);
insert into notes_details values ('2011-2012', 'SEM-5', 'Faustin Eto', 'PHQ-1', 11.32, 1.67, 'A', 0, 1);
insert into notes_details values ('2011-2012', 'SEM-5', 'Faustin Eto', 'PHQ-1', 11.32, 3.33, 'A', 3, 2);
insert into notes_details values ('2011-2012', 'SEM-5', 'Faustin Eto', 'SPM-1', 11.32, 3.33, 'A', 3, 1);
insert into notes_details values ('2011-2012', 'SEM-6', 'Faustin Eto', 'DPP-2', 11.32, 2.67, 'A', 1, 1);
insert into notes_details values ('2011-2012', 'SEM-6', 'Faustin Eto', 'EAO-2', 11.32, 1.67, 'A', 0, 1);
insert into notes_details values ('2011-2012', 'SEM-6', 'Faustin Eto', 'EAO-2', 11.32, 2.0, 'A', 3, 99);
insert into notes_details values ('2011-2012', 'SEM-6', 'Faustin Eto', 'ECO-2', 11.32, 1.33, 'A', 0, 1);
insert into notes_details values ('2011-2012', 'SEM-6', 'Faustin Eto', 'ECO-2', 11.32, 1.67, 'A', 3, 99);
insert into notes_details values ('2011-2012', 'SEM-6', 'Faustin Eto', 'LCI-2', 11.32, 1.67, 'A', 0, 1);
insert into notes_details values ('2011-2012', 'SEM-6', 'Faustin Eto', 'LCI-2', 11.32, 4.0, 'A', 3, 2);
insert into notes_details values ('2011-2012', 'SEM-6', 'Faustin Eto', 'MAT-2', 11.32, 2.33, 'A', 0, 1);
insert into notes_details values ('2011-2012', 'SEM-6', 'Faustin Eto', 'MAT-2', 11.32, 2.67, 'A', 2, 2);
insert into notes_details values ('2011-2012', 'SEM-6', 'Faustin Eto', 'MCO-2', 11.32, 2.67, 'A', 2, 1);
insert into notes_details values ('2011-2012', 'SEM-6', 'Faustin Eto', 'MGP-2', 11.32, 2.67, 'A', 4, 1);
insert into notes_details values ('2011-2012', 'SEM-6', 'Faustin Eto', 'PHS-2', 11.32, 4.0, 'A', 2, 1);
insert into notes_details values ('2011-2012', 'SEM-6', 'Faustin Eto', 'PJT-2', 11.32, 3.33, 'A', 1, 1);
insert into notes_details values ('2011-2012', 'SEM-6', 'Faustin Eto', 'RMS-2', 11.32, 3.33, 'A', 4, 1);
insert into notes_details values ('2011-2012', 'SEM-6', 'Faustin Eto', 'STG-2', 11.32, 4.0, 'A', 2, 1);
insert into notes_details values ('2011-2012', 'SEM-6', 'Faustin Eto', 'THS-2', 11.32, 1.0, 'A', 0, 1);
insert into notes_details values ('2011-2012', 'SEM-6', 'Faustin Eto', 'THS-2', 11.32, 2.33, 'A', 3, 99);
insert into notes_details values ('2012-2013', 'SEM-7', 'Faustin Eto', 'ASL-3', 11.32, 3.67, 'A', 2, 1);
insert into notes_details values ('2012-2013', 'SEM-7', 'Faustin Eto', 'DPP-3', 11.32, 2.0, 'A', 0, 1);
insert into notes_details values ('2012-2013', 'SEM-7', 'Faustin Eto', 'DPP-3', 11.32, 3.33, 'A', 2, 2);
insert into notes_details values ('2012-2013', 'SEM-7', 'Faustin Eto', 'EAO-31', 11.32, 3.33, 'A', 2, 1);
insert into notes_details values ('2012-2013', 'SEM-7', 'Faustin Eto', 'EAO-32', 11.32, 1.33, 'A', 0, 1);
insert into notes_details values ('2012-2013', 'SEM-7', 'Faustin Eto', 'EAO-32', 11.32, 1.67, 'A', 2, 99);
insert into notes_details values ('2012-2013', 'SEM-7', 'Faustin Eto', 'EAO-33', 11.32, 3.0, 'A', 2, 1);
insert into notes_details values ('2012-2013', 'SEM-7', 'Faustin Eto', 'EAO-34', 11.32, 2.0, 'A', 0, 1);
insert into notes_details values ('2012-2013', 'SEM-7', 'Faustin Eto', 'EAO-34', 11.32, 2.67, 'A', 2, 2);
insert into notes_details values ('2012-2013', 'SEM-7', 'Faustin Eto', 'EAO-35', 11.32, 1.0, 'A', 0, 1);
insert into notes_details values ('2012-2013', 'SEM-7', 'Faustin Eto', 'EAO-35', 11.32, 1.67, 'A', 0, 2);
insert into contentieux values ('2012-2013', 'SEM-7', 'Faustin Eto', 'EAO-35');
insert into notes_details values ('2012-2013', 'SEM-7', 'Faustin Eto', 'LCI-3', 11.32, 3.0, 'A', 3, 1);
insert into notes_details values ('2012-2013', 'SEM-7', 'Faustin Eto', 'MAT-3', 11.32, 3.33, 'A', 3, 1);
insert into notes_details values ('2012-2013', 'SEM-7', 'Faustin Eto', 'MNG-3', 11.32, 1.0, 'A', 0, 1);
insert into notes_details values ('2012-2013', 'SEM-7', 'Faustin Eto', 'MNG-3', 11.32, 2.67, 'A', 3, 2);
insert into notes_details values ('2012-2013', 'SEM-7', 'Faustin Eto', 'PJT-3', 11.32, 1.0, 'A', 0, 1);
insert into notes_details values ('2012-2013', 'SEM-7', 'Faustin Eto', 'PJT-3', 11.32, 1.67, 'A', 5, 99);
insert into notes_details values ('2012-2013', 'SEM-7', 'Faustin Eto', 'STD-3', 11.32, 2.33, 'A', 0, 1);
insert into notes_details values ('2012-2013', 'SEM-7', 'Faustin Eto', 'STD-3', 11.32, 2.67, 'A', 2, 2);
insert into gpa values ('2011-2012', 'SEM-5', 'Faustin Eto', 3.89);
insert into gpa values ('2011-2012', 'SEM-6', 'Faustin Eto', 3.76);
insert into gpa values ('2012-2013', 'SEM-7', 'Faustin Eto', 3.34);
insert into eleves values ('Rodolphe Arnoux', 1, 'S', 'Tres bien', 'MP', 'MP', 'rarnoux');
insert into notes_details values ('2011-2012', 'SEM-5', 'Rodolphe Arnoux', 'ALG-1', 11.32, 2.67, 'A', 3, 1);
insert into notes_details values ('2011-2012', 'SEM-5', 'Rodolphe Arnoux', 'DPP-1', 11.32, 1.0, 'A', 0, 1);
insert into notes_details values ('2011-2012', 'SEM-5', 'Rodolphe Arnoux', 'DPP-1', 11.32, 3.33, 'A', 2, 2);
insert into notes_details values ('2011-2012', 'SEM-5', 'Rodolphe Arnoux', 'ELE-1', 11.32, 3.0, 'A', 3, 1);
insert into notes_details values ('2011-2012', 'SEM-5', 'Rodolphe Arnoux', 'INP-1', 11.32, 2.67, 'A', 3, 1);
insert into notes_details values ('2011-2012', 'SEM-5', 'Rodolphe Arnoux', 'LCI-1', 11.32, 1.67, 'A', 0, 1);
insert into notes_details values ('2011-2012', 'SEM-5', 'Rodolphe Arnoux', 'LCI-1', 11.32, 3.33, 'A', 3, 2);
insert into notes_details values ('2011-2012', 'SEM-5', 'Rodolphe Arnoux', 'MAT-1', 11.32, 3.67, 'A', 3, 1);
insert into notes_details values ('2011-2012', 'SEM-5', 'Rodolphe Arnoux', 'MGP-1', 11.32, 3.0, 'A', 4, 1);
insert into notes_details values ('2011-2012', 'SEM-5', 'Rodolphe Arnoux', 'PHO-1', 11.32, 2.67, 'A', 3, 1);
insert into notes_details values ('2011-2012', 'SEM-5', 'Rodolphe Arnoux', 'PHQ-1', 11.32, 3.0, 'A', 3, 1);
insert into notes_details values ('2011-2012', 'SEM-5', 'Rodolphe Arnoux', 'SPM-1', 11.32, 2.0, 'A', 0, 1);
insert into notes_details values ('2011-2012', 'SEM-5', 'Rodolphe Arnoux', 'SPM-1', 11.32, 1.33, 'A', 3, 99);
insert into notes_details values ('2011-2012', 'SEM-6', 'Rodolphe Arnoux', 'DPP-2', 11.32, 1.67, 'A', 0, 1);
insert into notes_details values ('2011-2012', 'SEM-6', 'Rodolphe Arnoux', 'DPP-2', 11.32, 1.33, 'A', 1, 99);
insert into notes_details values ('2011-2012', 'SEM-6', 'Rodolphe Arnoux', 'EAO-2', 11.32, 3.0, 'A', 3, 1);
insert into notes_details values ('2011-2012', 'SEM-6', 'Rodolphe Arnoux', 'ECO-2', 11.32, 4.0, 'A', 3, 1);
insert into notes_details values ('2011-2012', 'SEM-6', 'Rodolphe Arnoux', 'LCI-2', 11.32, 1.67, 'A', 0, 1);
insert into notes_details values ('2011-2012', 'SEM-6', 'Rodolphe Arnoux', 'LCI-2', 11.32, 3.0, 'A', 3, 2);
insert into notes_details values ('2011-2012', 'SEM-6', 'Rodolphe Arnoux', 'MAT-2', 11.32, 4.0, 'A', 2, 1);
insert into notes_details values ('2011-2012', 'SEM-6', 'Rodolphe Arnoux', 'MCO-2', 11.32, 1.67, 'A', 0, 1);
insert into notes_details values ('2011-2012', 'SEM-6', 'Rodolphe Arnoux', 'MCO-2', 11.32, 2.0, 'A', 2, 99);
insert into notes_details values ('2011-2012', 'SEM-6', 'Rodolphe Arnoux', 'MGP-2', 11.32, 2.0, 'A', 0, 1);
insert into notes_details values ('2011-2012', 'SEM-6', 'Rodolphe Arnoux', 'MGP-2', 11.32, 2.67, 'A', 4, 2);
insert into notes_details values ('2011-2012', 'SEM-6', 'Rodolphe Arnoux', 'PHS-2', 11.32, 1.67, 'A', 0, 1);
insert into notes_details values ('2011-2012', 'SEM-6', 'Rodolphe Arnoux', 'PHS-2', 11.32, 4.0, 'A', 2, 2);
insert into notes_details values ('2011-2012', 'SEM-6', 'Rodolphe Arnoux', 'PJT-2', 11.32, 2.67, 'A', 1, 1);
insert into notes_details values ('2011-2012', 'SEM-6', 'Rodolphe Arnoux', 'RMS-2', 11.32, 1.67, 'A', 0, 1);
insert into notes_details values ('2011-2012', 'SEM-6', 'Rodolphe Arnoux', 'RMS-2', 11.32, 3.67, 'A', 4, 2);
insert into notes_details values ('2011-2012', 'SEM-6', 'Rodolphe Arnoux', 'STG-2', 11.32, 3.33, 'A', 2, 1);
insert into notes_details values ('2011-2012', 'SEM-6', 'Rodolphe Arnoux', 'THS-2', 11.32, 1.67, 'A', 0, 1);
insert into notes_details values ('2011-2012', 'SEM-6', 'Rodolphe Arnoux', 'THS-2', 11.32, 3.67, 'A', 3, 2);
insert into notes_details values ('2012-2013', 'SEM-7', 'Rodolphe Arnoux', 'ASL-3', 11.32, 2.0, 'A', 0, 1);
insert into notes_details values ('2012-2013', 'SEM-7', 'Rodolphe Arnoux', 'ASL-3', 11.32, 4.0, 'A', 2, 2);
insert into notes_details values ('2012-2013', 'SEM-7', 'Rodolphe Arnoux', 'DPP-3', 11.32, 1.67, 'A', 0, 1);
insert into notes_details values ('2012-2013', 'SEM-7', 'Rodolphe Arnoux', 'DPP-3', 11.32, 1.33, 'A', 0, 2);
insert into contentieux values ('2012-2013', 'SEM-7', 'Rodolphe Arnoux', 'DPP-3');
insert into notes_details values ('2012-2013', 'SEM-7', 'Rodolphe Arnoux', 'EAO-31', 11.32, 1.0, 'A', 0, 1);
insert into notes_details values ('2012-2013', 'SEM-7', 'Rodolphe Arnoux', 'EAO-31', 11.32, 1.0, 'A', 0, 2);
insert into contentieux values ('2012-2013', 'SEM-7', 'Rodolphe Arnoux', 'EAO-31');
insert into notes_details values ('2012-2013', 'SEM-7', 'Rodolphe Arnoux', 'EAO-32', 11.32, 1.67, 'A', 0, 1);
insert into notes_details values ('2012-2013', 'SEM-7', 'Rodolphe Arnoux', 'EAO-32', 11.32, 4.0, 'A', 2, 2);
insert into notes_details values ('2012-2013', 'SEM-7', 'Rodolphe Arnoux', 'EAO-33', 11.32, 4.0, 'A', 2, 1);
insert into notes_details values ('2012-2013', 'SEM-7', 'Rodolphe Arnoux', 'EAO-34', 11.32, 1.0, 'A', 0, 1);
insert into notes_details values ('2012-2013', 'SEM-7', 'Rodolphe Arnoux', 'EAO-34', 11.32, 4.0, 'A', 2, 2);
insert into notes_details values ('2012-2013', 'SEM-7', 'Rodolphe Arnoux', 'EAO-35', 11.32, 1.33, 'A', 0, 1);
insert into notes_details values ('2012-2013', 'SEM-7', 'Rodolphe Arnoux', 'EAO-35', 11.32, 2.0, 'A', 2, 99);
insert into notes_details values ('2012-2013', 'SEM-7', 'Rodolphe Arnoux', 'LCI-3', 11.32, 3.67, 'A', 3, 1);
insert into notes_details values ('2012-2013', 'SEM-7', 'Rodolphe Arnoux', 'MAT-3', 11.32, 2.0, 'A', 0, 1);
insert into notes_details values ('2012-2013', 'SEM-7', 'Rodolphe Arnoux', 'MAT-3', 11.32, 4.0, 'A', 3, 2);
insert into notes_details values ('2012-2013', 'SEM-7', 'Rodolphe Arnoux', 'MNG-3', 11.32, 3.0, 'A', 3, 1);
insert into notes_details values ('2012-2013', 'SEM-7', 'Rodolphe Arnoux', 'PJT-3', 11.32, 2.67, 'A', 5, 1);
insert into notes_details values ('2012-2013', 'SEM-7', 'Rodolphe Arnoux', 'STD-3', 11.32, 2.0, 'A', 0, 1);
insert into notes_details values ('2012-2013', 'SEM-7', 'Rodolphe Arnoux', 'STD-3', 11.32, 1.67, 'A', 0, 2);
insert into contentieux values ('2012-2013', 'SEM-7', 'Rodolphe Arnoux', 'STD-3');
insert into gpa values ('2011-2012', 'SEM-5', 'Rodolphe Arnoux', 2.71);
insert into gpa values ('2011-2012', 'SEM-6', 'Rodolphe Arnoux', 3.1);
insert into gpa values ('2012-2013', 'SEM-7', 'Rodolphe Arnoux', 2.42);
insert into eleves values ('Lea Ouellet', 1, 'S', 'Tres bien', 'MP', 'MP', 'louellet');
insert into notes_details values ('2011-2012', 'SEM-5', 'Lea Ouellet', 'ALG-1', 11.32, 1.67, 'A', 0, 1);
insert into notes_details values ('2011-2012', 'SEM-5', 'Lea Ouellet', 'ALG-1', 11.32, 4.0, 'A', 3, 2);
insert into notes_details values ('2011-2012', 'SEM-5', 'Lea Ouellet', 'DPP-1', 11.32, 3.33, 'A', 2, 1);
insert into notes_details values ('2011-2012', 'SEM-5', 'Lea Ouellet', 'ELE-1', 11.32, 2.33, 'A', 0, 1);
insert into notes_details values ('2011-2012', 'SEM-5', 'Lea Ouellet', 'ELE-1', 11.32, 3.33, 'A', 3, 2);
insert into notes_details values ('2011-2012', 'SEM-5', 'Lea Ouellet', 'INP-1', 11.32, 1.0, 'A', 0, 1);
insert into notes_details values ('2011-2012', 'SEM-5', 'Lea Ouellet', 'INP-1', 11.32, 3.67, 'A', 3, 2);
insert into notes_details values ('2011-2012', 'SEM-5', 'Lea Ouellet', 'LCI-1', 11.32, 1.33, 'A', 0, 1);
insert into notes_details values ('2011-2012', 'SEM-5', 'Lea Ouellet', 'LCI-1', 11.32, 2.67, 'A', 3, 2);
insert into notes_details values ('2011-2012', 'SEM-5', 'Lea Ouellet', 'MAT-1', 11.32, 2.0, 'A', 0, 1);
insert into notes_details values ('2011-2012', 'SEM-5', 'Lea Ouellet', 'MAT-1', 11.32, 1.67, 'A', 3, 99);
insert into notes_details values ('2011-2012', 'SEM-5', 'Lea Ouellet', 'MGP-1', 11.32, 1.33, 'A', 0, 1);
insert into notes_details values ('2011-2012', 'SEM-5', 'Lea Ouellet', 'MGP-1', 11.32, 3.0, 'A', 4, 2);
insert into notes_details values ('2011-2012', 'SEM-5', 'Lea Ouellet', 'PHO-1', 11.32, 1.67, 'A', 0, 1);
insert into notes_details values ('2011-2012', 'SEM-5', 'Lea Ouellet', 'PHO-1', 11.32, 4.0, 'A', 3, 2);
insert into notes_details values ('2011-2012', 'SEM-5', 'Lea Ouellet', 'PHQ-1', 11.32, 2.0, 'A', 0, 1);
insert into notes_details values ('2011-2012', 'SEM-5', 'Lea Ouellet', 'PHQ-1', 11.32, 2.33, 'A', 3, 99);
insert into notes_details values ('2011-2012', 'SEM-5', 'Lea Ouellet', 'SPM-1', 11.32, 2.67, 'A', 3, 1);
insert into notes_details values ('2011-2012', 'SEM-6', 'Lea Ouellet', 'DPP-2', 11.32, 4.0, 'A', 1, 1);
insert into notes_details values ('2011-2012', 'SEM-6', 'Lea Ouellet', 'EAO-2', 11.32, 2.0, 'A', 0, 1);
insert into notes_details values ('2011-2012', 'SEM-6', 'Lea Ouellet', 'EAO-2', 11.32, 3.33, 'A', 3, 2);
insert into notes_details values ('2011-2012', 'SEM-6', 'Lea Ouellet', 'ECO-2', 11.32, 3.33, 'A', 3, 1);
insert into notes_details values ('2011-2012', 'SEM-6', 'Lea Ouellet', 'LCI-2', 11.32, 4.0, 'A', 3, 1);
insert into notes_details values ('2011-2012', 'SEM-6', 'Lea Ouellet', 'MAT-2', 11.32, 2.33, 'A', 0, 1);
insert into notes_details values ('2011-2012', 'SEM-6', 'Lea Ouellet', 'MAT-2', 11.32, 3.0, 'A', 2, 2);
insert into notes_details values ('2011-2012', 'SEM-6', 'Lea Ouellet', 'MCO-2', 11.32, 4.0, 'A', 2, 1);
insert into notes_details values ('2011-2012', 'SEM-6', 'Lea Ouellet', 'MGP-2', 11.32, 2.0, 'A', 0, 1);
insert into notes_details values ('2011-2012', 'SEM-6', 'Lea Ouellet', 'MGP-2', 11.32, 4.0, 'A', 4, 2);
insert into notes_details values ('2011-2012', 'SEM-6', 'Lea Ouellet', 'PHS-2', 11.32, 2.67, 'A', 2, 1);
insert into notes_details values ('2011-2012', 'SEM-6', 'Lea Ouellet', 'PJT-2', 11.32, 3.0, 'A', 1, 1);
insert into notes_details values ('2011-2012', 'SEM-6', 'Lea Ouellet', 'RMS-2', 11.32, 3.33, 'A', 4, 1);
insert into notes_details values ('2011-2012', 'SEM-6', 'Lea Ouellet', 'STG-2', 11.32, 1.67, 'A', 0, 1);
insert into notes_details values ('2011-2012', 'SEM-6', 'Lea Ouellet', 'STG-2', 11.32, 3.67, 'A', 2, 2);
insert into notes_details values ('2011-2012', 'SEM-6', 'Lea Ouellet', 'THS-2', 11.32, 3.33, 'A', 3, 1);
insert into notes_details values ('2012-2013', 'SEM-7', 'Lea Ouellet', 'ASL-3', 11.32, 1.67, 'A', 0, 1);
insert into notes_details values ('2012-2013', 'SEM-7', 'Lea Ouellet', 'ASL-3', 11.32, 3.33, 'A', 2, 2);
insert into notes_details values ('2012-2013', 'SEM-7', 'Lea Ouellet', 'DPP-3', 11.32, 1.0, 'A', 0, 1);
insert into notes_details values ('2012-2013', 'SEM-7', 'Lea Ouellet', 'DPP-3', 11.32, 3.33, 'A', 2, 2);
insert into notes_details values ('2012-2013', 'SEM-7', 'Lea Ouellet', 'EAO-31', 11.32, 2.0, 'A', 0, 1);
insert into notes_details values ('2012-2013', 'SEM-7', 'Lea Ouellet', 'EAO-31', 11.32, 1.33, 'A', 2, 99);
insert into notes_details values ('2012-2013', 'SEM-7', 'Lea Ouellet', 'EAO-32', 11.32, 3.0, 'A', 2, 1);
insert into notes_details values ('2012-2013', 'SEM-7', 'Lea Ouellet', 'EAO-33', 11.32, 3.33, 'A', 2, 1);
insert into notes_details values ('2012-2013', 'SEM-7', 'Lea Ouellet', 'EAO-34', 11.32, 3.67, 'A', 2, 1);
insert into notes_details values ('2012-2013', 'SEM-7', 'Lea Ouellet', 'EAO-35', 11.32, 1.33, 'A', 0, 1);
insert into notes_details values ('2012-2013', 'SEM-7', 'Lea Ouellet', 'EAO-35', 11.32, 3.67, 'A', 2, 2);
insert into notes_details values ('2012-2013', 'SEM-7', 'Lea Ouellet', 'LCI-3', 11.32, 3.67, 'A', 3, 1);
insert into notes_details values ('2012-2013', 'SEM-7', 'Lea Ouellet', 'MAT-3', 11.32, 4.0, 'A', 3, 1);
insert into notes_details values ('2012-2013', 'SEM-7', 'Lea Ouellet', 'MNG-3', 11.32, 4.0, 'A', 3, 1);
insert into notes_details values ('2012-2013', 'SEM-7', 'Lea Ouellet', 'PJT-3', 11.32, 1.33, 'A', 0, 1);
insert into notes_details values ('2012-2013', 'SEM-7', 'Lea Ouellet', 'PJT-3', 11.32, 4.0, 'A', 5, 2);
insert into notes_details values ('2012-2013', 'SEM-7', 'Lea Ouellet', 'STD-3', 11.32, 1.0, 'A', 0, 1);
insert into notes_details values ('2012-2013', 'SEM-7', 'Lea Ouellet', 'STD-3', 11.32, 1.67, 'A', 0, 2);
insert into contentieux values ('2012-2013', 'SEM-7', 'Lea Ouellet', 'STD-3');
insert into gpa values ('2011-2012', 'SEM-5', 'Lea Ouellet', 2.27);
insert into gpa values ('2011-2012', 'SEM-6', 'Lea Ouellet', 2.37);
insert into gpa values ('2012-2013', 'SEM-7', 'Lea Ouellet', 2.31);
insert into eleves values ('Scoville Simpson', 1, 'S', 'Tres bien', 'MP', 'MP', 'ssimpson');
insert into notes_details values ('2011-2012', 'SEM-5', 'Scoville Simpson', 'ALG-1', 11.32, 2.0, 'A', 0, 1);
insert into notes_details values ('2011-2012', 'SEM-5', 'Scoville Simpson', 'ALG-1', 11.32, 3.67, 'A', 3, 2);
insert into notes_details values ('2011-2012', 'SEM-5', 'Scoville Simpson', 'DPP-1', 11.32, 2.0, 'A', 0, 1);
insert into notes_details values ('2011-2012', 'SEM-5', 'Scoville Simpson', 'DPP-1', 11.32, 2.0, 'A', 2, 99);
insert into notes_details values ('2011-2012', 'SEM-5', 'Scoville Simpson', 'ELE-1', 11.32, 3.67, 'A', 3, 1);
insert into notes_details values ('2011-2012', 'SEM-5', 'Scoville Simpson', 'INP-1', 11.32, 1.67, 'A', 0, 1);
insert into notes_details values ('2011-2012', 'SEM-5', 'Scoville Simpson', 'INP-1', 11.32, 3.0, 'A', 3, 2);
insert into notes_details values ('2011-2012', 'SEM-5', 'Scoville Simpson', 'LCI-1', 11.32, 2.33, 'A', 0, 1);
insert into notes_details values ('2011-2012', 'SEM-5', 'Scoville Simpson', 'LCI-1', 11.32, 3.0, 'A', 3, 2);
insert into notes_details values ('2011-2012', 'SEM-5', 'Scoville Simpson', 'MAT-1', 11.32, 3.0, 'A', 3, 1);
insert into notes_details values ('2011-2012', 'SEM-5', 'Scoville Simpson', 'MGP-1', 11.32, 1.67, 'A', 0, 1);
insert into notes_details values ('2011-2012', 'SEM-5', 'Scoville Simpson', 'MGP-1', 11.32, 2.0, 'A', 4, 99);
insert into notes_details values ('2011-2012', 'SEM-5', 'Scoville Simpson', 'PHO-1', 11.32, 1.67, 'A', 0, 1);
insert into notes_details values ('2011-2012', 'SEM-5', 'Scoville Simpson', 'PHO-1', 11.32, 3.67, 'A', 3, 2);
insert into notes_details values ('2011-2012', 'SEM-5', 'Scoville Simpson', 'PHQ-1', 11.32, 3.33, 'A', 3, 1);
insert into notes_details values ('2011-2012', 'SEM-5', 'Scoville Simpson', 'SPM-1', 11.32, 1.0, 'A', 0, 1);
insert into notes_details values ('2011-2012', 'SEM-5', 'Scoville Simpson', 'SPM-1', 11.32, 3.67, 'A', 3, 2);
insert into notes_details values ('2011-2012', 'SEM-6', 'Scoville Simpson', 'DPP-2', 11.32, 1.33, 'A', 0, 1);
insert into notes_details values ('2011-2012', 'SEM-6', 'Scoville Simpson', 'DPP-2', 11.32, 3.0, 'A', 1, 2);
insert into notes_details values ('2011-2012', 'SEM-6', 'Scoville Simpson', 'EAO-2', 11.32, 2.33, 'A', 0, 1);
insert into notes_details values ('2011-2012', 'SEM-6', 'Scoville Simpson', 'EAO-2', 11.32, 2.0, 'A', 3, 99);
insert into notes_details values ('2011-2012', 'SEM-6', 'Scoville Simpson', 'ECO-2', 11.32, 1.67, 'A', 0, 1);
insert into notes_details values ('2011-2012', 'SEM-6', 'Scoville Simpson', 'ECO-2', 11.32, 2.67, 'A', 3, 2);
insert into notes_details values ('2011-2012', 'SEM-6', 'Scoville Simpson', 'LCI-2', 11.32, 1.33, 'A', 0, 1);
insert into notes_details values ('2011-2012', 'SEM-6', 'Scoville Simpson', 'LCI-2', 11.32, 3.33, 'A', 3, 2);
insert into notes_details values ('2011-2012', 'SEM-6', 'Scoville Simpson', 'MAT-2', 11.32, 3.0, 'A', 2, 1);
insert into notes_details values ('2011-2012', 'SEM-6', 'Scoville Simpson', 'MCO-2', 11.32, 2.67, 'A', 2, 1);
insert into notes_details values ('2011-2012', 'SEM-6', 'Scoville Simpson', 'MGP-2', 11.32, 1.0, 'A', 0, 1);
insert into notes_details values ('2011-2012', 'SEM-6', 'Scoville Simpson', 'MGP-2', 11.32, 1.33, 'A', 4, 99);
insert into notes_details values ('2011-2012', 'SEM-6', 'Scoville Simpson', 'PHS-2', 11.32, 2.33, 'A', 0, 1);
insert into notes_details values ('2011-2012', 'SEM-6', 'Scoville Simpson', 'PHS-2', 11.32, 4.0, 'A', 2, 2);
insert into notes_details values ('2011-2012', 'SEM-6', 'Scoville Simpson', 'PJT-2', 11.32, 3.0, 'A', 1, 1);
insert into notes_details values ('2011-2012', 'SEM-6', 'Scoville Simpson', 'RMS-2', 11.32, 2.67, 'A', 4, 1);
insert into notes_details values ('2011-2012', 'SEM-6', 'Scoville Simpson', 'STG-2', 11.32, 2.0, 'A', 0, 1);
insert into notes_details values ('2011-2012', 'SEM-6', 'Scoville Simpson', 'STG-2', 11.32, 2.67, 'A', 2, 2);
insert into notes_details values ('2011-2012', 'SEM-6', 'Scoville Simpson', 'THS-2', 11.32, 1.33, 'A', 0, 1);
insert into notes_details values ('2011-2012', 'SEM-6', 'Scoville Simpson', 'THS-2', 11.32, 1.0, 'A', 3, 99);
insert into notes_details values ('2012-2013', 'SEM-7', 'Scoville Simpson', 'ASL-3', 11.32, 2.67, 'A', 2, 1);
insert into notes_details values ('2012-2013', 'SEM-7', 'Scoville Simpson', 'DPP-3', 11.32, 2.0, 'A', 0, 1);
insert into notes_details values ('2012-2013', 'SEM-7', 'Scoville Simpson', 'DPP-3', 11.32, 3.67, 'A', 2, 2);
insert into notes_details values ('2012-2013', 'SEM-7', 'Scoville Simpson', 'EAO-31', 11.32, 2.0, 'A', 0, 1);
insert into notes_details values ('2012-2013', 'SEM-7', 'Scoville Simpson', 'EAO-31', 11.32, 2.33, 'A', 0, 2);
insert into contentieux values ('2012-2013', 'SEM-7', 'Scoville Simpson', 'EAO-31');
insert into notes_details values ('2012-2013', 'SEM-7', 'Scoville Simpson', 'EAO-32', 11.32, 3.33, 'A', 2, 1);
insert into notes_details values ('2012-2013', 'SEM-7', 'Scoville Simpson', 'EAO-33', 11.32, 1.0, 'A', 0, 1);
insert into notes_details values ('2012-2013', 'SEM-7', 'Scoville Simpson', 'EAO-33', 11.32, 2.0, 'A', 0, 2);
insert into contentieux values ('2012-2013', 'SEM-7', 'Scoville Simpson', 'EAO-33');
insert into notes_details values ('2012-2013', 'SEM-7', 'Scoville Simpson', 'EAO-34', 11.32, 4.0, 'A', 2, 1);
insert into notes_details values ('2012-2013', 'SEM-7', 'Scoville Simpson', 'EAO-35', 11.32, 4.0, 'A', 2, 1);
insert into notes_details values ('2012-2013', 'SEM-7', 'Scoville Simpson', 'LCI-3', 11.32, 4.0, 'A', 3, 1);
insert into notes_details values ('2012-2013', 'SEM-7', 'Scoville Simpson', 'MAT-3', 11.32, 2.33, 'A', 0, 1);
insert into notes_details values ('2012-2013', 'SEM-7', 'Scoville Simpson', 'MAT-3', 11.32, 1.67, 'A', 0, 2);
insert into contentieux values ('2012-2013', 'SEM-7', 'Scoville Simpson', 'MAT-3');
insert into notes_details values ('2012-2013', 'SEM-7', 'Scoville Simpson', 'MNG-3', 11.32, 4.0, 'A', 3, 1);
insert into notes_details values ('2012-2013', 'SEM-7', 'Scoville Simpson', 'PJT-3', 11.32, 1.67, 'A', 0, 1);
insert into notes_details values ('2012-2013', 'SEM-7', 'Scoville Simpson', 'PJT-3', 11.32, 1.33, 'A', 5, 99);
insert into notes_details values ('2012-2013', 'SEM-7', 'Scoville Simpson', 'STD-3', 11.32, 1.0, 'A', 0, 1);
insert into notes_details values ('2012-2013', 'SEM-7', 'Scoville Simpson', 'STD-3', 11.32, 3.0, 'A', 2, 2);
insert into gpa values ('2011-2012', 'SEM-5', 'Scoville Simpson', 3.8);
insert into gpa values ('2011-2012', 'SEM-6', 'Scoville Simpson', 2.36);
insert into gpa values ('2012-2013', 'SEM-7', 'Scoville Simpson', 3.84);
insert into eleves values ('Lisa Giguere', 1, 'S', 'Tres bien', 'etranger', 'MP', 'lgiguere');
insert into notes_details values ('2011-2012', 'SEM-5', 'Lisa Giguere', 'ALG-1', 11.32, 1.33, 'A', 0, 1);
insert into notes_details values ('2011-2012', 'SEM-5', 'Lisa Giguere', 'ALG-1', 11.32, 3.33, 'A', 3, 2);
insert into notes_details values ('2011-2012', 'SEM-5', 'Lisa Giguere', 'DPP-1', 11.32, 3.0, 'A', 2, 1);
insert into notes_details values ('2011-2012', 'SEM-5', 'Lisa Giguere', 'ELE-1', 11.32, 3.33, 'A', 3, 1);
insert into notes_details values ('2011-2012', 'SEM-5', 'Lisa Giguere', 'INP-1', 11.32, 2.67, 'A', 3, 1);
insert into notes_details values ('2011-2012', 'SEM-5', 'Lisa Giguere', 'LCI-1', 11.32, 3.0, 'A', 3, 1);
insert into notes_details values ('2011-2012', 'SEM-5', 'Lisa Giguere', 'MAT-1', 11.32, 1.0, 'A', 0, 1);
insert into notes_details values ('2011-2012', 'SEM-5', 'Lisa Giguere', 'MAT-1', 11.32, 3.0, 'A', 3, 2);
insert into notes_details values ('2011-2012', 'SEM-5', 'Lisa Giguere', 'MGP-1', 11.32, 1.0, 'A', 0, 1);
insert into notes_details values ('2011-2012', 'SEM-5', 'Lisa Giguere', 'MGP-1', 11.32, 3.33, 'A', 4, 2);
insert into notes_details values ('2011-2012', 'SEM-5', 'Lisa Giguere', 'PHO-1', 11.32, 1.67, 'A', 0, 1);
insert into notes_details values ('2011-2012', 'SEM-5', 'Lisa Giguere', 'PHO-1', 11.32, 3.33, 'A', 3, 2);
insert into notes_details values ('2011-2012', 'SEM-5', 'Lisa Giguere', 'PHQ-1', 11.32, 2.0, 'A', 0, 1);
insert into notes_details values ('2011-2012', 'SEM-5', 'Lisa Giguere', 'PHQ-1', 11.32, 1.33, 'A', 3, 99);
insert into notes_details values ('2011-2012', 'SEM-5', 'Lisa Giguere', 'SPM-1', 11.32, 3.33, 'A', 3, 1);
insert into notes_details values ('2011-2012', 'SEM-6', 'Lisa Giguere', 'DPP-2', 11.32, 4.0, 'A', 1, 1);
insert into notes_details values ('2011-2012', 'SEM-6', 'Lisa Giguere', 'EAO-2', 11.32, 1.67, 'A', 0, 1);
insert into notes_details values ('2011-2012', 'SEM-6', 'Lisa Giguere', 'EAO-2', 11.32, 1.67, 'A', 3, 99);
insert into notes_details values ('2011-2012', 'SEM-6', 'Lisa Giguere', 'ECO-2', 11.32, 1.0, 'A', 0, 1);
insert into notes_details values ('2011-2012', 'SEM-6', 'Lisa Giguere', 'ECO-2', 11.32, 2.67, 'A', 3, 2);
insert into notes_details values ('2011-2012', 'SEM-6', 'Lisa Giguere', 'LCI-2', 11.32, 1.0, 'A', 0, 1);
insert into notes_details values ('2011-2012', 'SEM-6', 'Lisa Giguere', 'LCI-2', 11.32, 2.67, 'A', 3, 2);
insert into notes_details values ('2011-2012', 'SEM-6', 'Lisa Giguere', 'MAT-2', 11.32, 3.33, 'A', 2, 1);
insert into notes_details values ('2011-2012', 'SEM-6', 'Lisa Giguere', 'MCO-2', 11.32, 1.0, 'A', 0, 1);
insert into notes_details values ('2011-2012', 'SEM-6', 'Lisa Giguere', 'MCO-2', 11.32, 3.33, 'A', 2, 2);
insert into notes_details values ('2011-2012', 'SEM-6', 'Lisa Giguere', 'MGP-2', 11.32, 1.0, 'A', 0, 1);
insert into notes_details values ('2011-2012', 'SEM-6', 'Lisa Giguere', 'MGP-2', 11.32, 2.33, 'A', 4, 99);
insert into notes_details values ('2011-2012', 'SEM-6', 'Lisa Giguere', 'PHS-2', 11.32, 2.33, 'A', 0, 1);
insert into notes_details values ('2011-2012', 'SEM-6', 'Lisa Giguere', 'PHS-2', 11.32, 4.0, 'A', 2, 2);
insert into notes_details values ('2011-2012', 'SEM-6', 'Lisa Giguere', 'PJT-2', 11.32, 2.0, 'A', 0, 1);
insert into notes_details values ('2011-2012', 'SEM-6', 'Lisa Giguere', 'PJT-2', 11.32, 4.0, 'A', 1, 2);
insert into notes_details values ('2011-2012', 'SEM-6', 'Lisa Giguere', 'RMS-2', 11.32, 3.67, 'A', 4, 1);
insert into notes_details values ('2011-2012', 'SEM-6', 'Lisa Giguere', 'STG-2', 11.32, 1.0, 'A', 0, 1);
insert into notes_details values ('2011-2012', 'SEM-6', 'Lisa Giguere', 'STG-2', 11.32, 1.33, 'A', 2, 99);
insert into notes_details values ('2011-2012', 'SEM-6', 'Lisa Giguere', 'THS-2', 11.32, 1.33, 'A', 0, 1);
insert into notes_details values ('2011-2012', 'SEM-6', 'Lisa Giguere', 'THS-2', 11.32, 1.0, 'A', 3, 99);
insert into notes_details values ('2012-2013', 'SEM-7', 'Lisa Giguere', 'ASL-3', 11.32, 1.33, 'A', 0, 1);
insert into notes_details values ('2012-2013', 'SEM-7', 'Lisa Giguere', 'ASL-3', 11.32, 1.67, 'A', 0, 2);
insert into contentieux values ('2012-2013', 'SEM-7', 'Lisa Giguere', 'ASL-3');
insert into notes_details values ('2012-2013', 'SEM-7', 'Lisa Giguere', 'DPP-3', 11.32, 3.0, 'A', 2, 1);
insert into notes_details values ('2012-2013', 'SEM-7', 'Lisa Giguere', 'EAO-31', 11.32, 1.0, 'A', 0, 1);
insert into notes_details values ('2012-2013', 'SEM-7', 'Lisa Giguere', 'EAO-31', 11.32, 4.0, 'A', 2, 2);
insert into notes_details values ('2012-2013', 'SEM-7', 'Lisa Giguere', 'EAO-32', 11.32, 1.0, 'A', 0, 1);
insert into notes_details values ('2012-2013', 'SEM-7', 'Lisa Giguere', 'EAO-32', 11.32, 3.67, 'A', 2, 2);
insert into notes_details values ('2012-2013', 'SEM-7', 'Lisa Giguere', 'EAO-33', 11.32, 1.67, 'A', 0, 1);
insert into notes_details values ('2012-2013', 'SEM-7', 'Lisa Giguere', 'EAO-33', 11.32, 2.67, 'A', 2, 2);
insert into notes_details values ('2012-2013', 'SEM-7', 'Lisa Giguere', 'EAO-34', 11.32, 2.0, 'A', 0, 1);
insert into notes_details values ('2012-2013', 'SEM-7', 'Lisa Giguere', 'EAO-34', 11.32, 2.33, 'A', 2, 99);
insert into notes_details values ('2012-2013', 'SEM-7', 'Lisa Giguere', 'EAO-35', 11.32, 2.33, 'A', 0, 1);
insert into notes_details values ('2012-2013', 'SEM-7', 'Lisa Giguere', 'EAO-35', 11.32, 4.0, 'A', 2, 2);
insert into notes_details values ('2012-2013', 'SEM-7', 'Lisa Giguere', 'LCI-3', 11.32, 3.0, 'A', 3, 1);
insert into notes_details values ('2012-2013', 'SEM-7', 'Lisa Giguere', 'MAT-3', 11.32, 1.0, 'A', 0, 1);
insert into notes_details values ('2012-2013', 'SEM-7', 'Lisa Giguere', 'MAT-3', 11.32, 3.0, 'A', 3, 2);
insert into notes_details values ('2012-2013', 'SEM-7', 'Lisa Giguere', 'MNG-3', 11.32, 3.67, 'A', 3, 1);
insert into notes_details values ('2012-2013', 'SEM-7', 'Lisa Giguere', 'PJT-3', 11.32, 3.0, 'A', 5, 1);
insert into notes_details values ('2012-2013', 'SEM-7', 'Lisa Giguere', 'STD-3', 11.32, 4.0, 'A', 2, 1);
insert into gpa values ('2011-2012', 'SEM-5', 'Lisa Giguere', 3.46);
insert into gpa values ('2011-2012', 'SEM-6', 'Lisa Giguere', 3.33);
insert into gpa values ('2012-2013', 'SEM-7', 'Lisa Giguere', 3.25);
insert into eleves values ('Faustin Gates', 1, 'S', 'Tres bien', 'MP', 'MP', 'fgates');
insert into notes_details values ('2011-2012', 'SEM-5', 'Faustin Gates', 'ALG-1', 11.32, 2.67, 'A', 3, 1);
insert into notes_details values ('2011-2012', 'SEM-5', 'Faustin Gates', 'DPP-1', 11.32, 3.0, 'A', 2, 1);
insert into notes_details values ('2011-2012', 'SEM-5', 'Faustin Gates', 'ELE-1', 11.32, 3.67, 'A', 3, 1);
insert into notes_details values ('2011-2012', 'SEM-5', 'Faustin Gates', 'INP-1', 11.32, 3.0, 'A', 3, 1);
insert into notes_details values ('2011-2012', 'SEM-5', 'Faustin Gates', 'LCI-1', 11.32, 3.0, 'A', 3, 1);
insert into notes_details values ('2011-2012', 'SEM-5', 'Faustin Gates', 'MAT-1', 11.32, 2.33, 'A', 0, 1);
insert into notes_details values ('2011-2012', 'SEM-5', 'Faustin Gates', 'MAT-1', 11.32, 2.33, 'A', 3, 99);
insert into notes_details values ('2011-2012', 'SEM-5', 'Faustin Gates', 'MGP-1', 11.32, 3.33, 'A', 4, 1);
insert into notes_details values ('2011-2012', 'SEM-5', 'Faustin Gates', 'PHO-1', 11.32, 2.67, 'A', 3, 1);
insert into notes_details values ('2011-2012', 'SEM-5', 'Faustin Gates', 'PHQ-1', 11.32, 2.33, 'A', 0, 1);
insert into notes_details values ('2011-2012', 'SEM-5', 'Faustin Gates', 'PHQ-1', 11.32, 4.0, 'A', 3, 2);
insert into notes_details values ('2011-2012', 'SEM-5', 'Faustin Gates', 'SPM-1', 11.32, 3.33, 'A', 3, 1);
insert into notes_details values ('2011-2012', 'SEM-6', 'Faustin Gates', 'DPP-2', 11.32, 2.0, 'A', 0, 1);
insert into notes_details values ('2011-2012', 'SEM-6', 'Faustin Gates', 'DPP-2', 11.32, 2.67, 'A', 1, 2);
insert into notes_details values ('2011-2012', 'SEM-6', 'Faustin Gates', 'EAO-2', 11.32, 1.67, 'A', 0, 1);
insert into notes_details values ('2011-2012', 'SEM-6', 'Faustin Gates', 'EAO-2', 11.32, 3.67, 'A', 3, 2);
insert into notes_details values ('2011-2012', 'SEM-6', 'Faustin Gates', 'ECO-2', 11.32, 3.67, 'A', 3, 1);
insert into notes_details values ('2011-2012', 'SEM-6', 'Faustin Gates', 'LCI-2', 11.32, 3.33, 'A', 3, 1);
insert into notes_details values ('2011-2012', 'SEM-6', 'Faustin Gates', 'MAT-2', 11.32, 2.33, 'A', 0, 1);
insert into notes_details values ('2011-2012', 'SEM-6', 'Faustin Gates', 'MAT-2', 11.32, 2.67, 'A', 2, 2);
insert into notes_details values ('2011-2012', 'SEM-6', 'Faustin Gates', 'MCO-2', 11.32, 1.33, 'A', 0, 1);
insert into notes_details values ('2011-2012', 'SEM-6', 'Faustin Gates', 'MCO-2', 11.32, 3.33, 'A', 2, 2);
insert into notes_details values ('2011-2012', 'SEM-6', 'Faustin Gates', 'MGP-2', 11.32, 2.0, 'A', 0, 1);
insert into notes_details values ('2011-2012', 'SEM-6', 'Faustin Gates', 'MGP-2', 11.32, 3.67, 'A', 4, 2);
insert into notes_details values ('2011-2012', 'SEM-6', 'Faustin Gates', 'PHS-2', 11.32, 1.0, 'A', 0, 1);
insert into notes_details values ('2011-2012', 'SEM-6', 'Faustin Gates', 'PHS-2', 11.32, 3.67, 'A', 2, 2);
insert into notes_details values ('2011-2012', 'SEM-6', 'Faustin Gates', 'PJT-2', 11.32, 2.0, 'A', 0, 1);
insert into notes_details values ('2011-2012', 'SEM-6', 'Faustin Gates', 'PJT-2', 11.32, 1.0, 'A', 1, 99);
insert into notes_details values ('2011-2012', 'SEM-6', 'Faustin Gates', 'RMS-2', 11.32, 3.33, 'A', 4, 1);
insert into notes_details values ('2011-2012', 'SEM-6', 'Faustin Gates', 'STG-2', 11.32, 1.33, 'A', 0, 1);
insert into notes_details values ('2011-2012', 'SEM-6', 'Faustin Gates', 'STG-2', 11.32, 3.67, 'A', 2, 2);
insert into notes_details values ('2011-2012', 'SEM-6', 'Faustin Gates', 'THS-2', 11.32, 1.33, 'A', 0, 1);
insert into notes_details values ('2011-2012', 'SEM-6', 'Faustin Gates', 'THS-2', 11.32, 2.0, 'A', 3, 99);
insert into notes_details values ('2012-2013', 'SEM-7', 'Faustin Gates', 'ASL-3', 11.32, 2.0, 'A', 0, 1);
insert into notes_details values ('2012-2013', 'SEM-7', 'Faustin Gates', 'ASL-3', 11.32, 4.0, 'A', 2, 2);
insert into notes_details values ('2012-2013', 'SEM-7', 'Faustin Gates', 'DPP-3', 11.32, 1.67, 'A', 0, 1);
insert into notes_details values ('2012-2013', 'SEM-7', 'Faustin Gates', 'DPP-3', 11.32, 4.0, 'A', 2, 2);
insert into notes_details values ('2012-2013', 'SEM-7', 'Faustin Gates', 'EAO-31', 11.32, 2.0, 'A', 0, 1);
insert into notes_details values ('2012-2013', 'SEM-7', 'Faustin Gates', 'EAO-31', 11.32, 1.0, 'A', 2, 99);
insert into notes_details values ('2012-2013', 'SEM-7', 'Faustin Gates', 'EAO-32', 11.32, 2.33, 'A', 0, 1);
insert into notes_details values ('2012-2013', 'SEM-7', 'Faustin Gates', 'EAO-32', 11.32, 3.33, 'A', 2, 2);
insert into notes_details values ('2012-2013', 'SEM-7', 'Faustin Gates', 'EAO-33', 11.32, 2.33, 'A', 0, 1);
insert into notes_details values ('2012-2013', 'SEM-7', 'Faustin Gates', 'EAO-33', 11.32, 2.0, 'A', 0, 2);
insert into contentieux values ('2012-2013', 'SEM-7', 'Faustin Gates', 'EAO-33');
insert into notes_details values ('2012-2013', 'SEM-7', 'Faustin Gates', 'EAO-34', 11.32, 2.33, 'A', 0, 1);
insert into notes_details values ('2012-2013', 'SEM-7', 'Faustin Gates', 'EAO-34', 11.32, 4.0, 'A', 2, 2);
insert into notes_details values ('2012-2013', 'SEM-7', 'Faustin Gates', 'EAO-35', 11.32, 1.33, 'A', 0, 1);
insert into notes_details values ('2012-2013', 'SEM-7', 'Faustin Gates', 'EAO-35', 11.32, 1.67, 'A', 0, 2);
insert into contentieux values ('2012-2013', 'SEM-7', 'Faustin Gates', 'EAO-35');
insert into notes_details values ('2012-2013', 'SEM-7', 'Faustin Gates', 'LCI-3', 11.32, 1.67, 'A', 0, 1);
insert into notes_details values ('2012-2013', 'SEM-7', 'Faustin Gates', 'LCI-3', 11.32, 2.33, 'A', 0, 2);
insert into contentieux values ('2012-2013', 'SEM-7', 'Faustin Gates', 'LCI-3');
insert into notes_details values ('2012-2013', 'SEM-7', 'Faustin Gates', 'MAT-3', 11.32, 1.67, 'A', 0, 1);
insert into notes_details values ('2012-2013', 'SEM-7', 'Faustin Gates', 'MAT-3', 11.32, 3.0, 'A', 3, 2);
insert into notes_details values ('2012-2013', 'SEM-7', 'Faustin Gates', 'MNG-3', 11.32, 3.67, 'A', 3, 1);
insert into notes_details values ('2012-2013', 'SEM-7', 'Faustin Gates', 'PJT-3', 11.32, 2.33, 'A', 0, 1);
insert into notes_details values ('2012-2013', 'SEM-7', 'Faustin Gates', 'PJT-3', 11.32, 3.0, 'A', 5, 2);
insert into notes_details values ('2012-2013', 'SEM-7', 'Faustin Gates', 'STD-3', 11.32, 2.0, 'A', 0, 1);
insert into notes_details values ('2012-2013', 'SEM-7', 'Faustin Gates', 'STD-3', 11.32, 4.0, 'A', 2, 2);
insert into gpa values ('2011-2012', 'SEM-5', 'Faustin Gates', 3.55);
insert into gpa values ('2011-2012', 'SEM-6', 'Faustin Gates', 2.83);
insert into gpa values ('2012-2013', 'SEM-7', 'Faustin Gates', 2.69);
insert into eleves values ('Senapus Simon', 1, 'S', 'Tres bien', 'MP', 'MP', 'ssimon');
insert into notes_details values ('2011-2012', 'SEM-5', 'Senapus Simon', 'ALG-1', 11.32, 1.0, 'A', 0, 1);
insert into notes_details values ('2011-2012', 'SEM-5', 'Senapus Simon', 'ALG-1', 11.32, 3.33, 'A', 3, 2);
insert into notes_details values ('2011-2012', 'SEM-5', 'Senapus Simon', 'DPP-1', 11.32, 2.0, 'A', 0, 1);
insert into notes_details values ('2011-2012', 'SEM-5', 'Senapus Simon', 'DPP-1', 11.32, 2.67, 'A', 2, 2);
insert into notes_details values ('2011-2012', 'SEM-5', 'Senapus Simon', 'ELE-1', 11.32, 3.33, 'A', 3, 1);
insert into notes_details values ('2011-2012', 'SEM-5', 'Senapus Simon', 'INP-1', 11.32, 1.0, 'A', 0, 1);
insert into notes_details values ('2011-2012', 'SEM-5', 'Senapus Simon', 'INP-1', 11.32, 3.0, 'A', 3, 2);
insert into notes_details values ('2011-2012', 'SEM-5', 'Senapus Simon', 'LCI-1', 11.32, 2.33, 'A', 0, 1);
insert into notes_details values ('2011-2012', 'SEM-5', 'Senapus Simon', 'LCI-1', 11.32, 3.33, 'A', 3, 2);
insert into notes_details values ('2011-2012', 'SEM-5', 'Senapus Simon', 'MAT-1', 11.32, 1.67, 'A', 0, 1);
insert into notes_details values ('2011-2012', 'SEM-5', 'Senapus Simon', 'MAT-1', 11.32, 1.0, 'A', 3, 99);
insert into notes_details values ('2011-2012', 'SEM-5', 'Senapus Simon', 'MGP-1', 11.32, 1.33, 'A', 0, 1);
insert into notes_details values ('2011-2012', 'SEM-5', 'Senapus Simon', 'MGP-1', 11.32, 3.0, 'A', 4, 2);
insert into notes_details values ('2011-2012', 'SEM-5', 'Senapus Simon', 'PHO-1', 11.32, 3.0, 'A', 3, 1);
insert into notes_details values ('2011-2012', 'SEM-5', 'Senapus Simon', 'PHQ-1', 11.32, 3.0, 'A', 3, 1);
insert into notes_details values ('2011-2012', 'SEM-5', 'Senapus Simon', 'SPM-1', 11.32, 4.0, 'A', 3, 1);
insert into notes_details values ('2011-2012', 'SEM-6', 'Senapus Simon', 'DPP-2', 11.32, 4.0, 'A', 1, 1);
insert into notes_details values ('2011-2012', 'SEM-6', 'Senapus Simon', 'EAO-2', 11.32, 1.0, 'A', 0, 1);
insert into notes_details values ('2011-2012', 'SEM-6', 'Senapus Simon', 'EAO-2', 11.32, 1.33, 'A', 3, 99);
insert into notes_details values ('2011-2012', 'SEM-6', 'Senapus Simon', 'ECO-2', 11.32, 3.33, 'A', 3, 1);
insert into notes_details values ('2011-2012', 'SEM-6', 'Senapus Simon', 'LCI-2', 11.32, 1.67, 'A', 0, 1);
insert into notes_details values ('2011-2012', 'SEM-6', 'Senapus Simon', 'LCI-2', 11.32, 3.67, 'A', 3, 2);
insert into notes_details values ('2011-2012', 'SEM-6', 'Senapus Simon', 'MAT-2', 11.32, 3.0, 'A', 2, 1);
insert into notes_details values ('2011-2012', 'SEM-6', 'Senapus Simon', 'MCO-2', 11.32, 1.0, 'A', 0, 1);
insert into notes_details values ('2011-2012', 'SEM-6', 'Senapus Simon', 'MCO-2', 11.32, 3.67, 'A', 2, 2);
insert into notes_details values ('2011-2012', 'SEM-6', 'Senapus Simon', 'MGP-2', 11.32, 3.67, 'A', 4, 1);
insert into notes_details values ('2011-2012', 'SEM-6', 'Senapus Simon', 'PHS-2', 11.32, 3.67, 'A', 2, 1);
insert into notes_details values ('2011-2012', 'SEM-6', 'Senapus Simon', 'PJT-2', 11.32, 3.0, 'A', 1, 1);
insert into notes_details values ('2011-2012', 'SEM-6', 'Senapus Simon', 'RMS-2', 11.32, 2.33, 'A', 0, 1);
insert into notes_details values ('2011-2012', 'SEM-6', 'Senapus Simon', 'RMS-2', 11.32, 1.67, 'A', 4, 99);
insert into notes_details values ('2011-2012', 'SEM-6', 'Senapus Simon', 'STG-2', 11.32, 2.67, 'A', 2, 1);
insert into notes_details values ('2011-2012', 'SEM-6', 'Senapus Simon', 'THS-2', 11.32, 3.33, 'A', 3, 1);
insert into notes_details values ('2012-2013', 'SEM-7', 'Senapus Simon', 'ASL-3', 11.32, 4.0, 'A', 2, 1);
insert into notes_details values ('2012-2013', 'SEM-7', 'Senapus Simon', 'DPP-3', 11.32, 4.0, 'A', 2, 1);
insert into notes_details values ('2012-2013', 'SEM-7', 'Senapus Simon', 'EAO-31', 11.32, 1.0, 'A', 0, 1);
insert into notes_details values ('2012-2013', 'SEM-7', 'Senapus Simon', 'EAO-31', 11.32, 2.0, 'A', 0, 2);
insert into contentieux values ('2012-2013', 'SEM-7', 'Senapus Simon', 'EAO-31');
insert into notes_details values ('2012-2013', 'SEM-7', 'Senapus Simon', 'EAO-32', 11.32, 1.67, 'A', 0, 1);
insert into notes_details values ('2012-2013', 'SEM-7', 'Senapus Simon', 'EAO-32', 11.32, 3.33, 'A', 2, 2);
insert into notes_details values ('2012-2013', 'SEM-7', 'Senapus Simon', 'EAO-33', 11.32, 1.33, 'A', 0, 1);
insert into notes_details values ('2012-2013', 'SEM-7', 'Senapus Simon', 'EAO-33', 11.32, 1.0, 'A', 0, 2);
insert into contentieux values ('2012-2013', 'SEM-7', 'Senapus Simon', 'EAO-33');
insert into notes_details values ('2012-2013', 'SEM-7', 'Senapus Simon', 'EAO-34', 11.32, 1.67, 'A', 0, 1);
insert into notes_details values ('2012-2013', 'SEM-7', 'Senapus Simon', 'EAO-34', 11.32, 4.0, 'A', 2, 2);
insert into notes_details values ('2012-2013', 'SEM-7', 'Senapus Simon', 'EAO-35', 11.32, 1.0, 'A', 0, 1);
insert into notes_details values ('2012-2013', 'SEM-7', 'Senapus Simon', 'EAO-35', 11.32, 1.67, 'A', 0, 2);
insert into contentieux values ('2012-2013', 'SEM-7', 'Senapus Simon', 'EAO-35');
insert into notes_details values ('2012-2013', 'SEM-7', 'Senapus Simon', 'LCI-3', 11.32, 3.67, 'A', 3, 1);
insert into notes_details values ('2012-2013', 'SEM-7', 'Senapus Simon', 'MAT-3', 11.32, 2.33, 'A', 0, 1);
insert into notes_details values ('2012-2013', 'SEM-7', 'Senapus Simon', 'MAT-3', 11.32, 1.0, 'A', 3, 99);
insert into notes_details values ('2012-2013', 'SEM-7', 'Senapus Simon', 'MNG-3', 11.32, 1.0, 'A', 0, 1);
insert into notes_details values ('2012-2013', 'SEM-7', 'Senapus Simon', 'MNG-3', 11.32, 3.33, 'A', 3, 2);
insert into notes_details values ('2012-2013', 'SEM-7', 'Senapus Simon', 'PJT-3', 11.32, 3.33, 'A', 5, 1);
insert into notes_details values ('2012-2013', 'SEM-7', 'Senapus Simon', 'STD-3', 11.32, 2.33, 'A', 0, 1);
insert into notes_details values ('2012-2013', 'SEM-7', 'Senapus Simon', 'STD-3', 11.32, 3.0, 'A', 2, 2);
insert into gpa values ('2011-2012', 'SEM-5', 'Senapus Simon', 2.71);
insert into gpa values ('2011-2012', 'SEM-6', 'Senapus Simon', 2.28);
insert into gpa values ('2012-2013', 'SEM-7', 'Senapus Simon', 3.35);
insert into eleves values ('Percy Dimecco', 1, 'S', 'Tres bien', 'MP', 'MP', 'pdimecco');
insert into notes_details values ('2011-2012', 'SEM-5', 'Percy Dimecco', 'ALG-1', 11.32, 1.67, 'A', 0, 1);
insert into notes_details values ('2011-2012', 'SEM-5', 'Percy Dimecco', 'ALG-1', 11.32, 3.0, 'A', 3, 2);
insert into notes_details values ('2011-2012', 'SEM-5', 'Percy Dimecco', 'DPP-1', 11.32, 1.33, 'A', 0, 1);
insert into notes_details values ('2011-2012', 'SEM-5', 'Percy Dimecco', 'DPP-1', 11.32, 4.0, 'A', 2, 2);
insert into notes_details values ('2011-2012', 'SEM-5', 'Percy Dimecco', 'ELE-1', 11.32, 3.33, 'A', 3, 1);
insert into notes_details values ('2011-2012', 'SEM-5', 'Percy Dimecco', 'INP-1', 11.32, 1.33, 'A', 0, 1);
insert into notes_details values ('2011-2012', 'SEM-5', 'Percy Dimecco', 'INP-1', 11.32, 3.0, 'A', 3, 2);
insert into notes_details values ('2011-2012', 'SEM-5', 'Percy Dimecco', 'LCI-1', 11.32, 2.67, 'A', 3, 1);
insert into notes_details values ('2011-2012', 'SEM-5', 'Percy Dimecco', 'MAT-1', 11.32, 2.67, 'A', 3, 1);
insert into notes_details values ('2011-2012', 'SEM-5', 'Percy Dimecco', 'MGP-1', 11.32, 1.67, 'A', 0, 1);
insert into notes_details values ('2011-2012', 'SEM-5', 'Percy Dimecco', 'MGP-1', 11.32, 2.0, 'A', 4, 99);
insert into notes_details values ('2011-2012', 'SEM-5', 'Percy Dimecco', 'PHO-1', 11.32, 3.0, 'A', 3, 1);
insert into notes_details values ('2011-2012', 'SEM-5', 'Percy Dimecco', 'PHQ-1', 11.32, 2.33, 'A', 0, 1);
insert into notes_details values ('2011-2012', 'SEM-5', 'Percy Dimecco', 'PHQ-1', 11.32, 3.67, 'A', 3, 2);
insert into notes_details values ('2011-2012', 'SEM-5', 'Percy Dimecco', 'SPM-1', 11.32, 2.33, 'A', 0, 1);
insert into notes_details values ('2011-2012', 'SEM-5', 'Percy Dimecco', 'SPM-1', 11.32, 4.0, 'A', 3, 2);
insert into notes_details values ('2011-2012', 'SEM-6', 'Percy Dimecco', 'DPP-2', 11.32, 1.67, 'A', 0, 1);
insert into notes_details values ('2011-2012', 'SEM-6', 'Percy Dimecco', 'DPP-2', 11.32, 3.0, 'A', 1, 2);
insert into notes_details values ('2011-2012', 'SEM-6', 'Percy Dimecco', 'EAO-2', 11.32, 2.33, 'A', 0, 1);
insert into notes_details values ('2011-2012', 'SEM-6', 'Percy Dimecco', 'EAO-2', 11.32, 2.0, 'A', 3, 99);
insert into notes_details values ('2011-2012', 'SEM-6', 'Percy Dimecco', 'ECO-2', 11.32, 2.67, 'A', 3, 1);
insert into notes_details values ('2011-2012', 'SEM-6', 'Percy Dimecco', 'LCI-2', 11.32, 2.67, 'A', 3, 1);
insert into notes_details values ('2011-2012', 'SEM-6', 'Percy Dimecco', 'MAT-2', 11.32, 2.0, 'A', 0, 1);
insert into notes_details values ('2011-2012', 'SEM-6', 'Percy Dimecco', 'MAT-2', 11.32, 3.67, 'A', 2, 2);
insert into notes_details values ('2011-2012', 'SEM-6', 'Percy Dimecco', 'MCO-2', 11.32, 1.33, 'A', 0, 1);
insert into notes_details values ('2011-2012', 'SEM-6', 'Percy Dimecco', 'MCO-2', 11.32, 3.67, 'A', 2, 2);
insert into notes_details values ('2011-2012', 'SEM-6', 'Percy Dimecco', 'MGP-2', 11.32, 4.0, 'A', 4, 1);
insert into notes_details values ('2011-2012', 'SEM-6', 'Percy Dimecco', 'PHS-2', 11.32, 1.33, 'A', 0, 1);
insert into notes_details values ('2011-2012', 'SEM-6', 'Percy Dimecco', 'PHS-2', 11.32, 3.67, 'A', 2, 2);
insert into notes_details values ('2011-2012', 'SEM-6', 'Percy Dimecco', 'PJT-2', 11.32, 1.33, 'A', 0, 1);
insert into notes_details values ('2011-2012', 'SEM-6', 'Percy Dimecco', 'PJT-2', 11.32, 3.33, 'A', 1, 2);
insert into notes_details values ('2011-2012', 'SEM-6', 'Percy Dimecco', 'RMS-2', 11.32, 2.67, 'A', 4, 1);
insert into notes_details values ('2011-2012', 'SEM-6', 'Percy Dimecco', 'STG-2', 11.32, 1.33, 'A', 0, 1);
insert into notes_details values ('2011-2012', 'SEM-6', 'Percy Dimecco', 'STG-2', 11.32, 4.0, 'A', 2, 2);
insert into notes_details values ('2011-2012', 'SEM-6', 'Percy Dimecco', 'THS-2', 11.32, 3.67, 'A', 3, 1);
insert into notes_details values ('2012-2013', 'SEM-7', 'Percy Dimecco', 'ASL-3', 11.32, 2.0, 'A', 0, 1);
insert into notes_details values ('2012-2013', 'SEM-7', 'Percy Dimecco', 'ASL-3', 11.32, 2.0, 'A', 0, 2);
insert into contentieux values ('2012-2013', 'SEM-7', 'Percy Dimecco', 'ASL-3');
insert into notes_details values ('2012-2013', 'SEM-7', 'Percy Dimecco', 'DPP-3', 11.32, 1.0, 'A', 0, 1);
insert into notes_details values ('2012-2013', 'SEM-7', 'Percy Dimecco', 'DPP-3', 11.32, 4.0, 'A', 2, 2);
insert into notes_details values ('2012-2013', 'SEM-7', 'Percy Dimecco', 'EAO-31', 11.32, 2.0, 'A', 0, 1);
insert into notes_details values ('2012-2013', 'SEM-7', 'Percy Dimecco', 'EAO-31', 11.32, 3.67, 'A', 2, 2);
insert into notes_details values ('2012-2013', 'SEM-7', 'Percy Dimecco', 'EAO-32', 11.32, 1.67, 'A', 0, 1);
insert into notes_details values ('2012-2013', 'SEM-7', 'Percy Dimecco', 'EAO-32', 11.32, 1.67, 'A', 0, 2);
insert into contentieux values ('2012-2013', 'SEM-7', 'Percy Dimecco', 'EAO-32');
insert into notes_details values ('2012-2013', 'SEM-7', 'Percy Dimecco', 'EAO-33', 11.32, 2.0, 'A', 0, 1);
insert into notes_details values ('2012-2013', 'SEM-7', 'Percy Dimecco', 'EAO-33', 11.32, 1.67, 'A', 0, 2);
insert into contentieux values ('2012-2013', 'SEM-7', 'Percy Dimecco', 'EAO-33');
insert into notes_details values ('2012-2013', 'SEM-7', 'Percy Dimecco', 'EAO-34', 11.32, 1.33, 'A', 0, 1);
insert into notes_details values ('2012-2013', 'SEM-7', 'Percy Dimecco', 'EAO-34', 11.32, 3.33, 'A', 2, 2);
insert into notes_details values ('2012-2013', 'SEM-7', 'Percy Dimecco', 'EAO-35', 11.32, 3.67, 'A', 2, 1);
insert into notes_details values ('2012-2013', 'SEM-7', 'Percy Dimecco', 'LCI-3', 11.32, 4.0, 'A', 3, 1);
insert into notes_details values ('2012-2013', 'SEM-7', 'Percy Dimecco', 'MAT-3', 11.32, 3.67, 'A', 3, 1);
insert into notes_details values ('2012-2013', 'SEM-7', 'Percy Dimecco', 'MNG-3', 11.32, 1.33, 'A', 0, 1);
insert into notes_details values ('2012-2013', 'SEM-7', 'Percy Dimecco', 'MNG-3', 11.32, 1.33, 'A', 3, 99);
insert into notes_details values ('2012-2013', 'SEM-7', 'Percy Dimecco', 'PJT-3', 11.32, 1.33, 'A', 0, 1);
insert into notes_details values ('2012-2013', 'SEM-7', 'Percy Dimecco', 'PJT-3', 11.32, 1.33, 'A', 0, 2);
insert into contentieux values ('2012-2013', 'SEM-7', 'Percy Dimecco', 'PJT-3');
insert into notes_details values ('2012-2013', 'SEM-7', 'Percy Dimecco', 'STD-3', 11.32, 3.67, 'A', 2, 1);
insert into gpa values ('2011-2012', 'SEM-5', 'Percy Dimecco', 2.24);
insert into gpa values ('2011-2012', 'SEM-6', 'Percy Dimecco', 2.65);
insert into gpa values ('2012-2013', 'SEM-7', 'Percy Dimecco', 3.98);
insert into eleves values ('Rodolphe Beckenbauer', 1, 'S', 'Tres bien', 'etranger', 'MP', 'rbeckenbauer');
insert into notes_details values ('2011-2012', 'SEM-5', 'Rodolphe Beckenbauer', 'ALG-1', 11.32, 2.33, 'A', 0, 1);
insert into notes_details values ('2011-2012', 'SEM-5', 'Rodolphe Beckenbauer', 'ALG-1', 11.32, 3.33, 'A', 3, 2);
insert into notes_details values ('2011-2012', 'SEM-5', 'Rodolphe Beckenbauer', 'DPP-1', 11.32, 3.0, 'A', 2, 1);
insert into notes_details values ('2011-2012', 'SEM-5', 'Rodolphe Beckenbauer', 'ELE-1', 11.32, 1.0, 'A', 0, 1);
insert into notes_details values ('2011-2012', 'SEM-5', 'Rodolphe Beckenbauer', 'ELE-1', 11.32, 4.0, 'A', 3, 2);
insert into notes_details values ('2011-2012', 'SEM-5', 'Rodolphe Beckenbauer', 'INP-1', 11.32, 3.33, 'A', 3, 1);
insert into notes_details values ('2011-2012', 'SEM-5', 'Rodolphe Beckenbauer', 'LCI-1', 11.32, 3.67, 'A', 3, 1);
insert into notes_details values ('2011-2012', 'SEM-5', 'Rodolphe Beckenbauer', 'MAT-1', 11.32, 4.0, 'A', 3, 1);
insert into notes_details values ('2011-2012', 'SEM-5', 'Rodolphe Beckenbauer', 'MGP-1', 11.32, 1.33, 'A', 0, 1);
insert into notes_details values ('2011-2012', 'SEM-5', 'Rodolphe Beckenbauer', 'MGP-1', 11.32, 2.67, 'A', 4, 2);
insert into notes_details values ('2011-2012', 'SEM-5', 'Rodolphe Beckenbauer', 'PHO-1', 11.32, 1.33, 'A', 0, 1);
insert into notes_details values ('2011-2012', 'SEM-5', 'Rodolphe Beckenbauer', 'PHO-1', 11.32, 3.33, 'A', 3, 2);
insert into notes_details values ('2011-2012', 'SEM-5', 'Rodolphe Beckenbauer', 'PHQ-1', 11.32, 2.67, 'A', 3, 1);
insert into notes_details values ('2011-2012', 'SEM-5', 'Rodolphe Beckenbauer', 'SPM-1', 11.32, 3.0, 'A', 3, 1);
insert into notes_details values ('2011-2012', 'SEM-6', 'Rodolphe Beckenbauer', 'DPP-2', 11.32, 3.0, 'A', 1, 1);
insert into notes_details values ('2011-2012', 'SEM-6', 'Rodolphe Beckenbauer', 'EAO-2', 11.32, 4.0, 'A', 3, 1);
insert into notes_details values ('2011-2012', 'SEM-6', 'Rodolphe Beckenbauer', 'ECO-2', 11.32, 1.67, 'A', 0, 1);
insert into notes_details values ('2011-2012', 'SEM-6', 'Rodolphe Beckenbauer', 'ECO-2', 11.32, 2.67, 'A', 3, 2);
insert into notes_details values ('2011-2012', 'SEM-6', 'Rodolphe Beckenbauer', 'LCI-2', 11.32, 1.33, 'A', 0, 1);
insert into notes_details values ('2011-2012', 'SEM-6', 'Rodolphe Beckenbauer', 'LCI-2', 11.32, 3.67, 'A', 3, 2);
insert into notes_details values ('2011-2012', 'SEM-6', 'Rodolphe Beckenbauer', 'MAT-2', 11.32, 3.33, 'A', 2, 1);
insert into notes_details values ('2011-2012', 'SEM-6', 'Rodolphe Beckenbauer', 'MCO-2', 11.32, 3.33, 'A', 2, 1);
insert into notes_details values ('2011-2012', 'SEM-6', 'Rodolphe Beckenbauer', 'MGP-2', 11.32, 3.0, 'A', 4, 1);
insert into notes_details values ('2011-2012', 'SEM-6', 'Rodolphe Beckenbauer', 'PHS-2', 11.32, 4.0, 'A', 2, 1);
insert into notes_details values ('2011-2012', 'SEM-6', 'Rodolphe Beckenbauer', 'PJT-2', 11.32, 3.67, 'A', 1, 1);
insert into notes_details values ('2011-2012', 'SEM-6', 'Rodolphe Beckenbauer', 'RMS-2', 11.32, 3.67, 'A', 4, 1);
insert into notes_details values ('2011-2012', 'SEM-6', 'Rodolphe Beckenbauer', 'STG-2', 11.32, 1.0, 'A', 0, 1);
insert into notes_details values ('2011-2012', 'SEM-6', 'Rodolphe Beckenbauer', 'STG-2', 11.32, 2.67, 'A', 2, 2);
insert into notes_details values ('2011-2012', 'SEM-6', 'Rodolphe Beckenbauer', 'THS-2', 11.32, 2.0, 'A', 0, 1);
insert into notes_details values ('2011-2012', 'SEM-6', 'Rodolphe Beckenbauer', 'THS-2', 11.32, 3.0, 'A', 3, 2);
insert into notes_details values ('2012-2013', 'SEM-7', 'Rodolphe Beckenbauer', 'ASL-3', 11.32, 2.67, 'A', 2, 1);
insert into notes_details values ('2012-2013', 'SEM-7', 'Rodolphe Beckenbauer', 'DPP-3', 11.32, 1.33, 'A', 0, 1);
insert into notes_details values ('2012-2013', 'SEM-7', 'Rodolphe Beckenbauer', 'DPP-3', 11.32, 1.0, 'A', 2, 99);
insert into notes_details values ('2012-2013', 'SEM-7', 'Rodolphe Beckenbauer', 'EAO-31', 11.32, 1.33, 'A', 0, 1);
insert into notes_details values ('2012-2013', 'SEM-7', 'Rodolphe Beckenbauer', 'EAO-31', 11.32, 3.67, 'A', 2, 2);
insert into notes_details values ('2012-2013', 'SEM-7', 'Rodolphe Beckenbauer', 'EAO-32', 11.32, 1.0, 'A', 0, 1);
insert into notes_details values ('2012-2013', 'SEM-7', 'Rodolphe Beckenbauer', 'EAO-32', 11.32, 1.67, 'A', 0, 2);
insert into contentieux values ('2012-2013', 'SEM-7', 'Rodolphe Beckenbauer', 'EAO-32');
insert into notes_details values ('2012-2013', 'SEM-7', 'Rodolphe Beckenbauer', 'EAO-33', 11.32, 2.33, 'A', 0, 1);
insert into notes_details values ('2012-2013', 'SEM-7', 'Rodolphe Beckenbauer', 'EAO-33', 11.32, 1.33, 'A', 0, 2);
insert into contentieux values ('2012-2013', 'SEM-7', 'Rodolphe Beckenbauer', 'EAO-33');
insert into notes_details values ('2012-2013', 'SEM-7', 'Rodolphe Beckenbauer', 'EAO-34', 11.32, 3.33, 'A', 2, 1);
insert into notes_details values ('2012-2013', 'SEM-7', 'Rodolphe Beckenbauer', 'EAO-35', 11.32, 2.33, 'A', 0, 1);
insert into notes_details values ('2012-2013', 'SEM-7', 'Rodolphe Beckenbauer', 'EAO-35', 11.32, 3.0, 'A', 2, 2);
insert into notes_details values ('2012-2013', 'SEM-7', 'Rodolphe Beckenbauer', 'LCI-3', 11.32, 1.67, 'A', 0, 1);
insert into notes_details values ('2012-2013', 'SEM-7', 'Rodolphe Beckenbauer', 'LCI-3', 11.32, 4.0, 'A', 3, 2);
insert into notes_details values ('2012-2013', 'SEM-7', 'Rodolphe Beckenbauer', 'MAT-3', 11.32, 2.0, 'A', 0, 1);
insert into notes_details values ('2012-2013', 'SEM-7', 'Rodolphe Beckenbauer', 'MAT-3', 11.32, 1.0, 'A', 0, 2);
insert into contentieux values ('2012-2013', 'SEM-7', 'Rodolphe Beckenbauer', 'MAT-3');
insert into notes_details values ('2012-2013', 'SEM-7', 'Rodolphe Beckenbauer', 'MNG-3', 11.32, 1.33, 'A', 0, 1);
insert into notes_details values ('2012-2013', 'SEM-7', 'Rodolphe Beckenbauer', 'MNG-3', 11.32, 2.0, 'A', 3, 99);
insert into notes_details values ('2012-2013', 'SEM-7', 'Rodolphe Beckenbauer', 'PJT-3', 11.32, 1.67, 'A', 0, 1);
insert into notes_details values ('2012-2013', 'SEM-7', 'Rodolphe Beckenbauer', 'PJT-3', 11.32, 2.67, 'A', 5, 2);
insert into notes_details values ('2012-2013', 'SEM-7', 'Rodolphe Beckenbauer', 'STD-3', 11.32, 2.0, 'A', 0, 1);
insert into notes_details values ('2012-2013', 'SEM-7', 'Rodolphe Beckenbauer', 'STD-3', 11.32, 3.33, 'A', 2, 2);
insert into gpa values ('2011-2012', 'SEM-5', 'Rodolphe Beckenbauer', 3.65);
insert into gpa values ('2011-2012', 'SEM-6', 'Rodolphe Beckenbauer', 2.16);
insert into gpa values ('2012-2013', 'SEM-7', 'Rodolphe Beckenbauer', 3.26);
insert into eleves values ('Angele Bondy', 1, 'S', 'Tres bien', 'MP', 'MP', 'abondy');
insert into notes_details values ('2011-2012', 'SEM-5', 'Angele Bondy', 'ALG-1', 11.32, 4.0, 'A', 3, 1);
insert into notes_details values ('2011-2012', 'SEM-5', 'Angele Bondy', 'DPP-1', 11.32, 1.67, 'A', 0, 1);
insert into notes_details values ('2011-2012', 'SEM-5', 'Angele Bondy', 'DPP-1', 11.32, 3.33, 'A', 2, 2);
insert into notes_details values ('2011-2012', 'SEM-5', 'Angele Bondy', 'ELE-1', 11.32, 3.67, 'A', 3, 1);
insert into notes_details values ('2011-2012', 'SEM-5', 'Angele Bondy', 'INP-1', 11.32, 4.0, 'A', 3, 1);
insert into notes_details values ('2011-2012', 'SEM-5', 'Angele Bondy', 'LCI-1', 11.32, 2.33, 'A', 0, 1);
insert into notes_details values ('2011-2012', 'SEM-5', 'Angele Bondy', 'LCI-1', 11.32, 3.67, 'A', 3, 2);
insert into notes_details values ('2011-2012', 'SEM-5', 'Angele Bondy', 'MAT-1', 11.32, 1.67, 'A', 0, 1);
insert into notes_details values ('2011-2012', 'SEM-5', 'Angele Bondy', 'MAT-1', 11.32, 4.0, 'A', 3, 2);
insert into notes_details values ('2011-2012', 'SEM-5', 'Angele Bondy', 'MGP-1', 11.32, 3.33, 'A', 4, 1);
insert into notes_details values ('2011-2012', 'SEM-5', 'Angele Bondy', 'PHO-1', 11.32, 1.67, 'A', 0, 1);
insert into notes_details values ('2011-2012', 'SEM-5', 'Angele Bondy', 'PHO-1', 11.32, 1.33, 'A', 3, 99);
insert into notes_details values ('2011-2012', 'SEM-5', 'Angele Bondy', 'PHQ-1', 11.32, 2.33, 'A', 0, 1);
insert into notes_details values ('2011-2012', 'SEM-5', 'Angele Bondy', 'PHQ-1', 11.32, 1.67, 'A', 3, 99);
insert into notes_details values ('2011-2012', 'SEM-5', 'Angele Bondy', 'SPM-1', 11.32, 2.0, 'A', 0, 1);
insert into notes_details values ('2011-2012', 'SEM-5', 'Angele Bondy', 'SPM-1', 11.32, 3.0, 'A', 3, 2);
insert into notes_details values ('2011-2012', 'SEM-6', 'Angele Bondy', 'DPP-2', 11.32, 3.0, 'A', 1, 1);
insert into notes_details values ('2011-2012', 'SEM-6', 'Angele Bondy', 'EAO-2', 11.32, 1.67, 'A', 0, 1);
insert into notes_details values ('2011-2012', 'SEM-6', 'Angele Bondy', 'EAO-2', 11.32, 2.67, 'A', 3, 2);
insert into notes_details values ('2011-2012', 'SEM-6', 'Angele Bondy', 'ECO-2', 11.32, 3.0, 'A', 3, 1);
insert into notes_details values ('2011-2012', 'SEM-6', 'Angele Bondy', 'LCI-2', 11.32, 2.0, 'A', 0, 1);
insert into notes_details values ('2011-2012', 'SEM-6', 'Angele Bondy', 'LCI-2', 11.32, 3.67, 'A', 3, 2);
insert into notes_details values ('2011-2012', 'SEM-6', 'Angele Bondy', 'MAT-2', 11.32, 3.33, 'A', 2, 1);
insert into notes_details values ('2011-2012', 'SEM-6', 'Angele Bondy', 'MCO-2', 11.32, 2.33, 'A', 0, 1);
insert into notes_details values ('2011-2012', 'SEM-6', 'Angele Bondy', 'MCO-2', 11.32, 2.33, 'A', 2, 99);
insert into notes_details values ('2011-2012', 'SEM-6', 'Angele Bondy', 'MGP-2', 11.32, 2.67, 'A', 4, 1);
insert into notes_details values ('2011-2012', 'SEM-6', 'Angele Bondy', 'PHS-2', 11.32, 3.0, 'A', 2, 1);
insert into notes_details values ('2011-2012', 'SEM-6', 'Angele Bondy', 'PJT-2', 11.32, 2.33, 'A', 0, 1);
insert into notes_details values ('2011-2012', 'SEM-6', 'Angele Bondy', 'PJT-2', 11.32, 2.67, 'A', 1, 2);
insert into notes_details values ('2011-2012', 'SEM-6', 'Angele Bondy', 'RMS-2', 11.32, 1.33, 'A', 0, 1);
insert into notes_details values ('2011-2012', 'SEM-6', 'Angele Bondy', 'RMS-2', 11.32, 2.67, 'A', 4, 2);
insert into notes_details values ('2011-2012', 'SEM-6', 'Angele Bondy', 'STG-2', 11.32, 3.0, 'A', 2, 1);
insert into notes_details values ('2011-2012', 'SEM-6', 'Angele Bondy', 'THS-2', 11.32, 3.67, 'A', 3, 1);
insert into notes_details values ('2012-2013', 'SEM-7', 'Angele Bondy', 'ASL-3', 11.32, 1.67, 'A', 0, 1);
insert into notes_details values ('2012-2013', 'SEM-7', 'Angele Bondy', 'ASL-3', 11.32, 3.33, 'A', 2, 2);
insert into notes_details values ('2012-2013', 'SEM-7', 'Angele Bondy', 'DPP-3', 11.32, 2.33, 'A', 0, 1);
insert into notes_details values ('2012-2013', 'SEM-7', 'Angele Bondy', 'DPP-3', 11.32, 3.0, 'A', 2, 2);
insert into notes_details values ('2012-2013', 'SEM-7', 'Angele Bondy', 'EAO-31', 11.32, 1.33, 'A', 0, 1);
insert into notes_details values ('2012-2013', 'SEM-7', 'Angele Bondy', 'EAO-31', 11.32, 1.33, 'A', 0, 2);
insert into contentieux values ('2012-2013', 'SEM-7', 'Angele Bondy', 'EAO-31');
insert into notes_details values ('2012-2013', 'SEM-7', 'Angele Bondy', 'EAO-32', 11.32, 2.33, 'A', 0, 1);
insert into notes_details values ('2012-2013', 'SEM-7', 'Angele Bondy', 'EAO-32', 11.32, 1.0, 'A', 0, 2);
insert into contentieux values ('2012-2013', 'SEM-7', 'Angele Bondy', 'EAO-32');
insert into notes_details values ('2012-2013', 'SEM-7', 'Angele Bondy', 'EAO-33', 11.32, 2.0, 'A', 0, 1);
insert into notes_details values ('2012-2013', 'SEM-7', 'Angele Bondy', 'EAO-33', 11.32, 1.33, 'A', 0, 2);
insert into contentieux values ('2012-2013', 'SEM-7', 'Angele Bondy', 'EAO-33');
insert into notes_details values ('2012-2013', 'SEM-7', 'Angele Bondy', 'EAO-34', 11.32, 1.0, 'A', 0, 1);
insert into notes_details values ('2012-2013', 'SEM-7', 'Angele Bondy', 'EAO-34', 11.32, 1.33, 'A', 0, 2);
insert into contentieux values ('2012-2013', 'SEM-7', 'Angele Bondy', 'EAO-34');
insert into notes_details values ('2012-2013', 'SEM-7', 'Angele Bondy', 'EAO-35', 11.32, 1.33, 'A', 0, 1);
insert into notes_details values ('2012-2013', 'SEM-7', 'Angele Bondy', 'EAO-35', 11.32, 1.0, 'A', 2, 99);
insert into notes_details values ('2012-2013', 'SEM-7', 'Angele Bondy', 'LCI-3', 11.32, 1.33, 'A', 0, 1);
insert into notes_details values ('2012-2013', 'SEM-7', 'Angele Bondy', 'LCI-3', 11.32, 1.0, 'A', 0, 2);
insert into contentieux values ('2012-2013', 'SEM-7', 'Angele Bondy', 'LCI-3');
insert into notes_details values ('2012-2013', 'SEM-7', 'Angele Bondy', 'MAT-3', 11.32, 3.33, 'A', 3, 1);
insert into notes_details values ('2012-2013', 'SEM-7', 'Angele Bondy', 'MNG-3', 11.32, 3.33, 'A', 3, 1);
insert into notes_details values ('2012-2013', 'SEM-7', 'Angele Bondy', 'PJT-3', 11.32, 2.67, 'A', 5, 1);
insert into notes_details values ('2012-2013', 'SEM-7', 'Angele Bondy', 'STD-3', 11.32, 2.33, 'A', 0, 1);
insert into notes_details values ('2012-2013', 'SEM-7', 'Angele Bondy', 'STD-3', 11.32, 3.33, 'A', 2, 2);
insert into gpa values ('2011-2012', 'SEM-5', 'Angele Bondy', 2.69);
insert into gpa values ('2011-2012', 'SEM-6', 'Angele Bondy', 3.0);
insert into gpa values ('2012-2013', 'SEM-7', 'Angele Bondy', 2.9);
insert into eleves values ('Johann Garnier', 1, 'S', 'Tres bien', 'MP', 'MP', 'jgarnier');
insert into notes_details values ('2011-2012', 'SEM-5', 'Johann Garnier', 'ALG-1', 11.32, 2.67, 'A', 3, 1);
insert into notes_details values ('2011-2012', 'SEM-5', 'Johann Garnier', 'DPP-1', 11.32, 3.0, 'A', 2, 1);
insert into notes_details values ('2011-2012', 'SEM-5', 'Johann Garnier', 'ELE-1', 11.32, 2.33, 'A', 0, 1);
insert into notes_details values ('2011-2012', 'SEM-5', 'Johann Garnier', 'ELE-1', 11.32, 2.67, 'A', 3, 2);
insert into notes_details values ('2011-2012', 'SEM-5', 'Johann Garnier', 'INP-1', 11.32, 2.0, 'A', 0, 1);
insert into notes_details values ('2011-2012', 'SEM-5', 'Johann Garnier', 'INP-1', 11.32, 1.0, 'A', 3, 99);
insert into notes_details values ('2011-2012', 'SEM-5', 'Johann Garnier', 'LCI-1', 11.32, 4.0, 'A', 3, 1);
insert into notes_details values ('2011-2012', 'SEM-5', 'Johann Garnier', 'MAT-1', 11.32, 1.0, 'A', 0, 1);
insert into notes_details values ('2011-2012', 'SEM-5', 'Johann Garnier', 'MAT-1', 11.32, 2.67, 'A', 3, 2);
insert into notes_details values ('2011-2012', 'SEM-5', 'Johann Garnier', 'MGP-1', 11.32, 3.67, 'A', 4, 1);
insert into notes_details values ('2011-2012', 'SEM-5', 'Johann Garnier', 'PHO-1', 11.32, 2.0, 'A', 0, 1);
insert into notes_details values ('2011-2012', 'SEM-5', 'Johann Garnier', 'PHO-1', 11.32, 4.0, 'A', 3, 2);
insert into notes_details values ('2011-2012', 'SEM-5', 'Johann Garnier', 'PHQ-1', 11.32, 3.0, 'A', 3, 1);
insert into notes_details values ('2011-2012', 'SEM-5', 'Johann Garnier', 'SPM-1', 11.32, 1.0, 'A', 0, 1);
insert into notes_details values ('2011-2012', 'SEM-5', 'Johann Garnier', 'SPM-1', 11.32, 2.67, 'A', 3, 2);
insert into notes_details values ('2011-2012', 'SEM-6', 'Johann Garnier', 'DPP-2', 11.32, 2.33, 'A', 0, 1);
insert into notes_details values ('2011-2012', 'SEM-6', 'Johann Garnier', 'DPP-2', 11.32, 2.67, 'A', 1, 2);
insert into notes_details values ('2011-2012', 'SEM-6', 'Johann Garnier', 'EAO-2', 11.32, 3.0, 'A', 3, 1);
insert into notes_details values ('2011-2012', 'SEM-6', 'Johann Garnier', 'ECO-2', 11.32, 1.33, 'A', 0, 1);
insert into notes_details values ('2011-2012', 'SEM-6', 'Johann Garnier', 'ECO-2', 11.32, 3.67, 'A', 3, 2);
insert into notes_details values ('2011-2012', 'SEM-6', 'Johann Garnier', 'LCI-2', 11.32, 2.67, 'A', 3, 1);
insert into notes_details values ('2011-2012', 'SEM-6', 'Johann Garnier', 'MAT-2', 11.32, 3.33, 'A', 2, 1);
insert into notes_details values ('2011-2012', 'SEM-6', 'Johann Garnier', 'MCO-2', 11.32, 2.67, 'A', 2, 1);
insert into notes_details values ('2011-2012', 'SEM-6', 'Johann Garnier', 'MGP-2', 11.32, 2.33, 'A', 0, 1);
insert into notes_details values ('2011-2012', 'SEM-6', 'Johann Garnier', 'MGP-2', 11.32, 3.67, 'A', 4, 2);
insert into notes_details values ('2011-2012', 'SEM-6', 'Johann Garnier', 'PHS-2', 11.32, 1.67, 'A', 0, 1);
insert into notes_details values ('2011-2012', 'SEM-6', 'Johann Garnier', 'PHS-2', 11.32, 3.67, 'A', 2, 2);
insert into notes_details values ('2011-2012', 'SEM-6', 'Johann Garnier', 'PJT-2', 11.32, 2.0, 'A', 0, 1);
insert into notes_details values ('2011-2012', 'SEM-6', 'Johann Garnier', 'PJT-2', 11.32, 3.0, 'A', 1, 2);
insert into notes_details values ('2011-2012', 'SEM-6', 'Johann Garnier', 'RMS-2', 11.32, 1.33, 'A', 0, 1);
insert into notes_details values ('2011-2012', 'SEM-6', 'Johann Garnier', 'RMS-2', 11.32, 2.0, 'A', 4, 99);
insert into notes_details values ('2011-2012', 'SEM-6', 'Johann Garnier', 'STG-2', 11.32, 1.33, 'A', 0, 1);
insert into notes_details values ('2011-2012', 'SEM-6', 'Johann Garnier', 'STG-2', 11.32, 2.0, 'A', 2, 99);
insert into notes_details values ('2011-2012', 'SEM-6', 'Johann Garnier', 'THS-2', 11.32, 2.33, 'A', 0, 1);
insert into notes_details values ('2011-2012', 'SEM-6', 'Johann Garnier', 'THS-2', 11.32, 3.67, 'A', 3, 2);
insert into notes_details values ('2012-2013', 'SEM-7', 'Johann Garnier', 'ASL-3', 11.32, 1.0, 'A', 0, 1);
insert into notes_details values ('2012-2013', 'SEM-7', 'Johann Garnier', 'ASL-3', 11.32, 1.0, 'A', 2, 99);
insert into notes_details values ('2012-2013', 'SEM-7', 'Johann Garnier', 'DPP-3', 11.32, 2.0, 'A', 0, 1);
insert into notes_details values ('2012-2013', 'SEM-7', 'Johann Garnier', 'DPP-3', 11.32, 3.33, 'A', 2, 2);
insert into notes_details values ('2012-2013', 'SEM-7', 'Johann Garnier', 'EAO-31', 11.32, 2.33, 'A', 0, 1);
insert into notes_details values ('2012-2013', 'SEM-7', 'Johann Garnier', 'EAO-31', 11.32, 2.33, 'A', 2, 99);
insert into notes_details values ('2012-2013', 'SEM-7', 'Johann Garnier', 'EAO-32', 11.32, 1.33, 'A', 0, 1);
insert into notes_details values ('2012-2013', 'SEM-7', 'Johann Garnier', 'EAO-32', 11.32, 1.0, 'A', 2, 99);
insert into notes_details values ('2012-2013', 'SEM-7', 'Johann Garnier', 'EAO-33', 11.32, 3.0, 'A', 2, 1);
insert into notes_details values ('2012-2013', 'SEM-7', 'Johann Garnier', 'EAO-34', 11.32, 1.33, 'A', 0, 1);
insert into notes_details values ('2012-2013', 'SEM-7', 'Johann Garnier', 'EAO-34', 11.32, 1.33, 'A', 0, 2);
insert into contentieux values ('2012-2013', 'SEM-7', 'Johann Garnier', 'EAO-34');
insert into notes_details values ('2012-2013', 'SEM-7', 'Johann Garnier', 'EAO-35', 11.32, 1.0, 'A', 0, 1);
insert into notes_details values ('2012-2013', 'SEM-7', 'Johann Garnier', 'EAO-35', 11.32, 3.67, 'A', 2, 2);
insert into notes_details values ('2012-2013', 'SEM-7', 'Johann Garnier', 'LCI-3', 11.32, 1.0, 'A', 0, 1);
insert into notes_details values ('2012-2013', 'SEM-7', 'Johann Garnier', 'LCI-3', 11.32, 2.0, 'A', 0, 2);
insert into contentieux values ('2012-2013', 'SEM-7', 'Johann Garnier', 'LCI-3');
insert into notes_details values ('2012-2013', 'SEM-7', 'Johann Garnier', 'MAT-3', 11.32, 2.0, 'A', 0, 1);
insert into notes_details values ('2012-2013', 'SEM-7', 'Johann Garnier', 'MAT-3', 11.32, 2.0, 'A', 0, 2);
insert into contentieux values ('2012-2013', 'SEM-7', 'Johann Garnier', 'MAT-3');
insert into notes_details values ('2012-2013', 'SEM-7', 'Johann Garnier', 'MNG-3', 11.32, 2.67, 'A', 3, 1);
insert into notes_details values ('2012-2013', 'SEM-7', 'Johann Garnier', 'PJT-3', 11.32, 1.0, 'A', 0, 1);
insert into notes_details values ('2012-2013', 'SEM-7', 'Johann Garnier', 'PJT-3', 11.32, 2.33, 'A', 0, 2);
insert into contentieux values ('2012-2013', 'SEM-7', 'Johann Garnier', 'PJT-3');
insert into notes_details values ('2012-2013', 'SEM-7', 'Johann Garnier', 'STD-3', 11.32, 2.33, 'A', 0, 1);
insert into notes_details values ('2012-2013', 'SEM-7', 'Johann Garnier', 'STD-3', 11.32, 4.0, 'A', 2, 2);
insert into gpa values ('2011-2012', 'SEM-5', 'Johann Garnier', 3.28);
insert into gpa values ('2011-2012', 'SEM-6', 'Johann Garnier', 3.37);
insert into gpa values ('2012-2013', 'SEM-7', 'Johann Garnier', 2.29);
insert into eleves values ('Rodolphe Dupont', 1, 'S', 'Tres bien', 'MP', 'MP', 'rdupont');
insert into notes_details values ('2011-2012', 'SEM-5', 'Rodolphe Dupont', 'ALG-1', 11.32, 1.0, 'A', 0, 1);
insert into notes_details values ('2011-2012', 'SEM-5', 'Rodolphe Dupont', 'ALG-1', 11.32, 3.67, 'A', 3, 2);
insert into notes_details values ('2011-2012', 'SEM-5', 'Rodolphe Dupont', 'DPP-1', 11.32, 3.33, 'A', 2, 1);
insert into notes_details values ('2011-2012', 'SEM-5', 'Rodolphe Dupont', 'ELE-1', 11.32, 1.33, 'A', 0, 1);
insert into notes_details values ('2011-2012', 'SEM-5', 'Rodolphe Dupont', 'ELE-1', 11.32, 3.67, 'A', 3, 2);
insert into notes_details values ('2011-2012', 'SEM-5', 'Rodolphe Dupont', 'INP-1', 11.32, 3.33, 'A', 3, 1);
insert into notes_details values ('2011-2012', 'SEM-5', 'Rodolphe Dupont', 'LCI-1', 11.32, 3.67, 'A', 3, 1);
insert into notes_details values ('2011-2012', 'SEM-5', 'Rodolphe Dupont', 'MAT-1', 11.32, 2.0, 'A', 0, 1);
insert into notes_details values ('2011-2012', 'SEM-5', 'Rodolphe Dupont', 'MAT-1', 11.32, 3.33, 'A', 3, 2);
insert into notes_details values ('2011-2012', 'SEM-5', 'Rodolphe Dupont', 'MGP-1', 11.32, 2.0, 'A', 0, 1);
insert into notes_details values ('2011-2012', 'SEM-5', 'Rodolphe Dupont', 'MGP-1', 11.32, 3.0, 'A', 4, 2);
insert into notes_details values ('2011-2012', 'SEM-5', 'Rodolphe Dupont', 'PHO-1', 11.32, 4.0, 'A', 3, 1);
insert into notes_details values ('2011-2012', 'SEM-5', 'Rodolphe Dupont', 'PHQ-1', 11.32, 1.33, 'A', 0, 1);
insert into notes_details values ('2011-2012', 'SEM-5', 'Rodolphe Dupont', 'PHQ-1', 11.32, 2.67, 'A', 3, 2);
insert into notes_details values ('2011-2012', 'SEM-5', 'Rodolphe Dupont', 'SPM-1', 11.32, 2.0, 'A', 0, 1);
insert into notes_details values ('2011-2012', 'SEM-5', 'Rodolphe Dupont', 'SPM-1', 11.32, 2.67, 'A', 3, 2);
insert into notes_details values ('2011-2012', 'SEM-6', 'Rodolphe Dupont', 'DPP-2', 11.32, 1.33, 'A', 0, 1);
insert into notes_details values ('2011-2012', 'SEM-6', 'Rodolphe Dupont', 'DPP-2', 11.32, 2.67, 'A', 1, 2);
insert into notes_details values ('2011-2012', 'SEM-6', 'Rodolphe Dupont', 'EAO-2', 11.32, 3.0, 'A', 3, 1);
insert into notes_details values ('2011-2012', 'SEM-6', 'Rodolphe Dupont', 'ECO-2', 11.32, 4.0, 'A', 3, 1);
insert into notes_details values ('2011-2012', 'SEM-6', 'Rodolphe Dupont', 'LCI-2', 11.32, 2.67, 'A', 3, 1);
insert into notes_details values ('2011-2012', 'SEM-6', 'Rodolphe Dupont', 'MAT-2', 11.32, 3.0, 'A', 2, 1);
insert into notes_details values ('2011-2012', 'SEM-6', 'Rodolphe Dupont', 'MCO-2', 11.32, 1.33, 'A', 0, 1);
insert into notes_details values ('2011-2012', 'SEM-6', 'Rodolphe Dupont', 'MCO-2', 11.32, 1.0, 'A', 2, 99);
insert into notes_details values ('2011-2012', 'SEM-6', 'Rodolphe Dupont', 'MGP-2', 11.32, 4.0, 'A', 4, 1);
insert into notes_details values ('2011-2012', 'SEM-6', 'Rodolphe Dupont', 'PHS-2', 11.32, 2.0, 'A', 0, 1);
insert into notes_details values ('2011-2012', 'SEM-6', 'Rodolphe Dupont', 'PHS-2', 11.32, 2.33, 'A', 2, 99);
insert into notes_details values ('2011-2012', 'SEM-6', 'Rodolphe Dupont', 'PJT-2', 11.32, 4.0, 'A', 1, 1);
insert into notes_details values ('2011-2012', 'SEM-6', 'Rodolphe Dupont', 'RMS-2', 11.32, 4.0, 'A', 4, 1);
insert into notes_details values ('2011-2012', 'SEM-6', 'Rodolphe Dupont', 'STG-2', 11.32, 1.33, 'A', 0, 1);
insert into notes_details values ('2011-2012', 'SEM-6', 'Rodolphe Dupont', 'STG-2', 11.32, 2.67, 'A', 2, 2);
insert into notes_details values ('2011-2012', 'SEM-6', 'Rodolphe Dupont', 'THS-2', 11.32, 1.0, 'A', 0, 1);
insert into notes_details values ('2011-2012', 'SEM-6', 'Rodolphe Dupont', 'THS-2', 11.32, 2.67, 'A', 3, 2);
insert into notes_details values ('2012-2013', 'SEM-7', 'Rodolphe Dupont', 'ASL-3', 11.32, 3.0, 'A', 2, 1);
insert into notes_details values ('2012-2013', 'SEM-7', 'Rodolphe Dupont', 'DPP-3', 11.32, 1.67, 'A', 0, 1);
insert into notes_details values ('2012-2013', 'SEM-7', 'Rodolphe Dupont', 'DPP-3', 11.32, 4.0, 'A', 2, 2);
insert into notes_details values ('2012-2013', 'SEM-7', 'Rodolphe Dupont', 'EAO-31', 11.32, 1.33, 'A', 0, 1);
insert into notes_details values ('2012-2013', 'SEM-7', 'Rodolphe Dupont', 'EAO-31', 11.32, 2.67, 'A', 2, 2);
insert into notes_details values ('2012-2013', 'SEM-7', 'Rodolphe Dupont', 'EAO-32', 11.32, 4.0, 'A', 2, 1);
insert into notes_details values ('2012-2013', 'SEM-7', 'Rodolphe Dupont', 'EAO-33', 11.32, 2.0, 'A', 0, 1);
insert into notes_details values ('2012-2013', 'SEM-7', 'Rodolphe Dupont', 'EAO-33', 11.32, 3.0, 'A', 2, 2);
insert into notes_details values ('2012-2013', 'SEM-7', 'Rodolphe Dupont', 'EAO-34', 11.32, 3.33, 'A', 2, 1);
insert into notes_details values ('2012-2013', 'SEM-7', 'Rodolphe Dupont', 'EAO-35', 11.32, 1.67, 'A', 0, 1);
insert into notes_details values ('2012-2013', 'SEM-7', 'Rodolphe Dupont', 'EAO-35', 11.32, 2.67, 'A', 2, 2);
insert into notes_details values ('2012-2013', 'SEM-7', 'Rodolphe Dupont', 'LCI-3', 11.32, 3.0, 'A', 3, 1);
insert into notes_details values ('2012-2013', 'SEM-7', 'Rodolphe Dupont', 'MAT-3', 11.32, 3.0, 'A', 3, 1);
insert into notes_details values ('2012-2013', 'SEM-7', 'Rodolphe Dupont', 'MNG-3', 11.32, 3.33, 'A', 3, 1);
insert into notes_details values ('2012-2013', 'SEM-7', 'Rodolphe Dupont', 'PJT-3', 11.32, 3.67, 'A', 5, 1);
insert into notes_details values ('2012-2013', 'SEM-7', 'Rodolphe Dupont', 'STD-3', 11.32, 2.33, 'A', 0, 1);
insert into notes_details values ('2012-2013', 'SEM-7', 'Rodolphe Dupont', 'STD-3', 11.32, 2.67, 'A', 2, 2);
insert into gpa values ('2011-2012', 'SEM-5', 'Rodolphe Dupont', 2.32);
insert into gpa values ('2011-2012', 'SEM-6', 'Rodolphe Dupont', 3.53);
insert into gpa values ('2012-2013', 'SEM-7', 'Rodolphe Dupont', 3.73);
insert into eleves values ('Susanne Giroud', 1, 'S', 'Tres bien', 'MP', 'MP', 'sgiroud');
insert into notes_details values ('2011-2012', 'SEM-5', 'Susanne Giroud', 'ALG-1', 11.32, 2.67, 'A', 3, 1);
insert into notes_details values ('2011-2012', 'SEM-5', 'Susanne Giroud', 'DPP-1', 11.32, 2.67, 'A', 2, 1);
insert into notes_details values ('2011-2012', 'SEM-5', 'Susanne Giroud', 'ELE-1', 11.32, 2.33, 'A', 0, 1);
insert into notes_details values ('2011-2012', 'SEM-5', 'Susanne Giroud', 'ELE-1', 11.32, 2.67, 'A', 3, 2);
insert into notes_details values ('2011-2012', 'SEM-5', 'Susanne Giroud', 'INP-1', 11.32, 2.33, 'A', 0, 1);
insert into notes_details values ('2011-2012', 'SEM-5', 'Susanne Giroud', 'INP-1', 11.32, 1.0, 'A', 3, 99);
insert into notes_details values ('2011-2012', 'SEM-5', 'Susanne Giroud', 'LCI-1', 11.32, 2.33, 'A', 0, 1);
insert into notes_details values ('2011-2012', 'SEM-5', 'Susanne Giroud', 'LCI-1', 11.32, 3.0, 'A', 3, 2);
insert into notes_details values ('2011-2012', 'SEM-5', 'Susanne Giroud', 'MAT-1', 11.32, 1.0, 'A', 0, 1);
insert into notes_details values ('2011-2012', 'SEM-5', 'Susanne Giroud', 'MAT-1', 11.32, 4.0, 'A', 3, 2);
insert into notes_details values ('2011-2012', 'SEM-5', 'Susanne Giroud', 'MGP-1', 11.32, 2.33, 'A', 0, 1);
insert into notes_details values ('2011-2012', 'SEM-5', 'Susanne Giroud', 'MGP-1', 11.32, 2.33, 'A', 4, 99);
insert into notes_details values ('2011-2012', 'SEM-5', 'Susanne Giroud', 'PHO-1', 11.32, 1.33, 'A', 0, 1);
insert into notes_details values ('2011-2012', 'SEM-5', 'Susanne Giroud', 'PHO-1', 11.32, 3.67, 'A', 3, 2);
insert into notes_details values ('2011-2012', 'SEM-5', 'Susanne Giroud', 'PHQ-1', 11.32, 3.33, 'A', 3, 1);
insert into notes_details values ('2011-2012', 'SEM-5', 'Susanne Giroud', 'SPM-1', 11.32, 1.0, 'A', 0, 1);
insert into notes_details values ('2011-2012', 'SEM-5', 'Susanne Giroud', 'SPM-1', 11.32, 2.33, 'A', 3, 99);
insert into notes_details values ('2011-2012', 'SEM-6', 'Susanne Giroud', 'DPP-2', 11.32, 3.67, 'A', 1, 1);
insert into notes_details values ('2011-2012', 'SEM-6', 'Susanne Giroud', 'EAO-2', 11.32, 1.0, 'A', 0, 1);
insert into notes_details values ('2011-2012', 'SEM-6', 'Susanne Giroud', 'EAO-2', 11.32, 1.33, 'A', 3, 99);
insert into notes_details values ('2011-2012', 'SEM-6', 'Susanne Giroud', 'ECO-2', 11.32, 2.67, 'A', 3, 1);
insert into notes_details values ('2011-2012', 'SEM-6', 'Susanne Giroud', 'LCI-2', 11.32, 1.33, 'A', 0, 1);
insert into notes_details values ('2011-2012', 'SEM-6', 'Susanne Giroud', 'LCI-2', 11.32, 3.33, 'A', 3, 2);
insert into notes_details values ('2011-2012', 'SEM-6', 'Susanne Giroud', 'MAT-2', 11.32, 2.67, 'A', 2, 1);
insert into notes_details values ('2011-2012', 'SEM-6', 'Susanne Giroud', 'MCO-2', 11.32, 1.67, 'A', 0, 1);
insert into notes_details values ('2011-2012', 'SEM-6', 'Susanne Giroud', 'MCO-2', 11.32, 3.0, 'A', 2, 2);
insert into notes_details values ('2011-2012', 'SEM-6', 'Susanne Giroud', 'MGP-2', 11.32, 1.67, 'A', 0, 1);
insert into notes_details values ('2011-2012', 'SEM-6', 'Susanne Giroud', 'MGP-2', 11.32, 3.67, 'A', 4, 2);
insert into notes_details values ('2011-2012', 'SEM-6', 'Susanne Giroud', 'PHS-2', 11.32, 1.0, 'A', 0, 1);
insert into notes_details values ('2011-2012', 'SEM-6', 'Susanne Giroud', 'PHS-2', 11.32, 3.33, 'A', 2, 2);
insert into notes_details values ('2011-2012', 'SEM-6', 'Susanne Giroud', 'PJT-2', 11.32, 1.33, 'A', 0, 1);
insert into notes_details values ('2011-2012', 'SEM-6', 'Susanne Giroud', 'PJT-2', 11.32, 1.33, 'A', 1, 99);
insert into notes_details values ('2011-2012', 'SEM-6', 'Susanne Giroud', 'RMS-2', 11.32, 1.33, 'A', 0, 1);
insert into notes_details values ('2011-2012', 'SEM-6', 'Susanne Giroud', 'RMS-2', 11.32, 2.0, 'A', 4, 99);
insert into notes_details values ('2011-2012', 'SEM-6', 'Susanne Giroud', 'STG-2', 11.32, 1.0, 'A', 0, 1);
insert into notes_details values ('2011-2012', 'SEM-6', 'Susanne Giroud', 'STG-2', 11.32, 3.33, 'A', 2, 2);
insert into notes_details values ('2011-2012', 'SEM-6', 'Susanne Giroud', 'THS-2', 11.32, 4.0, 'A', 3, 1);
insert into notes_details values ('2012-2013', 'SEM-7', 'Susanne Giroud', 'ASL-3', 11.32, 2.0, 'A', 0, 1);
insert into notes_details values ('2012-2013', 'SEM-7', 'Susanne Giroud', 'ASL-3', 11.32, 2.0, 'A', 0, 2);
insert into contentieux values ('2012-2013', 'SEM-7', 'Susanne Giroud', 'ASL-3');
insert into notes_details values ('2012-2013', 'SEM-7', 'Susanne Giroud', 'DPP-3', 11.32, 3.67, 'A', 2, 1);
insert into notes_details values ('2012-2013', 'SEM-7', 'Susanne Giroud', 'EAO-31', 11.32, 2.33, 'A', 0, 1);
insert into notes_details values ('2012-2013', 'SEM-7', 'Susanne Giroud', 'EAO-31', 11.32, 2.33, 'A', 2, 99);
insert into notes_details values ('2012-2013', 'SEM-7', 'Susanne Giroud', 'EAO-32', 11.32, 2.33, 'A', 0, 1);
insert into notes_details values ('2012-2013', 'SEM-7', 'Susanne Giroud', 'EAO-32', 11.32, 2.67, 'A', 2, 2);
insert into notes_details values ('2012-2013', 'SEM-7', 'Susanne Giroud', 'EAO-33', 11.32, 1.0, 'A', 0, 1);
insert into notes_details values ('2012-2013', 'SEM-7', 'Susanne Giroud', 'EAO-33', 11.32, 2.67, 'A', 2, 2);
insert into notes_details values ('2012-2013', 'SEM-7', 'Susanne Giroud', 'EAO-34', 11.32, 3.67, 'A', 2, 1);
insert into notes_details values ('2012-2013', 'SEM-7', 'Susanne Giroud', 'EAO-35', 11.32, 1.33, 'A', 0, 1);
insert into notes_details values ('2012-2013', 'SEM-7', 'Susanne Giroud', 'EAO-35', 11.32, 1.67, 'A', 0, 2);
insert into contentieux values ('2012-2013', 'SEM-7', 'Susanne Giroud', 'EAO-35');
insert into notes_details values ('2012-2013', 'SEM-7', 'Susanne Giroud', 'LCI-3', 11.32, 3.0, 'A', 3, 1);
insert into notes_details values ('2012-2013', 'SEM-7', 'Susanne Giroud', 'MAT-3', 11.32, 2.33, 'A', 0, 1);
insert into notes_details values ('2012-2013', 'SEM-7', 'Susanne Giroud', 'MAT-3', 11.32, 3.0, 'A', 3, 2);
insert into notes_details values ('2012-2013', 'SEM-7', 'Susanne Giroud', 'MNG-3', 11.32, 1.0, 'A', 0, 1);
insert into notes_details values ('2012-2013', 'SEM-7', 'Susanne Giroud', 'MNG-3', 11.32, 3.33, 'A', 3, 2);
insert into notes_details values ('2012-2013', 'SEM-7', 'Susanne Giroud', 'PJT-3', 11.32, 2.0, 'A', 0, 1);
insert into notes_details values ('2012-2013', 'SEM-7', 'Susanne Giroud', 'PJT-3', 11.32, 3.0, 'A', 5, 2);
insert into notes_details values ('2012-2013', 'SEM-7', 'Susanne Giroud', 'STD-3', 11.32, 3.33, 'A', 2, 1);
insert into gpa values ('2011-2012', 'SEM-5', 'Susanne Giroud', 3.65);
insert into gpa values ('2011-2012', 'SEM-6', 'Susanne Giroud', 3.75);
insert into gpa values ('2012-2013', 'SEM-7', 'Susanne Giroud', 3.11);
insert into eleves values ('Lola Maradona', 1, 'S', 'Tres bien', 'MP', 'MP', 'lmaradona');
insert into notes_details values ('2011-2012', 'SEM-5', 'Lola Maradona', 'ALG-1', 11.32, 1.67, 'A', 0, 1);
insert into notes_details values ('2011-2012', 'SEM-5', 'Lola Maradona', 'ALG-1', 11.32, 2.67, 'A', 3, 2);
insert into notes_details values ('2011-2012', 'SEM-5', 'Lola Maradona', 'DPP-1', 11.32, 1.67, 'A', 0, 1);
insert into notes_details values ('2011-2012', 'SEM-5', 'Lola Maradona', 'DPP-1', 11.32, 3.0, 'A', 2, 2);
insert into notes_details values ('2011-2012', 'SEM-5', 'Lola Maradona', 'ELE-1', 11.32, 3.67, 'A', 3, 1);
insert into notes_details values ('2011-2012', 'SEM-5', 'Lola Maradona', 'INP-1', 11.32, 2.33, 'A', 0, 1);
insert into notes_details values ('2011-2012', 'SEM-5', 'Lola Maradona', 'INP-1', 11.32, 3.0, 'A', 3, 2);
insert into notes_details values ('2011-2012', 'SEM-5', 'Lola Maradona', 'LCI-1', 11.32, 1.0, 'A', 0, 1);
insert into notes_details values ('2011-2012', 'SEM-5', 'Lola Maradona', 'LCI-1', 11.32, 3.0, 'A', 3, 2);
insert into notes_details values ('2011-2012', 'SEM-5', 'Lola Maradona', 'MAT-1', 11.32, 1.33, 'A', 0, 1);
insert into notes_details values ('2011-2012', 'SEM-5', 'Lola Maradona', 'MAT-1', 11.32, 3.67, 'A', 3, 2);
insert into notes_details values ('2011-2012', 'SEM-5', 'Lola Maradona', 'MGP-1', 11.32, 2.0, 'A', 0, 1);
insert into notes_details values ('2011-2012', 'SEM-5', 'Lola Maradona', 'MGP-1', 11.32, 1.67, 'A', 4, 99);
insert into notes_details values ('2011-2012', 'SEM-5', 'Lola Maradona', 'PHO-1', 11.32, 3.0, 'A', 3, 1);
insert into notes_details values ('2011-2012', 'SEM-5', 'Lola Maradona', 'PHQ-1', 11.32, 2.0, 'A', 0, 1);
insert into notes_details values ('2011-2012', 'SEM-5', 'Lola Maradona', 'PHQ-1', 11.32, 3.33, 'A', 3, 2);
insert into notes_details values ('2011-2012', 'SEM-5', 'Lola Maradona', 'SPM-1', 11.32, 2.33, 'A', 0, 1);
insert into notes_details values ('2011-2012', 'SEM-5', 'Lola Maradona', 'SPM-1', 11.32, 4.0, 'A', 3, 2);
insert into notes_details values ('2011-2012', 'SEM-6', 'Lola Maradona', 'DPP-2', 11.32, 2.33, 'A', 0, 1);
insert into notes_details values ('2011-2012', 'SEM-6', 'Lola Maradona', 'DPP-2', 11.32, 3.0, 'A', 1, 2);
insert into notes_details values ('2011-2012', 'SEM-6', 'Lola Maradona', 'EAO-2', 11.32, 4.0, 'A', 3, 1);
insert into notes_details values ('2011-2012', 'SEM-6', 'Lola Maradona', 'ECO-2', 11.32, 1.0, 'A', 0, 1);
insert into notes_details values ('2011-2012', 'SEM-6', 'Lola Maradona', 'ECO-2', 11.32, 3.67, 'A', 3, 2);
insert into notes_details values ('2011-2012', 'SEM-6', 'Lola Maradona', 'LCI-2', 11.32, 4.0, 'A', 3, 1);
insert into notes_details values ('2011-2012', 'SEM-6', 'Lola Maradona', 'MAT-2', 11.32, 3.0, 'A', 2, 1);
insert into notes_details values ('2011-2012', 'SEM-6', 'Lola Maradona', 'MCO-2', 11.32, 2.0, 'A', 0, 1);
insert into notes_details values ('2011-2012', 'SEM-6', 'Lola Maradona', 'MCO-2', 11.32, 1.33, 'A', 2, 99);
insert into notes_details values ('2011-2012', 'SEM-6', 'Lola Maradona', 'MGP-2', 11.32, 1.67, 'A', 0, 1);
insert into notes_details values ('2011-2012', 'SEM-6', 'Lola Maradona', 'MGP-2', 11.32, 2.67, 'A', 4, 2);
insert into notes_details values ('2011-2012', 'SEM-6', 'Lola Maradona', 'PHS-2', 11.32, 3.0, 'A', 2, 1);
insert into notes_details values ('2011-2012', 'SEM-6', 'Lola Maradona', 'PJT-2', 11.32, 1.33, 'A', 0, 1);
insert into notes_details values ('2011-2012', 'SEM-6', 'Lola Maradona', 'PJT-2', 11.32, 3.33, 'A', 1, 2);
insert into notes_details values ('2011-2012', 'SEM-6', 'Lola Maradona', 'RMS-2', 11.32, 1.67, 'A', 0, 1);
insert into notes_details values ('2011-2012', 'SEM-6', 'Lola Maradona', 'RMS-2', 11.32, 3.33, 'A', 4, 2);
insert into notes_details values ('2011-2012', 'SEM-6', 'Lola Maradona', 'STG-2', 11.32, 3.33, 'A', 2, 1);
insert into notes_details values ('2011-2012', 'SEM-6', 'Lola Maradona', 'THS-2', 11.32, 3.33, 'A', 3, 1);
insert into notes_details values ('2012-2013', 'SEM-7', 'Lola Maradona', 'ASL-3', 11.32, 1.33, 'A', 0, 1);
insert into notes_details values ('2012-2013', 'SEM-7', 'Lola Maradona', 'ASL-3', 11.32, 2.0, 'A', 2, 99);
insert into notes_details values ('2012-2013', 'SEM-7', 'Lola Maradona', 'DPP-3', 11.32, 1.0, 'A', 0, 1);
insert into notes_details values ('2012-2013', 'SEM-7', 'Lola Maradona', 'DPP-3', 11.32, 3.33, 'A', 2, 2);
insert into notes_details values ('2012-2013', 'SEM-7', 'Lola Maradona', 'EAO-31', 11.32, 2.67, 'A', 2, 1);
insert into notes_details values ('2012-2013', 'SEM-7', 'Lola Maradona', 'EAO-32', 11.32, 2.0, 'A', 0, 1);
insert into notes_details values ('2012-2013', 'SEM-7', 'Lola Maradona', 'EAO-32', 11.32, 3.0, 'A', 2, 2);
insert into notes_details values ('2012-2013', 'SEM-7', 'Lola Maradona', 'EAO-33', 11.32, 2.0, 'A', 0, 1);
insert into notes_details values ('2012-2013', 'SEM-7', 'Lola Maradona', 'EAO-33', 11.32, 2.0, 'A', 0, 2);
insert into contentieux values ('2012-2013', 'SEM-7', 'Lola Maradona', 'EAO-33');
insert into notes_details values ('2012-2013', 'SEM-7', 'Lola Maradona', 'EAO-34', 11.32, 1.67, 'A', 0, 1);
insert into notes_details values ('2012-2013', 'SEM-7', 'Lola Maradona', 'EAO-34', 11.32, 3.0, 'A', 2, 2);
insert into notes_details values ('2012-2013', 'SEM-7', 'Lola Maradona', 'EAO-35', 11.32, 4.0, 'A', 2, 1);
insert into notes_details values ('2012-2013', 'SEM-7', 'Lola Maradona', 'LCI-3', 11.32, 3.33, 'A', 3, 1);
insert into notes_details values ('2012-2013', 'SEM-7', 'Lola Maradona', 'MAT-3', 11.32, 2.33, 'A', 0, 1);
insert into notes_details values ('2012-2013', 'SEM-7', 'Lola Maradona', 'MAT-3', 11.32, 1.67, 'A', 0, 2);
insert into contentieux values ('2012-2013', 'SEM-7', 'Lola Maradona', 'MAT-3');
insert into notes_details values ('2012-2013', 'SEM-7', 'Lola Maradona', 'MNG-3', 11.32, 1.33, 'A', 0, 1);
insert into notes_details values ('2012-2013', 'SEM-7', 'Lola Maradona', 'MNG-3', 11.32, 1.33, 'A', 0, 2);
insert into contentieux values ('2012-2013', 'SEM-7', 'Lola Maradona', 'MNG-3');
insert into notes_details values ('2012-2013', 'SEM-7', 'Lola Maradona', 'PJT-3', 11.32, 1.0, 'A', 0, 1);
insert into notes_details values ('2012-2013', 'SEM-7', 'Lola Maradona', 'PJT-3', 11.32, 3.67, 'A', 5, 2);
insert into notes_details values ('2012-2013', 'SEM-7', 'Lola Maradona', 'STD-3', 11.32, 2.33, 'A', 0, 1);
insert into notes_details values ('2012-2013', 'SEM-7', 'Lola Maradona', 'STD-3', 11.32, 3.0, 'A', 2, 2);
insert into gpa values ('2011-2012', 'SEM-5', 'Lola Maradona', 3.99);
insert into gpa values ('2011-2012', 'SEM-6', 'Lola Maradona', 3.96);
insert into gpa values ('2012-2013', 'SEM-7', 'Lola Maradona', 3.84);
insert into eleves values ('Florus Michel', 1, 'S', 'Tres bien', 'MP', 'MP', 'fmichel');
insert into notes_details values ('2011-2012', 'SEM-5', 'Florus Michel', 'ALG-1', 11.32, 2.0, 'A', 0, 1);
insert into notes_details values ('2011-2012', 'SEM-5', 'Florus Michel', 'ALG-1', 11.32, 2.0, 'A', 3, 99);
insert into notes_details values ('2011-2012', 'SEM-5', 'Florus Michel', 'DPP-1', 11.32, 1.67, 'A', 0, 1);
insert into notes_details values ('2011-2012', 'SEM-5', 'Florus Michel', 'DPP-1', 11.32, 4.0, 'A', 2, 2);
insert into notes_details values ('2011-2012', 'SEM-5', 'Florus Michel', 'ELE-1', 11.32, 4.0, 'A', 3, 1);
insert into notes_details values ('2011-2012', 'SEM-5', 'Florus Michel', 'INP-1', 11.32, 2.33, 'A', 0, 1);
insert into notes_details values ('2011-2012', 'SEM-5', 'Florus Michel', 'INP-1', 11.32, 2.67, 'A', 3, 2);
insert into notes_details values ('2011-2012', 'SEM-5', 'Florus Michel', 'LCI-1', 11.32, 3.67, 'A', 3, 1);
insert into notes_details values ('2011-2012', 'SEM-5', 'Florus Michel', 'MAT-1', 11.32, 4.0, 'A', 3, 1);
insert into notes_details values ('2011-2012', 'SEM-5', 'Florus Michel', 'MGP-1', 11.32, 2.67, 'A', 4, 1);
insert into notes_details values ('2011-2012', 'SEM-5', 'Florus Michel', 'PHO-1', 11.32, 1.67, 'A', 0, 1);
insert into notes_details values ('2011-2012', 'SEM-5', 'Florus Michel', 'PHO-1', 11.32, 4.0, 'A', 3, 2);
insert into notes_details values ('2011-2012', 'SEM-5', 'Florus Michel', 'PHQ-1', 11.32, 4.0, 'A', 3, 1);
insert into notes_details values ('2011-2012', 'SEM-5', 'Florus Michel', 'SPM-1', 11.32, 3.33, 'A', 3, 1);
insert into notes_details values ('2011-2012', 'SEM-6', 'Florus Michel', 'DPP-2', 11.32, 4.0, 'A', 1, 1);
insert into notes_details values ('2011-2012', 'SEM-6', 'Florus Michel', 'EAO-2', 11.32, 3.67, 'A', 3, 1);
insert into notes_details values ('2011-2012', 'SEM-6', 'Florus Michel', 'ECO-2', 11.32, 3.0, 'A', 3, 1);
insert into notes_details values ('2011-2012', 'SEM-6', 'Florus Michel', 'LCI-2', 11.32, 3.67, 'A', 3, 1);
insert into notes_details values ('2011-2012', 'SEM-6', 'Florus Michel', 'MAT-2', 11.32, 4.0, 'A', 2, 1);
insert into notes_details values ('2011-2012', 'SEM-6', 'Florus Michel', 'MCO-2', 11.32, 3.67, 'A', 2, 1);
insert into notes_details values ('2011-2012', 'SEM-6', 'Florus Michel', 'MGP-2', 11.32, 1.67, 'A', 0, 1);
insert into notes_details values ('2011-2012', 'SEM-6', 'Florus Michel', 'MGP-2', 11.32, 4.0, 'A', 4, 2);
insert into notes_details values ('2011-2012', 'SEM-6', 'Florus Michel', 'PHS-2', 11.32, 1.0, 'A', 0, 1);
insert into notes_details values ('2011-2012', 'SEM-6', 'Florus Michel', 'PHS-2', 11.32, 2.67, 'A', 2, 2);
insert into notes_details values ('2011-2012', 'SEM-6', 'Florus Michel', 'PJT-2', 11.32, 1.0, 'A', 0, 1);
insert into notes_details values ('2011-2012', 'SEM-6', 'Florus Michel', 'PJT-2', 11.32, 2.67, 'A', 1, 2);
insert into notes_details values ('2011-2012', 'SEM-6', 'Florus Michel', 'RMS-2', 11.32, 2.67, 'A', 4, 1);
insert into notes_details values ('2011-2012', 'SEM-6', 'Florus Michel', 'STG-2', 11.32, 2.67, 'A', 2, 1);
insert into notes_details values ('2011-2012', 'SEM-6', 'Florus Michel', 'THS-2', 11.32, 3.67, 'A', 3, 1);
insert into notes_details values ('2012-2013', 'SEM-7', 'Florus Michel', 'ASL-3', 11.32, 3.0, 'A', 2, 1);
insert into notes_details values ('2012-2013', 'SEM-7', 'Florus Michel', 'DPP-3', 11.32, 3.67, 'A', 2, 1);
insert into notes_details values ('2012-2013', 'SEM-7', 'Florus Michel', 'EAO-31', 11.32, 1.33, 'A', 0, 1);
insert into notes_details values ('2012-2013', 'SEM-7', 'Florus Michel', 'EAO-31', 11.32, 3.33, 'A', 2, 2);
insert into notes_details values ('2012-2013', 'SEM-7', 'Florus Michel', 'EAO-32', 11.32, 2.0, 'A', 0, 1);
insert into notes_details values ('2012-2013', 'SEM-7', 'Florus Michel', 'EAO-32', 11.32, 1.67, 'A', 0, 2);
insert into contentieux values ('2012-2013', 'SEM-7', 'Florus Michel', 'EAO-32');
insert into notes_details values ('2012-2013', 'SEM-7', 'Florus Michel', 'EAO-33', 11.32, 1.67, 'A', 0, 1);
insert into notes_details values ('2012-2013', 'SEM-7', 'Florus Michel', 'EAO-33', 11.32, 2.67, 'A', 2, 2);
insert into notes_details values ('2012-2013', 'SEM-7', 'Florus Michel', 'EAO-34', 11.32, 1.33, 'A', 0, 1);
insert into notes_details values ('2012-2013', 'SEM-7', 'Florus Michel', 'EAO-34', 11.32, 1.0, 'A', 0, 2);
insert into contentieux values ('2012-2013', 'SEM-7', 'Florus Michel', 'EAO-34');
insert into notes_details values ('2012-2013', 'SEM-7', 'Florus Michel', 'EAO-35', 11.32, 1.0, 'A', 0, 1);
insert into notes_details values ('2012-2013', 'SEM-7', 'Florus Michel', 'EAO-35', 11.32, 2.33, 'A', 0, 2);
insert into contentieux values ('2012-2013', 'SEM-7', 'Florus Michel', 'EAO-35');
insert into notes_details values ('2012-2013', 'SEM-7', 'Florus Michel', 'LCI-3', 11.32, 2.67, 'A', 3, 1);
insert into notes_details values ('2012-2013', 'SEM-7', 'Florus Michel', 'MAT-3', 11.32, 1.67, 'A', 0, 1);
insert into notes_details values ('2012-2013', 'SEM-7', 'Florus Michel', 'MAT-3', 11.32, 3.67, 'A', 3, 2);
insert into notes_details values ('2012-2013', 'SEM-7', 'Florus Michel', 'MNG-3', 11.32, 1.33, 'A', 0, 1);
insert into notes_details values ('2012-2013', 'SEM-7', 'Florus Michel', 'MNG-3', 11.32, 2.67, 'A', 3, 2);
insert into notes_details values ('2012-2013', 'SEM-7', 'Florus Michel', 'PJT-3', 11.32, 1.0, 'A', 0, 1);
insert into notes_details values ('2012-2013', 'SEM-7', 'Florus Michel', 'PJT-3', 11.32, 2.0, 'A', 0, 2);
insert into contentieux values ('2012-2013', 'SEM-7', 'Florus Michel', 'PJT-3');
insert into notes_details values ('2012-2013', 'SEM-7', 'Florus Michel', 'STD-3', 11.32, 1.33, 'A', 0, 1);
insert into notes_details values ('2012-2013', 'SEM-7', 'Florus Michel', 'STD-3', 11.32, 1.67, 'A', 0, 2);
insert into contentieux values ('2012-2013', 'SEM-7', 'Florus Michel', 'STD-3');
insert into gpa values ('2011-2012', 'SEM-5', 'Florus Michel', 3.03);
insert into gpa values ('2011-2012', 'SEM-6', 'Florus Michel', 3.37);
insert into gpa values ('2012-2013', 'SEM-7', 'Florus Michel', 2.62);
insert into eleves values ('Dreux Legrand', 1, 'S', 'Tres bien', 'MP', 'MP', 'dlegrand');
insert into notes_details values ('2011-2012', 'SEM-5', 'Dreux Legrand', 'ALG-1', 11.32, 2.0, 'A', 0, 1);
insert into notes_details values ('2011-2012', 'SEM-5', 'Dreux Legrand', 'ALG-1', 11.32, 3.0, 'A', 3, 2);
insert into notes_details values ('2011-2012', 'SEM-5', 'Dreux Legrand', 'DPP-1', 11.32, 2.0, 'A', 0, 1);
insert into notes_details values ('2011-2012', 'SEM-5', 'Dreux Legrand', 'DPP-1', 11.32, 4.0, 'A', 2, 2);
insert into notes_details values ('2011-2012', 'SEM-5', 'Dreux Legrand', 'ELE-1', 11.32, 3.67, 'A', 3, 1);
insert into notes_details values ('2011-2012', 'SEM-5', 'Dreux Legrand', 'INP-1', 11.32, 3.0, 'A', 3, 1);
insert into notes_details values ('2011-2012', 'SEM-5', 'Dreux Legrand', 'LCI-1', 11.32, 2.33, 'A', 0, 1);
insert into notes_details values ('2011-2012', 'SEM-5', 'Dreux Legrand', 'LCI-1', 11.32, 4.0, 'A', 3, 2);
insert into notes_details values ('2011-2012', 'SEM-5', 'Dreux Legrand', 'MAT-1', 11.32, 3.67, 'A', 3, 1);
insert into notes_details values ('2011-2012', 'SEM-5', 'Dreux Legrand', 'MGP-1', 11.32, 2.33, 'A', 0, 1);
insert into notes_details values ('2011-2012', 'SEM-5', 'Dreux Legrand', 'MGP-1', 11.32, 2.67, 'A', 4, 2);
insert into notes_details values ('2011-2012', 'SEM-5', 'Dreux Legrand', 'PHO-1', 11.32, 4.0, 'A', 3, 1);
insert into notes_details values ('2011-2012', 'SEM-5', 'Dreux Legrand', 'PHQ-1', 11.32, 2.0, 'A', 0, 1);
insert into notes_details values ('2011-2012', 'SEM-5', 'Dreux Legrand', 'PHQ-1', 11.32, 3.33, 'A', 3, 2);
insert into notes_details values ('2011-2012', 'SEM-5', 'Dreux Legrand', 'SPM-1', 11.32, 3.0, 'A', 3, 1);
insert into notes_details values ('2011-2012', 'SEM-6', 'Dreux Legrand', 'DPP-2', 11.32, 1.67, 'A', 0, 1);
insert into notes_details values ('2011-2012', 'SEM-6', 'Dreux Legrand', 'DPP-2', 11.32, 2.67, 'A', 1, 2);
insert into notes_details values ('2011-2012', 'SEM-6', 'Dreux Legrand', 'EAO-2', 11.32, 1.67, 'A', 0, 1);
insert into notes_details values ('2011-2012', 'SEM-6', 'Dreux Legrand', 'EAO-2', 11.32, 3.33, 'A', 3, 2);
insert into notes_details values ('2011-2012', 'SEM-6', 'Dreux Legrand', 'ECO-2', 11.32, 3.0, 'A', 3, 1);
insert into notes_details values ('2011-2012', 'SEM-6', 'Dreux Legrand', 'LCI-2', 11.32, 1.33, 'A', 0, 1);
insert into notes_details values ('2011-2012', 'SEM-6', 'Dreux Legrand', 'LCI-2', 11.32, 2.67, 'A', 3, 2);
insert into notes_details values ('2011-2012', 'SEM-6', 'Dreux Legrand', 'MAT-2', 11.32, 2.67, 'A', 2, 1);
insert into notes_details values ('2011-2012', 'SEM-6', 'Dreux Legrand', 'MCO-2', 11.32, 1.67, 'A', 0, 1);
insert into notes_details values ('2011-2012', 'SEM-6', 'Dreux Legrand', 'MCO-2', 11.32, 3.33, 'A', 2, 2);
insert into notes_details values ('2011-2012', 'SEM-6', 'Dreux Legrand', 'MGP-2', 11.32, 1.33, 'A', 0, 1);
insert into notes_details values ('2011-2012', 'SEM-6', 'Dreux Legrand', 'MGP-2', 11.32, 3.33, 'A', 4, 2);
insert into notes_details values ('2011-2012', 'SEM-6', 'Dreux Legrand', 'PHS-2', 11.32, 3.33, 'A', 2, 1);
insert into notes_details values ('2011-2012', 'SEM-6', 'Dreux Legrand', 'PJT-2', 11.32, 1.0, 'A', 0, 1);
insert into notes_details values ('2011-2012', 'SEM-6', 'Dreux Legrand', 'PJT-2', 11.32, 3.0, 'A', 1, 2);
insert into notes_details values ('2011-2012', 'SEM-6', 'Dreux Legrand', 'RMS-2', 11.32, 2.33, 'A', 0, 1);
insert into notes_details values ('2011-2012', 'SEM-6', 'Dreux Legrand', 'RMS-2', 11.32, 4.0, 'A', 4, 2);
insert into notes_details values ('2011-2012', 'SEM-6', 'Dreux Legrand', 'STG-2', 11.32, 4.0, 'A', 2, 1);
insert into notes_details values ('2011-2012', 'SEM-6', 'Dreux Legrand', 'THS-2', 11.32, 4.0, 'A', 3, 1);
insert into notes_details values ('2012-2013', 'SEM-7', 'Dreux Legrand', 'ASL-3', 11.32, 2.0, 'A', 0, 1);
insert into notes_details values ('2012-2013', 'SEM-7', 'Dreux Legrand', 'ASL-3', 11.32, 3.33, 'A', 2, 2);
insert into notes_details values ('2012-2013', 'SEM-7', 'Dreux Legrand', 'DPP-3', 11.32, 1.33, 'A', 0, 1);
insert into notes_details values ('2012-2013', 'SEM-7', 'Dreux Legrand', 'DPP-3', 11.32, 4.0, 'A', 2, 2);
insert into notes_details values ('2012-2013', 'SEM-7', 'Dreux Legrand', 'EAO-31', 11.32, 1.33, 'A', 0, 1);
insert into notes_details values ('2012-2013', 'SEM-7', 'Dreux Legrand', 'EAO-31', 11.32, 2.33, 'A', 0, 2);
insert into contentieux values ('2012-2013', 'SEM-7', 'Dreux Legrand', 'EAO-31');
insert into notes_details values ('2012-2013', 'SEM-7', 'Dreux Legrand', 'EAO-32', 11.32, 3.67, 'A', 2, 1);
insert into notes_details values ('2012-2013', 'SEM-7', 'Dreux Legrand', 'EAO-33', 11.32, 2.33, 'A', 0, 1);
insert into notes_details values ('2012-2013', 'SEM-7', 'Dreux Legrand', 'EAO-33', 11.32, 4.0, 'A', 2, 2);
insert into notes_details values ('2012-2013', 'SEM-7', 'Dreux Legrand', 'EAO-34', 11.32, 3.67, 'A', 2, 1);
insert into notes_details values ('2012-2013', 'SEM-7', 'Dreux Legrand', 'EAO-35', 11.32, 4.0, 'A', 2, 1);
insert into notes_details values ('2012-2013', 'SEM-7', 'Dreux Legrand', 'LCI-3', 11.32, 1.0, 'A', 0, 1);
insert into notes_details values ('2012-2013', 'SEM-7', 'Dreux Legrand', 'LCI-3', 11.32, 1.0, 'A', 3, 99);
insert into notes_details values ('2012-2013', 'SEM-7', 'Dreux Legrand', 'MAT-3', 11.32, 1.33, 'A', 0, 1);
insert into notes_details values ('2012-2013', 'SEM-7', 'Dreux Legrand', 'MAT-3', 11.32, 3.0, 'A', 3, 2);
insert into notes_details values ('2012-2013', 'SEM-7', 'Dreux Legrand', 'MNG-3', 11.32, 1.33, 'A', 0, 1);
insert into notes_details values ('2012-2013', 'SEM-7', 'Dreux Legrand', 'MNG-3', 11.32, 3.0, 'A', 3, 2);
insert into notes_details values ('2012-2013', 'SEM-7', 'Dreux Legrand', 'PJT-3', 11.32, 1.33, 'A', 0, 1);
insert into notes_details values ('2012-2013', 'SEM-7', 'Dreux Legrand', 'PJT-3', 11.32, 2.0, 'A', 0, 2);
insert into contentieux values ('2012-2013', 'SEM-7', 'Dreux Legrand', 'PJT-3');
insert into notes_details values ('2012-2013', 'SEM-7', 'Dreux Legrand', 'STD-3', 11.32, 1.33, 'A', 0, 1);
insert into notes_details values ('2012-2013', 'SEM-7', 'Dreux Legrand', 'STD-3', 11.32, 2.0, 'A', 2, 99);
insert into gpa values ('2011-2012', 'SEM-5', 'Dreux Legrand', 3.53);
insert into gpa values ('2011-2012', 'SEM-6', 'Dreux Legrand', 3.04);
insert into gpa values ('2012-2013', 'SEM-7', 'Dreux Legrand', 3.53);
insert into eleves values ('Searlas Bourgeau', 1, 'S', 'Tres bien', 'MP', 'MP', 'sbourgeau');
insert into notes_details values ('2011-2012', 'SEM-5', 'Searlas Bourgeau', 'ALG-1', 11.32, 1.67, 'A', 0, 1);
insert into notes_details values ('2011-2012', 'SEM-5', 'Searlas Bourgeau', 'ALG-1', 11.32, 3.33, 'A', 3, 2);
insert into notes_details values ('2011-2012', 'SEM-5', 'Searlas Bourgeau', 'DPP-1', 11.32, 3.67, 'A', 2, 1);
insert into notes_details values ('2011-2012', 'SEM-5', 'Searlas Bourgeau', 'ELE-1', 11.32, 1.67, 'A', 0, 1);
insert into notes_details values ('2011-2012', 'SEM-5', 'Searlas Bourgeau', 'ELE-1', 11.32, 3.67, 'A', 3, 2);
insert into notes_details values ('2011-2012', 'SEM-5', 'Searlas Bourgeau', 'INP-1', 11.32, 3.33, 'A', 3, 1);
insert into notes_details values ('2011-2012', 'SEM-5', 'Searlas Bourgeau', 'LCI-1', 11.32, 3.67, 'A', 3, 1);
insert into notes_details values ('2011-2012', 'SEM-5', 'Searlas Bourgeau', 'MAT-1', 11.32, 1.67, 'A', 0, 1);
insert into notes_details values ('2011-2012', 'SEM-5', 'Searlas Bourgeau', 'MAT-1', 11.32, 4.0, 'A', 3, 2);
insert into notes_details values ('2011-2012', 'SEM-5', 'Searlas Bourgeau', 'MGP-1', 11.32, 1.0, 'A', 0, 1);
insert into notes_details values ('2011-2012', 'SEM-5', 'Searlas Bourgeau', 'MGP-1', 11.32, 2.67, 'A', 4, 2);
insert into notes_details values ('2011-2012', 'SEM-5', 'Searlas Bourgeau', 'PHO-1', 11.32, 1.33, 'A', 0, 1);
insert into notes_details values ('2011-2012', 'SEM-5', 'Searlas Bourgeau', 'PHO-1', 11.32, 2.0, 'A', 3, 99);
insert into notes_details values ('2011-2012', 'SEM-5', 'Searlas Bourgeau', 'PHQ-1', 11.32, 2.67, 'A', 3, 1);
insert into notes_details values ('2011-2012', 'SEM-5', 'Searlas Bourgeau', 'SPM-1', 11.32, 2.0, 'A', 0, 1);
insert into notes_details values ('2011-2012', 'SEM-5', 'Searlas Bourgeau', 'SPM-1', 11.32, 3.33, 'A', 3, 2);
insert into notes_details values ('2011-2012', 'SEM-6', 'Searlas Bourgeau', 'DPP-2', 11.32, 3.33, 'A', 1, 1);
insert into notes_details values ('2011-2012', 'SEM-6', 'Searlas Bourgeau', 'EAO-2', 11.32, 1.0, 'A', 0, 1);
insert into notes_details values ('2011-2012', 'SEM-6', 'Searlas Bourgeau', 'EAO-2', 11.32, 3.33, 'A', 3, 2);
insert into notes_details values ('2011-2012', 'SEM-6', 'Searlas Bourgeau', 'ECO-2', 11.32, 2.33, 'A', 0, 1);
insert into notes_details values ('2011-2012', 'SEM-6', 'Searlas Bourgeau', 'ECO-2', 11.32, 3.33, 'A', 3, 2);
insert into notes_details values ('2011-2012', 'SEM-6', 'Searlas Bourgeau', 'LCI-2', 11.32, 3.67, 'A', 3, 1);
insert into notes_details values ('2011-2012', 'SEM-6', 'Searlas Bourgeau', 'MAT-2', 11.32, 4.0, 'A', 2, 1);
insert into notes_details values ('2011-2012', 'SEM-6', 'Searlas Bourgeau', 'MCO-2', 11.32, 4.0, 'A', 2, 1);
insert into notes_details values ('2011-2012', 'SEM-6', 'Searlas Bourgeau', 'MGP-2', 11.32, 1.0, 'A', 0, 1);
insert into notes_details values ('2011-2012', 'SEM-6', 'Searlas Bourgeau', 'MGP-2', 11.32, 3.0, 'A', 4, 2);
insert into notes_details values ('2011-2012', 'SEM-6', 'Searlas Bourgeau', 'PHS-2', 11.32, 3.33, 'A', 2, 1);
insert into notes_details values ('2011-2012', 'SEM-6', 'Searlas Bourgeau', 'PJT-2', 11.32, 3.67, 'A', 1, 1);
insert into notes_details values ('2011-2012', 'SEM-6', 'Searlas Bourgeau', 'RMS-2', 11.32, 3.0, 'A', 4, 1);
insert into notes_details values ('2011-2012', 'SEM-6', 'Searlas Bourgeau', 'STG-2', 11.32, 1.67, 'A', 0, 1);
insert into notes_details values ('2011-2012', 'SEM-6', 'Searlas Bourgeau', 'STG-2', 11.32, 4.0, 'A', 2, 2);
insert into notes_details values ('2011-2012', 'SEM-6', 'Searlas Bourgeau', 'THS-2', 11.32, 2.67, 'A', 3, 1);
insert into notes_details values ('2012-2013', 'SEM-7', 'Searlas Bourgeau', 'ASL-3', 11.32, 4.0, 'A', 2, 1);
insert into notes_details values ('2012-2013', 'SEM-7', 'Searlas Bourgeau', 'DPP-3', 11.32, 4.0, 'A', 2, 1);
insert into notes_details values ('2012-2013', 'SEM-7', 'Searlas Bourgeau', 'EAO-31', 11.32, 2.33, 'A', 0, 1);
insert into notes_details values ('2012-2013', 'SEM-7', 'Searlas Bourgeau', 'EAO-31', 11.32, 2.33, 'A', 0, 2);
insert into contentieux values ('2012-2013', 'SEM-7', 'Searlas Bourgeau', 'EAO-31');
insert into notes_details values ('2012-2013', 'SEM-7', 'Searlas Bourgeau', 'EAO-32', 11.32, 2.0, 'A', 0, 1);
insert into notes_details values ('2012-2013', 'SEM-7', 'Searlas Bourgeau', 'EAO-32', 11.32, 2.0, 'A', 0, 2);
insert into contentieux values ('2012-2013', 'SEM-7', 'Searlas Bourgeau', 'EAO-32');
insert into notes_details values ('2012-2013', 'SEM-7', 'Searlas Bourgeau', 'EAO-33', 11.32, 1.67, 'A', 0, 1);
insert into notes_details values ('2012-2013', 'SEM-7', 'Searlas Bourgeau', 'EAO-33', 11.32, 1.0, 'A', 0, 2);
insert into contentieux values ('2012-2013', 'SEM-7', 'Searlas Bourgeau', 'EAO-33');
insert into notes_details values ('2012-2013', 'SEM-7', 'Searlas Bourgeau', 'EAO-34', 11.32, 1.33, 'A', 0, 1);
insert into notes_details values ('2012-2013', 'SEM-7', 'Searlas Bourgeau', 'EAO-34', 11.32, 3.0, 'A', 2, 2);
insert into notes_details values ('2012-2013', 'SEM-7', 'Searlas Bourgeau', 'EAO-35', 11.32, 2.0, 'A', 0, 1);
insert into notes_details values ('2012-2013', 'SEM-7', 'Searlas Bourgeau', 'EAO-35', 11.32, 1.33, 'A', 2, 99);
insert into notes_details values ('2012-2013', 'SEM-7', 'Searlas Bourgeau', 'LCI-3', 11.32, 1.33, 'A', 0, 1);
insert into notes_details values ('2012-2013', 'SEM-7', 'Searlas Bourgeau', 'LCI-3', 11.32, 3.67, 'A', 3, 2);
insert into notes_details values ('2012-2013', 'SEM-7', 'Searlas Bourgeau', 'MAT-3', 11.32, 3.67, 'A', 3, 1);
insert into notes_details values ('2012-2013', 'SEM-7', 'Searlas Bourgeau', 'MNG-3', 11.32, 2.0, 'A', 0, 1);
insert into notes_details values ('2012-2013', 'SEM-7', 'Searlas Bourgeau', 'MNG-3', 11.32, 2.67, 'A', 3, 2);
insert into notes_details values ('2012-2013', 'SEM-7', 'Searlas Bourgeau', 'PJT-3', 11.32, 2.67, 'A', 5, 1);
insert into notes_details values ('2012-2013', 'SEM-7', 'Searlas Bourgeau', 'STD-3', 11.32, 2.33, 'A', 0, 1);
insert into notes_details values ('2012-2013', 'SEM-7', 'Searlas Bourgeau', 'STD-3', 11.32, 2.0, 'A', 2, 99);
insert into gpa values ('2011-2012', 'SEM-5', 'Searlas Bourgeau', 3.73);
insert into gpa values ('2011-2012', 'SEM-6', 'Searlas Bourgeau', 3.63);
insert into gpa values ('2012-2013', 'SEM-7', 'Searlas Bourgeau', 2.1);
insert into eleves values ('Robert Zico', 1, 'S', 'Tres bien', 'MP', 'MP', 'rzico');
insert into notes_details values ('2011-2012', 'SEM-5', 'Robert Zico', 'ALG-1', 11.32, 1.0, 'A', 0, 1);
insert into notes_details values ('2011-2012', 'SEM-5', 'Robert Zico', 'ALG-1', 11.32, 3.33, 'A', 3, 2);
insert into notes_details values ('2011-2012', 'SEM-5', 'Robert Zico', 'DPP-1', 11.32, 2.0, 'A', 0, 1);
insert into notes_details values ('2011-2012', 'SEM-5', 'Robert Zico', 'DPP-1', 11.32, 1.0, 'A', 2, 99);
insert into notes_details values ('2011-2012', 'SEM-5', 'Robert Zico', 'ELE-1', 11.32, 2.0, 'A', 0, 1);
insert into notes_details values ('2011-2012', 'SEM-5', 'Robert Zico', 'ELE-1', 11.32, 1.33, 'A', 3, 99);
insert into notes_details values ('2011-2012', 'SEM-5', 'Robert Zico', 'INP-1', 11.32, 1.33, 'A', 0, 1);
insert into notes_details values ('2011-2012', 'SEM-5', 'Robert Zico', 'INP-1', 11.32, 1.67, 'A', 3, 99);
insert into notes_details values ('2011-2012', 'SEM-5', 'Robert Zico', 'LCI-1', 11.32, 2.0, 'A', 0, 1);
insert into notes_details values ('2011-2012', 'SEM-5', 'Robert Zico', 'LCI-1', 11.32, 4.0, 'A', 3, 2);
insert into notes_details values ('2011-2012', 'SEM-5', 'Robert Zico', 'MAT-1', 11.32, 1.0, 'A', 0, 1);
insert into notes_details values ('2011-2012', 'SEM-5', 'Robert Zico', 'MAT-1', 11.32, 3.33, 'A', 3, 2);
insert into notes_details values ('2011-2012', 'SEM-5', 'Robert Zico', 'MGP-1', 11.32, 2.0, 'A', 0, 1);
insert into notes_details values ('2011-2012', 'SEM-5', 'Robert Zico', 'MGP-1', 11.32, 3.67, 'A', 4, 2);
insert into notes_details values ('2011-2012', 'SEM-5', 'Robert Zico', 'PHO-1', 11.32, 3.0, 'A', 3, 1);
insert into notes_details values ('2011-2012', 'SEM-5', 'Robert Zico', 'PHQ-1', 11.32, 1.33, 'A', 0, 1);
insert into notes_details values ('2011-2012', 'SEM-5', 'Robert Zico', 'PHQ-1', 11.32, 3.67, 'A', 3, 2);
insert into notes_details values ('2011-2012', 'SEM-5', 'Robert Zico', 'SPM-1', 11.32, 3.67, 'A', 3, 1);
insert into notes_details values ('2011-2012', 'SEM-6', 'Robert Zico', 'DPP-2', 11.32, 2.33, 'A', 0, 1);
insert into notes_details values ('2011-2012', 'SEM-6', 'Robert Zico', 'DPP-2', 11.32, 2.67, 'A', 1, 2);
insert into notes_details values ('2011-2012', 'SEM-6', 'Robert Zico', 'EAO-2', 11.32, 1.0, 'A', 0, 1);
insert into notes_details values ('2011-2012', 'SEM-6', 'Robert Zico', 'EAO-2', 11.32, 3.33, 'A', 3, 2);
insert into notes_details values ('2011-2012', 'SEM-6', 'Robert Zico', 'ECO-2', 11.32, 1.33, 'A', 0, 1);
insert into notes_details values ('2011-2012', 'SEM-6', 'Robert Zico', 'ECO-2', 11.32, 1.33, 'A', 3, 99);
insert into notes_details values ('2011-2012', 'SEM-6', 'Robert Zico', 'LCI-2', 11.32, 3.0, 'A', 3, 1);
insert into notes_details values ('2011-2012', 'SEM-6', 'Robert Zico', 'MAT-2', 11.32, 2.33, 'A', 0, 1);
insert into notes_details values ('2011-2012', 'SEM-6', 'Robert Zico', 'MAT-2', 11.32, 4.0, 'A', 2, 2);
insert into notes_details values ('2011-2012', 'SEM-6', 'Robert Zico', 'MCO-2', 11.32, 3.33, 'A', 2, 1);
insert into notes_details values ('2011-2012', 'SEM-6', 'Robert Zico', 'MGP-2', 11.32, 2.0, 'A', 0, 1);
insert into notes_details values ('2011-2012', 'SEM-6', 'Robert Zico', 'MGP-2', 11.32, 2.67, 'A', 4, 2);
insert into notes_details values ('2011-2012', 'SEM-6', 'Robert Zico', 'PHS-2', 11.32, 1.0, 'A', 0, 1);
insert into notes_details values ('2011-2012', 'SEM-6', 'Robert Zico', 'PHS-2', 11.32, 2.67, 'A', 2, 2);
insert into notes_details values ('2011-2012', 'SEM-6', 'Robert Zico', 'PJT-2', 11.32, 2.0, 'A', 0, 1);
insert into notes_details values ('2011-2012', 'SEM-6', 'Robert Zico', 'PJT-2', 11.32, 3.0, 'A', 1, 2);
insert into notes_details values ('2011-2012', 'SEM-6', 'Robert Zico', 'RMS-2', 11.32, 2.0, 'A', 0, 1);
insert into notes_details values ('2011-2012', 'SEM-6', 'Robert Zico', 'RMS-2', 11.32, 3.67, 'A', 4, 2);
insert into notes_details values ('2011-2012', 'SEM-6', 'Robert Zico', 'STG-2', 11.32, 2.0, 'A', 0, 1);
insert into notes_details values ('2011-2012', 'SEM-6', 'Robert Zico', 'STG-2', 11.32, 2.0, 'A', 2, 99);
insert into notes_details values ('2011-2012', 'SEM-6', 'Robert Zico', 'THS-2', 11.32, 3.0, 'A', 3, 1);
insert into notes_details values ('2012-2013', 'SEM-7', 'Robert Zico', 'ASL-3', 11.32, 2.0, 'A', 0, 1);
insert into notes_details values ('2012-2013', 'SEM-7', 'Robert Zico', 'ASL-3', 11.32, 3.67, 'A', 2, 2);
insert into notes_details values ('2012-2013', 'SEM-7', 'Robert Zico', 'DPP-3', 11.32, 2.33, 'A', 0, 1);
insert into notes_details values ('2012-2013', 'SEM-7', 'Robert Zico', 'DPP-3', 11.32, 2.33, 'A', 0, 2);
insert into contentieux values ('2012-2013', 'SEM-7', 'Robert Zico', 'DPP-3');
insert into notes_details values ('2012-2013', 'SEM-7', 'Robert Zico', 'EAO-31', 11.32, 3.0, 'A', 2, 1);
insert into notes_details values ('2012-2013', 'SEM-7', 'Robert Zico', 'EAO-32', 11.32, 3.33, 'A', 2, 1);
insert into notes_details values ('2012-2013', 'SEM-7', 'Robert Zico', 'EAO-33', 11.32, 3.0, 'A', 2, 1);
insert into notes_details values ('2012-2013', 'SEM-7', 'Robert Zico', 'EAO-34', 11.32, 2.33, 'A', 0, 1);
insert into notes_details values ('2012-2013', 'SEM-7', 'Robert Zico', 'EAO-34', 11.32, 1.0, 'A', 0, 2);
insert into contentieux values ('2012-2013', 'SEM-7', 'Robert Zico', 'EAO-34');
insert into notes_details values ('2012-2013', 'SEM-7', 'Robert Zico', 'EAO-35', 11.32, 1.0, 'A', 0, 1);
insert into notes_details values ('2012-2013', 'SEM-7', 'Robert Zico', 'EAO-35', 11.32, 1.33, 'A', 0, 2);
insert into contentieux values ('2012-2013', 'SEM-7', 'Robert Zico', 'EAO-35');
insert into notes_details values ('2012-2013', 'SEM-7', 'Robert Zico', 'LCI-3', 11.32, 1.33, 'A', 0, 1);
insert into notes_details values ('2012-2013', 'SEM-7', 'Robert Zico', 'LCI-3', 11.32, 3.0, 'A', 3, 2);
insert into notes_details values ('2012-2013', 'SEM-7', 'Robert Zico', 'MAT-3', 11.32, 3.0, 'A', 3, 1);
insert into notes_details values ('2012-2013', 'SEM-7', 'Robert Zico', 'MNG-3', 11.32, 1.67, 'A', 0, 1);
insert into notes_details values ('2012-2013', 'SEM-7', 'Robert Zico', 'MNG-3', 11.32, 1.0, 'A', 0, 2);
insert into contentieux values ('2012-2013', 'SEM-7', 'Robert Zico', 'MNG-3');
insert into notes_details values ('2012-2013', 'SEM-7', 'Robert Zico', 'PJT-3', 11.32, 4.0, 'A', 5, 1);
insert into notes_details values ('2012-2013', 'SEM-7', 'Robert Zico', 'STD-3', 11.32, 2.67, 'A', 2, 1);
insert into gpa values ('2011-2012', 'SEM-5', 'Robert Zico', 2.68);
insert into gpa values ('2011-2012', 'SEM-6', 'Robert Zico', 2.36);
insert into gpa values ('2012-2013', 'SEM-7', 'Robert Zico', 3.7);
insert into eleves values ('Huette Innocent', 1, 'S', 'Tres bien', 'MP', 'MP', 'hinnocent');
insert into notes_details values ('2011-2012', 'SEM-5', 'Huette Innocent', 'ALG-1', 11.32, 1.33, 'A', 0, 1);
insert into notes_details values ('2011-2012', 'SEM-5', 'Huette Innocent', 'ALG-1', 11.32, 3.0, 'A', 3, 2);
insert into notes_details values ('2011-2012', 'SEM-5', 'Huette Innocent', 'DPP-1', 11.32, 2.0, 'A', 0, 1);
insert into notes_details values ('2011-2012', 'SEM-5', 'Huette Innocent', 'DPP-1', 11.32, 1.67, 'A', 2, 99);
insert into notes_details values ('2011-2012', 'SEM-5', 'Huette Innocent', 'ELE-1', 11.32, 3.33, 'A', 3, 1);
insert into notes_details values ('2011-2012', 'SEM-5', 'Huette Innocent', 'INP-1', 11.32, 4.0, 'A', 3, 1);
insert into notes_details values ('2011-2012', 'SEM-5', 'Huette Innocent', 'LCI-1', 11.32, 1.0, 'A', 0, 1);
insert into notes_details values ('2011-2012', 'SEM-5', 'Huette Innocent', 'LCI-1', 11.32, 3.33, 'A', 3, 2);
insert into notes_details values ('2011-2012', 'SEM-5', 'Huette Innocent', 'MAT-1', 11.32, 4.0, 'A', 3, 1);
insert into notes_details values ('2011-2012', 'SEM-5', 'Huette Innocent', 'MGP-1', 11.32, 2.67, 'A', 4, 1);
insert into notes_details values ('2011-2012', 'SEM-5', 'Huette Innocent', 'PHO-1', 11.32, 3.0, 'A', 3, 1);
insert into notes_details values ('2011-2012', 'SEM-5', 'Huette Innocent', 'PHQ-1', 11.32, 1.67, 'A', 0, 1);
insert into notes_details values ('2011-2012', 'SEM-5', 'Huette Innocent', 'PHQ-1', 11.32, 2.67, 'A', 3, 2);
insert into notes_details values ('2011-2012', 'SEM-5', 'Huette Innocent', 'SPM-1', 11.32, 3.0, 'A', 3, 1);
insert into notes_details values ('2011-2012', 'SEM-6', 'Huette Innocent', 'DPP-2', 11.32, 1.0, 'A', 0, 1);
insert into notes_details values ('2011-2012', 'SEM-6', 'Huette Innocent', 'DPP-2', 11.32, 3.67, 'A', 1, 2);
insert into notes_details values ('2011-2012', 'SEM-6', 'Huette Innocent', 'EAO-2', 11.32, 1.0, 'A', 0, 1);
insert into notes_details values ('2011-2012', 'SEM-6', 'Huette Innocent', 'EAO-2', 11.32, 2.0, 'A', 3, 99);
insert into notes_details values ('2011-2012', 'SEM-6', 'Huette Innocent', 'ECO-2', 11.32, 3.67, 'A', 3, 1);
insert into notes_details values ('2011-2012', 'SEM-6', 'Huette Innocent', 'LCI-2', 11.32, 2.0, 'A', 0, 1);
insert into notes_details values ('2011-2012', 'SEM-6', 'Huette Innocent', 'LCI-2', 11.32, 3.67, 'A', 3, 2);
insert into notes_details values ('2011-2012', 'SEM-6', 'Huette Innocent', 'MAT-2', 11.32, 4.0, 'A', 2, 1);
insert into notes_details values ('2011-2012', 'SEM-6', 'Huette Innocent', 'MCO-2', 11.32, 1.67, 'A', 0, 1);
insert into notes_details values ('2011-2012', 'SEM-6', 'Huette Innocent', 'MCO-2', 11.32, 2.0, 'A', 2, 99);
insert into notes_details values ('2011-2012', 'SEM-6', 'Huette Innocent', 'MGP-2', 11.32, 2.0, 'A', 0, 1);
insert into notes_details values ('2011-2012', 'SEM-6', 'Huette Innocent', 'MGP-2', 11.32, 3.33, 'A', 4, 2);
insert into notes_details values ('2011-2012', 'SEM-6', 'Huette Innocent', 'PHS-2', 11.32, 2.67, 'A', 2, 1);
insert into notes_details values ('2011-2012', 'SEM-6', 'Huette Innocent', 'PJT-2', 11.32, 2.0, 'A', 0, 1);
insert into notes_details values ('2011-2012', 'SEM-6', 'Huette Innocent', 'PJT-2', 11.32, 3.0, 'A', 1, 2);
insert into notes_details values ('2011-2012', 'SEM-6', 'Huette Innocent', 'RMS-2', 11.32, 3.67, 'A', 4, 1);
insert into notes_details values ('2011-2012', 'SEM-6', 'Huette Innocent', 'STG-2', 11.32, 2.33, 'A', 0, 1);
insert into notes_details values ('2011-2012', 'SEM-6', 'Huette Innocent', 'STG-2', 11.32, 3.33, 'A', 2, 2);
insert into notes_details values ('2011-2012', 'SEM-6', 'Huette Innocent', 'THS-2', 11.32, 4.0, 'A', 3, 1);
insert into notes_details values ('2012-2013', 'SEM-7', 'Huette Innocent', 'ASL-3', 11.32, 2.33, 'A', 0, 1);
insert into notes_details values ('2012-2013', 'SEM-7', 'Huette Innocent', 'ASL-3', 11.32, 3.67, 'A', 2, 2);
insert into notes_details values ('2012-2013', 'SEM-7', 'Huette Innocent', 'DPP-3', 11.32, 1.33, 'A', 0, 1);
insert into notes_details values ('2012-2013', 'SEM-7', 'Huette Innocent', 'DPP-3', 11.32, 1.33, 'A', 0, 2);
insert into contentieux values ('2012-2013', 'SEM-7', 'Huette Innocent', 'DPP-3');
insert into notes_details values ('2012-2013', 'SEM-7', 'Huette Innocent', 'EAO-31', 11.32, 3.0, 'A', 2, 1);
insert into notes_details values ('2012-2013', 'SEM-7', 'Huette Innocent', 'EAO-32', 11.32, 2.0, 'A', 0, 1);
insert into notes_details values ('2012-2013', 'SEM-7', 'Huette Innocent', 'EAO-32', 11.32, 1.67, 'A', 2, 99);
insert into notes_details values ('2012-2013', 'SEM-7', 'Huette Innocent', 'EAO-33', 11.32, 2.67, 'A', 2, 1);
insert into notes_details values ('2012-2013', 'SEM-7', 'Huette Innocent', 'EAO-34', 11.32, 2.67, 'A', 2, 1);
insert into notes_details values ('2012-2013', 'SEM-7', 'Huette Innocent', 'EAO-35', 11.32, 2.67, 'A', 2, 1);
insert into notes_details values ('2012-2013', 'SEM-7', 'Huette Innocent', 'LCI-3', 11.32, 3.0, 'A', 3, 1);
insert into notes_details values ('2012-2013', 'SEM-7', 'Huette Innocent', 'MAT-3', 11.32, 2.0, 'A', 0, 1);
insert into notes_details values ('2012-2013', 'SEM-7', 'Huette Innocent', 'MAT-3', 11.32, 3.33, 'A', 3, 2);
insert into notes_details values ('2012-2013', 'SEM-7', 'Huette Innocent', 'MNG-3', 11.32, 3.0, 'A', 3, 1);
insert into notes_details values ('2012-2013', 'SEM-7', 'Huette Innocent', 'PJT-3', 11.32, 1.0, 'A', 0, 1);
insert into notes_details values ('2012-2013', 'SEM-7', 'Huette Innocent', 'PJT-3', 11.32, 2.67, 'A', 5, 2);
insert into notes_details values ('2012-2013', 'SEM-7', 'Huette Innocent', 'STD-3', 11.32, 1.67, 'A', 0, 1);
insert into notes_details values ('2012-2013', 'SEM-7', 'Huette Innocent', 'STD-3', 11.32, 4.0, 'A', 2, 2);
insert into gpa values ('2011-2012', 'SEM-5', 'Huette Innocent', 3.26);
insert into gpa values ('2011-2012', 'SEM-6', 'Huette Innocent', 3.73);
insert into gpa values ('2012-2013', 'SEM-7', 'Huette Innocent', 3.55);
insert into eleves values ('Franck Aucoin', 1, 'S', 'Tres bien', 'MP', 'MP', 'faucoin');
insert into notes_details values ('2011-2012', 'SEM-5', 'Franck Aucoin', 'ALG-1', 11.32, 3.67, 'A', 3, 1);
insert into notes_details values ('2011-2012', 'SEM-5', 'Franck Aucoin', 'DPP-1', 11.32, 2.0, 'A', 0, 1);
insert into notes_details values ('2011-2012', 'SEM-5', 'Franck Aucoin', 'DPP-1', 11.32, 2.67, 'A', 2, 2);
insert into notes_details values ('2011-2012', 'SEM-5', 'Franck Aucoin', 'ELE-1', 11.32, 2.0, 'A', 0, 1);
insert into notes_details values ('2011-2012', 'SEM-5', 'Franck Aucoin', 'ELE-1', 11.32, 3.33, 'A', 3, 2);
insert into notes_details values ('2011-2012', 'SEM-5', 'Franck Aucoin', 'INP-1', 11.32, 3.0, 'A', 3, 1);
insert into notes_details values ('2011-2012', 'SEM-5', 'Franck Aucoin', 'LCI-1', 11.32, 2.33, 'A', 0, 1);
insert into notes_details values ('2011-2012', 'SEM-5', 'Franck Aucoin', 'LCI-1', 11.32, 1.33, 'A', 3, 99);
insert into notes_details values ('2011-2012', 'SEM-5', 'Franck Aucoin', 'MAT-1', 11.32, 2.0, 'A', 0, 1);
insert into notes_details values ('2011-2012', 'SEM-5', 'Franck Aucoin', 'MAT-1', 11.32, 1.0, 'A', 3, 99);
insert into notes_details values ('2011-2012', 'SEM-5', 'Franck Aucoin', 'MGP-1', 11.32, 2.67, 'A', 4, 1);
insert into notes_details values ('2011-2012', 'SEM-5', 'Franck Aucoin', 'PHO-1', 11.32, 4.0, 'A', 3, 1);
insert into notes_details values ('2011-2012', 'SEM-5', 'Franck Aucoin', 'PHQ-1', 11.32, 1.33, 'A', 0, 1);
insert into notes_details values ('2011-2012', 'SEM-5', 'Franck Aucoin', 'PHQ-1', 11.32, 3.0, 'A', 3, 2);
insert into notes_details values ('2011-2012', 'SEM-5', 'Franck Aucoin', 'SPM-1', 11.32, 2.0, 'A', 0, 1);
insert into notes_details values ('2011-2012', 'SEM-5', 'Franck Aucoin', 'SPM-1', 11.32, 2.67, 'A', 3, 2);
insert into notes_details values ('2011-2012', 'SEM-6', 'Franck Aucoin', 'DPP-2', 11.32, 2.67, 'A', 1, 1);
insert into notes_details values ('2011-2012', 'SEM-6', 'Franck Aucoin', 'EAO-2', 11.32, 3.33, 'A', 3, 1);
insert into notes_details values ('2011-2012', 'SEM-6', 'Franck Aucoin', 'ECO-2', 11.32, 3.0, 'A', 3, 1);
insert into notes_details values ('2011-2012', 'SEM-6', 'Franck Aucoin', 'LCI-2', 11.32, 1.0, 'A', 0, 1);
insert into notes_details values ('2011-2012', 'SEM-6', 'Franck Aucoin', 'LCI-2', 11.32, 3.0, 'A', 3, 2);
insert into notes_details values ('2011-2012', 'SEM-6', 'Franck Aucoin', 'MAT-2', 11.32, 1.67, 'A', 0, 1);
insert into notes_details values ('2011-2012', 'SEM-6', 'Franck Aucoin', 'MAT-2', 11.32, 3.0, 'A', 2, 2);
insert into notes_details values ('2011-2012', 'SEM-6', 'Franck Aucoin', 'MCO-2', 11.32, 2.67, 'A', 2, 1);
insert into notes_details values ('2011-2012', 'SEM-6', 'Franck Aucoin', 'MGP-2', 11.32, 1.33, 'A', 0, 1);
insert into notes_details values ('2011-2012', 'SEM-6', 'Franck Aucoin', 'MGP-2', 11.32, 3.33, 'A', 4, 2);
insert into notes_details values ('2011-2012', 'SEM-6', 'Franck Aucoin', 'PHS-2', 11.32, 3.33, 'A', 2, 1);
insert into notes_details values ('2011-2012', 'SEM-6', 'Franck Aucoin', 'PJT-2', 11.32, 3.33, 'A', 1, 1);
insert into notes_details values ('2011-2012', 'SEM-6', 'Franck Aucoin', 'RMS-2', 11.32, 1.67, 'A', 0, 1);
insert into notes_details values ('2011-2012', 'SEM-6', 'Franck Aucoin', 'RMS-2', 11.32, 2.67, 'A', 4, 2);
insert into notes_details values ('2011-2012', 'SEM-6', 'Franck Aucoin', 'STG-2', 11.32, 2.67, 'A', 2, 1);
insert into notes_details values ('2011-2012', 'SEM-6', 'Franck Aucoin', 'THS-2', 11.32, 2.67, 'A', 3, 1);
insert into notes_details values ('2012-2013', 'SEM-7', 'Franck Aucoin', 'ASL-3', 11.32, 4.0, 'A', 2, 1);
insert into notes_details values ('2012-2013', 'SEM-7', 'Franck Aucoin', 'DPP-3', 11.32, 2.0, 'A', 0, 1);
insert into notes_details values ('2012-2013', 'SEM-7', 'Franck Aucoin', 'DPP-3', 11.32, 3.0, 'A', 2, 2);
insert into notes_details values ('2012-2013', 'SEM-7', 'Franck Aucoin', 'EAO-31', 11.32, 1.0, 'A', 0, 1);
insert into notes_details values ('2012-2013', 'SEM-7', 'Franck Aucoin', 'EAO-31', 11.32, 2.0, 'A', 0, 2);
insert into contentieux values ('2012-2013', 'SEM-7', 'Franck Aucoin', 'EAO-31');
insert into notes_details values ('2012-2013', 'SEM-7', 'Franck Aucoin', 'EAO-32', 11.32, 3.33, 'A', 2, 1);
insert into notes_details values ('2012-2013', 'SEM-7', 'Franck Aucoin', 'EAO-33', 11.32, 2.33, 'A', 0, 1);
insert into notes_details values ('2012-2013', 'SEM-7', 'Franck Aucoin', 'EAO-33', 11.32, 4.0, 'A', 2, 2);
insert into notes_details values ('2012-2013', 'SEM-7', 'Franck Aucoin', 'EAO-34', 11.32, 1.33, 'A', 0, 1);
insert into notes_details values ('2012-2013', 'SEM-7', 'Franck Aucoin', 'EAO-34', 11.32, 4.0, 'A', 2, 2);
insert into notes_details values ('2012-2013', 'SEM-7', 'Franck Aucoin', 'EAO-35', 11.32, 1.0, 'A', 0, 1);
insert into notes_details values ('2012-2013', 'SEM-7', 'Franck Aucoin', 'EAO-35', 11.32, 2.0, 'A', 0, 2);
insert into contentieux values ('2012-2013', 'SEM-7', 'Franck Aucoin', 'EAO-35');
insert into notes_details values ('2012-2013', 'SEM-7', 'Franck Aucoin', 'LCI-3', 11.32, 3.67, 'A', 3, 1);
insert into notes_details values ('2012-2013', 'SEM-7', 'Franck Aucoin', 'MAT-3', 11.32, 2.0, 'A', 0, 1);
insert into notes_details values ('2012-2013', 'SEM-7', 'Franck Aucoin', 'MAT-3', 11.32, 1.33, 'A', 0, 2);
insert into contentieux values ('2012-2013', 'SEM-7', 'Franck Aucoin', 'MAT-3');
insert into notes_details values ('2012-2013', 'SEM-7', 'Franck Aucoin', 'MNG-3', 11.32, 3.0, 'A', 3, 1);
insert into notes_details values ('2012-2013', 'SEM-7', 'Franck Aucoin', 'PJT-3', 11.32, 3.33, 'A', 5, 1);
insert into notes_details values ('2012-2013', 'SEM-7', 'Franck Aucoin', 'STD-3', 11.32, 1.33, 'A', 0, 1);
insert into notes_details values ('2012-2013', 'SEM-7', 'Franck Aucoin', 'STD-3', 11.32, 2.0, 'A', 0, 2);
insert into contentieux values ('2012-2013', 'SEM-7', 'Franck Aucoin', 'STD-3');
insert into gpa values ('2011-2012', 'SEM-5', 'Franck Aucoin', 2.48);
insert into gpa values ('2011-2012', 'SEM-6', 'Franck Aucoin', 2.43);
insert into gpa values ('2012-2013', 'SEM-7', 'Franck Aucoin', 3.99);
insert into eleves values ('Gaetan Butler', 1, 'S', 'Tres bien', 'MP', 'MP', 'gbutler');
insert into notes_details values ('2011-2012', 'SEM-5', 'Gaetan Butler', 'ALG-1', 11.32, 2.67, 'A', 3, 1);
insert into notes_details values ('2011-2012', 'SEM-5', 'Gaetan Butler', 'DPP-1', 11.32, 3.33, 'A', 2, 1);
insert into notes_details values ('2011-2012', 'SEM-5', 'Gaetan Butler', 'ELE-1', 11.32, 1.67, 'A', 0, 1);
insert into notes_details values ('2011-2012', 'SEM-5', 'Gaetan Butler', 'ELE-1', 11.32, 3.33, 'A', 3, 2);
insert into notes_details values ('2011-2012', 'SEM-5', 'Gaetan Butler', 'INP-1', 11.32, 1.67, 'A', 0, 1);
insert into notes_details values ('2011-2012', 'SEM-5', 'Gaetan Butler', 'INP-1', 11.32, 1.33, 'A', 3, 99);
insert into notes_details values ('2011-2012', 'SEM-5', 'Gaetan Butler', 'LCI-1', 11.32, 1.33, 'A', 0, 1);
insert into notes_details values ('2011-2012', 'SEM-5', 'Gaetan Butler', 'LCI-1', 11.32, 3.67, 'A', 3, 2);
insert into notes_details values ('2011-2012', 'SEM-5', 'Gaetan Butler', 'MAT-1', 11.32, 2.0, 'A', 0, 1);
insert into notes_details values ('2011-2012', 'SEM-5', 'Gaetan Butler', 'MAT-1', 11.32, 3.33, 'A', 3, 2);
insert into notes_details values ('2011-2012', 'SEM-5', 'Gaetan Butler', 'MGP-1', 11.32, 4.0, 'A', 4, 1);
insert into notes_details values ('2011-2012', 'SEM-5', 'Gaetan Butler', 'PHO-1', 11.32, 3.33, 'A', 3, 1);
insert into notes_details values ('2011-2012', 'SEM-5', 'Gaetan Butler', 'PHQ-1', 11.32, 3.33, 'A', 3, 1);
insert into notes_details values ('2011-2012', 'SEM-5', 'Gaetan Butler', 'SPM-1', 11.32, 2.33, 'A', 0, 1);
insert into notes_details values ('2011-2012', 'SEM-5', 'Gaetan Butler', 'SPM-1', 11.32, 1.33, 'A', 3, 99);
insert into notes_details values ('2011-2012', 'SEM-6', 'Gaetan Butler', 'DPP-2', 11.32, 3.67, 'A', 1, 1);
insert into notes_details values ('2011-2012', 'SEM-6', 'Gaetan Butler', 'EAO-2', 11.32, 2.0, 'A', 0, 1);
insert into notes_details values ('2011-2012', 'SEM-6', 'Gaetan Butler', 'EAO-2', 11.32, 3.33, 'A', 3, 2);
insert into notes_details values ('2011-2012', 'SEM-6', 'Gaetan Butler', 'ECO-2', 11.32, 4.0, 'A', 3, 1);
insert into notes_details values ('2011-2012', 'SEM-6', 'Gaetan Butler', 'LCI-2', 11.32, 1.33, 'A', 0, 1);
insert into notes_details values ('2011-2012', 'SEM-6', 'Gaetan Butler', 'LCI-2', 11.32, 4.0, 'A', 3, 2);
insert into notes_details values ('2011-2012', 'SEM-6', 'Gaetan Butler', 'MAT-2', 11.32, 1.0, 'A', 0, 1);
insert into notes_details values ('2011-2012', 'SEM-6', 'Gaetan Butler', 'MAT-2', 11.32, 1.67, 'A', 2, 99);
insert into notes_details values ('2011-2012', 'SEM-6', 'Gaetan Butler', 'MCO-2', 11.32, 2.33, 'A', 0, 1);
insert into notes_details values ('2011-2012', 'SEM-6', 'Gaetan Butler', 'MCO-2', 11.32, 3.33, 'A', 2, 2);
insert into notes_details values ('2011-2012', 'SEM-6', 'Gaetan Butler', 'MGP-2', 11.32, 2.33, 'A', 0, 1);
insert into notes_details values ('2011-2012', 'SEM-6', 'Gaetan Butler', 'MGP-2', 11.32, 4.0, 'A', 4, 2);
insert into notes_details values ('2011-2012', 'SEM-6', 'Gaetan Butler', 'PHS-2', 11.32, 4.0, 'A', 2, 1);
insert into notes_details values ('2011-2012', 'SEM-6', 'Gaetan Butler', 'PJT-2', 11.32, 3.33, 'A', 1, 1);
insert into notes_details values ('2011-2012', 'SEM-6', 'Gaetan Butler', 'RMS-2', 11.32, 4.0, 'A', 4, 1);
insert into notes_details values ('2011-2012', 'SEM-6', 'Gaetan Butler', 'STG-2', 11.32, 4.0, 'A', 2, 1);
insert into notes_details values ('2011-2012', 'SEM-6', 'Gaetan Butler', 'THS-2', 11.32, 2.0, 'A', 0, 1);
insert into notes_details values ('2011-2012', 'SEM-6', 'Gaetan Butler', 'THS-2', 11.32, 2.67, 'A', 3, 2);
insert into notes_details values ('2012-2013', 'SEM-7', 'Gaetan Butler', 'ASL-3', 11.32, 3.33, 'A', 2, 1);
insert into notes_details values ('2012-2013', 'SEM-7', 'Gaetan Butler', 'DPP-3', 11.32, 2.33, 'A', 0, 1);
insert into notes_details values ('2012-2013', 'SEM-7', 'Gaetan Butler', 'DPP-3', 11.32, 3.33, 'A', 2, 2);
insert into notes_details values ('2012-2013', 'SEM-7', 'Gaetan Butler', 'EAO-31', 11.32, 3.33, 'A', 2, 1);
insert into notes_details values ('2012-2013', 'SEM-7', 'Gaetan Butler', 'EAO-32', 11.32, 3.67, 'A', 2, 1);
insert into notes_details values ('2012-2013', 'SEM-7', 'Gaetan Butler', 'EAO-33', 11.32, 1.33, 'A', 0, 1);
insert into notes_details values ('2012-2013', 'SEM-7', 'Gaetan Butler', 'EAO-33', 11.32, 1.33, 'A', 0, 2);
insert into contentieux values ('2012-2013', 'SEM-7', 'Gaetan Butler', 'EAO-33');
insert into notes_details values ('2012-2013', 'SEM-7', 'Gaetan Butler', 'EAO-34', 11.32, 2.0, 'A', 0, 1);
insert into notes_details values ('2012-2013', 'SEM-7', 'Gaetan Butler', 'EAO-34', 11.32, 1.0, 'A', 0, 2);
insert into contentieux values ('2012-2013', 'SEM-7', 'Gaetan Butler', 'EAO-34');
insert into notes_details values ('2012-2013', 'SEM-7', 'Gaetan Butler', 'EAO-35', 11.32, 1.33, 'A', 0, 1);
insert into notes_details values ('2012-2013', 'SEM-7', 'Gaetan Butler', 'EAO-35', 11.32, 3.33, 'A', 2, 2);
insert into notes_details values ('2012-2013', 'SEM-7', 'Gaetan Butler', 'LCI-3', 11.32, 1.0, 'A', 0, 1);
insert into notes_details values ('2012-2013', 'SEM-7', 'Gaetan Butler', 'LCI-3', 11.32, 3.67, 'A', 3, 2);
insert into notes_details values ('2012-2013', 'SEM-7', 'Gaetan Butler', 'MAT-3', 11.32, 2.33, 'A', 0, 1);
insert into notes_details values ('2012-2013', 'SEM-7', 'Gaetan Butler', 'MAT-3', 11.32, 2.0, 'A', 0, 2);
insert into contentieux values ('2012-2013', 'SEM-7', 'Gaetan Butler', 'MAT-3');
insert into notes_details values ('2012-2013', 'SEM-7', 'Gaetan Butler', 'MNG-3', 11.32, 3.67, 'A', 3, 1);
insert into notes_details values ('2012-2013', 'SEM-7', 'Gaetan Butler', 'PJT-3', 11.32, 1.0, 'A', 0, 1);
insert into notes_details values ('2012-2013', 'SEM-7', 'Gaetan Butler', 'PJT-3', 11.32, 1.0, 'A', 5, 99);
insert into notes_details values ('2012-2013', 'SEM-7', 'Gaetan Butler', 'STD-3', 11.32, 1.67, 'A', 0, 1);
insert into notes_details values ('2012-2013', 'SEM-7', 'Gaetan Butler', 'STD-3', 11.32, 4.0, 'A', 2, 2);
insert into gpa values ('2011-2012', 'SEM-5', 'Gaetan Butler', 3.46);
insert into gpa values ('2011-2012', 'SEM-6', 'Gaetan Butler', 2.88);
insert into gpa values ('2012-2013', 'SEM-7', 'Gaetan Butler', 2.45);
insert into eleves values ('Angele Gingras', 1, 'S', 'Tres bien', 'MP', 'MP', 'agingras');
insert into notes_details values ('2011-2012', 'SEM-5', 'Angele Gingras', 'ALG-1', 11.32, 2.0, 'A', 0, 1);
insert into notes_details values ('2011-2012', 'SEM-5', 'Angele Gingras', 'ALG-1', 11.32, 3.67, 'A', 3, 2);
insert into notes_details values ('2011-2012', 'SEM-5', 'Angele Gingras', 'DPP-1', 11.32, 3.33, 'A', 2, 1);
insert into notes_details values ('2011-2012', 'SEM-5', 'Angele Gingras', 'ELE-1', 11.32, 2.0, 'A', 0, 1);
insert into notes_details values ('2011-2012', 'SEM-5', 'Angele Gingras', 'ELE-1', 11.32, 4.0, 'A', 3, 2);
insert into notes_details values ('2011-2012', 'SEM-5', 'Angele Gingras', 'INP-1', 11.32, 4.0, 'A', 3, 1);
insert into notes_details values ('2011-2012', 'SEM-5', 'Angele Gingras', 'LCI-1', 11.32, 2.33, 'A', 0, 1);
insert into notes_details values ('2011-2012', 'SEM-5', 'Angele Gingras', 'LCI-1', 11.32, 2.33, 'A', 3, 99);
insert into notes_details values ('2011-2012', 'SEM-5', 'Angele Gingras', 'MAT-1', 11.32, 2.0, 'A', 0, 1);
insert into notes_details values ('2011-2012', 'SEM-5', 'Angele Gingras', 'MAT-1', 11.32, 3.67, 'A', 3, 2);
insert into notes_details values ('2011-2012', 'SEM-5', 'Angele Gingras', 'MGP-1', 11.32, 3.33, 'A', 4, 1);
insert into notes_details values ('2011-2012', 'SEM-5', 'Angele Gingras', 'PHO-1', 11.32, 1.33, 'A', 0, 1);
insert into notes_details values ('2011-2012', 'SEM-5', 'Angele Gingras', 'PHO-1', 11.32, 3.33, 'A', 3, 2);
insert into notes_details values ('2011-2012', 'SEM-5', 'Angele Gingras', 'PHQ-1', 11.32, 1.0, 'A', 0, 1);
insert into notes_details values ('2011-2012', 'SEM-5', 'Angele Gingras', 'PHQ-1', 11.32, 3.33, 'A', 3, 2);
insert into notes_details values ('2011-2012', 'SEM-5', 'Angele Gingras', 'SPM-1', 11.32, 3.67, 'A', 3, 1);
insert into notes_details values ('2011-2012', 'SEM-6', 'Angele Gingras', 'DPP-2', 11.32, 3.0, 'A', 1, 1);
insert into notes_details values ('2011-2012', 'SEM-6', 'Angele Gingras', 'EAO-2', 11.32, 3.0, 'A', 3, 1);
insert into notes_details values ('2011-2012', 'SEM-6', 'Angele Gingras', 'ECO-2', 11.32, 1.67, 'A', 0, 1);
insert into notes_details values ('2011-2012', 'SEM-6', 'Angele Gingras', 'ECO-2', 11.32, 3.33, 'A', 3, 2);
insert into notes_details values ('2011-2012', 'SEM-6', 'Angele Gingras', 'LCI-2', 11.32, 1.67, 'A', 0, 1);
insert into notes_details values ('2011-2012', 'SEM-6', 'Angele Gingras', 'LCI-2', 11.32, 2.67, 'A', 3, 2);
insert into notes_details values ('2011-2012', 'SEM-6', 'Angele Gingras', 'MAT-2', 11.32, 1.67, 'A', 0, 1);
insert into notes_details values ('2011-2012', 'SEM-6', 'Angele Gingras', 'MAT-2', 11.32, 2.67, 'A', 2, 2);
insert into notes_details values ('2011-2012', 'SEM-6', 'Angele Gingras', 'MCO-2', 11.32, 3.67, 'A', 2, 1);
insert into notes_details values ('2011-2012', 'SEM-6', 'Angele Gingras', 'MGP-2', 11.32, 4.0, 'A', 4, 1);
insert into notes_details values ('2011-2012', 'SEM-6', 'Angele Gingras', 'PHS-2', 11.32, 3.33, 'A', 2, 1);
insert into notes_details values ('2011-2012', 'SEM-6', 'Angele Gingras', 'PJT-2', 11.32, 3.33, 'A', 1, 1);
insert into notes_details values ('2011-2012', 'SEM-6', 'Angele Gingras', 'RMS-2', 11.32, 4.0, 'A', 4, 1);
insert into notes_details values ('2011-2012', 'SEM-6', 'Angele Gingras', 'STG-2', 11.32, 3.67, 'A', 2, 1);
insert into notes_details values ('2011-2012', 'SEM-6', 'Angele Gingras', 'THS-2', 11.32, 2.33, 'A', 0, 1);
insert into notes_details values ('2011-2012', 'SEM-6', 'Angele Gingras', 'THS-2', 11.32, 3.0, 'A', 3, 2);
insert into notes_details values ('2012-2013', 'SEM-7', 'Angele Gingras', 'ASL-3', 11.32, 1.67, 'A', 0, 1);
insert into notes_details values ('2012-2013', 'SEM-7', 'Angele Gingras', 'ASL-3', 11.32, 4.0, 'A', 2, 2);
insert into notes_details values ('2012-2013', 'SEM-7', 'Angele Gingras', 'DPP-3', 11.32, 2.0, 'A', 0, 1);
insert into notes_details values ('2012-2013', 'SEM-7', 'Angele Gingras', 'DPP-3', 11.32, 2.67, 'A', 2, 2);
insert into notes_details values ('2012-2013', 'SEM-7', 'Angele Gingras', 'EAO-31', 11.32, 1.67, 'A', 0, 1);
insert into notes_details values ('2012-2013', 'SEM-7', 'Angele Gingras', 'EAO-31', 11.32, 1.0, 'A', 0, 2);
insert into contentieux values ('2012-2013', 'SEM-7', 'Angele Gingras', 'EAO-31');
insert into notes_details values ('2012-2013', 'SEM-7', 'Angele Gingras', 'EAO-32', 11.32, 4.0, 'A', 2, 1);
insert into notes_details values ('2012-2013', 'SEM-7', 'Angele Gingras', 'EAO-33', 11.32, 1.67, 'A', 0, 1);
insert into notes_details values ('2012-2013', 'SEM-7', 'Angele Gingras', 'EAO-33', 11.32, 2.67, 'A', 2, 2);
insert into notes_details values ('2012-2013', 'SEM-7', 'Angele Gingras', 'EAO-34', 11.32, 2.67, 'A', 2, 1);
insert into notes_details values ('2012-2013', 'SEM-7', 'Angele Gingras', 'EAO-35', 11.32, 1.0, 'A', 0, 1);
insert into notes_details values ('2012-2013', 'SEM-7', 'Angele Gingras', 'EAO-35', 11.32, 4.0, 'A', 2, 2);
insert into notes_details values ('2012-2013', 'SEM-7', 'Angele Gingras', 'LCI-3', 11.32, 1.0, 'A', 0, 1);
insert into notes_details values ('2012-2013', 'SEM-7', 'Angele Gingras', 'LCI-3', 11.32, 3.33, 'A', 3, 2);
insert into notes_details values ('2012-2013', 'SEM-7', 'Angele Gingras', 'MAT-3', 11.32, 3.0, 'A', 3, 1);
insert into notes_details values ('2012-2013', 'SEM-7', 'Angele Gingras', 'MNG-3', 11.32, 1.0, 'A', 0, 1);
insert into notes_details values ('2012-2013', 'SEM-7', 'Angele Gingras', 'MNG-3', 11.32, 2.33, 'A', 3, 99);
insert into notes_details values ('2012-2013', 'SEM-7', 'Angele Gingras', 'PJT-3', 11.32, 2.0, 'A', 0, 1);
insert into notes_details values ('2012-2013', 'SEM-7', 'Angele Gingras', 'PJT-3', 11.32, 3.33, 'A', 5, 2);
insert into notes_details values ('2012-2013', 'SEM-7', 'Angele Gingras', 'STD-3', 11.32, 2.33, 'A', 0, 1);
insert into notes_details values ('2012-2013', 'SEM-7', 'Angele Gingras', 'STD-3', 11.32, 1.33, 'A', 2, 99);
insert into gpa values ('2011-2012', 'SEM-5', 'Angele Gingras', 2.83);
insert into gpa values ('2011-2012', 'SEM-6', 'Angele Gingras', 2.92);
insert into gpa values ('2012-2013', 'SEM-7', 'Angele Gingras', 2.31);
insert into eleves values ('Merlin Giguere', 1, 'S', 'Tres bien', 'etranger', 'MP', 'mgiguere');
insert into notes_details values ('2011-2012', 'SEM-5', 'Merlin Giguere', 'ALG-1', 11.32, 3.67, 'A', 3, 1);
insert into notes_details values ('2011-2012', 'SEM-5', 'Merlin Giguere', 'DPP-1', 11.32, 3.67, 'A', 2, 1);
insert into notes_details values ('2011-2012', 'SEM-5', 'Merlin Giguere', 'ELE-1', 11.32, 2.33, 'A', 0, 1);
insert into notes_details values ('2011-2012', 'SEM-5', 'Merlin Giguere', 'ELE-1', 11.32, 3.67, 'A', 3, 2);
insert into notes_details values ('2011-2012', 'SEM-5', 'Merlin Giguere', 'INP-1', 11.32, 2.67, 'A', 3, 1);
insert into notes_details values ('2011-2012', 'SEM-5', 'Merlin Giguere', 'LCI-1', 11.32, 2.33, 'A', 0, 1);
insert into notes_details values ('2011-2012', 'SEM-5', 'Merlin Giguere', 'LCI-1', 11.32, 1.0, 'A', 3, 99);
insert into notes_details values ('2011-2012', 'SEM-5', 'Merlin Giguere', 'MAT-1', 11.32, 3.0, 'A', 3, 1);
insert into notes_details values ('2011-2012', 'SEM-5', 'Merlin Giguere', 'MGP-1', 11.32, 2.33, 'A', 0, 1);
insert into notes_details values ('2011-2012', 'SEM-5', 'Merlin Giguere', 'MGP-1', 11.32, 3.0, 'A', 4, 2);
insert into notes_details values ('2011-2012', 'SEM-5', 'Merlin Giguere', 'PHO-1', 11.32, 1.67, 'A', 0, 1);
insert into notes_details values ('2011-2012', 'SEM-5', 'Merlin Giguere', 'PHO-1', 11.32, 3.0, 'A', 3, 2);
insert into notes_details values ('2011-2012', 'SEM-5', 'Merlin Giguere', 'PHQ-1', 11.32, 4.0, 'A', 3, 1);
insert into notes_details values ('2011-2012', 'SEM-5', 'Merlin Giguere', 'SPM-1', 11.32, 3.67, 'A', 3, 1);
insert into notes_details values ('2011-2012', 'SEM-6', 'Merlin Giguere', 'DPP-2', 11.32, 1.0, 'A', 0, 1);
insert into notes_details values ('2011-2012', 'SEM-6', 'Merlin Giguere', 'DPP-2', 11.32, 3.33, 'A', 1, 2);
insert into notes_details values ('2011-2012', 'SEM-6', 'Merlin Giguere', 'EAO-2', 11.32, 3.0, 'A', 3, 1);
insert into notes_details values ('2011-2012', 'SEM-6', 'Merlin Giguere', 'ECO-2', 11.32, 3.67, 'A', 3, 1);
insert into notes_details values ('2011-2012', 'SEM-6', 'Merlin Giguere', 'LCI-2', 11.32, 4.0, 'A', 3, 1);
insert into notes_details values ('2011-2012', 'SEM-6', 'Merlin Giguere', 'MAT-2', 11.32, 4.0, 'A', 2, 1);
insert into notes_details values ('2011-2012', 'SEM-6', 'Merlin Giguere', 'MCO-2', 11.32, 1.33, 'A', 0, 1);
insert into notes_details values ('2011-2012', 'SEM-6', 'Merlin Giguere', 'MCO-2', 11.32, 2.67, 'A', 2, 2);
insert into notes_details values ('2011-2012', 'SEM-6', 'Merlin Giguere', 'MGP-2', 11.32, 3.33, 'A', 4, 1);
insert into notes_details values ('2011-2012', 'SEM-6', 'Merlin Giguere', 'PHS-2', 11.32, 3.67, 'A', 2, 1);
insert into notes_details values ('2011-2012', 'SEM-6', 'Merlin Giguere', 'PJT-2', 11.32, 1.67, 'A', 0, 1);
insert into notes_details values ('2011-2012', 'SEM-6', 'Merlin Giguere', 'PJT-2', 11.32, 1.0, 'A', 1, 99);
insert into notes_details values ('2011-2012', 'SEM-6', 'Merlin Giguere', 'RMS-2', 11.32, 3.67, 'A', 4, 1);
insert into notes_details values ('2011-2012', 'SEM-6', 'Merlin Giguere', 'STG-2', 11.32, 3.0, 'A', 2, 1);
insert into notes_details values ('2011-2012', 'SEM-6', 'Merlin Giguere', 'THS-2', 11.32, 2.0, 'A', 0, 1);
insert into notes_details values ('2011-2012', 'SEM-6', 'Merlin Giguere', 'THS-2', 11.32, 2.67, 'A', 3, 2);
insert into notes_details values ('2012-2013', 'SEM-7', 'Merlin Giguere', 'ASL-3', 11.32, 1.67, 'A', 0, 1);
insert into notes_details values ('2012-2013', 'SEM-7', 'Merlin Giguere', 'ASL-3', 11.32, 3.0, 'A', 2, 2);
insert into notes_details values ('2012-2013', 'SEM-7', 'Merlin Giguere', 'DPP-3', 11.32, 2.0, 'A', 0, 1);
insert into notes_details values ('2012-2013', 'SEM-7', 'Merlin Giguere', 'DPP-3', 11.32, 2.33, 'A', 0, 2);
insert into contentieux values ('2012-2013', 'SEM-7', 'Merlin Giguere', 'DPP-3');
insert into notes_details values ('2012-2013', 'SEM-7', 'Merlin Giguere', 'EAO-31', 11.32, 2.33, 'A', 0, 1);
insert into notes_details values ('2012-2013', 'SEM-7', 'Merlin Giguere', 'EAO-31', 11.32, 1.67, 'A', 2, 99);
insert into notes_details values ('2012-2013', 'SEM-7', 'Merlin Giguere', 'EAO-32', 11.32, 2.33, 'A', 0, 1);
insert into notes_details values ('2012-2013', 'SEM-7', 'Merlin Giguere', 'EAO-32', 11.32, 3.67, 'A', 2, 2);
insert into notes_details values ('2012-2013', 'SEM-7', 'Merlin Giguere', 'EAO-33', 11.32, 3.33, 'A', 2, 1);
insert into notes_details values ('2012-2013', 'SEM-7', 'Merlin Giguere', 'EAO-34', 11.32, 3.67, 'A', 2, 1);
insert into notes_details values ('2012-2013', 'SEM-7', 'Merlin Giguere', 'EAO-35', 11.32, 4.0, 'A', 2, 1);
insert into notes_details values ('2012-2013', 'SEM-7', 'Merlin Giguere', 'LCI-3', 11.32, 2.0, 'A', 0, 1);
insert into notes_details values ('2012-2013', 'SEM-7', 'Merlin Giguere', 'LCI-3', 11.32, 1.67, 'A', 0, 2);
insert into contentieux values ('2012-2013', 'SEM-7', 'Merlin Giguere', 'LCI-3');
insert into notes_details values ('2012-2013', 'SEM-7', 'Merlin Giguere', 'MAT-3', 11.32, 2.67, 'A', 3, 1);
insert into notes_details values ('2012-2013', 'SEM-7', 'Merlin Giguere', 'MNG-3', 11.32, 2.0, 'A', 0, 1);
insert into notes_details values ('2012-2013', 'SEM-7', 'Merlin Giguere', 'MNG-3', 11.32, 1.33, 'A', 3, 99);
insert into notes_details values ('2012-2013', 'SEM-7', 'Merlin Giguere', 'PJT-3', 11.32, 2.0, 'A', 0, 1);
insert into notes_details values ('2012-2013', 'SEM-7', 'Merlin Giguere', 'PJT-3', 11.32, 1.67, 'A', 0, 2);
insert into contentieux values ('2012-2013', 'SEM-7', 'Merlin Giguere', 'PJT-3');
insert into notes_details values ('2012-2013', 'SEM-7', 'Merlin Giguere', 'STD-3', 11.32, 3.67, 'A', 2, 1);
insert into gpa values ('2011-2012', 'SEM-5', 'Merlin Giguere', 3.47);
insert into gpa values ('2011-2012', 'SEM-6', 'Merlin Giguere', 2.09);
insert into gpa values ('2012-2013', 'SEM-7', 'Merlin Giguere', 3.86);
insert into eleves values ('Benoit Rummenigge', 1, 'S', 'Tres bien', 'etranger', 'MP', 'brummenigge');
insert into notes_details values ('2011-2012', 'SEM-5', 'Benoit Rummenigge', 'ALG-1', 11.32, 2.67, 'A', 3, 1);
insert into notes_details values ('2011-2012', 'SEM-5', 'Benoit Rummenigge', 'DPP-1', 11.32, 1.0, 'A', 0, 1);
insert into notes_details values ('2011-2012', 'SEM-5', 'Benoit Rummenigge', 'DPP-1', 11.32, 3.67, 'A', 2, 2);
insert into notes_details values ('2011-2012', 'SEM-5', 'Benoit Rummenigge', 'ELE-1', 11.32, 1.0, 'A', 0, 1);
insert into notes_details values ('2011-2012', 'SEM-5', 'Benoit Rummenigge', 'ELE-1', 11.32, 3.67, 'A', 3, 2);
insert into notes_details values ('2011-2012', 'SEM-5', 'Benoit Rummenigge', 'INP-1', 11.32, 1.33, 'A', 0, 1);
insert into notes_details values ('2011-2012', 'SEM-5', 'Benoit Rummenigge', 'INP-1', 11.32, 4.0, 'A', 3, 2);
insert into notes_details values ('2011-2012', 'SEM-5', 'Benoit Rummenigge', 'LCI-1', 11.32, 1.0, 'A', 0, 1);
insert into notes_details values ('2011-2012', 'SEM-5', 'Benoit Rummenigge', 'LCI-1', 11.32, 2.0, 'A', 3, 99);
insert into notes_details values ('2011-2012', 'SEM-5', 'Benoit Rummenigge', 'MAT-1', 11.32, 2.0, 'A', 0, 1);
insert into notes_details values ('2011-2012', 'SEM-5', 'Benoit Rummenigge', 'MAT-1', 11.32, 4.0, 'A', 3, 2);
insert into notes_details values ('2011-2012', 'SEM-5', 'Benoit Rummenigge', 'MGP-1', 11.32, 1.0, 'A', 0, 1);
insert into notes_details values ('2011-2012', 'SEM-5', 'Benoit Rummenigge', 'MGP-1', 11.32, 3.0, 'A', 4, 2);
insert into notes_details values ('2011-2012', 'SEM-5', 'Benoit Rummenigge', 'PHO-1', 11.32, 2.0, 'A', 0, 1);
insert into notes_details values ('2011-2012', 'SEM-5', 'Benoit Rummenigge', 'PHO-1', 11.32, 4.0, 'A', 3, 2);
insert into notes_details values ('2011-2012', 'SEM-5', 'Benoit Rummenigge', 'PHQ-1', 11.32, 2.67, 'A', 3, 1);
insert into notes_details values ('2011-2012', 'SEM-5', 'Benoit Rummenigge', 'SPM-1', 11.32, 1.67, 'A', 0, 1);
insert into notes_details values ('2011-2012', 'SEM-5', 'Benoit Rummenigge', 'SPM-1', 11.32, 1.33, 'A', 3, 99);
insert into notes_details values ('2011-2012', 'SEM-6', 'Benoit Rummenigge', 'DPP-2', 11.32, 3.0, 'A', 1, 1);
insert into notes_details values ('2011-2012', 'SEM-6', 'Benoit Rummenigge', 'EAO-2', 11.32, 3.0, 'A', 3, 1);
insert into notes_details values ('2011-2012', 'SEM-6', 'Benoit Rummenigge', 'ECO-2', 11.32, 1.0, 'A', 0, 1);
insert into notes_details values ('2011-2012', 'SEM-6', 'Benoit Rummenigge', 'ECO-2', 11.32, 4.0, 'A', 3, 2);
insert into notes_details values ('2011-2012', 'SEM-6', 'Benoit Rummenigge', 'LCI-2', 11.32, 2.0, 'A', 0, 1);
insert into notes_details values ('2011-2012', 'SEM-6', 'Benoit Rummenigge', 'LCI-2', 11.32, 3.67, 'A', 3, 2);
insert into notes_details values ('2011-2012', 'SEM-6', 'Benoit Rummenigge', 'MAT-2', 11.32, 2.33, 'A', 0, 1);
insert into notes_details values ('2011-2012', 'SEM-6', 'Benoit Rummenigge', 'MAT-2', 11.32, 1.33, 'A', 2, 99);
insert into notes_details values ('2011-2012', 'SEM-6', 'Benoit Rummenigge', 'MCO-2', 11.32, 3.67, 'A', 2, 1);
insert into notes_details values ('2011-2012', 'SEM-6', 'Benoit Rummenigge', 'MGP-2', 11.32, 1.67, 'A', 0, 1);
insert into notes_details values ('2011-2012', 'SEM-6', 'Benoit Rummenigge', 'MGP-2', 11.32, 3.0, 'A', 4, 2);
insert into notes_details values ('2011-2012', 'SEM-6', 'Benoit Rummenigge', 'PHS-2', 11.32, 3.0, 'A', 2, 1);
insert into notes_details values ('2011-2012', 'SEM-6', 'Benoit Rummenigge', 'PJT-2', 11.32, 3.33, 'A', 1, 1);
insert into notes_details values ('2011-2012', 'SEM-6', 'Benoit Rummenigge', 'RMS-2', 11.32, 2.33, 'A', 0, 1);
insert into notes_details values ('2011-2012', 'SEM-6', 'Benoit Rummenigge', 'RMS-2', 11.32, 3.0, 'A', 4, 2);
insert into notes_details values ('2011-2012', 'SEM-6', 'Benoit Rummenigge', 'STG-2', 11.32, 2.67, 'A', 2, 1);
insert into notes_details values ('2011-2012', 'SEM-6', 'Benoit Rummenigge', 'THS-2', 11.32, 3.33, 'A', 3, 1);
insert into notes_details values ('2012-2013', 'SEM-7', 'Benoit Rummenigge', 'ASL-3', 11.32, 1.0, 'A', 0, 1);
insert into notes_details values ('2012-2013', 'SEM-7', 'Benoit Rummenigge', 'ASL-3', 11.32, 3.67, 'A', 2, 2);
insert into notes_details values ('2012-2013', 'SEM-7', 'Benoit Rummenigge', 'DPP-3', 11.32, 1.0, 'A', 0, 1);
insert into notes_details values ('2012-2013', 'SEM-7', 'Benoit Rummenigge', 'DPP-3', 11.32, 1.33, 'A', 0, 2);
insert into contentieux values ('2012-2013', 'SEM-7', 'Benoit Rummenigge', 'DPP-3');
insert into notes_details values ('2012-2013', 'SEM-7', 'Benoit Rummenigge', 'EAO-31', 11.32, 2.33, 'A', 0, 1);
insert into notes_details values ('2012-2013', 'SEM-7', 'Benoit Rummenigge', 'EAO-31', 11.32, 1.33, 'A', 2, 99);
insert into notes_details values ('2012-2013', 'SEM-7', 'Benoit Rummenigge', 'EAO-32', 11.32, 2.67, 'A', 2, 1);
insert into notes_details values ('2012-2013', 'SEM-7', 'Benoit Rummenigge', 'EAO-33', 11.32, 1.67, 'A', 0, 1);
insert into notes_details values ('2012-2013', 'SEM-7', 'Benoit Rummenigge', 'EAO-33', 11.32, 1.67, 'A', 0, 2);
insert into contentieux values ('2012-2013', 'SEM-7', 'Benoit Rummenigge', 'EAO-33');
insert into notes_details values ('2012-2013', 'SEM-7', 'Benoit Rummenigge', 'EAO-34', 11.32, 3.67, 'A', 2, 1);
insert into notes_details values ('2012-2013', 'SEM-7', 'Benoit Rummenigge', 'EAO-35', 11.32, 2.33, 'A', 0, 1);
insert into notes_details values ('2012-2013', 'SEM-7', 'Benoit Rummenigge', 'EAO-35', 11.32, 3.67, 'A', 2, 2);
insert into notes_details values ('2012-2013', 'SEM-7', 'Benoit Rummenigge', 'LCI-3', 11.32, 3.67, 'A', 3, 1);
insert into notes_details values ('2012-2013', 'SEM-7', 'Benoit Rummenigge', 'MAT-3', 11.32, 1.33, 'A', 0, 1);
insert into notes_details values ('2012-2013', 'SEM-7', 'Benoit Rummenigge', 'MAT-3', 11.32, 1.67, 'A', 0, 2);
insert into contentieux values ('2012-2013', 'SEM-7', 'Benoit Rummenigge', 'MAT-3');
insert into notes_details values ('2012-2013', 'SEM-7', 'Benoit Rummenigge', 'MNG-3', 11.32, 3.0, 'A', 3, 1);
insert into notes_details values ('2012-2013', 'SEM-7', 'Benoit Rummenigge', 'PJT-3', 11.32, 4.0, 'A', 5, 1);
insert into notes_details values ('2012-2013', 'SEM-7', 'Benoit Rummenigge', 'STD-3', 11.32, 2.0, 'A', 0, 1);
insert into notes_details values ('2012-2013', 'SEM-7', 'Benoit Rummenigge', 'STD-3', 11.32, 2.0, 'A', 0, 2);
insert into contentieux values ('2012-2013', 'SEM-7', 'Benoit Rummenigge', 'STD-3');
insert into gpa values ('2011-2012', 'SEM-5', 'Benoit Rummenigge', 2.43);
insert into gpa values ('2011-2012', 'SEM-6', 'Benoit Rummenigge', 2.76);
insert into gpa values ('2012-2013', 'SEM-7', 'Benoit Rummenigge', 3.6);
insert into eleves values ('Laure Bertrand', 1, 'S', 'Tres bien', 'etranger', 'MP', 'lbertrand');
insert into notes_details values ('2011-2012', 'SEM-5', 'Laure Bertrand', 'ALG-1', 11.32, 2.67, 'A', 3, 1);
insert into notes_details values ('2011-2012', 'SEM-5', 'Laure Bertrand', 'DPP-1', 11.32, 3.33, 'A', 2, 1);
insert into notes_details values ('2011-2012', 'SEM-5', 'Laure Bertrand', 'ELE-1', 11.32, 4.0, 'A', 3, 1);
insert into notes_details values ('2011-2012', 'SEM-5', 'Laure Bertrand', 'INP-1', 11.32, 3.67, 'A', 3, 1);
insert into notes_details values ('2011-2012', 'SEM-5', 'Laure Bertrand', 'LCI-1', 11.32, 1.67, 'A', 0, 1);
insert into notes_details values ('2011-2012', 'SEM-5', 'Laure Bertrand', 'LCI-1', 11.32, 4.0, 'A', 3, 2);
insert into notes_details values ('2011-2012', 'SEM-5', 'Laure Bertrand', 'MAT-1', 11.32, 3.67, 'A', 3, 1);
insert into notes_details values ('2011-2012', 'SEM-5', 'Laure Bertrand', 'MGP-1', 11.32, 3.33, 'A', 4, 1);
insert into notes_details values ('2011-2012', 'SEM-5', 'Laure Bertrand', 'PHO-1', 11.32, 2.33, 'A', 0, 1);
insert into notes_details values ('2011-2012', 'SEM-5', 'Laure Bertrand', 'PHO-1', 11.32, 2.67, 'A', 3, 2);
insert into notes_details values ('2011-2012', 'SEM-5', 'Laure Bertrand', 'PHQ-1', 11.32, 4.0, 'A', 3, 1);
insert into notes_details values ('2011-2012', 'SEM-5', 'Laure Bertrand', 'SPM-1', 11.32, 4.0, 'A', 3, 1);
insert into notes_details values ('2011-2012', 'SEM-6', 'Laure Bertrand', 'DPP-2', 11.32, 1.0, 'A', 0, 1);
insert into notes_details values ('2011-2012', 'SEM-6', 'Laure Bertrand', 'DPP-2', 11.32, 3.0, 'A', 1, 2);
insert into notes_details values ('2011-2012', 'SEM-6', 'Laure Bertrand', 'EAO-2', 11.32, 1.33, 'A', 0, 1);
insert into notes_details values ('2011-2012', 'SEM-6', 'Laure Bertrand', 'EAO-2', 11.32, 3.67, 'A', 3, 2);
insert into notes_details values ('2011-2012', 'SEM-6', 'Laure Bertrand', 'ECO-2', 11.32, 1.33, 'A', 0, 1);
insert into notes_details values ('2011-2012', 'SEM-6', 'Laure Bertrand', 'ECO-2', 11.32, 4.0, 'A', 3, 2);
insert into notes_details values ('2011-2012', 'SEM-6', 'Laure Bertrand', 'LCI-2', 11.32, 4.0, 'A', 3, 1);
insert into notes_details values ('2011-2012', 'SEM-6', 'Laure Bertrand', 'MAT-2', 11.32, 2.0, 'A', 0, 1);
insert into notes_details values ('2011-2012', 'SEM-6', 'Laure Bertrand', 'MAT-2', 11.32, 3.33, 'A', 2, 2);
insert into notes_details values ('2011-2012', 'SEM-6', 'Laure Bertrand', 'MCO-2', 11.32, 2.33, 'A', 0, 1);
insert into notes_details values ('2011-2012', 'SEM-6', 'Laure Bertrand', 'MCO-2', 11.32, 2.67, 'A', 2, 2);
insert into notes_details values ('2011-2012', 'SEM-6', 'Laure Bertrand', 'MGP-2', 11.32, 1.0, 'A', 0, 1);
insert into notes_details values ('2011-2012', 'SEM-6', 'Laure Bertrand', 'MGP-2', 11.32, 3.67, 'A', 4, 2);
insert into notes_details values ('2011-2012', 'SEM-6', 'Laure Bertrand', 'PHS-2', 11.32, 3.67, 'A', 2, 1);
insert into notes_details values ('2011-2012', 'SEM-6', 'Laure Bertrand', 'PJT-2', 11.32, 3.67, 'A', 1, 1);
insert into notes_details values ('2011-2012', 'SEM-6', 'Laure Bertrand', 'RMS-2', 11.32, 1.67, 'A', 0, 1);
insert into notes_details values ('2011-2012', 'SEM-6', 'Laure Bertrand', 'RMS-2', 11.32, 3.0, 'A', 4, 2);
insert into notes_details values ('2011-2012', 'SEM-6', 'Laure Bertrand', 'STG-2', 11.32, 3.67, 'A', 2, 1);
insert into notes_details values ('2011-2012', 'SEM-6', 'Laure Bertrand', 'THS-2', 11.32, 3.0, 'A', 3, 1);
insert into notes_details values ('2012-2013', 'SEM-7', 'Laure Bertrand', 'ASL-3', 11.32, 4.0, 'A', 2, 1);
insert into notes_details values ('2012-2013', 'SEM-7', 'Laure Bertrand', 'DPP-3', 11.32, 1.67, 'A', 0, 1);
insert into notes_details values ('2012-2013', 'SEM-7', 'Laure Bertrand', 'DPP-3', 11.32, 1.33, 'A', 0, 2);
insert into contentieux values ('2012-2013', 'SEM-7', 'Laure Bertrand', 'DPP-3');
insert into notes_details values ('2012-2013', 'SEM-7', 'Laure Bertrand', 'EAO-31', 11.32, 3.0, 'A', 2, 1);
insert into notes_details values ('2012-2013', 'SEM-7', 'Laure Bertrand', 'EAO-32', 11.32, 2.67, 'A', 2, 1);
insert into notes_details values ('2012-2013', 'SEM-7', 'Laure Bertrand', 'EAO-33', 11.32, 2.0, 'A', 0, 1);
insert into notes_details values ('2012-2013', 'SEM-7', 'Laure Bertrand', 'EAO-33', 11.32, 4.0, 'A', 2, 2);
insert into notes_details values ('2012-2013', 'SEM-7', 'Laure Bertrand', 'EAO-34', 11.32, 1.67, 'A', 0, 1);
insert into notes_details values ('2012-2013', 'SEM-7', 'Laure Bertrand', 'EAO-34', 11.32, 2.33, 'A', 0, 2);
insert into contentieux values ('2012-2013', 'SEM-7', 'Laure Bertrand', 'EAO-34');
insert into notes_details values ('2012-2013', 'SEM-7', 'Laure Bertrand', 'EAO-35', 11.32, 1.0, 'A', 0, 1);
insert into notes_details values ('2012-2013', 'SEM-7', 'Laure Bertrand', 'EAO-35', 11.32, 2.33, 'A', 0, 2);
insert into contentieux values ('2012-2013', 'SEM-7', 'Laure Bertrand', 'EAO-35');
insert into notes_details values ('2012-2013', 'SEM-7', 'Laure Bertrand', 'LCI-3', 11.32, 1.0, 'A', 0, 1);
insert into notes_details values ('2012-2013', 'SEM-7', 'Laure Bertrand', 'LCI-3', 11.32, 3.33, 'A', 3, 2);
insert into notes_details values ('2012-2013', 'SEM-7', 'Laure Bertrand', 'MAT-3', 11.32, 2.0, 'A', 0, 1);
insert into notes_details values ('2012-2013', 'SEM-7', 'Laure Bertrand', 'MAT-3', 11.32, 1.33, 'A', 0, 2);
insert into contentieux values ('2012-2013', 'SEM-7', 'Laure Bertrand', 'MAT-3');
insert into notes_details values ('2012-2013', 'SEM-7', 'Laure Bertrand', 'MNG-3', 11.32, 3.0, 'A', 3, 1);
insert into notes_details values ('2012-2013', 'SEM-7', 'Laure Bertrand', 'PJT-3', 11.32, 2.0, 'A', 0, 1);
insert into notes_details values ('2012-2013', 'SEM-7', 'Laure Bertrand', 'PJT-3', 11.32, 4.0, 'A', 5, 2);
insert into notes_details values ('2012-2013', 'SEM-7', 'Laure Bertrand', 'STD-3', 11.32, 2.33, 'A', 0, 1);
insert into notes_details values ('2012-2013', 'SEM-7', 'Laure Bertrand', 'STD-3', 11.32, 2.33, 'A', 2, 99);
insert into gpa values ('2011-2012', 'SEM-5', 'Laure Bertrand', 3.78);
insert into gpa values ('2011-2012', 'SEM-6', 'Laure Bertrand', 3.62);
insert into gpa values ('2012-2013', 'SEM-7', 'Laure Bertrand', 3.71);
insert into eleves values ('Dexter Ratte', 1, 'S', 'Tres bien', 'etranger', 'MP', 'dratte');
insert into notes_details values ('2011-2012', 'SEM-5', 'Dexter Ratte', 'ALG-1', 11.32, 2.67, 'A', 3, 1);
insert into notes_details values ('2011-2012', 'SEM-5', 'Dexter Ratte', 'DPP-1', 11.32, 2.33, 'A', 0, 1);
insert into notes_details values ('2011-2012', 'SEM-5', 'Dexter Ratte', 'DPP-1', 11.32, 3.67, 'A', 2, 2);
insert into notes_details values ('2011-2012', 'SEM-5', 'Dexter Ratte', 'ELE-1', 11.32, 1.33, 'A', 0, 1);
insert into notes_details values ('2011-2012', 'SEM-5', 'Dexter Ratte', 'ELE-1', 11.32, 3.0, 'A', 3, 2);
insert into notes_details values ('2011-2012', 'SEM-5', 'Dexter Ratte', 'INP-1', 11.32, 3.67, 'A', 3, 1);
insert into notes_details values ('2011-2012', 'SEM-5', 'Dexter Ratte', 'LCI-1', 11.32, 2.33, 'A', 0, 1);
insert into notes_details values ('2011-2012', 'SEM-5', 'Dexter Ratte', 'LCI-1', 11.32, 1.33, 'A', 3, 99);
insert into notes_details values ('2011-2012', 'SEM-5', 'Dexter Ratte', 'MAT-1', 11.32, 1.0, 'A', 0, 1);
insert into notes_details values ('2011-2012', 'SEM-5', 'Dexter Ratte', 'MAT-1', 11.32, 3.33, 'A', 3, 2);
insert into notes_details values ('2011-2012', 'SEM-5', 'Dexter Ratte', 'MGP-1', 11.32, 2.0, 'A', 0, 1);
insert into notes_details values ('2011-2012', 'SEM-5', 'Dexter Ratte', 'MGP-1', 11.32, 2.67, 'A', 4, 2);
insert into notes_details values ('2011-2012', 'SEM-5', 'Dexter Ratte', 'PHO-1', 11.32, 1.33, 'A', 0, 1);
insert into notes_details values ('2011-2012', 'SEM-5', 'Dexter Ratte', 'PHO-1', 11.32, 4.0, 'A', 3, 2);
insert into notes_details values ('2011-2012', 'SEM-5', 'Dexter Ratte', 'PHQ-1', 11.32, 3.0, 'A', 3, 1);
insert into notes_details values ('2011-2012', 'SEM-5', 'Dexter Ratte', 'SPM-1', 11.32, 1.67, 'A', 0, 1);
insert into notes_details values ('2011-2012', 'SEM-5', 'Dexter Ratte', 'SPM-1', 11.32, 4.0, 'A', 3, 2);
insert into notes_details values ('2011-2012', 'SEM-6', 'Dexter Ratte', 'DPP-2', 11.32, 3.33, 'A', 1, 1);
insert into notes_details values ('2011-2012', 'SEM-6', 'Dexter Ratte', 'EAO-2', 11.32, 2.0, 'A', 0, 1);
insert into notes_details values ('2011-2012', 'SEM-6', 'Dexter Ratte', 'EAO-2', 11.32, 1.0, 'A', 3, 99);
insert into notes_details values ('2011-2012', 'SEM-6', 'Dexter Ratte', 'ECO-2', 11.32, 3.0, 'A', 3, 1);
insert into notes_details values ('2011-2012', 'SEM-6', 'Dexter Ratte', 'LCI-2', 11.32, 3.0, 'A', 3, 1);
insert into notes_details values ('2011-2012', 'SEM-6', 'Dexter Ratte', 'MAT-2', 11.32, 2.67, 'A', 2, 1);
insert into notes_details values ('2011-2012', 'SEM-6', 'Dexter Ratte', 'MCO-2', 11.32, 2.33, 'A', 0, 1);
insert into notes_details values ('2011-2012', 'SEM-6', 'Dexter Ratte', 'MCO-2', 11.32, 2.67, 'A', 2, 2);
insert into notes_details values ('2011-2012', 'SEM-6', 'Dexter Ratte', 'MGP-2', 11.32, 3.33, 'A', 4, 1);
insert into notes_details values ('2011-2012', 'SEM-6', 'Dexter Ratte', 'PHS-2', 11.32, 4.0, 'A', 2, 1);
insert into notes_details values ('2011-2012', 'SEM-6', 'Dexter Ratte', 'PJT-2', 11.32, 3.67, 'A', 1, 1);
insert into notes_details values ('2011-2012', 'SEM-6', 'Dexter Ratte', 'RMS-2', 11.32, 2.0, 'A', 0, 1);
insert into notes_details values ('2011-2012', 'SEM-6', 'Dexter Ratte', 'RMS-2', 11.32, 2.67, 'A', 4, 2);
insert into notes_details values ('2011-2012', 'SEM-6', 'Dexter Ratte', 'STG-2', 11.32, 2.0, 'A', 0, 1);
insert into notes_details values ('2011-2012', 'SEM-6', 'Dexter Ratte', 'STG-2', 11.32, 3.0, 'A', 2, 2);
insert into notes_details values ('2011-2012', 'SEM-6', 'Dexter Ratte', 'THS-2', 11.32, 2.33, 'A', 0, 1);
insert into notes_details values ('2011-2012', 'SEM-6', 'Dexter Ratte', 'THS-2', 11.32, 3.33, 'A', 3, 2);
insert into notes_details values ('2012-2013', 'SEM-7', 'Dexter Ratte', 'ASL-3', 11.32, 2.33, 'A', 0, 1);
insert into notes_details values ('2012-2013', 'SEM-7', 'Dexter Ratte', 'ASL-3', 11.32, 2.67, 'A', 2, 2);
insert into notes_details values ('2012-2013', 'SEM-7', 'Dexter Ratte', 'DPP-3', 11.32, 1.67, 'A', 0, 1);
insert into notes_details values ('2012-2013', 'SEM-7', 'Dexter Ratte', 'DPP-3', 11.32, 1.33, 'A', 0, 2);
insert into contentieux values ('2012-2013', 'SEM-7', 'Dexter Ratte', 'DPP-3');
insert into notes_details values ('2012-2013', 'SEM-7', 'Dexter Ratte', 'EAO-31', 11.32, 2.0, 'A', 0, 1);
insert into notes_details values ('2012-2013', 'SEM-7', 'Dexter Ratte', 'EAO-31', 11.32, 1.33, 'A', 0, 2);
insert into contentieux values ('2012-2013', 'SEM-7', 'Dexter Ratte', 'EAO-31');
insert into notes_details values ('2012-2013', 'SEM-7', 'Dexter Ratte', 'EAO-32', 11.32, 1.33, 'A', 0, 1);
insert into notes_details values ('2012-2013', 'SEM-7', 'Dexter Ratte', 'EAO-32', 11.32, 1.67, 'A', 0, 2);
insert into contentieux values ('2012-2013', 'SEM-7', 'Dexter Ratte', 'EAO-32');
insert into notes_details values ('2012-2013', 'SEM-7', 'Dexter Ratte', 'EAO-33', 11.32, 1.67, 'A', 0, 1);
insert into notes_details values ('2012-2013', 'SEM-7', 'Dexter Ratte', 'EAO-33', 11.32, 1.33, 'A', 0, 2);
insert into contentieux values ('2012-2013', 'SEM-7', 'Dexter Ratte', 'EAO-33');
insert into notes_details values ('2012-2013', 'SEM-7', 'Dexter Ratte', 'EAO-34', 11.32, 1.33, 'A', 0, 1);
insert into notes_details values ('2012-2013', 'SEM-7', 'Dexter Ratte', 'EAO-34', 11.32, 1.0, 'A', 2, 99);
insert into notes_details values ('2012-2013', 'SEM-7', 'Dexter Ratte', 'EAO-35', 11.32, 2.33, 'A', 0, 1);
insert into notes_details values ('2012-2013', 'SEM-7', 'Dexter Ratte', 'EAO-35', 11.32, 1.67, 'A', 2, 99);
insert into notes_details values ('2012-2013', 'SEM-7', 'Dexter Ratte', 'LCI-3', 11.32, 1.33, 'A', 0, 1);
insert into notes_details values ('2012-2013', 'SEM-7', 'Dexter Ratte', 'LCI-3', 11.32, 2.67, 'A', 3, 2);
insert into notes_details values ('2012-2013', 'SEM-7', 'Dexter Ratte', 'MAT-3', 11.32, 3.33, 'A', 3, 1);
insert into notes_details values ('2012-2013', 'SEM-7', 'Dexter Ratte', 'MNG-3', 11.32, 2.0, 'A', 0, 1);
insert into notes_details values ('2012-2013', 'SEM-7', 'Dexter Ratte', 'MNG-3', 11.32, 1.33, 'A', 0, 2);
insert into contentieux values ('2012-2013', 'SEM-7', 'Dexter Ratte', 'MNG-3');
insert into notes_details values ('2012-2013', 'SEM-7', 'Dexter Ratte', 'PJT-3', 11.32, 4.0, 'A', 5, 1);
insert into notes_details values ('2012-2013', 'SEM-7', 'Dexter Ratte', 'STD-3', 11.32, 1.67, 'A', 0, 1);
insert into notes_details values ('2012-2013', 'SEM-7', 'Dexter Ratte', 'STD-3', 11.32, 2.67, 'A', 2, 2);
insert into gpa values ('2011-2012', 'SEM-5', 'Dexter Ratte', 2.81);
insert into gpa values ('2011-2012', 'SEM-6', 'Dexter Ratte', 2.38);
insert into gpa values ('2012-2013', 'SEM-7', 'Dexter Ratte', 2.32);
insert into eleves values ('Gaetan Guernon', 1, 'S', 'Tres bien', 'MP', 'MP', 'gguernon');
insert into notes_details values ('2011-2012', 'SEM-5', 'Gaetan Guernon', 'ALG-1', 11.32, 3.0, 'A', 3, 1);
insert into notes_details values ('2011-2012', 'SEM-5', 'Gaetan Guernon', 'DPP-1', 11.32, 3.67, 'A', 2, 1);
insert into notes_details values ('2011-2012', 'SEM-5', 'Gaetan Guernon', 'ELE-1', 11.32, 3.0, 'A', 3, 1);
insert into notes_details values ('2011-2012', 'SEM-5', 'Gaetan Guernon', 'INP-1', 11.32, 2.33, 'A', 0, 1);
insert into notes_details values ('2011-2012', 'SEM-5', 'Gaetan Guernon', 'INP-1', 11.32, 2.0, 'A', 3, 99);
insert into notes_details values ('2011-2012', 'SEM-5', 'Gaetan Guernon', 'LCI-1', 11.32, 3.33, 'A', 3, 1);
insert into notes_details values ('2011-2012', 'SEM-5', 'Gaetan Guernon', 'MAT-1', 11.32, 1.67, 'A', 0, 1);
insert into notes_details values ('2011-2012', 'SEM-5', 'Gaetan Guernon', 'MAT-1', 11.32, 3.0, 'A', 3, 2);
insert into notes_details values ('2011-2012', 'SEM-5', 'Gaetan Guernon', 'MGP-1', 11.32, 2.67, 'A', 4, 1);
insert into notes_details values ('2011-2012', 'SEM-5', 'Gaetan Guernon', 'PHO-1', 11.32, 1.0, 'A', 0, 1);
insert into notes_details values ('2011-2012', 'SEM-5', 'Gaetan Guernon', 'PHO-1', 11.32, 3.67, 'A', 3, 2);
insert into notes_details values ('2011-2012', 'SEM-5', 'Gaetan Guernon', 'PHQ-1', 11.32, 2.67, 'A', 3, 1);
insert into notes_details values ('2011-2012', 'SEM-5', 'Gaetan Guernon', 'SPM-1', 11.32, 3.33, 'A', 3, 1);
insert into notes_details values ('2011-2012', 'SEM-6', 'Gaetan Guernon', 'DPP-2', 11.32, 3.67, 'A', 1, 1);
insert into notes_details values ('2011-2012', 'SEM-6', 'Gaetan Guernon', 'EAO-2', 11.32, 3.67, 'A', 3, 1);
insert into notes_details values ('2011-2012', 'SEM-6', 'Gaetan Guernon', 'ECO-2', 11.32, 2.33, 'A', 0, 1);
insert into notes_details values ('2011-2012', 'SEM-6', 'Gaetan Guernon', 'ECO-2', 11.32, 2.0, 'A', 3, 99);
insert into notes_details values ('2011-2012', 'SEM-6', 'Gaetan Guernon', 'LCI-2', 11.32, 1.0, 'A', 0, 1);
insert into notes_details values ('2011-2012', 'SEM-6', 'Gaetan Guernon', 'LCI-2', 11.32, 3.33, 'A', 3, 2);
insert into notes_details values ('2011-2012', 'SEM-6', 'Gaetan Guernon', 'MAT-2', 11.32, 1.33, 'A', 0, 1);
insert into notes_details values ('2011-2012', 'SEM-6', 'Gaetan Guernon', 'MAT-2', 11.32, 3.0, 'A', 2, 2);
insert into notes_details values ('2011-2012', 'SEM-6', 'Gaetan Guernon', 'MCO-2', 11.32, 1.0, 'A', 0, 1);
insert into notes_details values ('2011-2012', 'SEM-6', 'Gaetan Guernon', 'MCO-2', 11.32, 3.33, 'A', 2, 2);
insert into notes_details values ('2011-2012', 'SEM-6', 'Gaetan Guernon', 'MGP-2', 11.32, 1.0, 'A', 0, 1);
insert into notes_details values ('2011-2012', 'SEM-6', 'Gaetan Guernon', 'MGP-2', 11.32, 3.67, 'A', 4, 2);
insert into notes_details values ('2011-2012', 'SEM-6', 'Gaetan Guernon', 'PHS-2', 11.32, 1.67, 'A', 0, 1);
insert into notes_details values ('2011-2012', 'SEM-6', 'Gaetan Guernon', 'PHS-2', 11.32, 4.0, 'A', 2, 2);
insert into notes_details values ('2011-2012', 'SEM-6', 'Gaetan Guernon', 'PJT-2', 11.32, 1.0, 'A', 0, 1);
insert into notes_details values ('2011-2012', 'SEM-6', 'Gaetan Guernon', 'PJT-2', 11.32, 4.0, 'A', 1, 2);
insert into notes_details values ('2011-2012', 'SEM-6', 'Gaetan Guernon', 'RMS-2', 11.32, 2.33, 'A', 0, 1);
insert into notes_details values ('2011-2012', 'SEM-6', 'Gaetan Guernon', 'RMS-2', 11.32, 4.0, 'A', 4, 2);
insert into notes_details values ('2011-2012', 'SEM-6', 'Gaetan Guernon', 'STG-2', 11.32, 3.0, 'A', 2, 1);
insert into notes_details values ('2011-2012', 'SEM-6', 'Gaetan Guernon', 'THS-2', 11.32, 2.0, 'A', 0, 1);
insert into notes_details values ('2011-2012', 'SEM-6', 'Gaetan Guernon', 'THS-2', 11.32, 3.0, 'A', 3, 2);
insert into notes_details values ('2012-2013', 'SEM-7', 'Gaetan Guernon', 'ASL-3', 11.32, 2.0, 'A', 0, 1);
insert into notes_details values ('2012-2013', 'SEM-7', 'Gaetan Guernon', 'ASL-3', 11.32, 1.0, 'A', 2, 99);
insert into notes_details values ('2012-2013', 'SEM-7', 'Gaetan Guernon', 'DPP-3', 11.32, 3.67, 'A', 2, 1);
insert into notes_details values ('2012-2013', 'SEM-7', 'Gaetan Guernon', 'EAO-31', 11.32, 2.0, 'A', 0, 1);
insert into notes_details values ('2012-2013', 'SEM-7', 'Gaetan Guernon', 'EAO-31', 11.32, 4.0, 'A', 2, 2);
insert into notes_details values ('2012-2013', 'SEM-7', 'Gaetan Guernon', 'EAO-32', 11.32, 3.33, 'A', 2, 1);
insert into notes_details values ('2012-2013', 'SEM-7', 'Gaetan Guernon', 'EAO-33', 11.32, 2.67, 'A', 2, 1);
insert into notes_details values ('2012-2013', 'SEM-7', 'Gaetan Guernon', 'EAO-34', 11.32, 2.33, 'A', 0, 1);
insert into notes_details values ('2012-2013', 'SEM-7', 'Gaetan Guernon', 'EAO-34', 11.32, 2.67, 'A', 2, 2);
insert into notes_details values ('2012-2013', 'SEM-7', 'Gaetan Guernon', 'EAO-35', 11.32, 2.67, 'A', 2, 1);
insert into notes_details values ('2012-2013', 'SEM-7', 'Gaetan Guernon', 'LCI-3', 11.32, 2.33, 'A', 0, 1);
insert into notes_details values ('2012-2013', 'SEM-7', 'Gaetan Guernon', 'LCI-3', 11.32, 2.33, 'A', 0, 2);
insert into contentieux values ('2012-2013', 'SEM-7', 'Gaetan Guernon', 'LCI-3');
insert into notes_details values ('2012-2013', 'SEM-7', 'Gaetan Guernon', 'MAT-3', 11.32, 1.67, 'A', 0, 1);
insert into notes_details values ('2012-2013', 'SEM-7', 'Gaetan Guernon', 'MAT-3', 11.32, 3.0, 'A', 3, 2);
insert into notes_details values ('2012-2013', 'SEM-7', 'Gaetan Guernon', 'MNG-3', 11.32, 3.0, 'A', 3, 1);
insert into notes_details values ('2012-2013', 'SEM-7', 'Gaetan Guernon', 'PJT-3', 11.32, 1.0, 'A', 0, 1);
insert into notes_details values ('2012-2013', 'SEM-7', 'Gaetan Guernon', 'PJT-3', 11.32, 4.0, 'A', 5, 2);
insert into notes_details values ('2012-2013', 'SEM-7', 'Gaetan Guernon', 'STD-3', 11.32, 2.67, 'A', 2, 1);
insert into gpa values ('2011-2012', 'SEM-5', 'Gaetan Guernon', 3.71);
insert into gpa values ('2011-2012', 'SEM-6', 'Gaetan Guernon', 2.86);
insert into gpa values ('2012-2013', 'SEM-7', 'Gaetan Guernon', 3.05);
insert into eleves values ('Xavier Moreau', 1, 'S', 'Tres bien', 'MP', 'MP', 'xmoreau');
insert into notes_details values ('2011-2012', 'SEM-5', 'Xavier Moreau', 'ALG-1', 11.32, 2.33, 'A', 0, 1);
insert into notes_details values ('2011-2012', 'SEM-5', 'Xavier Moreau', 'ALG-1', 11.32, 3.67, 'A', 3, 2);
insert into notes_details values ('2011-2012', 'SEM-5', 'Xavier Moreau', 'DPP-1', 11.32, 2.33, 'A', 0, 1);
insert into notes_details values ('2011-2012', 'SEM-5', 'Xavier Moreau', 'DPP-1', 11.32, 3.67, 'A', 2, 2);
insert into notes_details values ('2011-2012', 'SEM-5', 'Xavier Moreau', 'ELE-1', 11.32, 3.0, 'A', 3, 1);
insert into notes_details values ('2011-2012', 'SEM-5', 'Xavier Moreau', 'INP-1', 11.32, 1.67, 'A', 0, 1);
insert into notes_details values ('2011-2012', 'SEM-5', 'Xavier Moreau', 'INP-1', 11.32, 4.0, 'A', 3, 2);
insert into notes_details values ('2011-2012', 'SEM-5', 'Xavier Moreau', 'LCI-1', 11.32, 3.0, 'A', 3, 1);
insert into notes_details values ('2011-2012', 'SEM-5', 'Xavier Moreau', 'MAT-1', 11.32, 1.67, 'A', 0, 1);
insert into notes_details values ('2011-2012', 'SEM-5', 'Xavier Moreau', 'MAT-1', 11.32, 2.67, 'A', 3, 2);
insert into notes_details values ('2011-2012', 'SEM-5', 'Xavier Moreau', 'MGP-1', 11.32, 3.67, 'A', 4, 1);
insert into notes_details values ('2011-2012', 'SEM-5', 'Xavier Moreau', 'PHO-1', 11.32, 3.0, 'A', 3, 1);
insert into notes_details values ('2011-2012', 'SEM-5', 'Xavier Moreau', 'PHQ-1', 11.32, 1.0, 'A', 0, 1);
insert into notes_details values ('2011-2012', 'SEM-5', 'Xavier Moreau', 'PHQ-1', 11.32, 3.0, 'A', 3, 2);
insert into notes_details values ('2011-2012', 'SEM-5', 'Xavier Moreau', 'SPM-1', 11.32, 1.0, 'A', 0, 1);
insert into notes_details values ('2011-2012', 'SEM-5', 'Xavier Moreau', 'SPM-1', 11.32, 2.67, 'A', 3, 2);
insert into notes_details values ('2011-2012', 'SEM-6', 'Xavier Moreau', 'DPP-2', 11.32, 2.67, 'A', 1, 1);
insert into notes_details values ('2011-2012', 'SEM-6', 'Xavier Moreau', 'EAO-2', 11.32, 3.33, 'A', 3, 1);
insert into notes_details values ('2011-2012', 'SEM-6', 'Xavier Moreau', 'ECO-2', 11.32, 3.0, 'A', 3, 1);
insert into notes_details values ('2011-2012', 'SEM-6', 'Xavier Moreau', 'LCI-2', 11.32, 2.0, 'A', 0, 1);
insert into notes_details values ('2011-2012', 'SEM-6', 'Xavier Moreau', 'LCI-2', 11.32, 1.0, 'A', 3, 99);
insert into notes_details values ('2011-2012', 'SEM-6', 'Xavier Moreau', 'MAT-2', 11.32, 4.0, 'A', 2, 1);
insert into notes_details values ('2011-2012', 'SEM-6', 'Xavier Moreau', 'MCO-2', 11.32, 4.0, 'A', 2, 1);
insert into notes_details values ('2011-2012', 'SEM-6', 'Xavier Moreau', 'MGP-2', 11.32, 1.0, 'A', 0, 1);
insert into notes_details values ('2011-2012', 'SEM-6', 'Xavier Moreau', 'MGP-2', 11.32, 4.0, 'A', 4, 2);
insert into notes_details values ('2011-2012', 'SEM-6', 'Xavier Moreau', 'PHS-2', 11.32, 4.0, 'A', 2, 1);
insert into notes_details values ('2011-2012', 'SEM-6', 'Xavier Moreau', 'PJT-2', 11.32, 2.67, 'A', 1, 1);
insert into notes_details values ('2011-2012', 'SEM-6', 'Xavier Moreau', 'RMS-2', 11.32, 2.33, 'A', 0, 1);
insert into notes_details values ('2011-2012', 'SEM-6', 'Xavier Moreau', 'RMS-2', 11.32, 3.33, 'A', 4, 2);
insert into notes_details values ('2011-2012', 'SEM-6', 'Xavier Moreau', 'STG-2', 11.32, 3.33, 'A', 2, 1);
insert into notes_details values ('2011-2012', 'SEM-6', 'Xavier Moreau', 'THS-2', 11.32, 3.67, 'A', 3, 1);
insert into notes_details values ('2012-2013', 'SEM-7', 'Xavier Moreau', 'ASL-3', 11.32, 1.33, 'A', 0, 1);
insert into notes_details values ('2012-2013', 'SEM-7', 'Xavier Moreau', 'ASL-3', 11.32, 4.0, 'A', 2, 2);
insert into notes_details values ('2012-2013', 'SEM-7', 'Xavier Moreau', 'DPP-3', 11.32, 1.0, 'A', 0, 1);
insert into notes_details values ('2012-2013', 'SEM-7', 'Xavier Moreau', 'DPP-3', 11.32, 3.33, 'A', 2, 2);
insert into notes_details values ('2012-2013', 'SEM-7', 'Xavier Moreau', 'EAO-31', 11.32, 2.0, 'A', 0, 1);
insert into notes_details values ('2012-2013', 'SEM-7', 'Xavier Moreau', 'EAO-31', 11.32, 1.67, 'A', 0, 2);
insert into contentieux values ('2012-2013', 'SEM-7', 'Xavier Moreau', 'EAO-31');
insert into notes_details values ('2012-2013', 'SEM-7', 'Xavier Moreau', 'EAO-32', 11.32, 1.33, 'A', 0, 1);
insert into notes_details values ('2012-2013', 'SEM-7', 'Xavier Moreau', 'EAO-32', 11.32, 4.0, 'A', 2, 2);
insert into notes_details values ('2012-2013', 'SEM-7', 'Xavier Moreau', 'EAO-33', 11.32, 1.67, 'A', 0, 1);
insert into notes_details values ('2012-2013', 'SEM-7', 'Xavier Moreau', 'EAO-33', 11.32, 3.33, 'A', 2, 2);
insert into notes_details values ('2012-2013', 'SEM-7', 'Xavier Moreau', 'EAO-34', 11.32, 3.67, 'A', 2, 1);
insert into notes_details values ('2012-2013', 'SEM-7', 'Xavier Moreau', 'EAO-35', 11.32, 1.67, 'A', 0, 1);
insert into notes_details values ('2012-2013', 'SEM-7', 'Xavier Moreau', 'EAO-35', 11.32, 3.33, 'A', 2, 2);
insert into notes_details values ('2012-2013', 'SEM-7', 'Xavier Moreau', 'LCI-3', 11.32, 2.33, 'A', 0, 1);
insert into notes_details values ('2012-2013', 'SEM-7', 'Xavier Moreau', 'LCI-3', 11.32, 2.0, 'A', 0, 2);
insert into contentieux values ('2012-2013', 'SEM-7', 'Xavier Moreau', 'LCI-3');
insert into notes_details values ('2012-2013', 'SEM-7', 'Xavier Moreau', 'MAT-3', 11.32, 1.33, 'A', 0, 1);
insert into notes_details values ('2012-2013', 'SEM-7', 'Xavier Moreau', 'MAT-3', 11.32, 3.0, 'A', 3, 2);
insert into notes_details values ('2012-2013', 'SEM-7', 'Xavier Moreau', 'MNG-3', 11.32, 3.67, 'A', 3, 1);
insert into notes_details values ('2012-2013', 'SEM-7', 'Xavier Moreau', 'PJT-3', 11.32, 2.67, 'A', 5, 1);
insert into notes_details values ('2012-2013', 'SEM-7', 'Xavier Moreau', 'STD-3', 11.32, 3.67, 'A', 2, 1);
insert into gpa values ('2011-2012', 'SEM-5', 'Xavier Moreau', 2.78);
insert into gpa values ('2011-2012', 'SEM-6', 'Xavier Moreau', 3.23);
insert into gpa values ('2012-2013', 'SEM-7', 'Xavier Moreau', 2.04);
insert into eleves values ('Rio Best', 1, 'S', 'Tres bien', 'MP', 'MP', 'rbest');
insert into notes_details values ('2011-2012', 'SEM-5', 'Rio Best', 'ALG-1', 11.32, 4.0, 'A', 3, 1);
insert into notes_details values ('2011-2012', 'SEM-5', 'Rio Best', 'DPP-1', 11.32, 1.33, 'A', 0, 1);
insert into notes_details values ('2011-2012', 'SEM-5', 'Rio Best', 'DPP-1', 11.32, 3.33, 'A', 2, 2);
insert into notes_details values ('2011-2012', 'SEM-5', 'Rio Best', 'ELE-1', 11.32, 3.67, 'A', 3, 1);
insert into notes_details values ('2011-2012', 'SEM-5', 'Rio Best', 'INP-1', 11.32, 2.67, 'A', 3, 1);
insert into notes_details values ('2011-2012', 'SEM-5', 'Rio Best', 'LCI-1', 11.32, 3.0, 'A', 3, 1);
insert into notes_details values ('2011-2012', 'SEM-5', 'Rio Best', 'MAT-1', 11.32, 3.67, 'A', 3, 1);
insert into notes_details values ('2011-2012', 'SEM-5', 'Rio Best', 'MGP-1', 11.32, 2.0, 'A', 0, 1);
insert into notes_details values ('2011-2012', 'SEM-5', 'Rio Best', 'MGP-1', 11.32, 3.0, 'A', 4, 2);
insert into notes_details values ('2011-2012', 'SEM-5', 'Rio Best', 'PHO-1', 11.32, 2.67, 'A', 3, 1);
insert into notes_details values ('2011-2012', 'SEM-5', 'Rio Best', 'PHQ-1', 11.32, 1.33, 'A', 0, 1);
insert into notes_details values ('2011-2012', 'SEM-5', 'Rio Best', 'PHQ-1', 11.32, 3.33, 'A', 3, 2);
insert into notes_details values ('2011-2012', 'SEM-5', 'Rio Best', 'SPM-1', 11.32, 2.0, 'A', 0, 1);
insert into notes_details values ('2011-2012', 'SEM-5', 'Rio Best', 'SPM-1', 11.32, 3.67, 'A', 3, 2);
insert into notes_details values ('2011-2012', 'SEM-6', 'Rio Best', 'DPP-2', 11.32, 4.0, 'A', 1, 1);
insert into notes_details values ('2011-2012', 'SEM-6', 'Rio Best', 'EAO-2', 11.32, 3.67, 'A', 3, 1);
insert into notes_details values ('2011-2012', 'SEM-6', 'Rio Best', 'ECO-2', 11.32, 1.0, 'A', 0, 1);
insert into notes_details values ('2011-2012', 'SEM-6', 'Rio Best', 'ECO-2', 11.32, 4.0, 'A', 3, 2);
insert into notes_details values ('2011-2012', 'SEM-6', 'Rio Best', 'LCI-2', 11.32, 2.33, 'A', 0, 1);
insert into notes_details values ('2011-2012', 'SEM-6', 'Rio Best', 'LCI-2', 11.32, 2.0, 'A', 3, 99);
insert into notes_details values ('2011-2012', 'SEM-6', 'Rio Best', 'MAT-2', 11.32, 2.0, 'A', 0, 1);
insert into notes_details values ('2011-2012', 'SEM-6', 'Rio Best', 'MAT-2', 11.32, 4.0, 'A', 2, 2);
insert into notes_details values ('2011-2012', 'SEM-6', 'Rio Best', 'MCO-2', 11.32, 1.0, 'A', 0, 1);
insert into notes_details values ('2011-2012', 'SEM-6', 'Rio Best', 'MCO-2', 11.32, 1.0, 'A', 2, 99);
insert into notes_details values ('2011-2012', 'SEM-6', 'Rio Best', 'MGP-2', 11.32, 1.33, 'A', 0, 1);
insert into notes_details values ('2011-2012', 'SEM-6', 'Rio Best', 'MGP-2', 11.32, 2.67, 'A', 4, 2);
insert into notes_details values ('2011-2012', 'SEM-6', 'Rio Best', 'PHS-2', 11.32, 2.0, 'A', 0, 1);
insert into notes_details values ('2011-2012', 'SEM-6', 'Rio Best', 'PHS-2', 11.32, 3.67, 'A', 2, 2);
insert into notes_details values ('2011-2012', 'SEM-6', 'Rio Best', 'PJT-2', 11.32, 2.67, 'A', 1, 1);
insert into notes_details values ('2011-2012', 'SEM-6', 'Rio Best', 'RMS-2', 11.32, 1.0, 'A', 0, 1);
insert into notes_details values ('2011-2012', 'SEM-6', 'Rio Best', 'RMS-2', 11.32, 1.33, 'A', 4, 99);
insert into notes_details values ('2011-2012', 'SEM-6', 'Rio Best', 'STG-2', 11.32, 3.67, 'A', 2, 1);
insert into notes_details values ('2011-2012', 'SEM-6', 'Rio Best', 'THS-2', 11.32, 3.67, 'A', 3, 1);
insert into notes_details values ('2012-2013', 'SEM-7', 'Rio Best', 'ASL-3', 11.32, 3.67, 'A', 2, 1);
insert into notes_details values ('2012-2013', 'SEM-7', 'Rio Best', 'DPP-3', 11.32, 1.33, 'A', 0, 1);
insert into notes_details values ('2012-2013', 'SEM-7', 'Rio Best', 'DPP-3', 11.32, 2.33, 'A', 0, 2);
insert into contentieux values ('2012-2013', 'SEM-7', 'Rio Best', 'DPP-3');
insert into notes_details values ('2012-2013', 'SEM-7', 'Rio Best', 'EAO-31', 11.32, 1.33, 'A', 0, 1);
insert into notes_details values ('2012-2013', 'SEM-7', 'Rio Best', 'EAO-31', 11.32, 4.0, 'A', 2, 2);
insert into notes_details values ('2012-2013', 'SEM-7', 'Rio Best', 'EAO-32', 11.32, 1.0, 'A', 0, 1);
insert into notes_details values ('2012-2013', 'SEM-7', 'Rio Best', 'EAO-32', 11.32, 4.0, 'A', 2, 2);
insert into notes_details values ('2012-2013', 'SEM-7', 'Rio Best', 'EAO-33', 11.32, 1.67, 'A', 0, 1);
insert into notes_details values ('2012-2013', 'SEM-7', 'Rio Best', 'EAO-33', 11.32, 2.0, 'A', 0, 2);
insert into contentieux values ('2012-2013', 'SEM-7', 'Rio Best', 'EAO-33');
insert into notes_details values ('2012-2013', 'SEM-7', 'Rio Best', 'EAO-34', 11.32, 2.0, 'A', 0, 1);
insert into notes_details values ('2012-2013', 'SEM-7', 'Rio Best', 'EAO-34', 11.32, 4.0, 'A', 2, 2);
insert into notes_details values ('2012-2013', 'SEM-7', 'Rio Best', 'EAO-35', 11.32, 1.0, 'A', 0, 1);
insert into notes_details values ('2012-2013', 'SEM-7', 'Rio Best', 'EAO-35', 11.32, 1.33, 'A', 0, 2);
insert into contentieux values ('2012-2013', 'SEM-7', 'Rio Best', 'EAO-35');
insert into notes_details values ('2012-2013', 'SEM-7', 'Rio Best', 'LCI-3', 11.32, 2.0, 'A', 0, 1);
insert into notes_details values ('2012-2013', 'SEM-7', 'Rio Best', 'LCI-3', 11.32, 1.67, 'A', 0, 2);
insert into contentieux values ('2012-2013', 'SEM-7', 'Rio Best', 'LCI-3');
insert into notes_details values ('2012-2013', 'SEM-7', 'Rio Best', 'MAT-3', 11.32, 1.0, 'A', 0, 1);
insert into notes_details values ('2012-2013', 'SEM-7', 'Rio Best', 'MAT-3', 11.32, 1.67, 'A', 0, 2);
insert into contentieux values ('2012-2013', 'SEM-7', 'Rio Best', 'MAT-3');
insert into notes_details values ('2012-2013', 'SEM-7', 'Rio Best', 'MNG-3', 11.32, 2.33, 'A', 0, 1);
insert into notes_details values ('2012-2013', 'SEM-7', 'Rio Best', 'MNG-3', 11.32, 2.0, 'A', 0, 2);
insert into contentieux values ('2012-2013', 'SEM-7', 'Rio Best', 'MNG-3');
insert into notes_details values ('2012-2013', 'SEM-7', 'Rio Best', 'PJT-3', 11.32, 1.0, 'A', 0, 1);
insert into notes_details values ('2012-2013', 'SEM-7', 'Rio Best', 'PJT-3', 11.32, 2.33, 'A', 0, 2);
insert into contentieux values ('2012-2013', 'SEM-7', 'Rio Best', 'PJT-3');
insert into notes_details values ('2012-2013', 'SEM-7', 'Rio Best', 'STD-3', 11.32, 1.33, 'A', 0, 1);
insert into notes_details values ('2012-2013', 'SEM-7', 'Rio Best', 'STD-3', 11.32, 1.0, 'A', 0, 2);
insert into contentieux values ('2012-2013', 'SEM-7', 'Rio Best', 'STD-3');
insert into gpa values ('2011-2012', 'SEM-5', 'Rio Best', 3.66);
insert into gpa values ('2011-2012', 'SEM-6', 'Rio Best', 3.89);
insert into gpa values ('2012-2013', 'SEM-7', 'Rio Best', 2.4);
insert into eleves values ('Josef Richard', 1, 'S', 'Tres bien', 'MP', 'MP', 'jrichard');
insert into notes_details values ('2011-2012', 'SEM-5', 'Josef Richard', 'ALG-1', 11.32, 1.0, 'A', 0, 1);
insert into notes_details values ('2011-2012', 'SEM-5', 'Josef Richard', 'ALG-1', 11.32, 4.0, 'A', 3, 2);
insert into notes_details values ('2011-2012', 'SEM-5', 'Josef Richard', 'DPP-1', 11.32, 1.33, 'A', 0, 1);
insert into notes_details values ('2011-2012', 'SEM-5', 'Josef Richard', 'DPP-1', 11.32, 2.67, 'A', 2, 2);
insert into notes_details values ('2011-2012', 'SEM-5', 'Josef Richard', 'ELE-1', 11.32, 4.0, 'A', 3, 1);
insert into notes_details values ('2011-2012', 'SEM-5', 'Josef Richard', 'INP-1', 11.32, 2.0, 'A', 0, 1);
insert into notes_details values ('2011-2012', 'SEM-5', 'Josef Richard', 'INP-1', 11.32, 3.67, 'A', 3, 2);
insert into notes_details values ('2011-2012', 'SEM-5', 'Josef Richard', 'LCI-1', 11.32, 3.33, 'A', 3, 1);
insert into notes_details values ('2011-2012', 'SEM-5', 'Josef Richard', 'MAT-1', 11.32, 1.33, 'A', 0, 1);
insert into notes_details values ('2011-2012', 'SEM-5', 'Josef Richard', 'MAT-1', 11.32, 1.33, 'A', 3, 99);
insert into notes_details values ('2011-2012', 'SEM-5', 'Josef Richard', 'MGP-1', 11.32, 3.0, 'A', 4, 1);
insert into notes_details values ('2011-2012', 'SEM-5', 'Josef Richard', 'PHO-1', 11.32, 2.0, 'A', 0, 1);
insert into notes_details values ('2011-2012', 'SEM-5', 'Josef Richard', 'PHO-1', 11.32, 2.67, 'A', 3, 2);
insert into notes_details values ('2011-2012', 'SEM-5', 'Josef Richard', 'PHQ-1', 11.32, 4.0, 'A', 3, 1);
insert into notes_details values ('2011-2012', 'SEM-5', 'Josef Richard', 'SPM-1', 11.32, 4.0, 'A', 3, 1);
insert into notes_details values ('2011-2012', 'SEM-6', 'Josef Richard', 'DPP-2', 11.32, 2.67, 'A', 1, 1);
insert into notes_details values ('2011-2012', 'SEM-6', 'Josef Richard', 'EAO-2', 11.32, 1.0, 'A', 0, 1);
insert into notes_details values ('2011-2012', 'SEM-6', 'Josef Richard', 'EAO-2', 11.32, 2.0, 'A', 3, 99);
insert into notes_details values ('2011-2012', 'SEM-6', 'Josef Richard', 'ECO-2', 11.32, 1.67, 'A', 0, 1);
insert into notes_details values ('2011-2012', 'SEM-6', 'Josef Richard', 'ECO-2', 11.32, 3.0, 'A', 3, 2);
insert into notes_details values ('2011-2012', 'SEM-6', 'Josef Richard', 'LCI-2', 11.32, 1.33, 'A', 0, 1);
insert into notes_details values ('2011-2012', 'SEM-6', 'Josef Richard', 'LCI-2', 11.32, 3.67, 'A', 3, 2);
insert into notes_details values ('2011-2012', 'SEM-6', 'Josef Richard', 'MAT-2', 11.32, 1.0, 'A', 0, 1);
insert into notes_details values ('2011-2012', 'SEM-6', 'Josef Richard', 'MAT-2', 11.32, 4.0, 'A', 2, 2);
insert into notes_details values ('2011-2012', 'SEM-6', 'Josef Richard', 'MCO-2', 11.32, 1.67, 'A', 0, 1);
insert into notes_details values ('2011-2012', 'SEM-6', 'Josef Richard', 'MCO-2', 11.32, 3.0, 'A', 2, 2);
insert into notes_details values ('2011-2012', 'SEM-6', 'Josef Richard', 'MGP-2', 11.32, 3.67, 'A', 4, 1);
insert into notes_details values ('2011-2012', 'SEM-6', 'Josef Richard', 'PHS-2', 11.32, 4.0, 'A', 2, 1);
insert into notes_details values ('2011-2012', 'SEM-6', 'Josef Richard', 'PJT-2', 11.32, 3.67, 'A', 1, 1);
insert into notes_details values ('2011-2012', 'SEM-6', 'Josef Richard', 'RMS-2', 11.32, 1.67, 'A', 0, 1);
insert into notes_details values ('2011-2012', 'SEM-6', 'Josef Richard', 'RMS-2', 11.32, 4.0, 'A', 4, 2);
insert into notes_details values ('2011-2012', 'SEM-6', 'Josef Richard', 'STG-2', 11.32, 1.33, 'A', 0, 1);
insert into notes_details values ('2011-2012', 'SEM-6', 'Josef Richard', 'STG-2', 11.32, 3.0, 'A', 2, 2);
insert into notes_details values ('2011-2012', 'SEM-6', 'Josef Richard', 'THS-2', 11.32, 1.33, 'A', 0, 1);
insert into notes_details values ('2011-2012', 'SEM-6', 'Josef Richard', 'THS-2', 11.32, 2.67, 'A', 3, 2);
insert into notes_details values ('2012-2013', 'SEM-7', 'Josef Richard', 'ASL-3', 11.32, 1.0, 'A', 0, 1);
insert into notes_details values ('2012-2013', 'SEM-7', 'Josef Richard', 'ASL-3', 11.32, 3.67, 'A', 2, 2);
insert into notes_details values ('2012-2013', 'SEM-7', 'Josef Richard', 'DPP-3', 11.32, 1.67, 'A', 0, 1);
insert into notes_details values ('2012-2013', 'SEM-7', 'Josef Richard', 'DPP-3', 11.32, 3.67, 'A', 2, 2);
insert into notes_details values ('2012-2013', 'SEM-7', 'Josef Richard', 'EAO-31', 11.32, 1.0, 'A', 0, 1);
insert into notes_details values ('2012-2013', 'SEM-7', 'Josef Richard', 'EAO-31', 11.32, 1.67, 'A', 0, 2);
insert into contentieux values ('2012-2013', 'SEM-7', 'Josef Richard', 'EAO-31');
insert into notes_details values ('2012-2013', 'SEM-7', 'Josef Richard', 'EAO-32', 11.32, 2.67, 'A', 2, 1);
insert into notes_details values ('2012-2013', 'SEM-7', 'Josef Richard', 'EAO-33', 11.32, 1.67, 'A', 0, 1);
insert into notes_details values ('2012-2013', 'SEM-7', 'Josef Richard', 'EAO-33', 11.32, 1.33, 'A', 0, 2);
insert into contentieux values ('2012-2013', 'SEM-7', 'Josef Richard', 'EAO-33');
insert into notes_details values ('2012-2013', 'SEM-7', 'Josef Richard', 'EAO-34', 11.32, 1.0, 'A', 0, 1);
insert into notes_details values ('2012-2013', 'SEM-7', 'Josef Richard', 'EAO-34', 11.32, 3.0, 'A', 2, 2);
insert into notes_details values ('2012-2013', 'SEM-7', 'Josef Richard', 'EAO-35', 11.32, 3.67, 'A', 2, 1);
insert into notes_details values ('2012-2013', 'SEM-7', 'Josef Richard', 'LCI-3', 11.32, 1.33, 'A', 0, 1);
insert into notes_details values ('2012-2013', 'SEM-7', 'Josef Richard', 'LCI-3', 11.32, 1.67, 'A', 0, 2);
insert into contentieux values ('2012-2013', 'SEM-7', 'Josef Richard', 'LCI-3');
insert into notes_details values ('2012-2013', 'SEM-7', 'Josef Richard', 'MAT-3', 11.32, 3.0, 'A', 3, 1);
insert into notes_details values ('2012-2013', 'SEM-7', 'Josef Richard', 'MNG-3', 11.32, 1.33, 'A', 0, 1);
insert into notes_details values ('2012-2013', 'SEM-7', 'Josef Richard', 'MNG-3', 11.32, 4.0, 'A', 3, 2);
insert into notes_details values ('2012-2013', 'SEM-7', 'Josef Richard', 'PJT-3', 11.32, 4.0, 'A', 5, 1);
insert into notes_details values ('2012-2013', 'SEM-7', 'Josef Richard', 'STD-3', 11.32, 1.67, 'A', 0, 1);
insert into notes_details values ('2012-2013', 'SEM-7', 'Josef Richard', 'STD-3', 11.32, 1.67, 'A', 0, 2);
insert into contentieux values ('2012-2013', 'SEM-7', 'Josef Richard', 'STD-3');
insert into gpa values ('2011-2012', 'SEM-5', 'Josef Richard', 2.41);
insert into gpa values ('2011-2012', 'SEM-6', 'Josef Richard', 3.0);
insert into gpa values ('2012-2013', 'SEM-7', 'Josef Richard', 3.93);
insert into eleves values ('Sarah Greaves', 1, 'S', 'Tres bien', 'MP', 'MP', 'sgreaves');
insert into notes_details values ('2011-2012', 'SEM-5', 'Sarah Greaves', 'ALG-1', 11.32, 3.0, 'A', 3, 1);
insert into notes_details values ('2011-2012', 'SEM-5', 'Sarah Greaves', 'DPP-1', 11.32, 3.67, 'A', 2, 1);
insert into notes_details values ('2011-2012', 'SEM-5', 'Sarah Greaves', 'ELE-1', 11.32, 1.67, 'A', 0, 1);
insert into notes_details values ('2011-2012', 'SEM-5', 'Sarah Greaves', 'ELE-1', 11.32, 3.33, 'A', 3, 2);
insert into notes_details values ('2011-2012', 'SEM-5', 'Sarah Greaves', 'INP-1', 11.32, 3.0, 'A', 3, 1);
insert into notes_details values ('2011-2012', 'SEM-5', 'Sarah Greaves', 'LCI-1', 11.32, 3.33, 'A', 3, 1);
insert into notes_details values ('2011-2012', 'SEM-5', 'Sarah Greaves', 'MAT-1', 11.32, 1.0, 'A', 0, 1);
insert into notes_details values ('2011-2012', 'SEM-5', 'Sarah Greaves', 'MAT-1', 11.32, 1.67, 'A', 3, 99);
insert into notes_details values ('2011-2012', 'SEM-5', 'Sarah Greaves', 'MGP-1', 11.32, 3.0, 'A', 4, 1);
insert into notes_details values ('2011-2012', 'SEM-5', 'Sarah Greaves', 'PHO-1', 11.32, 1.0, 'A', 0, 1);
insert into notes_details values ('2011-2012', 'SEM-5', 'Sarah Greaves', 'PHO-1', 11.32, 3.67, 'A', 3, 2);
insert into notes_details values ('2011-2012', 'SEM-5', 'Sarah Greaves', 'PHQ-1', 11.32, 2.33, 'A', 0, 1);
insert into notes_details values ('2011-2012', 'SEM-5', 'Sarah Greaves', 'PHQ-1', 11.32, 2.67, 'A', 3, 2);
insert into notes_details values ('2011-2012', 'SEM-5', 'Sarah Greaves', 'SPM-1', 11.32, 2.67, 'A', 3, 1);
insert into notes_details values ('2011-2012', 'SEM-6', 'Sarah Greaves', 'DPP-2', 11.32, 2.33, 'A', 0, 1);
insert into notes_details values ('2011-2012', 'SEM-6', 'Sarah Greaves', 'DPP-2', 11.32, 3.0, 'A', 1, 2);
insert into notes_details values ('2011-2012', 'SEM-6', 'Sarah Greaves', 'EAO-2', 11.32, 4.0, 'A', 3, 1);
insert into notes_details values ('2011-2012', 'SEM-6', 'Sarah Greaves', 'ECO-2', 11.32, 2.0, 'A', 0, 1);
insert into notes_details values ('2011-2012', 'SEM-6', 'Sarah Greaves', 'ECO-2', 11.32, 2.33, 'A', 3, 99);
insert into notes_details values ('2011-2012', 'SEM-6', 'Sarah Greaves', 'LCI-2', 11.32, 3.0, 'A', 3, 1);
insert into notes_details values ('2011-2012', 'SEM-6', 'Sarah Greaves', 'MAT-2', 11.32, 3.33, 'A', 2, 1);
insert into notes_details values ('2011-2012', 'SEM-6', 'Sarah Greaves', 'MCO-2', 11.32, 3.33, 'A', 2, 1);
insert into notes_details values ('2011-2012', 'SEM-6', 'Sarah Greaves', 'MGP-2', 11.32, 1.0, 'A', 0, 1);
insert into notes_details values ('2011-2012', 'SEM-6', 'Sarah Greaves', 'MGP-2', 11.32, 3.33, 'A', 4, 2);
insert into notes_details values ('2011-2012', 'SEM-6', 'Sarah Greaves', 'PHS-2', 11.32, 2.33, 'A', 0, 1);
insert into notes_details values ('2011-2012', 'SEM-6', 'Sarah Greaves', 'PHS-2', 11.32, 3.0, 'A', 2, 2);
insert into notes_details values ('2011-2012', 'SEM-6', 'Sarah Greaves', 'PJT-2', 11.32, 2.0, 'A', 0, 1);
insert into notes_details values ('2011-2012', 'SEM-6', 'Sarah Greaves', 'PJT-2', 11.32, 4.0, 'A', 1, 2);
insert into notes_details values ('2011-2012', 'SEM-6', 'Sarah Greaves', 'RMS-2', 11.32, 3.33, 'A', 4, 1);
insert into notes_details values ('2011-2012', 'SEM-6', 'Sarah Greaves', 'STG-2', 11.32, 3.33, 'A', 2, 1);
insert into notes_details values ('2011-2012', 'SEM-6', 'Sarah Greaves', 'THS-2', 11.32, 1.33, 'A', 0, 1);
insert into notes_details values ('2011-2012', 'SEM-6', 'Sarah Greaves', 'THS-2', 11.32, 2.67, 'A', 3, 2);
insert into notes_details values ('2012-2013', 'SEM-7', 'Sarah Greaves', 'ASL-3', 11.32, 1.0, 'A', 0, 1);
insert into notes_details values ('2012-2013', 'SEM-7', 'Sarah Greaves', 'ASL-3', 11.32, 1.33, 'A', 2, 99);
insert into notes_details values ('2012-2013', 'SEM-7', 'Sarah Greaves', 'DPP-3', 11.32, 3.67, 'A', 2, 1);
insert into notes_details values ('2012-2013', 'SEM-7', 'Sarah Greaves', 'EAO-31', 11.32, 1.33, 'A', 0, 1);
insert into notes_details values ('2012-2013', 'SEM-7', 'Sarah Greaves', 'EAO-31', 11.32, 1.67, 'A', 2, 99);
insert into notes_details values ('2012-2013', 'SEM-7', 'Sarah Greaves', 'EAO-32', 11.32, 1.67, 'A', 0, 1);
insert into notes_details values ('2012-2013', 'SEM-7', 'Sarah Greaves', 'EAO-32', 11.32, 2.67, 'A', 2, 2);
insert into notes_details values ('2012-2013', 'SEM-7', 'Sarah Greaves', 'EAO-33', 11.32, 2.33, 'A', 0, 1);
insert into notes_details values ('2012-2013', 'SEM-7', 'Sarah Greaves', 'EAO-33', 11.32, 1.67, 'A', 0, 2);
insert into contentieux values ('2012-2013', 'SEM-7', 'Sarah Greaves', 'EAO-33');
insert into notes_details values ('2012-2013', 'SEM-7', 'Sarah Greaves', 'EAO-34', 11.32, 1.67, 'A', 0, 1);
insert into notes_details values ('2012-2013', 'SEM-7', 'Sarah Greaves', 'EAO-34', 11.32, 3.0, 'A', 2, 2);
insert into notes_details values ('2012-2013', 'SEM-7', 'Sarah Greaves', 'EAO-35', 11.32, 2.33, 'A', 0, 1);
insert into notes_details values ('2012-2013', 'SEM-7', 'Sarah Greaves', 'EAO-35', 11.32, 1.33, 'A', 0, 2);
insert into contentieux values ('2012-2013', 'SEM-7', 'Sarah Greaves', 'EAO-35');
insert into notes_details values ('2012-2013', 'SEM-7', 'Sarah Greaves', 'LCI-3', 11.32, 1.0, 'A', 0, 1);
insert into notes_details values ('2012-2013', 'SEM-7', 'Sarah Greaves', 'LCI-3', 11.32, 4.0, 'A', 3, 2);
insert into notes_details values ('2012-2013', 'SEM-7', 'Sarah Greaves', 'MAT-3', 11.32, 1.0, 'A', 0, 1);
insert into notes_details values ('2012-2013', 'SEM-7', 'Sarah Greaves', 'MAT-3', 11.32, 2.33, 'A', 0, 2);
insert into contentieux values ('2012-2013', 'SEM-7', 'Sarah Greaves', 'MAT-3');
insert into notes_details values ('2012-2013', 'SEM-7', 'Sarah Greaves', 'MNG-3', 11.32, 1.33, 'A', 0, 1);
insert into notes_details values ('2012-2013', 'SEM-7', 'Sarah Greaves', 'MNG-3', 11.32, 1.67, 'A', 3, 99);
insert into notes_details values ('2012-2013', 'SEM-7', 'Sarah Greaves', 'PJT-3', 11.32, 1.33, 'A', 0, 1);
insert into notes_details values ('2012-2013', 'SEM-7', 'Sarah Greaves', 'PJT-3', 11.32, 1.67, 'A', 0, 2);
insert into contentieux values ('2012-2013', 'SEM-7', 'Sarah Greaves', 'PJT-3');
insert into notes_details values ('2012-2013', 'SEM-7', 'Sarah Greaves', 'STD-3', 11.32, 1.33, 'A', 0, 1);
insert into notes_details values ('2012-2013', 'SEM-7', 'Sarah Greaves', 'STD-3', 11.32, 1.0, 'A', 0, 2);
insert into contentieux values ('2012-2013', 'SEM-7', 'Sarah Greaves', 'STD-3');
insert into gpa values ('2011-2012', 'SEM-5', 'Sarah Greaves', 3.75);
insert into gpa values ('2011-2012', 'SEM-6', 'Sarah Greaves', 3.53);
insert into gpa values ('2012-2013', 'SEM-7', 'Sarah Greaves', 3.95);
insert into eleves values ('Marjolaine Best', 1, 'S', 'Tres bien', 'MP', 'MP', 'mbest');
insert into notes_details values ('2011-2012', 'SEM-5', 'Marjolaine Best', 'ALG-1', 11.32, 3.33, 'A', 3, 1);
insert into notes_details values ('2011-2012', 'SEM-5', 'Marjolaine Best', 'DPP-1', 11.32, 1.67, 'A', 0, 1);
insert into notes_details values ('2011-2012', 'SEM-5', 'Marjolaine Best', 'DPP-1', 11.32, 3.0, 'A', 2, 2);
insert into notes_details values ('2011-2012', 'SEM-5', 'Marjolaine Best', 'ELE-1', 11.32, 1.33, 'A', 0, 1);
insert into notes_details values ('2011-2012', 'SEM-5', 'Marjolaine Best', 'ELE-1', 11.32, 2.0, 'A', 3, 99);
insert into notes_details values ('2011-2012', 'SEM-5', 'Marjolaine Best', 'INP-1', 11.32, 3.0, 'A', 3, 1);
insert into notes_details values ('2011-2012', 'SEM-5', 'Marjolaine Best', 'LCI-1', 11.32, 3.33, 'A', 3, 1);
insert into notes_details values ('2011-2012', 'SEM-5', 'Marjolaine Best', 'MAT-1', 11.32, 3.0, 'A', 3, 1);
insert into notes_details values ('2011-2012', 'SEM-5', 'Marjolaine Best', 'MGP-1', 11.32, 2.33, 'A', 0, 1);
insert into notes_details values ('2011-2012', 'SEM-5', 'Marjolaine Best', 'MGP-1', 11.32, 3.0, 'A', 4, 2);
insert into notes_details values ('2011-2012', 'SEM-5', 'Marjolaine Best', 'PHO-1', 11.32, 1.33, 'A', 0, 1);
insert into notes_details values ('2011-2012', 'SEM-5', 'Marjolaine Best', 'PHO-1', 11.32, 3.33, 'A', 3, 2);
insert into notes_details values ('2011-2012', 'SEM-5', 'Marjolaine Best', 'PHQ-1', 11.32, 3.0, 'A', 3, 1);
insert into notes_details values ('2011-2012', 'SEM-5', 'Marjolaine Best', 'SPM-1', 11.32, 3.33, 'A', 3, 1);
insert into notes_details values ('2011-2012', 'SEM-6', 'Marjolaine Best', 'DPP-2', 11.32, 1.0, 'A', 0, 1);
insert into notes_details values ('2011-2012', 'SEM-6', 'Marjolaine Best', 'DPP-2', 11.32, 3.67, 'A', 1, 2);
insert into notes_details values ('2011-2012', 'SEM-6', 'Marjolaine Best', 'EAO-2', 11.32, 3.0, 'A', 3, 1);
insert into notes_details values ('2011-2012', 'SEM-6', 'Marjolaine Best', 'ECO-2', 11.32, 3.0, 'A', 3, 1);
insert into notes_details values ('2011-2012', 'SEM-6', 'Marjolaine Best', 'LCI-2', 11.32, 1.67, 'A', 0, 1);
insert into notes_details values ('2011-2012', 'SEM-6', 'Marjolaine Best', 'LCI-2', 11.32, 1.33, 'A', 3, 99);
insert into notes_details values ('2011-2012', 'SEM-6', 'Marjolaine Best', 'MAT-2', 11.32, 1.67, 'A', 0, 1);
insert into notes_details values ('2011-2012', 'SEM-6', 'Marjolaine Best', 'MAT-2', 11.32, 1.0, 'A', 2, 99);
insert into notes_details values ('2011-2012', 'SEM-6', 'Marjolaine Best', 'MCO-2', 11.32, 3.33, 'A', 2, 1);
insert into notes_details values ('2011-2012', 'SEM-6', 'Marjolaine Best', 'MGP-2', 11.32, 2.67, 'A', 4, 1);
insert into notes_details values ('2011-2012', 'SEM-6', 'Marjolaine Best', 'PHS-2', 11.32, 1.0, 'A', 0, 1);
insert into notes_details values ('2011-2012', 'SEM-6', 'Marjolaine Best', 'PHS-2', 11.32, 3.0, 'A', 2, 2);
insert into notes_details values ('2011-2012', 'SEM-6', 'Marjolaine Best', 'PJT-2', 11.32, 3.33, 'A', 1, 1);
insert into notes_details values ('2011-2012', 'SEM-6', 'Marjolaine Best', 'RMS-2', 11.32, 1.67, 'A', 0, 1);
insert into notes_details values ('2011-2012', 'SEM-6', 'Marjolaine Best', 'RMS-2', 11.32, 2.33, 'A', 4, 99);
insert into notes_details values ('2011-2012', 'SEM-6', 'Marjolaine Best', 'STG-2', 11.32, 1.0, 'A', 0, 1);
insert into notes_details values ('2011-2012', 'SEM-6', 'Marjolaine Best', 'STG-2', 11.32, 1.0, 'A', 2, 99);
insert into notes_details values ('2011-2012', 'SEM-6', 'Marjolaine Best', 'THS-2', 11.32, 2.0, 'A', 0, 1);
insert into notes_details values ('2011-2012', 'SEM-6', 'Marjolaine Best', 'THS-2', 11.32, 3.67, 'A', 3, 2);
insert into notes_details values ('2012-2013', 'SEM-7', 'Marjolaine Best', 'ASL-3', 11.32, 2.0, 'A', 0, 1);
insert into notes_details values ('2012-2013', 'SEM-7', 'Marjolaine Best', 'ASL-3', 11.32, 1.33, 'A', 0, 2);
insert into contentieux values ('2012-2013', 'SEM-7', 'Marjolaine Best', 'ASL-3');
insert into notes_details values ('2012-2013', 'SEM-7', 'Marjolaine Best', 'DPP-3', 11.32, 3.33, 'A', 2, 1);
insert into notes_details values ('2012-2013', 'SEM-7', 'Marjolaine Best', 'EAO-31', 11.32, 3.67, 'A', 2, 1);
insert into notes_details values ('2012-2013', 'SEM-7', 'Marjolaine Best', 'EAO-32', 11.32, 2.67, 'A', 2, 1);
insert into notes_details values ('2012-2013', 'SEM-7', 'Marjolaine Best', 'EAO-33', 11.32, 3.0, 'A', 2, 1);
insert into notes_details values ('2012-2013', 'SEM-7', 'Marjolaine Best', 'EAO-34', 11.32, 1.33, 'A', 0, 1);
insert into notes_details values ('2012-2013', 'SEM-7', 'Marjolaine Best', 'EAO-34', 11.32, 1.67, 'A', 2, 99);
insert into notes_details values ('2012-2013', 'SEM-7', 'Marjolaine Best', 'EAO-35', 11.32, 1.33, 'A', 0, 1);
insert into notes_details values ('2012-2013', 'SEM-7', 'Marjolaine Best', 'EAO-35', 11.32, 1.67, 'A', 0, 2);
insert into contentieux values ('2012-2013', 'SEM-7', 'Marjolaine Best', 'EAO-35');
insert into notes_details values ('2012-2013', 'SEM-7', 'Marjolaine Best', 'LCI-3', 11.32, 1.33, 'A', 0, 1);
insert into notes_details values ('2012-2013', 'SEM-7', 'Marjolaine Best', 'LCI-3', 11.32, 4.0, 'A', 3, 2);
insert into notes_details values ('2012-2013', 'SEM-7', 'Marjolaine Best', 'MAT-3', 11.32, 2.67, 'A', 3, 1);
insert into notes_details values ('2012-2013', 'SEM-7', 'Marjolaine Best', 'MNG-3', 11.32, 2.33, 'A', 0, 1);
insert into notes_details values ('2012-2013', 'SEM-7', 'Marjolaine Best', 'MNG-3', 11.32, 1.0, 'A', 0, 2);
insert into contentieux values ('2012-2013', 'SEM-7', 'Marjolaine Best', 'MNG-3');
insert into notes_details values ('2012-2013', 'SEM-7', 'Marjolaine Best', 'PJT-3', 11.32, 2.67, 'A', 5, 1);
insert into notes_details values ('2012-2013', 'SEM-7', 'Marjolaine Best', 'STD-3', 11.32, 3.33, 'A', 2, 1);
insert into gpa values ('2011-2012', 'SEM-5', 'Marjolaine Best', 3.6);
insert into gpa values ('2011-2012', 'SEM-6', 'Marjolaine Best', 3.01);
insert into gpa values ('2012-2013', 'SEM-7', 'Marjolaine Best', 3.64);
insert into eleves values ('Huette Paulet', 1, 'S', 'Tres bien', 'MP', 'MP', 'hpaulet');
insert into notes_details values ('2011-2012', 'SEM-5', 'Huette Paulet', 'ALG-1', 11.32, 2.0, 'A', 0, 1);
insert into notes_details values ('2011-2012', 'SEM-5', 'Huette Paulet', 'ALG-1', 11.32, 3.0, 'A', 3, 2);
insert into notes_details values ('2011-2012', 'SEM-5', 'Huette Paulet', 'DPP-1', 11.32, 1.33, 'A', 0, 1);
insert into notes_details values ('2011-2012', 'SEM-5', 'Huette Paulet', 'DPP-1', 11.32, 2.0, 'A', 2, 99);
insert into notes_details values ('2011-2012', 'SEM-5', 'Huette Paulet', 'ELE-1', 11.32, 2.33, 'A', 0, 1);
insert into notes_details values ('2011-2012', 'SEM-5', 'Huette Paulet', 'ELE-1', 11.32, 2.67, 'A', 3, 2);
insert into notes_details values ('2011-2012', 'SEM-5', 'Huette Paulet', 'INP-1', 11.32, 2.0, 'A', 0, 1);
insert into notes_details values ('2011-2012', 'SEM-5', 'Huette Paulet', 'INP-1', 11.32, 1.33, 'A', 3, 99);
insert into notes_details values ('2011-2012', 'SEM-5', 'Huette Paulet', 'LCI-1', 11.32, 1.33, 'A', 0, 1);
insert into notes_details values ('2011-2012', 'SEM-5', 'Huette Paulet', 'LCI-1', 11.32, 2.67, 'A', 3, 2);
insert into notes_details values ('2011-2012', 'SEM-5', 'Huette Paulet', 'MAT-1', 11.32, 3.33, 'A', 3, 1);
insert into notes_details values ('2011-2012', 'SEM-5', 'Huette Paulet', 'MGP-1', 11.32, 4.0, 'A', 4, 1);
insert into notes_details values ('2011-2012', 'SEM-5', 'Huette Paulet', 'PHO-1', 11.32, 2.0, 'A', 0, 1);
insert into notes_details values ('2011-2012', 'SEM-5', 'Huette Paulet', 'PHO-1', 11.32, 4.0, 'A', 3, 2);
insert into notes_details values ('2011-2012', 'SEM-5', 'Huette Paulet', 'PHQ-1', 11.32, 2.67, 'A', 3, 1);
insert into notes_details values ('2011-2012', 'SEM-5', 'Huette Paulet', 'SPM-1', 11.32, 3.0, 'A', 3, 1);
insert into notes_details values ('2011-2012', 'SEM-6', 'Huette Paulet', 'DPP-2', 11.32, 4.0, 'A', 1, 1);
insert into notes_details values ('2011-2012', 'SEM-6', 'Huette Paulet', 'EAO-2', 11.32, 3.67, 'A', 3, 1);
insert into notes_details values ('2011-2012', 'SEM-6', 'Huette Paulet', 'ECO-2', 11.32, 2.0, 'A', 0, 1);
insert into notes_details values ('2011-2012', 'SEM-6', 'Huette Paulet', 'ECO-2', 11.32, 2.67, 'A', 3, 2);
insert into notes_details values ('2011-2012', 'SEM-6', 'Huette Paulet', 'LCI-2', 11.32, 4.0, 'A', 3, 1);
insert into notes_details values ('2011-2012', 'SEM-6', 'Huette Paulet', 'MAT-2', 11.32, 2.67, 'A', 2, 1);
insert into notes_details values ('2011-2012', 'SEM-6', 'Huette Paulet', 'MCO-2', 11.32, 4.0, 'A', 2, 1);
insert into notes_details values ('2011-2012', 'SEM-6', 'Huette Paulet', 'MGP-2', 11.32, 1.33, 'A', 0, 1);
insert into notes_details values ('2011-2012', 'SEM-6', 'Huette Paulet', 'MGP-2', 11.32, 3.33, 'A', 4, 2);
insert into notes_details values ('2011-2012', 'SEM-6', 'Huette Paulet', 'PHS-2', 11.32, 2.0, 'A', 0, 1);
insert into notes_details values ('2011-2012', 'SEM-6', 'Huette Paulet', 'PHS-2', 11.32, 4.0, 'A', 2, 2);
insert into notes_details values ('2011-2012', 'SEM-6', 'Huette Paulet', 'PJT-2', 11.32, 2.33, 'A', 0, 1);
insert into notes_details values ('2011-2012', 'SEM-6', 'Huette Paulet', 'PJT-2', 11.32, 3.67, 'A', 1, 2);
insert into notes_details values ('2011-2012', 'SEM-6', 'Huette Paulet', 'RMS-2', 11.32, 4.0, 'A', 4, 1);
insert into notes_details values ('2011-2012', 'SEM-6', 'Huette Paulet', 'STG-2', 11.32, 2.67, 'A', 2, 1);
insert into notes_details values ('2011-2012', 'SEM-6', 'Huette Paulet', 'THS-2', 11.32, 1.67, 'A', 0, 1);
insert into notes_details values ('2011-2012', 'SEM-6', 'Huette Paulet', 'THS-2', 11.32, 4.0, 'A', 3, 2);
insert into notes_details values ('2012-2013', 'SEM-7', 'Huette Paulet', 'ASL-3', 11.32, 2.0, 'A', 0, 1);
insert into notes_details values ('2012-2013', 'SEM-7', 'Huette Paulet', 'ASL-3', 11.32, 2.33, 'A', 0, 2);
insert into contentieux values ('2012-2013', 'SEM-7', 'Huette Paulet', 'ASL-3');
insert into notes_details values ('2012-2013', 'SEM-7', 'Huette Paulet', 'DPP-3', 11.32, 3.67, 'A', 2, 1);
insert into notes_details values ('2012-2013', 'SEM-7', 'Huette Paulet', 'EAO-31', 11.32, 1.0, 'A', 0, 1);
insert into notes_details values ('2012-2013', 'SEM-7', 'Huette Paulet', 'EAO-31', 11.32, 2.33, 'A', 0, 2);
insert into contentieux values ('2012-2013', 'SEM-7', 'Huette Paulet', 'EAO-31');
insert into notes_details values ('2012-2013', 'SEM-7', 'Huette Paulet', 'EAO-32', 11.32, 2.0, 'A', 0, 1);
insert into notes_details values ('2012-2013', 'SEM-7', 'Huette Paulet', 'EAO-32', 11.32, 3.0, 'A', 2, 2);
insert into notes_details values ('2012-2013', 'SEM-7', 'Huette Paulet', 'EAO-33', 11.32, 2.67, 'A', 2, 1);
insert into notes_details values ('2012-2013', 'SEM-7', 'Huette Paulet', 'EAO-34', 11.32, 2.0, 'A', 0, 1);
insert into notes_details values ('2012-2013', 'SEM-7', 'Huette Paulet', 'EAO-34', 11.32, 4.0, 'A', 2, 2);
insert into notes_details values ('2012-2013', 'SEM-7', 'Huette Paulet', 'EAO-35', 11.32, 3.67, 'A', 2, 1);
insert into notes_details values ('2012-2013', 'SEM-7', 'Huette Paulet', 'LCI-3', 11.32, 1.0, 'A', 0, 1);
insert into notes_details values ('2012-2013', 'SEM-7', 'Huette Paulet', 'LCI-3', 11.32, 3.0, 'A', 3, 2);
insert into notes_details values ('2012-2013', 'SEM-7', 'Huette Paulet', 'MAT-3', 11.32, 3.0, 'A', 3, 1);
insert into notes_details values ('2012-2013', 'SEM-7', 'Huette Paulet', 'MNG-3', 11.32, 2.67, 'A', 3, 1);
insert into notes_details values ('2012-2013', 'SEM-7', 'Huette Paulet', 'PJT-3', 11.32, 1.0, 'A', 0, 1);
insert into notes_details values ('2012-2013', 'SEM-7', 'Huette Paulet', 'PJT-3', 11.32, 3.33, 'A', 5, 2);
insert into notes_details values ('2012-2013', 'SEM-7', 'Huette Paulet', 'STD-3', 11.32, 4.0, 'A', 2, 1);
insert into gpa values ('2011-2012', 'SEM-5', 'Huette Paulet', 2.78);
insert into gpa values ('2011-2012', 'SEM-6', 'Huette Paulet', 2.07);
insert into gpa values ('2012-2013', 'SEM-7', 'Huette Paulet', 3.35);
insert into eleves values ('Franz Sanchargin', 1, 'S', 'Tres bien', 'MP', 'MP', 'fsanchargin');
insert into notes_details values ('2011-2012', 'SEM-5', 'Franz Sanchargin', 'ALG-1', 11.32, 3.33, 'A', 3, 1);
insert into notes_details values ('2011-2012', 'SEM-5', 'Franz Sanchargin', 'DPP-1', 11.32, 3.67, 'A', 2, 1);
insert into notes_details values ('2011-2012', 'SEM-5', 'Franz Sanchargin', 'ELE-1', 11.32, 1.0, 'A', 0, 1);
insert into notes_details values ('2011-2012', 'SEM-5', 'Franz Sanchargin', 'ELE-1', 11.32, 3.33, 'A', 3, 2);
insert into notes_details values ('2011-2012', 'SEM-5', 'Franz Sanchargin', 'INP-1', 11.32, 1.33, 'A', 0, 1);
insert into notes_details values ('2011-2012', 'SEM-5', 'Franz Sanchargin', 'INP-1', 11.32, 1.67, 'A', 3, 99);
insert into notes_details values ('2011-2012', 'SEM-5', 'Franz Sanchargin', 'LCI-1', 11.32, 2.0, 'A', 0, 1);
insert into notes_details values ('2011-2012', 'SEM-5', 'Franz Sanchargin', 'LCI-1', 11.32, 3.67, 'A', 3, 2);
insert into notes_details values ('2011-2012', 'SEM-5', 'Franz Sanchargin', 'MAT-1', 11.32, 1.33, 'A', 0, 1);
insert into notes_details values ('2011-2012', 'SEM-5', 'Franz Sanchargin', 'MAT-1', 11.32, 2.0, 'A', 3, 99);
insert into notes_details values ('2011-2012', 'SEM-5', 'Franz Sanchargin', 'MGP-1', 11.32, 1.33, 'A', 0, 1);
insert into notes_details values ('2011-2012', 'SEM-5', 'Franz Sanchargin', 'MGP-1', 11.32, 3.0, 'A', 4, 2);
insert into notes_details values ('2011-2012', 'SEM-5', 'Franz Sanchargin', 'PHO-1', 11.32, 2.0, 'A', 0, 1);
insert into notes_details values ('2011-2012', 'SEM-5', 'Franz Sanchargin', 'PHO-1', 11.32, 3.33, 'A', 3, 2);
insert into notes_details values ('2011-2012', 'SEM-5', 'Franz Sanchargin', 'PHQ-1', 11.32, 4.0, 'A', 3, 1);
insert into notes_details values ('2011-2012', 'SEM-5', 'Franz Sanchargin', 'SPM-1', 11.32, 3.0, 'A', 3, 1);
insert into notes_details values ('2011-2012', 'SEM-6', 'Franz Sanchargin', 'DPP-2', 11.32, 2.0, 'A', 0, 1);
insert into notes_details values ('2011-2012', 'SEM-6', 'Franz Sanchargin', 'DPP-2', 11.32, 3.33, 'A', 1, 2);
insert into notes_details values ('2011-2012', 'SEM-6', 'Franz Sanchargin', 'EAO-2', 11.32, 2.33, 'A', 0, 1);
insert into notes_details values ('2011-2012', 'SEM-6', 'Franz Sanchargin', 'EAO-2', 11.32, 3.33, 'A', 3, 2);
insert into notes_details values ('2011-2012', 'SEM-6', 'Franz Sanchargin', 'ECO-2', 11.32, 2.33, 'A', 0, 1);
insert into notes_details values ('2011-2012', 'SEM-6', 'Franz Sanchargin', 'ECO-2', 11.32, 1.33, 'A', 3, 99);
insert into notes_details values ('2011-2012', 'SEM-6', 'Franz Sanchargin', 'LCI-2', 11.32, 1.33, 'A', 0, 1);
insert into notes_details values ('2011-2012', 'SEM-6', 'Franz Sanchargin', 'LCI-2', 11.32, 4.0, 'A', 3, 2);
insert into notes_details values ('2011-2012', 'SEM-6', 'Franz Sanchargin', 'MAT-2', 11.32, 1.67, 'A', 0, 1);
insert into notes_details values ('2011-2012', 'SEM-6', 'Franz Sanchargin', 'MAT-2', 11.32, 3.0, 'A', 2, 2);
insert into notes_details values ('2011-2012', 'SEM-6', 'Franz Sanchargin', 'MCO-2', 11.32, 3.33, 'A', 2, 1);
insert into notes_details values ('2011-2012', 'SEM-6', 'Franz Sanchargin', 'MGP-2', 11.32, 1.0, 'A', 0, 1);
insert into notes_details values ('2011-2012', 'SEM-6', 'Franz Sanchargin', 'MGP-2', 11.32, 1.67, 'A', 4, 99);
insert into notes_details values ('2011-2012', 'SEM-6', 'Franz Sanchargin', 'PHS-2', 11.32, 3.33, 'A', 2, 1);
insert into notes_details values ('2011-2012', 'SEM-6', 'Franz Sanchargin', 'PJT-2', 11.32, 4.0, 'A', 1, 1);
insert into notes_details values ('2011-2012', 'SEM-6', 'Franz Sanchargin', 'RMS-2', 11.32, 1.0, 'A', 0, 1);
insert into notes_details values ('2011-2012', 'SEM-6', 'Franz Sanchargin', 'RMS-2', 11.32, 3.33, 'A', 4, 2);
insert into notes_details values ('2011-2012', 'SEM-6', 'Franz Sanchargin', 'STG-2', 11.32, 2.67, 'A', 2, 1);
insert into notes_details values ('2011-2012', 'SEM-6', 'Franz Sanchargin', 'THS-2', 11.32, 3.67, 'A', 3, 1);
insert into notes_details values ('2012-2013', 'SEM-7', 'Franz Sanchargin', 'ASL-3', 11.32, 1.33, 'A', 0, 1);
insert into notes_details values ('2012-2013', 'SEM-7', 'Franz Sanchargin', 'ASL-3', 11.32, 3.0, 'A', 2, 2);
insert into notes_details values ('2012-2013', 'SEM-7', 'Franz Sanchargin', 'DPP-3', 11.32, 3.67, 'A', 2, 1);
insert into notes_details values ('2012-2013', 'SEM-7', 'Franz Sanchargin', 'EAO-31', 11.32, 1.67, 'A', 0, 1);
insert into notes_details values ('2012-2013', 'SEM-7', 'Franz Sanchargin', 'EAO-31', 11.32, 1.67, 'A', 2, 99);
insert into notes_details values ('2012-2013', 'SEM-7', 'Franz Sanchargin', 'EAO-32', 11.32, 4.0, 'A', 2, 1);
insert into notes_details values ('2012-2013', 'SEM-7', 'Franz Sanchargin', 'EAO-33', 11.32, 2.33, 'A', 0, 1);
insert into notes_details values ('2012-2013', 'SEM-7', 'Franz Sanchargin', 'EAO-33', 11.32, 2.33, 'A', 0, 2);
insert into contentieux values ('2012-2013', 'SEM-7', 'Franz Sanchargin', 'EAO-33');
insert into notes_details values ('2012-2013', 'SEM-7', 'Franz Sanchargin', 'EAO-34', 11.32, 3.67, 'A', 2, 1);
insert into notes_details values ('2012-2013', 'SEM-7', 'Franz Sanchargin', 'EAO-35', 11.32, 1.67, 'A', 0, 1);
insert into notes_details values ('2012-2013', 'SEM-7', 'Franz Sanchargin', 'EAO-35', 11.32, 1.67, 'A', 0, 2);
insert into contentieux values ('2012-2013', 'SEM-7', 'Franz Sanchargin', 'EAO-35');
insert into notes_details values ('2012-2013', 'SEM-7', 'Franz Sanchargin', 'LCI-3', 11.32, 4.0, 'A', 3, 1);
insert into notes_details values ('2012-2013', 'SEM-7', 'Franz Sanchargin', 'MAT-3', 11.32, 1.33, 'A', 0, 1);
insert into notes_details values ('2012-2013', 'SEM-7', 'Franz Sanchargin', 'MAT-3', 11.32, 2.0, 'A', 0, 2);
insert into contentieux values ('2012-2013', 'SEM-7', 'Franz Sanchargin', 'MAT-3');
insert into notes_details values ('2012-2013', 'SEM-7', 'Franz Sanchargin', 'MNG-3', 11.32, 2.67, 'A', 3, 1);
insert into notes_details values ('2012-2013', 'SEM-7', 'Franz Sanchargin', 'PJT-3', 11.32, 3.33, 'A', 5, 1);
insert into notes_details values ('2012-2013', 'SEM-7', 'Franz Sanchargin', 'STD-3', 11.32, 1.67, 'A', 0, 1);
insert into notes_details values ('2012-2013', 'SEM-7', 'Franz Sanchargin', 'STD-3', 11.32, 3.0, 'A', 2, 2);
insert into gpa values ('2011-2012', 'SEM-5', 'Franz Sanchargin', 2.62);
insert into gpa values ('2011-2012', 'SEM-6', 'Franz Sanchargin', 3.9);
insert into gpa values ('2012-2013', 'SEM-7', 'Franz Sanchargin', 3.21);
insert into eleves values ('Florent Ullrich', 1, 'S', 'Tres bien', 'MP', 'MP', 'fullrich');
insert into notes_details values ('2011-2012', 'SEM-5', 'Florent Ullrich', 'ALG-1', 11.32, 1.0, 'A', 0, 1);
insert into notes_details values ('2011-2012', 'SEM-5', 'Florent Ullrich', 'ALG-1', 11.32, 3.0, 'A', 3, 2);
insert into notes_details values ('2011-2012', 'SEM-5', 'Florent Ullrich', 'DPP-1', 11.32, 4.0, 'A', 2, 1);
insert into notes_details values ('2011-2012', 'SEM-5', 'Florent Ullrich', 'ELE-1', 11.32, 1.0, 'A', 0, 1);
insert into notes_details values ('2011-2012', 'SEM-5', 'Florent Ullrich', 'ELE-1', 11.32, 3.67, 'A', 3, 2);
insert into notes_details values ('2011-2012', 'SEM-5', 'Florent Ullrich', 'INP-1', 11.32, 1.33, 'A', 0, 1);
insert into notes_details values ('2011-2012', 'SEM-5', 'Florent Ullrich', 'INP-1', 11.32, 4.0, 'A', 3, 2);
insert into notes_details values ('2011-2012', 'SEM-5', 'Florent Ullrich', 'LCI-1', 11.32, 4.0, 'A', 3, 1);
insert into notes_details values ('2011-2012', 'SEM-5', 'Florent Ullrich', 'MAT-1', 11.32, 2.0, 'A', 0, 1);
insert into notes_details values ('2011-2012', 'SEM-5', 'Florent Ullrich', 'MAT-1', 11.32, 1.67, 'A', 3, 99);
insert into notes_details values ('2011-2012', 'SEM-5', 'Florent Ullrich', 'MGP-1', 11.32, 3.33, 'A', 4, 1);
insert into notes_details values ('2011-2012', 'SEM-5', 'Florent Ullrich', 'PHO-1', 11.32, 4.0, 'A', 3, 1);
insert into notes_details values ('2011-2012', 'SEM-5', 'Florent Ullrich', 'PHQ-1', 11.32, 1.67, 'A', 0, 1);
insert into notes_details values ('2011-2012', 'SEM-5', 'Florent Ullrich', 'PHQ-1', 11.32, 4.0, 'A', 3, 2);
insert into notes_details values ('2011-2012', 'SEM-5', 'Florent Ullrich', 'SPM-1', 11.32, 2.0, 'A', 0, 1);
insert into notes_details values ('2011-2012', 'SEM-5', 'Florent Ullrich', 'SPM-1', 11.32, 2.0, 'A', 3, 99);
insert into notes_details values ('2011-2012', 'SEM-6', 'Florent Ullrich', 'DPP-2', 11.32, 2.67, 'A', 1, 1);
insert into notes_details values ('2011-2012', 'SEM-6', 'Florent Ullrich', 'EAO-2', 11.32, 1.33, 'A', 0, 1);
insert into notes_details values ('2011-2012', 'SEM-6', 'Florent Ullrich', 'EAO-2', 11.32, 2.67, 'A', 3, 2);
insert into notes_details values ('2011-2012', 'SEM-6', 'Florent Ullrich', 'ECO-2', 11.32, 1.0, 'A', 0, 1);
insert into notes_details values ('2011-2012', 'SEM-6', 'Florent Ullrich', 'ECO-2', 11.32, 3.33, 'A', 3, 2);
insert into notes_details values ('2011-2012', 'SEM-6', 'Florent Ullrich', 'LCI-2', 11.32, 3.33, 'A', 3, 1);
insert into notes_details values ('2011-2012', 'SEM-6', 'Florent Ullrich', 'MAT-2', 11.32, 3.33, 'A', 2, 1);
insert into notes_details values ('2011-2012', 'SEM-6', 'Florent Ullrich', 'MCO-2', 11.32, 1.33, 'A', 0, 1);
insert into notes_details values ('2011-2012', 'SEM-6', 'Florent Ullrich', 'MCO-2', 11.32, 3.33, 'A', 2, 2);
insert into notes_details values ('2011-2012', 'SEM-6', 'Florent Ullrich', 'MGP-2', 11.32, 1.67, 'A', 0, 1);
insert into notes_details values ('2011-2012', 'SEM-6', 'Florent Ullrich', 'MGP-2', 11.32, 4.0, 'A', 4, 2);
insert into notes_details values ('2011-2012', 'SEM-6', 'Florent Ullrich', 'PHS-2', 11.32, 1.67, 'A', 0, 1);
insert into notes_details values ('2011-2012', 'SEM-6', 'Florent Ullrich', 'PHS-2', 11.32, 3.67, 'A', 2, 2);
insert into notes_details values ('2011-2012', 'SEM-6', 'Florent Ullrich', 'PJT-2', 11.32, 1.67, 'A', 0, 1);
insert into notes_details values ('2011-2012', 'SEM-6', 'Florent Ullrich', 'PJT-2', 11.32, 1.33, 'A', 1, 99);
insert into notes_details values ('2011-2012', 'SEM-6', 'Florent Ullrich', 'RMS-2', 11.32, 3.33, 'A', 4, 1);
insert into notes_details values ('2011-2012', 'SEM-6', 'Florent Ullrich', 'STG-2', 11.32, 1.33, 'A', 0, 1);
insert into notes_details values ('2011-2012', 'SEM-6', 'Florent Ullrich', 'STG-2', 11.32, 3.33, 'A', 2, 2);
insert into notes_details values ('2011-2012', 'SEM-6', 'Florent Ullrich', 'THS-2', 11.32, 2.67, 'A', 3, 1);
insert into notes_details values ('2012-2013', 'SEM-7', 'Florent Ullrich', 'ASL-3', 11.32, 3.67, 'A', 2, 1);
insert into notes_details values ('2012-2013', 'SEM-7', 'Florent Ullrich', 'DPP-3', 11.32, 1.33, 'A', 0, 1);
insert into notes_details values ('2012-2013', 'SEM-7', 'Florent Ullrich', 'DPP-3', 11.32, 3.67, 'A', 2, 2);
insert into notes_details values ('2012-2013', 'SEM-7', 'Florent Ullrich', 'EAO-31', 11.32, 3.67, 'A', 2, 1);
insert into notes_details values ('2012-2013', 'SEM-7', 'Florent Ullrich', 'EAO-32', 11.32, 1.67, 'A', 0, 1);
insert into notes_details values ('2012-2013', 'SEM-7', 'Florent Ullrich', 'EAO-32', 11.32, 3.0, 'A', 2, 2);
insert into notes_details values ('2012-2013', 'SEM-7', 'Florent Ullrich', 'EAO-33', 11.32, 4.0, 'A', 2, 1);
insert into notes_details values ('2012-2013', 'SEM-7', 'Florent Ullrich', 'EAO-34', 11.32, 3.67, 'A', 2, 1);
insert into notes_details values ('2012-2013', 'SEM-7', 'Florent Ullrich', 'EAO-35', 11.32, 1.67, 'A', 0, 1);
insert into notes_details values ('2012-2013', 'SEM-7', 'Florent Ullrich', 'EAO-35', 11.32, 1.0, 'A', 0, 2);
insert into contentieux values ('2012-2013', 'SEM-7', 'Florent Ullrich', 'EAO-35');
insert into notes_details values ('2012-2013', 'SEM-7', 'Florent Ullrich', 'LCI-3', 11.32, 1.33, 'A', 0, 1);
insert into notes_details values ('2012-2013', 'SEM-7', 'Florent Ullrich', 'LCI-3', 11.32, 4.0, 'A', 3, 2);
insert into notes_details values ('2012-2013', 'SEM-7', 'Florent Ullrich', 'MAT-3', 11.32, 2.0, 'A', 0, 1);
insert into notes_details values ('2012-2013', 'SEM-7', 'Florent Ullrich', 'MAT-3', 11.32, 2.33, 'A', 0, 2);
insert into contentieux values ('2012-2013', 'SEM-7', 'Florent Ullrich', 'MAT-3');
insert into notes_details values ('2012-2013', 'SEM-7', 'Florent Ullrich', 'MNG-3', 11.32, 1.33, 'A', 0, 1);
insert into notes_details values ('2012-2013', 'SEM-7', 'Florent Ullrich', 'MNG-3', 11.32, 4.0, 'A', 3, 2);
insert into notes_details values ('2012-2013', 'SEM-7', 'Florent Ullrich', 'PJT-3', 11.32, 3.0, 'A', 5, 1);
insert into notes_details values ('2012-2013', 'SEM-7', 'Florent Ullrich', 'STD-3', 11.32, 3.67, 'A', 2, 1);
insert into gpa values ('2011-2012', 'SEM-5', 'Florent Ullrich', 2.97);
insert into gpa values ('2011-2012', 'SEM-6', 'Florent Ullrich', 3.41);
insert into gpa values ('2012-2013', 'SEM-7', 'Florent Ullrich', 3.73);
insert into eleves values ('Jade Michel', 1, 'S', 'Tres bien', 'MP', 'MP', 'jmichel');
insert into notes_details values ('2011-2012', 'SEM-5', 'Jade Michel', 'ALG-1', 11.32, 3.33, 'A', 3, 1);
insert into notes_details values ('2011-2012', 'SEM-5', 'Jade Michel', 'DPP-1', 11.32, 3.33, 'A', 2, 1);
insert into notes_details values ('2011-2012', 'SEM-5', 'Jade Michel', 'ELE-1', 11.32, 2.67, 'A', 3, 1);
insert into notes_details values ('2011-2012', 'SEM-5', 'Jade Michel', 'INP-1', 11.32, 1.33, 'A', 0, 1);
insert into notes_details values ('2011-2012', 'SEM-5', 'Jade Michel', 'INP-1', 11.32, 4.0, 'A', 3, 2);
insert into notes_details values ('2011-2012', 'SEM-5', 'Jade Michel', 'LCI-1', 11.32, 4.0, 'A', 3, 1);
insert into notes_details values ('2011-2012', 'SEM-5', 'Jade Michel', 'MAT-1', 11.32, 2.0, 'A', 0, 1);
insert into notes_details values ('2011-2012', 'SEM-5', 'Jade Michel', 'MAT-1', 11.32, 4.0, 'A', 3, 2);
insert into notes_details values ('2011-2012', 'SEM-5', 'Jade Michel', 'MGP-1', 11.32, 1.0, 'A', 0, 1);
insert into notes_details values ('2011-2012', 'SEM-5', 'Jade Michel', 'MGP-1', 11.32, 2.67, 'A', 4, 2);
insert into notes_details values ('2011-2012', 'SEM-5', 'Jade Michel', 'PHO-1', 11.32, 4.0, 'A', 3, 1);
insert into notes_details values ('2011-2012', 'SEM-5', 'Jade Michel', 'PHQ-1', 11.32, 1.67, 'A', 0, 1);
insert into notes_details values ('2011-2012', 'SEM-5', 'Jade Michel', 'PHQ-1', 11.32, 2.33, 'A', 3, 99);
insert into notes_details values ('2011-2012', 'SEM-5', 'Jade Michel', 'SPM-1', 11.32, 1.0, 'A', 0, 1);
insert into notes_details values ('2011-2012', 'SEM-5', 'Jade Michel', 'SPM-1', 11.32, 4.0, 'A', 3, 2);
insert into notes_details values ('2011-2012', 'SEM-6', 'Jade Michel', 'DPP-2', 11.32, 1.67, 'A', 0, 1);
insert into notes_details values ('2011-2012', 'SEM-6', 'Jade Michel', 'DPP-2', 11.32, 2.0, 'A', 1, 99);
insert into notes_details values ('2011-2012', 'SEM-6', 'Jade Michel', 'EAO-2', 11.32, 1.0, 'A', 0, 1);
insert into notes_details values ('2011-2012', 'SEM-6', 'Jade Michel', 'EAO-2', 11.32, 3.67, 'A', 3, 2);
insert into notes_details values ('2011-2012', 'SEM-6', 'Jade Michel', 'ECO-2', 11.32, 2.67, 'A', 3, 1);
insert into notes_details values ('2011-2012', 'SEM-6', 'Jade Michel', 'LCI-2', 11.32, 1.0, 'A', 0, 1);
insert into notes_details values ('2011-2012', 'SEM-6', 'Jade Michel', 'LCI-2', 11.32, 4.0, 'A', 3, 2);
insert into notes_details values ('2011-2012', 'SEM-6', 'Jade Michel', 'MAT-2', 11.32, 2.33, 'A', 0, 1);
insert into notes_details values ('2011-2012', 'SEM-6', 'Jade Michel', 'MAT-2', 11.32, 4.0, 'A', 2, 2);
insert into notes_details values ('2011-2012', 'SEM-6', 'Jade Michel', 'MCO-2', 11.32, 4.0, 'A', 2, 1);
insert into notes_details values ('2011-2012', 'SEM-6', 'Jade Michel', 'MGP-2', 11.32, 2.33, 'A', 0, 1);
insert into notes_details values ('2011-2012', 'SEM-6', 'Jade Michel', 'MGP-2', 11.32, 3.67, 'A', 4, 2);
insert into notes_details values ('2011-2012', 'SEM-6', 'Jade Michel', 'PHS-2', 11.32, 3.0, 'A', 2, 1);
insert into notes_details values ('2011-2012', 'SEM-6', 'Jade Michel', 'PJT-2', 11.32, 1.67, 'A', 0, 1);
insert into notes_details values ('2011-2012', 'SEM-6', 'Jade Michel', 'PJT-2', 11.32, 2.0, 'A', 1, 99);
insert into notes_details values ('2011-2012', 'SEM-6', 'Jade Michel', 'RMS-2', 11.32, 4.0, 'A', 4, 1);
insert into notes_details values ('2011-2012', 'SEM-6', 'Jade Michel', 'STG-2', 11.32, 2.0, 'A', 0, 1);
insert into notes_details values ('2011-2012', 'SEM-6', 'Jade Michel', 'STG-2', 11.32, 3.0, 'A', 2, 2);
insert into notes_details values ('2011-2012', 'SEM-6', 'Jade Michel', 'THS-2', 11.32, 3.0, 'A', 3, 1);
insert into notes_details values ('2012-2013', 'SEM-7', 'Jade Michel', 'ASL-3', 11.32, 1.33, 'A', 0, 1);
insert into notes_details values ('2012-2013', 'SEM-7', 'Jade Michel', 'ASL-3', 11.32, 2.33, 'A', 0, 2);
insert into contentieux values ('2012-2013', 'SEM-7', 'Jade Michel', 'ASL-3');
insert into notes_details values ('2012-2013', 'SEM-7', 'Jade Michel', 'DPP-3', 11.32, 3.33, 'A', 2, 1);
insert into notes_details values ('2012-2013', 'SEM-7', 'Jade Michel', 'EAO-31', 11.32, 3.33, 'A', 2, 1);
insert into notes_details values ('2012-2013', 'SEM-7', 'Jade Michel', 'EAO-32', 11.32, 3.0, 'A', 2, 1);
insert into notes_details values ('2012-2013', 'SEM-7', 'Jade Michel', 'EAO-33', 11.32, 1.33, 'A', 0, 1);
insert into notes_details values ('2012-2013', 'SEM-7', 'Jade Michel', 'EAO-33', 11.32, 3.67, 'A', 2, 2);
insert into notes_details values ('2012-2013', 'SEM-7', 'Jade Michel', 'EAO-34', 11.32, 1.67, 'A', 0, 1);
insert into notes_details values ('2012-2013', 'SEM-7', 'Jade Michel', 'EAO-34', 11.32, 2.0, 'A', 2, 99);
insert into notes_details values ('2012-2013', 'SEM-7', 'Jade Michel', 'EAO-35', 11.32, 3.33, 'A', 2, 1);
insert into notes_details values ('2012-2013', 'SEM-7', 'Jade Michel', 'LCI-3', 11.32, 2.0, 'A', 0, 1);
insert into notes_details values ('2012-2013', 'SEM-7', 'Jade Michel', 'LCI-3', 11.32, 2.67, 'A', 3, 2);
insert into notes_details values ('2012-2013', 'SEM-7', 'Jade Michel', 'MAT-3', 11.32, 1.0, 'A', 0, 1);
insert into notes_details values ('2012-2013', 'SEM-7', 'Jade Michel', 'MAT-3', 11.32, 1.67, 'A', 0, 2);
insert into contentieux values ('2012-2013', 'SEM-7', 'Jade Michel', 'MAT-3');
insert into notes_details values ('2012-2013', 'SEM-7', 'Jade Michel', 'MNG-3', 11.32, 1.67, 'A', 0, 1);
insert into notes_details values ('2012-2013', 'SEM-7', 'Jade Michel', 'MNG-3', 11.32, 3.67, 'A', 3, 2);
insert into notes_details values ('2012-2013', 'SEM-7', 'Jade Michel', 'PJT-3', 11.32, 2.33, 'A', 0, 1);
insert into notes_details values ('2012-2013', 'SEM-7', 'Jade Michel', 'PJT-3', 11.32, 4.0, 'A', 5, 2);
insert into notes_details values ('2012-2013', 'SEM-7', 'Jade Michel', 'STD-3', 11.32, 4.0, 'A', 2, 1);
insert into gpa values ('2011-2012', 'SEM-5', 'Jade Michel', 3.31);
insert into gpa values ('2011-2012', 'SEM-6', 'Jade Michel', 3.34);
insert into gpa values ('2012-2013', 'SEM-7', 'Jade Michel', 2.24);
insert into eleves values ('Martin Auclair', 1, 'S', 'Tres bien', 'MP', 'MP', 'mauclair');
insert into notes_details values ('2011-2012', 'SEM-5', 'Martin Auclair', 'ALG-1', 11.32, 4.0, 'A', 3, 1);
insert into notes_details values ('2011-2012', 'SEM-5', 'Martin Auclair', 'DPP-1', 11.32, 1.67, 'A', 0, 1);
insert into notes_details values ('2011-2012', 'SEM-5', 'Martin Auclair', 'DPP-1', 11.32, 3.67, 'A', 2, 2);
insert into notes_details values ('2011-2012', 'SEM-5', 'Martin Auclair', 'ELE-1', 11.32, 1.0, 'A', 0, 1);
insert into notes_details values ('2011-2012', 'SEM-5', 'Martin Auclair', 'ELE-1', 11.32, 3.67, 'A', 3, 2);
insert into notes_details values ('2011-2012', 'SEM-5', 'Martin Auclair', 'INP-1', 11.32, 2.0, 'A', 0, 1);
insert into notes_details values ('2011-2012', 'SEM-5', 'Martin Auclair', 'INP-1', 11.32, 2.67, 'A', 3, 2);
insert into notes_details values ('2011-2012', 'SEM-5', 'Martin Auclair', 'LCI-1', 11.32, 1.33, 'A', 0, 1);
insert into notes_details values ('2011-2012', 'SEM-5', 'Martin Auclair', 'LCI-1', 11.32, 1.33, 'A', 3, 99);
insert into notes_details values ('2011-2012', 'SEM-5', 'Martin Auclair', 'MAT-1', 11.32, 2.67, 'A', 3, 1);
insert into notes_details values ('2011-2012', 'SEM-5', 'Martin Auclair', 'MGP-1', 11.32, 3.0, 'A', 4, 1);
insert into notes_details values ('2011-2012', 'SEM-5', 'Martin Auclair', 'PHO-1', 11.32, 4.0, 'A', 3, 1);
insert into notes_details values ('2011-2012', 'SEM-5', 'Martin Auclair', 'PHQ-1', 11.32, 2.0, 'A', 0, 1);
insert into notes_details values ('2011-2012', 'SEM-5', 'Martin Auclair', 'PHQ-1', 11.32, 3.0, 'A', 3, 2);
insert into notes_details values ('2011-2012', 'SEM-5', 'Martin Auclair', 'SPM-1', 11.32, 3.33, 'A', 3, 1);
insert into notes_details values ('2011-2012', 'SEM-6', 'Martin Auclair', 'DPP-2', 11.32, 2.0, 'A', 0, 1);
insert into notes_details values ('2011-2012', 'SEM-6', 'Martin Auclair', 'DPP-2', 11.32, 1.67, 'A', 1, 99);
insert into notes_details values ('2011-2012', 'SEM-6', 'Martin Auclair', 'EAO-2', 11.32, 1.67, 'A', 0, 1);
insert into notes_details values ('2011-2012', 'SEM-6', 'Martin Auclair', 'EAO-2', 11.32, 2.67, 'A', 3, 2);
insert into notes_details values ('2011-2012', 'SEM-6', 'Martin Auclair', 'ECO-2', 11.32, 3.33, 'A', 3, 1);
insert into notes_details values ('2011-2012', 'SEM-6', 'Martin Auclair', 'LCI-2', 11.32, 2.33, 'A', 0, 1);
insert into notes_details values ('2011-2012', 'SEM-6', 'Martin Auclair', 'LCI-2', 11.32, 2.67, 'A', 3, 2);
insert into notes_details values ('2011-2012', 'SEM-6', 'Martin Auclair', 'MAT-2', 11.32, 3.0, 'A', 2, 1);
insert into notes_details values ('2011-2012', 'SEM-6', 'Martin Auclair', 'MCO-2', 11.32, 3.0, 'A', 2, 1);
insert into notes_details values ('2011-2012', 'SEM-6', 'Martin Auclair', 'MGP-2', 11.32, 2.67, 'A', 4, 1);
insert into notes_details values ('2011-2012', 'SEM-6', 'Martin Auclair', 'PHS-2', 11.32, 2.67, 'A', 2, 1);
insert into notes_details values ('2011-2012', 'SEM-6', 'Martin Auclair', 'PJT-2', 11.32, 2.67, 'A', 1, 1);
insert into notes_details values ('2011-2012', 'SEM-6', 'Martin Auclair', 'RMS-2', 11.32, 3.67, 'A', 4, 1);
insert into notes_details values ('2011-2012', 'SEM-6', 'Martin Auclair', 'STG-2', 11.32, 2.0, 'A', 0, 1);
insert into notes_details values ('2011-2012', 'SEM-6', 'Martin Auclair', 'STG-2', 11.32, 3.0, 'A', 2, 2);
insert into notes_details values ('2011-2012', 'SEM-6', 'Martin Auclair', 'THS-2', 11.32, 3.0, 'A', 3, 1);
insert into notes_details values ('2012-2013', 'SEM-7', 'Martin Auclair', 'ASL-3', 11.32, 1.33, 'A', 0, 1);
insert into notes_details values ('2012-2013', 'SEM-7', 'Martin Auclair', 'ASL-3', 11.32, 1.33, 'A', 0, 2);
insert into contentieux values ('2012-2013', 'SEM-7', 'Martin Auclair', 'ASL-3');
insert into notes_details values ('2012-2013', 'SEM-7', 'Martin Auclair', 'DPP-3', 11.32, 3.67, 'A', 2, 1);
insert into notes_details values ('2012-2013', 'SEM-7', 'Martin Auclair', 'EAO-31', 11.32, 2.67, 'A', 2, 1);
insert into notes_details values ('2012-2013', 'SEM-7', 'Martin Auclair', 'EAO-32', 11.32, 2.67, 'A', 2, 1);
insert into notes_details values ('2012-2013', 'SEM-7', 'Martin Auclair', 'EAO-33', 11.32, 1.67, 'A', 0, 1);
insert into notes_details values ('2012-2013', 'SEM-7', 'Martin Auclair', 'EAO-33', 11.32, 3.33, 'A', 2, 2);
insert into notes_details values ('2012-2013', 'SEM-7', 'Martin Auclair', 'EAO-34', 11.32, 2.0, 'A', 0, 1);
insert into notes_details values ('2012-2013', 'SEM-7', 'Martin Auclair', 'EAO-34', 11.32, 1.0, 'A', 0, 2);
insert into contentieux values ('2012-2013', 'SEM-7', 'Martin Auclair', 'EAO-34');
insert into notes_details values ('2012-2013', 'SEM-7', 'Martin Auclair', 'EAO-35', 11.32, 1.33, 'A', 0, 1);
insert into notes_details values ('2012-2013', 'SEM-7', 'Martin Auclair', 'EAO-35', 11.32, 2.67, 'A', 2, 2);
insert into notes_details values ('2012-2013', 'SEM-7', 'Martin Auclair', 'LCI-3', 11.32, 2.0, 'A', 0, 1);
insert into notes_details values ('2012-2013', 'SEM-7', 'Martin Auclair', 'LCI-3', 11.32, 1.33, 'A', 3, 99);
insert into notes_details values ('2012-2013', 'SEM-7', 'Martin Auclair', 'MAT-3', 11.32, 2.0, 'A', 0, 1);
insert into notes_details values ('2012-2013', 'SEM-7', 'Martin Auclair', 'MAT-3', 11.32, 2.33, 'A', 0, 2);
insert into contentieux values ('2012-2013', 'SEM-7', 'Martin Auclair', 'MAT-3');
insert into notes_details values ('2012-2013', 'SEM-7', 'Martin Auclair', 'MNG-3', 11.32, 1.67, 'A', 0, 1);
insert into notes_details values ('2012-2013', 'SEM-7', 'Martin Auclair', 'MNG-3', 11.32, 2.33, 'A', 0, 2);
insert into contentieux values ('2012-2013', 'SEM-7', 'Martin Auclair', 'MNG-3');
insert into notes_details values ('2012-2013', 'SEM-7', 'Martin Auclair', 'PJT-3', 11.32, 4.0, 'A', 5, 1);
insert into notes_details values ('2012-2013', 'SEM-7', 'Martin Auclair', 'STD-3', 11.32, 2.33, 'A', 0, 1);
insert into notes_details values ('2012-2013', 'SEM-7', 'Martin Auclair', 'STD-3', 11.32, 1.67, 'A', 0, 2);
insert into contentieux values ('2012-2013', 'SEM-7', 'Martin Auclair', 'STD-3');
insert into gpa values ('2011-2012', 'SEM-5', 'Martin Auclair', 3.35);
insert into gpa values ('2011-2012', 'SEM-6', 'Martin Auclair', 3.38);
insert into gpa values ('2012-2013', 'SEM-7', 'Martin Auclair', 3.04);
insert into eleves values ('Christophe Jalabert', 1, 'S', 'Tres bien', 'MP', 'MP', 'cjalabert');
insert into notes_details values ('2011-2012', 'SEM-5', 'Christophe Jalabert', 'ALG-1', 11.32, 4.0, 'A', 3, 1);
insert into notes_details values ('2011-2012', 'SEM-5', 'Christophe Jalabert', 'DPP-1', 11.32, 1.67, 'A', 0, 1);
insert into notes_details values ('2011-2012', 'SEM-5', 'Christophe Jalabert', 'DPP-1', 11.32, 3.0, 'A', 2, 2);
insert into notes_details values ('2011-2012', 'SEM-5', 'Christophe Jalabert', 'ELE-1', 11.32, 3.0, 'A', 3, 1);
insert into notes_details values ('2011-2012', 'SEM-5', 'Christophe Jalabert', 'INP-1', 11.32, 2.0, 'A', 0, 1);
insert into notes_details values ('2011-2012', 'SEM-5', 'Christophe Jalabert', 'INP-1', 11.32, 3.67, 'A', 3, 2);
insert into notes_details values ('2011-2012', 'SEM-5', 'Christophe Jalabert', 'LCI-1', 11.32, 2.67, 'A', 3, 1);
insert into notes_details values ('2011-2012', 'SEM-5', 'Christophe Jalabert', 'MAT-1', 11.32, 2.33, 'A', 0, 1);
insert into notes_details values ('2011-2012', 'SEM-5', 'Christophe Jalabert', 'MAT-1', 11.32, 2.0, 'A', 3, 99);
insert into notes_details values ('2011-2012', 'SEM-5', 'Christophe Jalabert', 'MGP-1', 11.32, 1.67, 'A', 0, 1);
insert into notes_details values ('2011-2012', 'SEM-5', 'Christophe Jalabert', 'MGP-1', 11.32, 3.67, 'A', 4, 2);
insert into notes_details values ('2011-2012', 'SEM-5', 'Christophe Jalabert', 'PHO-1', 11.32, 3.0, 'A', 3, 1);
insert into notes_details values ('2011-2012', 'SEM-5', 'Christophe Jalabert', 'PHQ-1', 11.32, 4.0, 'A', 3, 1);
insert into notes_details values ('2011-2012', 'SEM-5', 'Christophe Jalabert', 'SPM-1', 11.32, 1.33, 'A', 0, 1);
insert into notes_details values ('2011-2012', 'SEM-5', 'Christophe Jalabert', 'SPM-1', 11.32, 1.0, 'A', 3, 99);
insert into notes_details values ('2011-2012', 'SEM-6', 'Christophe Jalabert', 'DPP-2', 11.32, 3.0, 'A', 1, 1);
insert into notes_details values ('2011-2012', 'SEM-6', 'Christophe Jalabert', 'EAO-2', 11.32, 4.0, 'A', 3, 1);
insert into notes_details values ('2011-2012', 'SEM-6', 'Christophe Jalabert', 'ECO-2', 11.32, 3.0, 'A', 3, 1);
insert into notes_details values ('2011-2012', 'SEM-6', 'Christophe Jalabert', 'LCI-2', 11.32, 2.67, 'A', 3, 1);
insert into notes_details values ('2011-2012', 'SEM-6', 'Christophe Jalabert', 'MAT-2', 11.32, 2.67, 'A', 2, 1);
insert into notes_details values ('2011-2012', 'SEM-6', 'Christophe Jalabert', 'MCO-2', 11.32, 2.33, 'A', 0, 1);
insert into notes_details values ('2011-2012', 'SEM-6', 'Christophe Jalabert', 'MCO-2', 11.32, 3.33, 'A', 2, 2);
insert into notes_details values ('2011-2012', 'SEM-6', 'Christophe Jalabert', 'MGP-2', 11.32, 3.33, 'A', 4, 1);
insert into notes_details values ('2011-2012', 'SEM-6', 'Christophe Jalabert', 'PHS-2', 11.32, 3.67, 'A', 2, 1);
insert into notes_details values ('2011-2012', 'SEM-6', 'Christophe Jalabert', 'PJT-2', 11.32, 2.0, 'A', 0, 1);
insert into notes_details values ('2011-2012', 'SEM-6', 'Christophe Jalabert', 'PJT-2', 11.32, 2.0, 'A', 1, 99);
insert into notes_details values ('2011-2012', 'SEM-6', 'Christophe Jalabert', 'RMS-2', 11.32, 2.67, 'A', 4, 1);
insert into notes_details values ('2011-2012', 'SEM-6', 'Christophe Jalabert', 'STG-2', 11.32, 2.33, 'A', 0, 1);
insert into notes_details values ('2011-2012', 'SEM-6', 'Christophe Jalabert', 'STG-2', 11.32, 4.0, 'A', 2, 2);
insert into notes_details values ('2011-2012', 'SEM-6', 'Christophe Jalabert', 'THS-2', 11.32, 2.33, 'A', 0, 1);
insert into notes_details values ('2011-2012', 'SEM-6', 'Christophe Jalabert', 'THS-2', 11.32, 3.33, 'A', 3, 2);
insert into notes_details values ('2012-2013', 'SEM-7', 'Christophe Jalabert', 'ASL-3', 11.32, 1.33, 'A', 0, 1);
insert into notes_details values ('2012-2013', 'SEM-7', 'Christophe Jalabert', 'ASL-3', 11.32, 4.0, 'A', 2, 2);
insert into notes_details values ('2012-2013', 'SEM-7', 'Christophe Jalabert', 'DPP-3', 11.32, 2.67, 'A', 2, 1);
insert into notes_details values ('2012-2013', 'SEM-7', 'Christophe Jalabert', 'EAO-31', 11.32, 3.0, 'A', 2, 1);
insert into notes_details values ('2012-2013', 'SEM-7', 'Christophe Jalabert', 'EAO-32', 11.32, 1.0, 'A', 0, 1);
insert into notes_details values ('2012-2013', 'SEM-7', 'Christophe Jalabert', 'EAO-32', 11.32, 1.33, 'A', 0, 2);
insert into contentieux values ('2012-2013', 'SEM-7', 'Christophe Jalabert', 'EAO-32');
insert into notes_details values ('2012-2013', 'SEM-7', 'Christophe Jalabert', 'EAO-33', 11.32, 2.67, 'A', 2, 1);
insert into notes_details values ('2012-2013', 'SEM-7', 'Christophe Jalabert', 'EAO-34', 11.32, 2.0, 'A', 0, 1);
insert into notes_details values ('2012-2013', 'SEM-7', 'Christophe Jalabert', 'EAO-34', 11.32, 1.33, 'A', 0, 2);
insert into contentieux values ('2012-2013', 'SEM-7', 'Christophe Jalabert', 'EAO-34');
insert into notes_details values ('2012-2013', 'SEM-7', 'Christophe Jalabert', 'EAO-35', 11.32, 1.0, 'A', 0, 1);
insert into notes_details values ('2012-2013', 'SEM-7', 'Christophe Jalabert', 'EAO-35', 11.32, 2.33, 'A', 2, 99);
insert into notes_details values ('2012-2013', 'SEM-7', 'Christophe Jalabert', 'LCI-3', 11.32, 3.67, 'A', 3, 1);
insert into notes_details values ('2012-2013', 'SEM-7', 'Christophe Jalabert', 'MAT-3', 11.32, 3.67, 'A', 3, 1);
insert into notes_details values ('2012-2013', 'SEM-7', 'Christophe Jalabert', 'MNG-3', 11.32, 2.67, 'A', 3, 1);
insert into notes_details values ('2012-2013', 'SEM-7', 'Christophe Jalabert', 'PJT-3', 11.32, 1.67, 'A', 0, 1);
insert into notes_details values ('2012-2013', 'SEM-7', 'Christophe Jalabert', 'PJT-3', 11.32, 2.0, 'A', 0, 2);
insert into contentieux values ('2012-2013', 'SEM-7', 'Christophe Jalabert', 'PJT-3');
insert into notes_details values ('2012-2013', 'SEM-7', 'Christophe Jalabert', 'STD-3', 11.32, 2.33, 'A', 0, 1);
insert into notes_details values ('2012-2013', 'SEM-7', 'Christophe Jalabert', 'STD-3', 11.32, 1.33, 'A', 2, 99);
insert into gpa values ('2011-2012', 'SEM-5', 'Christophe Jalabert', 2.62);
insert into gpa values ('2011-2012', 'SEM-6', 'Christophe Jalabert', 3.24);
insert into gpa values ('2012-2013', 'SEM-7', 'Christophe Jalabert', 3.6);
insert into eleves values ('Lola DeGaulles', 1, 'S', 'Tres bien', 'MP', 'MP', 'ldegaulles');
insert into notes_details values ('2011-2012', 'SEM-5', 'Lola DeGaulles', 'ALG-1', 11.32, 1.33, 'A', 0, 1);
insert into notes_details values ('2011-2012', 'SEM-5', 'Lola DeGaulles', 'ALG-1', 11.32, 4.0, 'A', 3, 2);
insert into notes_details values ('2011-2012', 'SEM-5', 'Lola DeGaulles', 'DPP-1', 11.32, 1.67, 'A', 0, 1);
insert into notes_details values ('2011-2012', 'SEM-5', 'Lola DeGaulles', 'DPP-1', 11.32, 2.67, 'A', 2, 2);
insert into notes_details values ('2011-2012', 'SEM-5', 'Lola DeGaulles', 'ELE-1', 11.32, 2.33, 'A', 0, 1);
insert into notes_details values ('2011-2012', 'SEM-5', 'Lola DeGaulles', 'ELE-1', 11.32, 3.67, 'A', 3, 2);
insert into notes_details values ('2011-2012', 'SEM-5', 'Lola DeGaulles', 'INP-1', 11.32, 3.33, 'A', 3, 1);
insert into notes_details values ('2011-2012', 'SEM-5', 'Lola DeGaulles', 'LCI-1', 11.32, 2.0, 'A', 0, 1);
insert into notes_details values ('2011-2012', 'SEM-5', 'Lola DeGaulles', 'LCI-1', 11.32, 3.67, 'A', 3, 2);
insert into notes_details values ('2011-2012', 'SEM-5', 'Lola DeGaulles', 'MAT-1', 11.32, 3.33, 'A', 3, 1);
insert into notes_details values ('2011-2012', 'SEM-5', 'Lola DeGaulles', 'MGP-1', 11.32, 3.33, 'A', 4, 1);
insert into notes_details values ('2011-2012', 'SEM-5', 'Lola DeGaulles', 'PHO-1', 11.32, 1.0, 'A', 0, 1);
insert into notes_details values ('2011-2012', 'SEM-5', 'Lola DeGaulles', 'PHO-1', 11.32, 3.33, 'A', 3, 2);
insert into notes_details values ('2011-2012', 'SEM-5', 'Lola DeGaulles', 'PHQ-1', 11.32, 2.33, 'A', 0, 1);
insert into notes_details values ('2011-2012', 'SEM-5', 'Lola DeGaulles', 'PHQ-1', 11.32, 3.33, 'A', 3, 2);
insert into notes_details values ('2011-2012', 'SEM-5', 'Lola DeGaulles', 'SPM-1', 11.32, 1.0, 'A', 0, 1);
insert into notes_details values ('2011-2012', 'SEM-5', 'Lola DeGaulles', 'SPM-1', 11.32, 3.0, 'A', 3, 2);
insert into notes_details values ('2011-2012', 'SEM-6', 'Lola DeGaulles', 'DPP-2', 11.32, 1.0, 'A', 0, 1);
insert into notes_details values ('2011-2012', 'SEM-6', 'Lola DeGaulles', 'DPP-2', 11.32, 4.0, 'A', 1, 2);
insert into notes_details values ('2011-2012', 'SEM-6', 'Lola DeGaulles', 'EAO-2', 11.32, 1.67, 'A', 0, 1);
insert into notes_details values ('2011-2012', 'SEM-6', 'Lola DeGaulles', 'EAO-2', 11.32, 3.67, 'A', 3, 2);
insert into notes_details values ('2011-2012', 'SEM-6', 'Lola DeGaulles', 'ECO-2', 11.32, 3.0, 'A', 3, 1);
insert into notes_details values ('2011-2012', 'SEM-6', 'Lola DeGaulles', 'LCI-2', 11.32, 3.67, 'A', 3, 1);
insert into notes_details values ('2011-2012', 'SEM-6', 'Lola DeGaulles', 'MAT-2', 11.32, 1.33, 'A', 0, 1);
insert into notes_details values ('2011-2012', 'SEM-6', 'Lola DeGaulles', 'MAT-2', 11.32, 2.33, 'A', 2, 99);
insert into notes_details values ('2011-2012', 'SEM-6', 'Lola DeGaulles', 'MCO-2', 11.32, 2.0, 'A', 0, 1);
insert into notes_details values ('2011-2012', 'SEM-6', 'Lola DeGaulles', 'MCO-2', 11.32, 4.0, 'A', 2, 2);
insert into notes_details values ('2011-2012', 'SEM-6', 'Lola DeGaulles', 'MGP-2', 11.32, 3.33, 'A', 4, 1);
insert into notes_details values ('2011-2012', 'SEM-6', 'Lola DeGaulles', 'PHS-2', 11.32, 3.33, 'A', 2, 1);
insert into notes_details values ('2011-2012', 'SEM-6', 'Lola DeGaulles', 'PJT-2', 11.32, 2.67, 'A', 1, 1);
insert into notes_details values ('2011-2012', 'SEM-6', 'Lola DeGaulles', 'RMS-2', 11.32, 1.33, 'A', 0, 1);
insert into notes_details values ('2011-2012', 'SEM-6', 'Lola DeGaulles', 'RMS-2', 11.32, 3.0, 'A', 4, 2);
insert into notes_details values ('2011-2012', 'SEM-6', 'Lola DeGaulles', 'STG-2', 11.32, 3.0, 'A', 2, 1);
insert into notes_details values ('2011-2012', 'SEM-6', 'Lola DeGaulles', 'THS-2', 11.32, 4.0, 'A', 3, 1);
insert into notes_details values ('2012-2013', 'SEM-7', 'Lola DeGaulles', 'ASL-3', 11.32, 2.33, 'A', 0, 1);
insert into notes_details values ('2012-2013', 'SEM-7', 'Lola DeGaulles', 'ASL-3', 11.32, 3.67, 'A', 2, 2);
insert into notes_details values ('2012-2013', 'SEM-7', 'Lola DeGaulles', 'DPP-3', 11.32, 2.0, 'A', 0, 1);
insert into notes_details values ('2012-2013', 'SEM-7', 'Lola DeGaulles', 'DPP-3', 11.32, 2.33, 'A', 0, 2);
insert into contentieux values ('2012-2013', 'SEM-7', 'Lola DeGaulles', 'DPP-3');
insert into notes_details values ('2012-2013', 'SEM-7', 'Lola DeGaulles', 'EAO-31', 11.32, 3.67, 'A', 2, 1);
insert into notes_details values ('2012-2013', 'SEM-7', 'Lola DeGaulles', 'EAO-32', 11.32, 2.0, 'A', 0, 1);
insert into notes_details values ('2012-2013', 'SEM-7', 'Lola DeGaulles', 'EAO-32', 11.32, 1.33, 'A', 0, 2);
insert into contentieux values ('2012-2013', 'SEM-7', 'Lola DeGaulles', 'EAO-32');
insert into notes_details values ('2012-2013', 'SEM-7', 'Lola DeGaulles', 'EAO-33', 11.32, 1.67, 'A', 0, 1);
insert into notes_details values ('2012-2013', 'SEM-7', 'Lola DeGaulles', 'EAO-33', 11.32, 2.33, 'A', 0, 2);
insert into contentieux values ('2012-2013', 'SEM-7', 'Lola DeGaulles', 'EAO-33');
insert into notes_details values ('2012-2013', 'SEM-7', 'Lola DeGaulles', 'EAO-34', 11.32, 1.67, 'A', 0, 1);
insert into notes_details values ('2012-2013', 'SEM-7', 'Lola DeGaulles', 'EAO-34', 11.32, 3.0, 'A', 2, 2);
insert into notes_details values ('2012-2013', 'SEM-7', 'Lola DeGaulles', 'EAO-35', 11.32, 1.0, 'A', 0, 1);
insert into notes_details values ('2012-2013', 'SEM-7', 'Lola DeGaulles', 'EAO-35', 11.32, 2.0, 'A', 0, 2);
insert into contentieux values ('2012-2013', 'SEM-7', 'Lola DeGaulles', 'EAO-35');
insert into notes_details values ('2012-2013', 'SEM-7', 'Lola DeGaulles', 'LCI-3', 11.32, 1.67, 'A', 0, 1);
insert into notes_details values ('2012-2013', 'SEM-7', 'Lola DeGaulles', 'LCI-3', 11.32, 1.33, 'A', 0, 2);
insert into contentieux values ('2012-2013', 'SEM-7', 'Lola DeGaulles', 'LCI-3');
insert into notes_details values ('2012-2013', 'SEM-7', 'Lola DeGaulles', 'MAT-3', 11.32, 1.0, 'A', 0, 1);
insert into notes_details values ('2012-2013', 'SEM-7', 'Lola DeGaulles', 'MAT-3', 11.32, 3.33, 'A', 3, 2);
insert into notes_details values ('2012-2013', 'SEM-7', 'Lola DeGaulles', 'MNG-3', 11.32, 2.0, 'A', 0, 1);
insert into notes_details values ('2012-2013', 'SEM-7', 'Lola DeGaulles', 'MNG-3', 11.32, 2.0, 'A', 3, 99);
insert into notes_details values ('2012-2013', 'SEM-7', 'Lola DeGaulles', 'PJT-3', 11.32, 3.67, 'A', 5, 1);
insert into notes_details values ('2012-2013', 'SEM-7', 'Lola DeGaulles', 'STD-3', 11.32, 2.33, 'A', 0, 1);
insert into notes_details values ('2012-2013', 'SEM-7', 'Lola DeGaulles', 'STD-3', 11.32, 1.67, 'A', 2, 99);
insert into gpa values ('2011-2012', 'SEM-5', 'Lola DeGaulles', 3.33);
insert into gpa values ('2011-2012', 'SEM-6', 'Lola DeGaulles', 2.28);
insert into gpa values ('2012-2013', 'SEM-7', 'Lola DeGaulles', 2.7);
insert into eleves values ('Francois Demers', 1, 'S', 'Tres bien', 'etranger', 'MP', 'fdemers');
insert into notes_details values ('2011-2012', 'SEM-5', 'Francois Demers', 'ALG-1', 11.32, 3.33, 'A', 3, 1);
insert into notes_details values ('2011-2012', 'SEM-5', 'Francois Demers', 'DPP-1', 11.32, 2.67, 'A', 2, 1);
insert into notes_details values ('2011-2012', 'SEM-5', 'Francois Demers', 'ELE-1', 11.32, 3.0, 'A', 3, 1);
insert into notes_details values ('2011-2012', 'SEM-5', 'Francois Demers', 'INP-1', 11.32, 4.0, 'A', 3, 1);
insert into notes_details values ('2011-2012', 'SEM-5', 'Francois Demers', 'LCI-1', 11.32, 2.67, 'A', 3, 1);
insert into notes_details values ('2011-2012', 'SEM-5', 'Francois Demers', 'MAT-1', 11.32, 3.67, 'A', 3, 1);
insert into notes_details values ('2011-2012', 'SEM-5', 'Francois Demers', 'MGP-1', 11.32, 1.33, 'A', 0, 1);
insert into notes_details values ('2011-2012', 'SEM-5', 'Francois Demers', 'MGP-1', 11.32, 2.0, 'A', 4, 99);
insert into notes_details values ('2011-2012', 'SEM-5', 'Francois Demers', 'PHO-1', 11.32, 2.33, 'A', 0, 1);
insert into notes_details values ('2011-2012', 'SEM-5', 'Francois Demers', 'PHO-1', 11.32, 4.0, 'A', 3, 2);
insert into notes_details values ('2011-2012', 'SEM-5', 'Francois Demers', 'PHQ-1', 11.32, 4.0, 'A', 3, 1);
insert into notes_details values ('2011-2012', 'SEM-5', 'Francois Demers', 'SPM-1', 11.32, 3.67, 'A', 3, 1);
insert into notes_details values ('2011-2012', 'SEM-6', 'Francois Demers', 'DPP-2', 11.32, 1.0, 'A', 0, 1);
insert into notes_details values ('2011-2012', 'SEM-6', 'Francois Demers', 'DPP-2', 11.32, 2.67, 'A', 1, 2);
insert into notes_details values ('2011-2012', 'SEM-6', 'Francois Demers', 'EAO-2', 11.32, 3.33, 'A', 3, 1);
insert into notes_details values ('2011-2012', 'SEM-6', 'Francois Demers', 'ECO-2', 11.32, 2.0, 'A', 0, 1);
insert into notes_details values ('2011-2012', 'SEM-6', 'Francois Demers', 'ECO-2', 11.32, 3.67, 'A', 3, 2);
insert into notes_details values ('2011-2012', 'SEM-6', 'Francois Demers', 'LCI-2', 11.32, 1.33, 'A', 0, 1);
insert into notes_details values ('2011-2012', 'SEM-6', 'Francois Demers', 'LCI-2', 11.32, 1.33, 'A', 3, 99);
insert into notes_details values ('2011-2012', 'SEM-6', 'Francois Demers', 'MAT-2', 11.32, 4.0, 'A', 2, 1);
insert into notes_details values ('2011-2012', 'SEM-6', 'Francois Demers', 'MCO-2', 11.32, 2.33, 'A', 0, 1);
insert into notes_details values ('2011-2012', 'SEM-6', 'Francois Demers', 'MCO-2', 11.32, 4.0, 'A', 2, 2);
insert into notes_details values ('2011-2012', 'SEM-6', 'Francois Demers', 'MGP-2', 11.32, 3.0, 'A', 4, 1);
insert into notes_details values ('2011-2012', 'SEM-6', 'Francois Demers', 'PHS-2', 11.32, 3.0, 'A', 2, 1);
insert into notes_details values ('2011-2012', 'SEM-6', 'Francois Demers', 'PJT-2', 11.32, 3.0, 'A', 1, 1);
insert into notes_details values ('2011-2012', 'SEM-6', 'Francois Demers', 'RMS-2', 11.32, 2.0, 'A', 0, 1);
insert into notes_details values ('2011-2012', 'SEM-6', 'Francois Demers', 'RMS-2', 11.32, 2.67, 'A', 4, 2);
insert into notes_details values ('2011-2012', 'SEM-6', 'Francois Demers', 'STG-2', 11.32, 1.0, 'A', 0, 1);
insert into notes_details values ('2011-2012', 'SEM-6', 'Francois Demers', 'STG-2', 11.32, 4.0, 'A', 2, 2);
insert into notes_details values ('2011-2012', 'SEM-6', 'Francois Demers', 'THS-2', 11.32, 1.33, 'A', 0, 1);
insert into notes_details values ('2011-2012', 'SEM-6', 'Francois Demers', 'THS-2', 11.32, 2.0, 'A', 3, 99);
insert into notes_details values ('2012-2013', 'SEM-7', 'Francois Demers', 'ASL-3', 11.32, 3.0, 'A', 2, 1);
insert into notes_details values ('2012-2013', 'SEM-7', 'Francois Demers', 'DPP-3', 11.32, 2.33, 'A', 0, 1);
insert into notes_details values ('2012-2013', 'SEM-7', 'Francois Demers', 'DPP-3', 11.32, 1.33, 'A', 0, 2);
insert into contentieux values ('2012-2013', 'SEM-7', 'Francois Demers', 'DPP-3');
insert into notes_details values ('2012-2013', 'SEM-7', 'Francois Demers', 'EAO-31', 11.32, 1.0, 'A', 0, 1);
insert into notes_details values ('2012-2013', 'SEM-7', 'Francois Demers', 'EAO-31', 11.32, 1.0, 'A', 0, 2);
insert into contentieux values ('2012-2013', 'SEM-7', 'Francois Demers', 'EAO-31');
insert into notes_details values ('2012-2013', 'SEM-7', 'Francois Demers', 'EAO-32', 11.32, 2.67, 'A', 2, 1);
insert into notes_details values ('2012-2013', 'SEM-7', 'Francois Demers', 'EAO-33', 11.32, 1.67, 'A', 0, 1);
insert into notes_details values ('2012-2013', 'SEM-7', 'Francois Demers', 'EAO-33', 11.32, 1.33, 'A', 0, 2);
insert into contentieux values ('2012-2013', 'SEM-7', 'Francois Demers', 'EAO-33');
insert into notes_details values ('2012-2013', 'SEM-7', 'Francois Demers', 'EAO-34', 11.32, 1.0, 'A', 0, 1);
insert into notes_details values ('2012-2013', 'SEM-7', 'Francois Demers', 'EAO-34', 11.32, 3.33, 'A', 2, 2);
insert into notes_details values ('2012-2013', 'SEM-7', 'Francois Demers', 'EAO-35', 11.32, 2.33, 'A', 0, 1);
insert into notes_details values ('2012-2013', 'SEM-7', 'Francois Demers', 'EAO-35', 11.32, 2.67, 'A', 2, 2);
insert into notes_details values ('2012-2013', 'SEM-7', 'Francois Demers', 'LCI-3', 11.32, 1.67, 'A', 0, 1);
insert into notes_details values ('2012-2013', 'SEM-7', 'Francois Demers', 'LCI-3', 11.32, 3.33, 'A', 3, 2);
insert into notes_details values ('2012-2013', 'SEM-7', 'Francois Demers', 'MAT-3', 11.32, 2.33, 'A', 0, 1);
insert into notes_details values ('2012-2013', 'SEM-7', 'Francois Demers', 'MAT-3', 11.32, 3.33, 'A', 3, 2);
insert into notes_details values ('2012-2013', 'SEM-7', 'Francois Demers', 'MNG-3', 11.32, 1.33, 'A', 0, 1);
insert into notes_details values ('2012-2013', 'SEM-7', 'Francois Demers', 'MNG-3', 11.32, 1.67, 'A', 3, 99);
insert into notes_details values ('2012-2013', 'SEM-7', 'Francois Demers', 'PJT-3', 11.32, 2.67, 'A', 5, 1);
insert into notes_details values ('2012-2013', 'SEM-7', 'Francois Demers', 'STD-3', 11.32, 2.33, 'A', 0, 1);
insert into notes_details values ('2012-2013', 'SEM-7', 'Francois Demers', 'STD-3', 11.32, 3.0, 'A', 2, 2);
insert into gpa values ('2011-2012', 'SEM-5', 'Francois Demers', 2.3);
insert into gpa values ('2011-2012', 'SEM-6', 'Francois Demers', 3.91);
insert into gpa values ('2012-2013', 'SEM-7', 'Francois Demers', 2.24);
insert into eleves values ('Thomas Henry', 1, 'S', 'Tres bien', 'MP', 'MP', 'thenry');
insert into notes_details values ('2011-2012', 'SEM-5', 'Thomas Henry', 'ALG-1', 11.32, 1.33, 'A', 0, 1);
insert into notes_details values ('2011-2012', 'SEM-5', 'Thomas Henry', 'ALG-1', 11.32, 2.67, 'A', 3, 2);
insert into notes_details values ('2011-2012', 'SEM-5', 'Thomas Henry', 'DPP-1', 11.32, 4.0, 'A', 2, 1);
insert into notes_details values ('2011-2012', 'SEM-5', 'Thomas Henry', 'ELE-1', 11.32, 1.0, 'A', 0, 1);
insert into notes_details values ('2011-2012', 'SEM-5', 'Thomas Henry', 'ELE-1', 11.32, 3.33, 'A', 3, 2);
insert into notes_details values ('2011-2012', 'SEM-5', 'Thomas Henry', 'INP-1', 11.32, 2.0, 'A', 0, 1);
insert into notes_details values ('2011-2012', 'SEM-5', 'Thomas Henry', 'INP-1', 11.32, 2.0, 'A', 3, 99);
insert into notes_details values ('2011-2012', 'SEM-5', 'Thomas Henry', 'LCI-1', 11.32, 1.0, 'A', 0, 1);
insert into notes_details values ('2011-2012', 'SEM-5', 'Thomas Henry', 'LCI-1', 11.32, 4.0, 'A', 3, 2);
insert into notes_details values ('2011-2012', 'SEM-5', 'Thomas Henry', 'MAT-1', 11.32, 3.67, 'A', 3, 1);
insert into notes_details values ('2011-2012', 'SEM-5', 'Thomas Henry', 'MGP-1', 11.32, 3.67, 'A', 4, 1);
insert into notes_details values ('2011-2012', 'SEM-5', 'Thomas Henry', 'PHO-1', 11.32, 2.67, 'A', 3, 1);
insert into notes_details values ('2011-2012', 'SEM-5', 'Thomas Henry', 'PHQ-1', 11.32, 1.67, 'A', 0, 1);
insert into notes_details values ('2011-2012', 'SEM-5', 'Thomas Henry', 'PHQ-1', 11.32, 3.33, 'A', 3, 2);
insert into notes_details values ('2011-2012', 'SEM-5', 'Thomas Henry', 'SPM-1', 11.32, 1.67, 'A', 0, 1);
insert into notes_details values ('2011-2012', 'SEM-5', 'Thomas Henry', 'SPM-1', 11.32, 2.67, 'A', 3, 2);
insert into notes_details values ('2011-2012', 'SEM-6', 'Thomas Henry', 'DPP-2', 11.32, 1.33, 'A', 0, 1);
insert into notes_details values ('2011-2012', 'SEM-6', 'Thomas Henry', 'DPP-2', 11.32, 4.0, 'A', 1, 2);
insert into notes_details values ('2011-2012', 'SEM-6', 'Thomas Henry', 'EAO-2', 11.32, 1.67, 'A', 0, 1);
insert into notes_details values ('2011-2012', 'SEM-6', 'Thomas Henry', 'EAO-2', 11.32, 3.0, 'A', 3, 2);
insert into notes_details values ('2011-2012', 'SEM-6', 'Thomas Henry', 'ECO-2', 11.32, 1.67, 'A', 0, 1);
insert into notes_details values ('2011-2012', 'SEM-6', 'Thomas Henry', 'ECO-2', 11.32, 3.33, 'A', 3, 2);
insert into notes_details values ('2011-2012', 'SEM-6', 'Thomas Henry', 'LCI-2', 11.32, 3.33, 'A', 3, 1);
insert into notes_details values ('2011-2012', 'SEM-6', 'Thomas Henry', 'MAT-2', 11.32, 4.0, 'A', 2, 1);
insert into notes_details values ('2011-2012', 'SEM-6', 'Thomas Henry', 'MCO-2', 11.32, 2.67, 'A', 2, 1);
insert into notes_details values ('2011-2012', 'SEM-6', 'Thomas Henry', 'MGP-2', 11.32, 1.67, 'A', 0, 1);
insert into notes_details values ('2011-2012', 'SEM-6', 'Thomas Henry', 'MGP-2', 11.32, 3.67, 'A', 4, 2);
insert into notes_details values ('2011-2012', 'SEM-6', 'Thomas Henry', 'PHS-2', 11.32, 1.67, 'A', 0, 1);
insert into notes_details values ('2011-2012', 'SEM-6', 'Thomas Henry', 'PHS-2', 11.32, 3.67, 'A', 2, 2);
insert into notes_details values ('2011-2012', 'SEM-6', 'Thomas Henry', 'PJT-2', 11.32, 1.67, 'A', 0, 1);
insert into notes_details values ('2011-2012', 'SEM-6', 'Thomas Henry', 'PJT-2', 11.32, 3.0, 'A', 1, 2);
insert into notes_details values ('2011-2012', 'SEM-6', 'Thomas Henry', 'RMS-2', 11.32, 2.67, 'A', 4, 1);
insert into notes_details values ('2011-2012', 'SEM-6', 'Thomas Henry', 'STG-2', 11.32, 1.67, 'A', 0, 1);
insert into notes_details values ('2011-2012', 'SEM-6', 'Thomas Henry', 'STG-2', 11.32, 3.33, 'A', 2, 2);
insert into notes_details values ('2011-2012', 'SEM-6', 'Thomas Henry', 'THS-2', 11.32, 3.0, 'A', 3, 1);
insert into notes_details values ('2012-2013', 'SEM-7', 'Thomas Henry', 'ASL-3', 11.32, 2.67, 'A', 2, 1);
insert into notes_details values ('2012-2013', 'SEM-7', 'Thomas Henry', 'DPP-3', 11.32, 3.33, 'A', 2, 1);
insert into notes_details values ('2012-2013', 'SEM-7', 'Thomas Henry', 'EAO-31', 11.32, 3.0, 'A', 2, 1);
insert into notes_details values ('2012-2013', 'SEM-7', 'Thomas Henry', 'EAO-32', 11.32, 3.67, 'A', 2, 1);
insert into notes_details values ('2012-2013', 'SEM-7', 'Thomas Henry', 'EAO-33', 11.32, 1.67, 'A', 0, 1);
insert into notes_details values ('2012-2013', 'SEM-7', 'Thomas Henry', 'EAO-33', 11.32, 2.67, 'A', 2, 2);
insert into notes_details values ('2012-2013', 'SEM-7', 'Thomas Henry', 'EAO-34', 11.32, 3.67, 'A', 2, 1);
insert into notes_details values ('2012-2013', 'SEM-7', 'Thomas Henry', 'EAO-35', 11.32, 3.67, 'A', 2, 1);
insert into notes_details values ('2012-2013', 'SEM-7', 'Thomas Henry', 'LCI-3', 11.32, 2.67, 'A', 3, 1);
insert into notes_details values ('2012-2013', 'SEM-7', 'Thomas Henry', 'MAT-3', 11.32, 2.67, 'A', 3, 1);
insert into notes_details values ('2012-2013', 'SEM-7', 'Thomas Henry', 'MNG-3', 11.32, 2.67, 'A', 3, 1);
insert into notes_details values ('2012-2013', 'SEM-7', 'Thomas Henry', 'PJT-3', 11.32, 2.33, 'A', 0, 1);
insert into notes_details values ('2012-2013', 'SEM-7', 'Thomas Henry', 'PJT-3', 11.32, 2.0, 'A', 5, 99);
insert into notes_details values ('2012-2013', 'SEM-7', 'Thomas Henry', 'STD-3', 11.32, 1.0, 'A', 0, 1);
insert into notes_details values ('2012-2013', 'SEM-7', 'Thomas Henry', 'STD-3', 11.32, 2.33, 'A', 0, 2);
insert into contentieux values ('2012-2013', 'SEM-7', 'Thomas Henry', 'STD-3');
insert into gpa values ('2011-2012', 'SEM-5', 'Thomas Henry', 3.14);
insert into gpa values ('2011-2012', 'SEM-6', 'Thomas Henry', 2.97);
insert into gpa values ('2012-2013', 'SEM-7', 'Thomas Henry', 3.0);
insert into eleves values ('Charles Schuster', 1, 'S', 'Tres bien', 'MP', 'MP', 'cschuster');
insert into notes_details values ('2011-2012', 'SEM-5', 'Charles Schuster', 'ALG-1', 11.32, 1.33, 'A', 0, 1);
insert into notes_details values ('2011-2012', 'SEM-5', 'Charles Schuster', 'ALG-1', 11.32, 3.33, 'A', 3, 2);
insert into notes_details values ('2011-2012', 'SEM-5', 'Charles Schuster', 'DPP-1', 11.32, 1.0, 'A', 0, 1);
insert into notes_details values ('2011-2012', 'SEM-5', 'Charles Schuster', 'DPP-1', 11.32, 3.67, 'A', 2, 2);
insert into notes_details values ('2011-2012', 'SEM-5', 'Charles Schuster', 'ELE-1', 11.32, 1.33, 'A', 0, 1);
insert into notes_details values ('2011-2012', 'SEM-5', 'Charles Schuster', 'ELE-1', 11.32, 2.0, 'A', 3, 99);
insert into notes_details values ('2011-2012', 'SEM-5', 'Charles Schuster', 'INP-1', 11.32, 1.67, 'A', 0, 1);
insert into notes_details values ('2011-2012', 'SEM-5', 'Charles Schuster', 'INP-1', 11.32, 2.67, 'A', 3, 2);
insert into notes_details values ('2011-2012', 'SEM-5', 'Charles Schuster', 'LCI-1', 11.32, 2.0, 'A', 0, 1);
insert into notes_details values ('2011-2012', 'SEM-5', 'Charles Schuster', 'LCI-1', 11.32, 4.0, 'A', 3, 2);
insert into notes_details values ('2011-2012', 'SEM-5', 'Charles Schuster', 'MAT-1', 11.32, 2.33, 'A', 0, 1);
insert into notes_details values ('2011-2012', 'SEM-5', 'Charles Schuster', 'MAT-1', 11.32, 3.67, 'A', 3, 2);
insert into notes_details values ('2011-2012', 'SEM-5', 'Charles Schuster', 'MGP-1', 11.32, 1.0, 'A', 0, 1);
insert into notes_details values ('2011-2012', 'SEM-5', 'Charles Schuster', 'MGP-1', 11.32, 3.0, 'A', 4, 2);
insert into notes_details values ('2011-2012', 'SEM-5', 'Charles Schuster', 'PHO-1', 11.32, 3.33, 'A', 3, 1);
insert into notes_details values ('2011-2012', 'SEM-5', 'Charles Schuster', 'PHQ-1', 11.32, 2.0, 'A', 0, 1);
insert into notes_details values ('2011-2012', 'SEM-5', 'Charles Schuster', 'PHQ-1', 11.32, 1.0, 'A', 3, 99);
insert into notes_details values ('2011-2012', 'SEM-5', 'Charles Schuster', 'SPM-1', 11.32, 1.33, 'A', 0, 1);
insert into notes_details values ('2011-2012', 'SEM-5', 'Charles Schuster', 'SPM-1', 11.32, 3.67, 'A', 3, 2);
insert into notes_details values ('2011-2012', 'SEM-6', 'Charles Schuster', 'DPP-2', 11.32, 2.33, 'A', 0, 1);
insert into notes_details values ('2011-2012', 'SEM-6', 'Charles Schuster', 'DPP-2', 11.32, 3.0, 'A', 1, 2);
insert into notes_details values ('2011-2012', 'SEM-6', 'Charles Schuster', 'EAO-2', 11.32, 1.67, 'A', 0, 1);
insert into notes_details values ('2011-2012', 'SEM-6', 'Charles Schuster', 'EAO-2', 11.32, 3.33, 'A', 3, 2);
insert into notes_details values ('2011-2012', 'SEM-6', 'Charles Schuster', 'ECO-2', 11.32, 2.33, 'A', 0, 1);
insert into notes_details values ('2011-2012', 'SEM-6', 'Charles Schuster', 'ECO-2', 11.32, 4.0, 'A', 3, 2);
insert into notes_details values ('2011-2012', 'SEM-6', 'Charles Schuster', 'LCI-2', 11.32, 4.0, 'A', 3, 1);
insert into notes_details values ('2011-2012', 'SEM-6', 'Charles Schuster', 'MAT-2', 11.32, 1.33, 'A', 0, 1);
insert into notes_details values ('2011-2012', 'SEM-6', 'Charles Schuster', 'MAT-2', 11.32, 2.67, 'A', 2, 2);
insert into notes_details values ('2011-2012', 'SEM-6', 'Charles Schuster', 'MCO-2', 11.32, 3.33, 'A', 2, 1);
insert into notes_details values ('2011-2012', 'SEM-6', 'Charles Schuster', 'MGP-2', 11.32, 2.33, 'A', 0, 1);
insert into notes_details values ('2011-2012', 'SEM-6', 'Charles Schuster', 'MGP-2', 11.32, 2.33, 'A', 4, 99);
insert into notes_details values ('2011-2012', 'SEM-6', 'Charles Schuster', 'PHS-2', 11.32, 1.33, 'A', 0, 1);
insert into notes_details values ('2011-2012', 'SEM-6', 'Charles Schuster', 'PHS-2', 11.32, 3.0, 'A', 2, 2);
insert into notes_details values ('2011-2012', 'SEM-6', 'Charles Schuster', 'PJT-2', 11.32, 1.33, 'A', 0, 1);
insert into notes_details values ('2011-2012', 'SEM-6', 'Charles Schuster', 'PJT-2', 11.32, 3.0, 'A', 1, 2);
insert into notes_details values ('2011-2012', 'SEM-6', 'Charles Schuster', 'RMS-2', 11.32, 3.67, 'A', 4, 1);
insert into notes_details values ('2011-2012', 'SEM-6', 'Charles Schuster', 'STG-2', 11.32, 1.67, 'A', 0, 1);
insert into notes_details values ('2011-2012', 'SEM-6', 'Charles Schuster', 'STG-2', 11.32, 3.67, 'A', 2, 2);
insert into notes_details values ('2011-2012', 'SEM-6', 'Charles Schuster', 'THS-2', 11.32, 1.0, 'A', 0, 1);
insert into notes_details values ('2011-2012', 'SEM-6', 'Charles Schuster', 'THS-2', 11.32, 3.0, 'A', 3, 2);
insert into notes_details values ('2012-2013', 'SEM-7', 'Charles Schuster', 'ASL-3', 11.32, 2.33, 'A', 0, 1);
insert into notes_details values ('2012-2013', 'SEM-7', 'Charles Schuster', 'ASL-3', 11.32, 4.0, 'A', 2, 2);
insert into notes_details values ('2012-2013', 'SEM-7', 'Charles Schuster', 'DPP-3', 11.32, 3.33, 'A', 2, 1);
insert into notes_details values ('2012-2013', 'SEM-7', 'Charles Schuster', 'EAO-31', 11.32, 4.0, 'A', 2, 1);
insert into notes_details values ('2012-2013', 'SEM-7', 'Charles Schuster', 'EAO-32', 11.32, 1.33, 'A', 0, 1);
insert into notes_details values ('2012-2013', 'SEM-7', 'Charles Schuster', 'EAO-32', 11.32, 1.67, 'A', 0, 2);
insert into contentieux values ('2012-2013', 'SEM-7', 'Charles Schuster', 'EAO-32');
insert into notes_details values ('2012-2013', 'SEM-7', 'Charles Schuster', 'EAO-33', 11.32, 2.0, 'A', 0, 1);
insert into notes_details values ('2012-2013', 'SEM-7', 'Charles Schuster', 'EAO-33', 11.32, 3.33, 'A', 2, 2);
insert into notes_details values ('2012-2013', 'SEM-7', 'Charles Schuster', 'EAO-34', 11.32, 1.67, 'A', 0, 1);
insert into notes_details values ('2012-2013', 'SEM-7', 'Charles Schuster', 'EAO-34', 11.32, 2.0, 'A', 2, 99);
insert into notes_details values ('2012-2013', 'SEM-7', 'Charles Schuster', 'EAO-35', 11.32, 4.0, 'A', 2, 1);
insert into notes_details values ('2012-2013', 'SEM-7', 'Charles Schuster', 'LCI-3', 11.32, 1.0, 'A', 0, 1);
insert into notes_details values ('2012-2013', 'SEM-7', 'Charles Schuster', 'LCI-3', 11.32, 4.0, 'A', 3, 2);
insert into notes_details values ('2012-2013', 'SEM-7', 'Charles Schuster', 'MAT-3', 11.32, 2.33, 'A', 0, 1);
insert into notes_details values ('2012-2013', 'SEM-7', 'Charles Schuster', 'MAT-3', 11.32, 1.0, 'A', 0, 2);
insert into contentieux values ('2012-2013', 'SEM-7', 'Charles Schuster', 'MAT-3');
insert into notes_details values ('2012-2013', 'SEM-7', 'Charles Schuster', 'MNG-3', 11.32, 1.0, 'A', 0, 1);
insert into notes_details values ('2012-2013', 'SEM-7', 'Charles Schuster', 'MNG-3', 11.32, 1.0, 'A', 3, 99);
insert into notes_details values ('2012-2013', 'SEM-7', 'Charles Schuster', 'PJT-3', 11.32, 2.0, 'A', 0, 1);
insert into notes_details values ('2012-2013', 'SEM-7', 'Charles Schuster', 'PJT-3', 11.32, 1.67, 'A', 5, 99);
insert into notes_details values ('2012-2013', 'SEM-7', 'Charles Schuster', 'STD-3', 11.32, 4.0, 'A', 2, 1);
insert into gpa values ('2011-2012', 'SEM-5', 'Charles Schuster', 3.84);
insert into gpa values ('2011-2012', 'SEM-6', 'Charles Schuster', 2.1);
insert into gpa values ('2012-2013', 'SEM-7', 'Charles Schuster', 3.16);
insert into eleves values ('Laetitia Marques', 1, 'S', 'Tres bien', 'MP', 'MP', 'lmarques');
insert into notes_details values ('2011-2012', 'SEM-5', 'Laetitia Marques', 'ALG-1', 11.32, 3.0, 'A', 3, 1);
insert into notes_details values ('2011-2012', 'SEM-5', 'Laetitia Marques', 'DPP-1', 11.32, 2.67, 'A', 2, 1);
insert into notes_details values ('2011-2012', 'SEM-5', 'Laetitia Marques', 'ELE-1', 11.32, 2.67, 'A', 3, 1);
insert into notes_details values ('2011-2012', 'SEM-5', 'Laetitia Marques', 'INP-1', 11.32, 2.0, 'A', 0, 1);
insert into notes_details values ('2011-2012', 'SEM-5', 'Laetitia Marques', 'INP-1', 11.32, 3.67, 'A', 3, 2);
insert into notes_details values ('2011-2012', 'SEM-5', 'Laetitia Marques', 'LCI-1', 11.32, 2.0, 'A', 0, 1);
insert into notes_details values ('2011-2012', 'SEM-5', 'Laetitia Marques', 'LCI-1', 11.32, 4.0, 'A', 3, 2);
insert into notes_details values ('2011-2012', 'SEM-5', 'Laetitia Marques', 'MAT-1', 11.32, 3.0, 'A', 3, 1);
insert into notes_details values ('2011-2012', 'SEM-5', 'Laetitia Marques', 'MGP-1', 11.32, 3.67, 'A', 4, 1);
insert into notes_details values ('2011-2012', 'SEM-5', 'Laetitia Marques', 'PHO-1', 11.32, 2.67, 'A', 3, 1);
insert into notes_details values ('2011-2012', 'SEM-5', 'Laetitia Marques', 'PHQ-1', 11.32, 1.67, 'A', 0, 1);
insert into notes_details values ('2011-2012', 'SEM-5', 'Laetitia Marques', 'PHQ-1', 11.32, 2.67, 'A', 3, 2);
insert into notes_details values ('2011-2012', 'SEM-5', 'Laetitia Marques', 'SPM-1', 11.32, 2.0, 'A', 0, 1);
insert into notes_details values ('2011-2012', 'SEM-5', 'Laetitia Marques', 'SPM-1', 11.32, 1.0, 'A', 3, 99);
insert into notes_details values ('2011-2012', 'SEM-6', 'Laetitia Marques', 'DPP-2', 11.32, 2.33, 'A', 0, 1);
insert into notes_details values ('2011-2012', 'SEM-6', 'Laetitia Marques', 'DPP-2', 11.32, 3.0, 'A', 1, 2);
insert into notes_details values ('2011-2012', 'SEM-6', 'Laetitia Marques', 'EAO-2', 11.32, 3.67, 'A', 3, 1);
insert into notes_details values ('2011-2012', 'SEM-6', 'Laetitia Marques', 'ECO-2', 11.32, 2.33, 'A', 0, 1);
insert into notes_details values ('2011-2012', 'SEM-6', 'Laetitia Marques', 'ECO-2', 11.32, 3.0, 'A', 3, 2);
insert into notes_details values ('2011-2012', 'SEM-6', 'Laetitia Marques', 'LCI-2', 11.32, 2.0, 'A', 0, 1);
insert into notes_details values ('2011-2012', 'SEM-6', 'Laetitia Marques', 'LCI-2', 11.32, 4.0, 'A', 3, 2);
insert into notes_details values ('2011-2012', 'SEM-6', 'Laetitia Marques', 'MAT-2', 11.32, 2.33, 'A', 0, 1);
insert into notes_details values ('2011-2012', 'SEM-6', 'Laetitia Marques', 'MAT-2', 11.32, 4.0, 'A', 2, 2);
insert into notes_details values ('2011-2012', 'SEM-6', 'Laetitia Marques', 'MCO-2', 11.32, 4.0, 'A', 2, 1);
insert into notes_details values ('2011-2012', 'SEM-6', 'Laetitia Marques', 'MGP-2', 11.32, 3.0, 'A', 4, 1);
insert into notes_details values ('2011-2012', 'SEM-6', 'Laetitia Marques', 'PHS-2', 11.32, 4.0, 'A', 2, 1);
insert into notes_details values ('2011-2012', 'SEM-6', 'Laetitia Marques', 'PJT-2', 11.32, 1.0, 'A', 0, 1);
insert into notes_details values ('2011-2012', 'SEM-6', 'Laetitia Marques', 'PJT-2', 11.32, 3.67, 'A', 1, 2);
insert into notes_details values ('2011-2012', 'SEM-6', 'Laetitia Marques', 'RMS-2', 11.32, 2.67, 'A', 4, 1);
insert into notes_details values ('2011-2012', 'SEM-6', 'Laetitia Marques', 'STG-2', 11.32, 3.67, 'A', 2, 1);
insert into notes_details values ('2011-2012', 'SEM-6', 'Laetitia Marques', 'THS-2', 11.32, 1.0, 'A', 0, 1);
insert into notes_details values ('2011-2012', 'SEM-6', 'Laetitia Marques', 'THS-2', 11.32, 3.0, 'A', 3, 2);
insert into notes_details values ('2012-2013', 'SEM-7', 'Laetitia Marques', 'ASL-3', 11.32, 1.33, 'A', 0, 1);
insert into notes_details values ('2012-2013', 'SEM-7', 'Laetitia Marques', 'ASL-3', 11.32, 2.33, 'A', 0, 2);
insert into contentieux values ('2012-2013', 'SEM-7', 'Laetitia Marques', 'ASL-3');
insert into notes_details values ('2012-2013', 'SEM-7', 'Laetitia Marques', 'DPP-3', 11.32, 1.67, 'A', 0, 1);
insert into notes_details values ('2012-2013', 'SEM-7', 'Laetitia Marques', 'DPP-3', 11.32, 1.0, 'A', 0, 2);
insert into contentieux values ('2012-2013', 'SEM-7', 'Laetitia Marques', 'DPP-3');
insert into notes_details values ('2012-2013', 'SEM-7', 'Laetitia Marques', 'EAO-31', 11.32, 1.67, 'A', 0, 1);
insert into notes_details values ('2012-2013', 'SEM-7', 'Laetitia Marques', 'EAO-31', 11.32, 2.0, 'A', 0, 2);
insert into contentieux values ('2012-2013', 'SEM-7', 'Laetitia Marques', 'EAO-31');
insert into notes_details values ('2012-2013', 'SEM-7', 'Laetitia Marques', 'EAO-32', 11.32, 4.0, 'A', 2, 1);
insert into notes_details values ('2012-2013', 'SEM-7', 'Laetitia Marques', 'EAO-33', 11.32, 2.0, 'A', 0, 1);
insert into notes_details values ('2012-2013', 'SEM-7', 'Laetitia Marques', 'EAO-33', 11.32, 3.33, 'A', 2, 2);
insert into notes_details values ('2012-2013', 'SEM-7', 'Laetitia Marques', 'EAO-34', 11.32, 2.0, 'A', 0, 1);
insert into notes_details values ('2012-2013', 'SEM-7', 'Laetitia Marques', 'EAO-34', 11.32, 3.0, 'A', 2, 2);
insert into notes_details values ('2012-2013', 'SEM-7', 'Laetitia Marques', 'EAO-35', 11.32, 2.33, 'A', 0, 1);
insert into notes_details values ('2012-2013', 'SEM-7', 'Laetitia Marques', 'EAO-35', 11.32, 1.0, 'A', 0, 2);
insert into contentieux values ('2012-2013', 'SEM-7', 'Laetitia Marques', 'EAO-35');
insert into notes_details values ('2012-2013', 'SEM-7', 'Laetitia Marques', 'LCI-3', 11.32, 2.33, 'A', 0, 1);
insert into notes_details values ('2012-2013', 'SEM-7', 'Laetitia Marques', 'LCI-3', 11.32, 3.33, 'A', 3, 2);
insert into notes_details values ('2012-2013', 'SEM-7', 'Laetitia Marques', 'MAT-3', 11.32, 1.33, 'A', 0, 1);
insert into notes_details values ('2012-2013', 'SEM-7', 'Laetitia Marques', 'MAT-3', 11.32, 1.33, 'A', 0, 2);
insert into contentieux values ('2012-2013', 'SEM-7', 'Laetitia Marques', 'MAT-3');
insert into notes_details values ('2012-2013', 'SEM-7', 'Laetitia Marques', 'MNG-3', 11.32, 1.67, 'A', 0, 1);
insert into notes_details values ('2012-2013', 'SEM-7', 'Laetitia Marques', 'MNG-3', 11.32, 1.33, 'A', 3, 99);
insert into notes_details values ('2012-2013', 'SEM-7', 'Laetitia Marques', 'PJT-3', 11.32, 1.33, 'A', 0, 1);
insert into notes_details values ('2012-2013', 'SEM-7', 'Laetitia Marques', 'PJT-3', 11.32, 2.67, 'A', 5, 2);
insert into notes_details values ('2012-2013', 'SEM-7', 'Laetitia Marques', 'STD-3', 11.32, 3.67, 'A', 2, 1);
insert into gpa values ('2011-2012', 'SEM-5', 'Laetitia Marques', 3.99);
insert into gpa values ('2011-2012', 'SEM-6', 'Laetitia Marques', 2.64);
insert into gpa values ('2012-2013', 'SEM-7', 'Laetitia Marques', 3.65);
insert into eleves values ('Marco Cinqmars', 1, 'S', 'Tres bien', 'etranger', 'MP', 'mcinqmars');
insert into notes_details values ('2011-2012', 'SEM-5', 'Marco Cinqmars', 'ALG-1', 11.32, 2.33, 'A', 0, 1);
insert into notes_details values ('2011-2012', 'SEM-5', 'Marco Cinqmars', 'ALG-1', 11.32, 3.33, 'A', 3, 2);
insert into notes_details values ('2011-2012', 'SEM-5', 'Marco Cinqmars', 'DPP-1', 11.32, 1.0, 'A', 0, 1);
insert into notes_details values ('2011-2012', 'SEM-5', 'Marco Cinqmars', 'DPP-1', 11.32, 2.67, 'A', 2, 2);
insert into notes_details values ('2011-2012', 'SEM-5', 'Marco Cinqmars', 'ELE-1', 11.32, 1.67, 'A', 0, 1);
insert into notes_details values ('2011-2012', 'SEM-5', 'Marco Cinqmars', 'ELE-1', 11.32, 1.0, 'A', 3, 99);
insert into notes_details values ('2011-2012', 'SEM-5', 'Marco Cinqmars', 'INP-1', 11.32, 1.33, 'A', 0, 1);
insert into notes_details values ('2011-2012', 'SEM-5', 'Marco Cinqmars', 'INP-1', 11.32, 3.33, 'A', 3, 2);
insert into notes_details values ('2011-2012', 'SEM-5', 'Marco Cinqmars', 'LCI-1', 11.32, 2.0, 'A', 0, 1);
insert into notes_details values ('2011-2012', 'SEM-5', 'Marco Cinqmars', 'LCI-1', 11.32, 3.33, 'A', 3, 2);
insert into notes_details values ('2011-2012', 'SEM-5', 'Marco Cinqmars', 'MAT-1', 11.32, 1.33, 'A', 0, 1);
insert into notes_details values ('2011-2012', 'SEM-5', 'Marco Cinqmars', 'MAT-1', 11.32, 3.0, 'A', 3, 2);
insert into notes_details values ('2011-2012', 'SEM-5', 'Marco Cinqmars', 'MGP-1', 11.32, 4.0, 'A', 4, 1);
insert into notes_details values ('2011-2012', 'SEM-5', 'Marco Cinqmars', 'PHO-1', 11.32, 2.0, 'A', 0, 1);
insert into notes_details values ('2011-2012', 'SEM-5', 'Marco Cinqmars', 'PHO-1', 11.32, 2.33, 'A', 3, 99);
insert into notes_details values ('2011-2012', 'SEM-5', 'Marco Cinqmars', 'PHQ-1', 11.32, 4.0, 'A', 3, 1);
insert into notes_details values ('2011-2012', 'SEM-5', 'Marco Cinqmars', 'SPM-1', 11.32, 1.67, 'A', 0, 1);
insert into notes_details values ('2011-2012', 'SEM-5', 'Marco Cinqmars', 'SPM-1', 11.32, 3.0, 'A', 3, 2);
insert into notes_details values ('2011-2012', 'SEM-6', 'Marco Cinqmars', 'DPP-2', 11.32, 1.33, 'A', 0, 1);
insert into notes_details values ('2011-2012', 'SEM-6', 'Marco Cinqmars', 'DPP-2', 11.32, 3.33, 'A', 1, 2);
insert into notes_details values ('2011-2012', 'SEM-6', 'Marco Cinqmars', 'EAO-2', 11.32, 2.0, 'A', 0, 1);
insert into notes_details values ('2011-2012', 'SEM-6', 'Marco Cinqmars', 'EAO-2', 11.32, 2.67, 'A', 3, 2);
insert into notes_details values ('2011-2012', 'SEM-6', 'Marco Cinqmars', 'ECO-2', 11.32, 3.67, 'A', 3, 1);
insert into notes_details values ('2011-2012', 'SEM-6', 'Marco Cinqmars', 'LCI-2', 11.32, 2.67, 'A', 3, 1);
insert into notes_details values ('2011-2012', 'SEM-6', 'Marco Cinqmars', 'MAT-2', 11.32, 3.0, 'A', 2, 1);
insert into notes_details values ('2011-2012', 'SEM-6', 'Marco Cinqmars', 'MCO-2', 11.32, 2.33, 'A', 0, 1);
insert into notes_details values ('2011-2012', 'SEM-6', 'Marco Cinqmars', 'MCO-2', 11.32, 1.0, 'A', 2, 99);
insert into notes_details values ('2011-2012', 'SEM-6', 'Marco Cinqmars', 'MGP-2', 11.32, 1.67, 'A', 0, 1);
insert into notes_details values ('2011-2012', 'SEM-6', 'Marco Cinqmars', 'MGP-2', 11.32, 4.0, 'A', 4, 2);
insert into notes_details values ('2011-2012', 'SEM-6', 'Marco Cinqmars', 'PHS-2', 11.32, 3.0, 'A', 2, 1);
insert into notes_details values ('2011-2012', 'SEM-6', 'Marco Cinqmars', 'PJT-2', 11.32, 3.0, 'A', 1, 1);
insert into notes_details values ('2011-2012', 'SEM-6', 'Marco Cinqmars', 'RMS-2', 11.32, 2.33, 'A', 0, 1);
insert into notes_details values ('2011-2012', 'SEM-6', 'Marco Cinqmars', 'RMS-2', 11.32, 3.0, 'A', 4, 2);
insert into notes_details values ('2011-2012', 'SEM-6', 'Marco Cinqmars', 'STG-2', 11.32, 2.0, 'A', 0, 1);
insert into notes_details values ('2011-2012', 'SEM-6', 'Marco Cinqmars', 'STG-2', 11.32, 4.0, 'A', 2, 2);
insert into notes_details values ('2011-2012', 'SEM-6', 'Marco Cinqmars', 'THS-2', 11.32, 3.0, 'A', 3, 1);
insert into notes_details values ('2012-2013', 'SEM-7', 'Marco Cinqmars', 'ASL-3', 11.32, 2.67, 'A', 2, 1);
insert into notes_details values ('2012-2013', 'SEM-7', 'Marco Cinqmars', 'DPP-3', 11.32, 2.0, 'A', 0, 1);
insert into notes_details values ('2012-2013', 'SEM-7', 'Marco Cinqmars', 'DPP-3', 11.32, 4.0, 'A', 2, 2);
insert into notes_details values ('2012-2013', 'SEM-7', 'Marco Cinqmars', 'EAO-31', 11.32, 3.33, 'A', 2, 1);
insert into notes_details values ('2012-2013', 'SEM-7', 'Marco Cinqmars', 'EAO-32', 11.32, 2.67, 'A', 2, 1);
insert into notes_details values ('2012-2013', 'SEM-7', 'Marco Cinqmars', 'EAO-33', 11.32, 1.0, 'A', 0, 1);
insert into notes_details values ('2012-2013', 'SEM-7', 'Marco Cinqmars', 'EAO-33', 11.32, 4.0, 'A', 2, 2);
insert into notes_details values ('2012-2013', 'SEM-7', 'Marco Cinqmars', 'EAO-34', 11.32, 1.33, 'A', 0, 1);
insert into notes_details values ('2012-2013', 'SEM-7', 'Marco Cinqmars', 'EAO-34', 11.32, 1.33, 'A', 2, 99);
insert into notes_details values ('2012-2013', 'SEM-7', 'Marco Cinqmars', 'EAO-35', 11.32, 2.67, 'A', 2, 1);
insert into notes_details values ('2012-2013', 'SEM-7', 'Marco Cinqmars', 'LCI-3', 11.32, 1.0, 'A', 0, 1);
insert into notes_details values ('2012-2013', 'SEM-7', 'Marco Cinqmars', 'LCI-3', 11.32, 3.67, 'A', 3, 2);
insert into notes_details values ('2012-2013', 'SEM-7', 'Marco Cinqmars', 'MAT-3', 11.32, 1.33, 'A', 0, 1);
insert into notes_details values ('2012-2013', 'SEM-7', 'Marco Cinqmars', 'MAT-3', 11.32, 1.0, 'A', 0, 2);
insert into contentieux values ('2012-2013', 'SEM-7', 'Marco Cinqmars', 'MAT-3');
insert into notes_details values ('2012-2013', 'SEM-7', 'Marco Cinqmars', 'MNG-3', 11.32, 4.0, 'A', 3, 1);
insert into notes_details values ('2012-2013', 'SEM-7', 'Marco Cinqmars', 'PJT-3', 11.32, 2.33, 'A', 0, 1);
insert into notes_details values ('2012-2013', 'SEM-7', 'Marco Cinqmars', 'PJT-3', 11.32, 1.67, 'A', 0, 2);
insert into contentieux values ('2012-2013', 'SEM-7', 'Marco Cinqmars', 'PJT-3');
insert into notes_details values ('2012-2013', 'SEM-7', 'Marco Cinqmars', 'STD-3', 11.32, 3.33, 'A', 2, 1);
insert into gpa values ('2011-2012', 'SEM-5', 'Marco Cinqmars', 2.68);
insert into gpa values ('2011-2012', 'SEM-6', 'Marco Cinqmars', 2.04);
insert into gpa values ('2012-2013', 'SEM-7', 'Marco Cinqmars', 2.63);
insert into eleves values ('Imane Albert', 1, 'S', 'Tres bien', 'MP', 'MP', 'ialbert');
insert into notes_details values ('2011-2012', 'SEM-5', 'Imane Albert', 'ALG-1', 11.32, 1.0, 'A', 0, 1);
insert into notes_details values ('2011-2012', 'SEM-5', 'Imane Albert', 'ALG-1', 11.32, 3.0, 'A', 3, 2);
insert into notes_details values ('2011-2012', 'SEM-5', 'Imane Albert', 'DPP-1', 11.32, 3.67, 'A', 2, 1);
insert into notes_details values ('2011-2012', 'SEM-5', 'Imane Albert', 'ELE-1', 11.32, 2.67, 'A', 3, 1);
insert into notes_details values ('2011-2012', 'SEM-5', 'Imane Albert', 'INP-1', 11.32, 1.33, 'A', 0, 1);
insert into notes_details values ('2011-2012', 'SEM-5', 'Imane Albert', 'INP-1', 11.32, 4.0, 'A', 3, 2);
insert into notes_details values ('2011-2012', 'SEM-5', 'Imane Albert', 'LCI-1', 11.32, 4.0, 'A', 3, 1);
insert into notes_details values ('2011-2012', 'SEM-5', 'Imane Albert', 'MAT-1', 11.32, 3.0, 'A', 3, 1);
insert into notes_details values ('2011-2012', 'SEM-5', 'Imane Albert', 'MGP-1', 11.32, 1.0, 'A', 0, 1);
insert into notes_details values ('2011-2012', 'SEM-5', 'Imane Albert', 'MGP-1', 11.32, 3.0, 'A', 4, 2);
insert into notes_details values ('2011-2012', 'SEM-5', 'Imane Albert', 'PHO-1', 11.32, 1.67, 'A', 0, 1);
insert into notes_details values ('2011-2012', 'SEM-5', 'Imane Albert', 'PHO-1', 11.32, 3.67, 'A', 3, 2);
insert into notes_details values ('2011-2012', 'SEM-5', 'Imane Albert', 'PHQ-1', 11.32, 2.33, 'A', 0, 1);
insert into notes_details values ('2011-2012', 'SEM-5', 'Imane Albert', 'PHQ-1', 11.32, 4.0, 'A', 3, 2);
insert into notes_details values ('2011-2012', 'SEM-5', 'Imane Albert', 'SPM-1', 11.32, 1.33, 'A', 0, 1);
insert into notes_details values ('2011-2012', 'SEM-5', 'Imane Albert', 'SPM-1', 11.32, 3.0, 'A', 3, 2);
insert into notes_details values ('2011-2012', 'SEM-6', 'Imane Albert', 'DPP-2', 11.32, 4.0, 'A', 1, 1);
insert into notes_details values ('2011-2012', 'SEM-6', 'Imane Albert', 'EAO-2', 11.32, 1.0, 'A', 0, 1);
insert into notes_details values ('2011-2012', 'SEM-6', 'Imane Albert', 'EAO-2', 11.32, 2.67, 'A', 3, 2);
insert into notes_details values ('2011-2012', 'SEM-6', 'Imane Albert', 'ECO-2', 11.32, 1.33, 'A', 0, 1);
insert into notes_details values ('2011-2012', 'SEM-6', 'Imane Albert', 'ECO-2', 11.32, 1.67, 'A', 3, 99);
insert into notes_details values ('2011-2012', 'SEM-6', 'Imane Albert', 'LCI-2', 11.32, 1.33, 'A', 0, 1);
insert into notes_details values ('2011-2012', 'SEM-6', 'Imane Albert', 'LCI-2', 11.32, 3.67, 'A', 3, 2);
insert into notes_details values ('2011-2012', 'SEM-6', 'Imane Albert', 'MAT-2', 11.32, 2.33, 'A', 0, 1);
insert into notes_details values ('2011-2012', 'SEM-6', 'Imane Albert', 'MAT-2', 11.32, 3.67, 'A', 2, 2);
insert into notes_details values ('2011-2012', 'SEM-6', 'Imane Albert', 'MCO-2', 11.32, 3.0, 'A', 2, 1);
insert into notes_details values ('2011-2012', 'SEM-6', 'Imane Albert', 'MGP-2', 11.32, 3.0, 'A', 4, 1);
insert into notes_details values ('2011-2012', 'SEM-6', 'Imane Albert', 'PHS-2', 11.32, 4.0, 'A', 2, 1);
insert into notes_details values ('2011-2012', 'SEM-6', 'Imane Albert', 'PJT-2', 11.32, 2.33, 'A', 0, 1);
insert into notes_details values ('2011-2012', 'SEM-6', 'Imane Albert', 'PJT-2', 11.32, 3.33, 'A', 1, 2);
insert into notes_details values ('2011-2012', 'SEM-6', 'Imane Albert', 'RMS-2', 11.32, 3.0, 'A', 4, 1);
insert into notes_details values ('2011-2012', 'SEM-6', 'Imane Albert', 'STG-2', 11.32, 2.0, 'A', 0, 1);
insert into notes_details values ('2011-2012', 'SEM-6', 'Imane Albert', 'STG-2', 11.32, 3.33, 'A', 2, 2);
insert into notes_details values ('2011-2012', 'SEM-6', 'Imane Albert', 'THS-2', 11.32, 1.33, 'A', 0, 1);
insert into notes_details values ('2011-2012', 'SEM-6', 'Imane Albert', 'THS-2', 11.32, 3.33, 'A', 3, 2);
insert into notes_details values ('2012-2013', 'SEM-7', 'Imane Albert', 'ASL-3', 11.32, 2.0, 'A', 0, 1);
insert into notes_details values ('2012-2013', 'SEM-7', 'Imane Albert', 'ASL-3', 11.32, 3.0, 'A', 2, 2);
insert into notes_details values ('2012-2013', 'SEM-7', 'Imane Albert', 'DPP-3', 11.32, 2.0, 'A', 0, 1);
insert into notes_details values ('2012-2013', 'SEM-7', 'Imane Albert', 'DPP-3', 11.32, 2.0, 'A', 0, 2);
insert into contentieux values ('2012-2013', 'SEM-7', 'Imane Albert', 'DPP-3');
insert into notes_details values ('2012-2013', 'SEM-7', 'Imane Albert', 'EAO-31', 11.32, 1.67, 'A', 0, 1);
insert into notes_details values ('2012-2013', 'SEM-7', 'Imane Albert', 'EAO-31', 11.32, 3.67, 'A', 2, 2);
insert into notes_details values ('2012-2013', 'SEM-7', 'Imane Albert', 'EAO-32', 11.32, 1.67, 'A', 0, 1);
insert into notes_details values ('2012-2013', 'SEM-7', 'Imane Albert', 'EAO-32', 11.32, 3.67, 'A', 2, 2);
insert into notes_details values ('2012-2013', 'SEM-7', 'Imane Albert', 'EAO-33', 11.32, 1.67, 'A', 0, 1);
insert into notes_details values ('2012-2013', 'SEM-7', 'Imane Albert', 'EAO-33', 11.32, 1.0, 'A', 0, 2);
insert into contentieux values ('2012-2013', 'SEM-7', 'Imane Albert', 'EAO-33');
insert into notes_details values ('2012-2013', 'SEM-7', 'Imane Albert', 'EAO-34', 11.32, 4.0, 'A', 2, 1);
insert into notes_details values ('2012-2013', 'SEM-7', 'Imane Albert', 'EAO-35', 11.32, 3.0, 'A', 2, 1);
insert into notes_details values ('2012-2013', 'SEM-7', 'Imane Albert', 'LCI-3', 11.32, 2.0, 'A', 0, 1);
insert into notes_details values ('2012-2013', 'SEM-7', 'Imane Albert', 'LCI-3', 11.32, 1.67, 'A', 0, 2);
insert into contentieux values ('2012-2013', 'SEM-7', 'Imane Albert', 'LCI-3');
insert into notes_details values ('2012-2013', 'SEM-7', 'Imane Albert', 'MAT-3', 11.32, 1.0, 'A', 0, 1);
insert into notes_details values ('2012-2013', 'SEM-7', 'Imane Albert', 'MAT-3', 11.32, 2.67, 'A', 3, 2);
insert into notes_details values ('2012-2013', 'SEM-7', 'Imane Albert', 'MNG-3', 11.32, 2.33, 'A', 0, 1);
insert into notes_details values ('2012-2013', 'SEM-7', 'Imane Albert', 'MNG-3', 11.32, 1.0, 'A', 0, 2);
insert into contentieux values ('2012-2013', 'SEM-7', 'Imane Albert', 'MNG-3');
insert into notes_details values ('2012-2013', 'SEM-7', 'Imane Albert', 'PJT-3', 11.32, 2.33, 'A', 0, 1);
insert into notes_details values ('2012-2013', 'SEM-7', 'Imane Albert', 'PJT-3', 11.32, 1.33, 'A', 0, 2);
insert into contentieux values ('2012-2013', 'SEM-7', 'Imane Albert', 'PJT-3');
insert into notes_details values ('2012-2013', 'SEM-7', 'Imane Albert', 'STD-3', 11.32, 3.0, 'A', 2, 1);
insert into gpa values ('2011-2012', 'SEM-5', 'Imane Albert', 2.95);
insert into gpa values ('2011-2012', 'SEM-6', 'Imane Albert', 3.78);
insert into gpa values ('2012-2013', 'SEM-7', 'Imane Albert', 3.96);
insert into eleves values ('Josephine Einsenhower', 1, 'S', 'Tres bien', 'MP', 'MP', 'jeinsenhower');
insert into notes_details values ('2011-2012', 'SEM-5', 'Josephine Einsenhower', 'ALG-1', 11.32, 2.67, 'A', 3, 1);
insert into notes_details values ('2011-2012', 'SEM-5', 'Josephine Einsenhower', 'DPP-1', 11.32, 1.0, 'A', 0, 1);
insert into notes_details values ('2011-2012', 'SEM-5', 'Josephine Einsenhower', 'DPP-1', 11.32, 3.33, 'A', 2, 2);
insert into notes_details values ('2011-2012', 'SEM-5', 'Josephine Einsenhower', 'ELE-1', 11.32, 3.33, 'A', 3, 1);
insert into notes_details values ('2011-2012', 'SEM-5', 'Josephine Einsenhower', 'INP-1', 11.32, 3.33, 'A', 3, 1);
insert into notes_details values ('2011-2012', 'SEM-5', 'Josephine Einsenhower', 'LCI-1', 11.32, 3.33, 'A', 3, 1);
insert into notes_details values ('2011-2012', 'SEM-5', 'Josephine Einsenhower', 'MAT-1', 11.32, 1.67, 'A', 0, 1);
insert into notes_details values ('2011-2012', 'SEM-5', 'Josephine Einsenhower', 'MAT-1', 11.32, 3.67, 'A', 3, 2);
insert into notes_details values ('2011-2012', 'SEM-5', 'Josephine Einsenhower', 'MGP-1', 11.32, 2.0, 'A', 0, 1);
insert into notes_details values ('2011-2012', 'SEM-5', 'Josephine Einsenhower', 'MGP-1', 11.32, 2.67, 'A', 4, 2);
insert into notes_details values ('2011-2012', 'SEM-5', 'Josephine Einsenhower', 'PHO-1', 11.32, 1.33, 'A', 0, 1);
insert into notes_details values ('2011-2012', 'SEM-5', 'Josephine Einsenhower', 'PHO-1', 11.32, 1.67, 'A', 3, 99);
insert into notes_details values ('2011-2012', 'SEM-5', 'Josephine Einsenhower', 'PHQ-1', 11.32, 4.0, 'A', 3, 1);
insert into notes_details values ('2011-2012', 'SEM-5', 'Josephine Einsenhower', 'SPM-1', 11.32, 3.67, 'A', 3, 1);
insert into notes_details values ('2011-2012', 'SEM-6', 'Josephine Einsenhower', 'DPP-2', 11.32, 3.0, 'A', 1, 1);
insert into notes_details values ('2011-2012', 'SEM-6', 'Josephine Einsenhower', 'EAO-2', 11.32, 2.0, 'A', 0, 1);
insert into notes_details values ('2011-2012', 'SEM-6', 'Josephine Einsenhower', 'EAO-2', 11.32, 3.33, 'A', 3, 2);
insert into notes_details values ('2011-2012', 'SEM-6', 'Josephine Einsenhower', 'ECO-2', 11.32, 1.0, 'A', 0, 1);
insert into notes_details values ('2011-2012', 'SEM-6', 'Josephine Einsenhower', 'ECO-2', 11.32, 1.0, 'A', 3, 99);
insert into notes_details values ('2011-2012', 'SEM-6', 'Josephine Einsenhower', 'LCI-2', 11.32, 3.67, 'A', 3, 1);
insert into notes_details values ('2011-2012', 'SEM-6', 'Josephine Einsenhower', 'MAT-2', 11.32, 2.67, 'A', 2, 1);
insert into notes_details values ('2011-2012', 'SEM-6', 'Josephine Einsenhower', 'MCO-2', 11.32, 2.33, 'A', 0, 1);
insert into notes_details values ('2011-2012', 'SEM-6', 'Josephine Einsenhower', 'MCO-2', 11.32, 1.33, 'A', 2, 99);
insert into notes_details values ('2011-2012', 'SEM-6', 'Josephine Einsenhower', 'MGP-2', 11.32, 1.33, 'A', 0, 1);
insert into notes_details values ('2011-2012', 'SEM-6', 'Josephine Einsenhower', 'MGP-2', 11.32, 2.67, 'A', 4, 2);
insert into notes_details values ('2011-2012', 'SEM-6', 'Josephine Einsenhower', 'PHS-2', 11.32, 3.33, 'A', 2, 1);
insert into notes_details values ('2011-2012', 'SEM-6', 'Josephine Einsenhower', 'PJT-2', 11.32, 1.67, 'A', 0, 1);
insert into notes_details values ('2011-2012', 'SEM-6', 'Josephine Einsenhower', 'PJT-2', 11.32, 4.0, 'A', 1, 2);
insert into notes_details values ('2011-2012', 'SEM-6', 'Josephine Einsenhower', 'RMS-2', 11.32, 1.67, 'A', 0, 1);
insert into notes_details values ('2011-2012', 'SEM-6', 'Josephine Einsenhower', 'RMS-2', 11.32, 4.0, 'A', 4, 2);
insert into notes_details values ('2011-2012', 'SEM-6', 'Josephine Einsenhower', 'STG-2', 11.32, 1.33, 'A', 0, 1);
insert into notes_details values ('2011-2012', 'SEM-6', 'Josephine Einsenhower', 'STG-2', 11.32, 3.0, 'A', 2, 2);
insert into notes_details values ('2011-2012', 'SEM-6', 'Josephine Einsenhower', 'THS-2', 11.32, 3.0, 'A', 3, 1);
insert into notes_details values ('2012-2013', 'SEM-7', 'Josephine Einsenhower', 'ASL-3', 11.32, 2.0, 'A', 0, 1);
insert into notes_details values ('2012-2013', 'SEM-7', 'Josephine Einsenhower', 'ASL-3', 11.32, 2.0, 'A', 2, 99);
insert into notes_details values ('2012-2013', 'SEM-7', 'Josephine Einsenhower', 'DPP-3', 11.32, 2.67, 'A', 2, 1);
insert into notes_details values ('2012-2013', 'SEM-7', 'Josephine Einsenhower', 'EAO-31', 11.32, 1.33, 'A', 0, 1);
insert into notes_details values ('2012-2013', 'SEM-7', 'Josephine Einsenhower', 'EAO-31', 11.32, 4.0, 'A', 2, 2);
insert into notes_details values ('2012-2013', 'SEM-7', 'Josephine Einsenhower', 'EAO-32', 11.32, 2.0, 'A', 0, 1);
insert into notes_details values ('2012-2013', 'SEM-7', 'Josephine Einsenhower', 'EAO-32', 11.32, 1.67, 'A', 2, 99);
insert into notes_details values ('2012-2013', 'SEM-7', 'Josephine Einsenhower', 'EAO-33', 11.32, 4.0, 'A', 2, 1);
insert into notes_details values ('2012-2013', 'SEM-7', 'Josephine Einsenhower', 'EAO-34', 11.32, 1.33, 'A', 0, 1);
insert into notes_details values ('2012-2013', 'SEM-7', 'Josephine Einsenhower', 'EAO-34', 11.32, 3.33, 'A', 2, 2);
insert into notes_details values ('2012-2013', 'SEM-7', 'Josephine Einsenhower', 'EAO-35', 11.32, 2.0, 'A', 0, 1);
insert into notes_details values ('2012-2013', 'SEM-7', 'Josephine Einsenhower', 'EAO-35', 11.32, 4.0, 'A', 2, 2);
insert into notes_details values ('2012-2013', 'SEM-7', 'Josephine Einsenhower', 'LCI-3', 11.32, 2.33, 'A', 0, 1);
insert into notes_details values ('2012-2013', 'SEM-7', 'Josephine Einsenhower', 'LCI-3', 11.32, 3.67, 'A', 3, 2);
insert into notes_details values ('2012-2013', 'SEM-7', 'Josephine Einsenhower', 'MAT-3', 11.32, 2.0, 'A', 0, 1);
insert into notes_details values ('2012-2013', 'SEM-7', 'Josephine Einsenhower', 'MAT-3', 11.32, 3.0, 'A', 3, 2);
insert into notes_details values ('2012-2013', 'SEM-7', 'Josephine Einsenhower', 'MNG-3', 11.32, 1.0, 'A', 0, 1);
insert into notes_details values ('2012-2013', 'SEM-7', 'Josephine Einsenhower', 'MNG-3', 11.32, 1.33, 'A', 0, 2);
insert into contentieux values ('2012-2013', 'SEM-7', 'Josephine Einsenhower', 'MNG-3');
insert into notes_details values ('2012-2013', 'SEM-7', 'Josephine Einsenhower', 'PJT-3', 11.32, 1.0, 'A', 0, 1);
insert into notes_details values ('2012-2013', 'SEM-7', 'Josephine Einsenhower', 'PJT-3', 11.32, 1.33, 'A', 0, 2);
insert into contentieux values ('2012-2013', 'SEM-7', 'Josephine Einsenhower', 'PJT-3');
insert into notes_details values ('2012-2013', 'SEM-7', 'Josephine Einsenhower', 'STD-3', 11.32, 4.0, 'A', 2, 1);
insert into gpa values ('2011-2012', 'SEM-5', 'Josephine Einsenhower', 3.54);
insert into gpa values ('2011-2012', 'SEM-6', 'Josephine Einsenhower', 3.31);
insert into gpa values ('2012-2013', 'SEM-7', 'Josephine Einsenhower', 3.42);
insert into eleves values ('Bobby Dubois', 1, 'S', 'Tres bien', 'MP', 'MP', 'bdubois');
insert into notes_details values ('2011-2012', 'SEM-5', 'Bobby Dubois', 'ALG-1', 11.32, 4.0, 'A', 3, 1);
insert into notes_details values ('2011-2012', 'SEM-5', 'Bobby Dubois', 'DPP-1', 11.32, 4.0, 'A', 2, 1);
insert into notes_details values ('2011-2012', 'SEM-5', 'Bobby Dubois', 'ELE-1', 11.32, 1.67, 'A', 0, 1);
insert into notes_details values ('2011-2012', 'SEM-5', 'Bobby Dubois', 'ELE-1', 11.32, 3.0, 'A', 3, 2);
insert into notes_details values ('2011-2012', 'SEM-5', 'Bobby Dubois', 'INP-1', 11.32, 3.33, 'A', 3, 1);
insert into notes_details values ('2011-2012', 'SEM-5', 'Bobby Dubois', 'LCI-1', 11.32, 2.33, 'A', 0, 1);
insert into notes_details values ('2011-2012', 'SEM-5', 'Bobby Dubois', 'LCI-1', 11.32, 3.33, 'A', 3, 2);
insert into notes_details values ('2011-2012', 'SEM-5', 'Bobby Dubois', 'MAT-1', 11.32, 2.33, 'A', 0, 1);
insert into notes_details values ('2011-2012', 'SEM-5', 'Bobby Dubois', 'MAT-1', 11.32, 3.33, 'A', 3, 2);
insert into notes_details values ('2011-2012', 'SEM-5', 'Bobby Dubois', 'MGP-1', 11.32, 1.0, 'A', 0, 1);
insert into notes_details values ('2011-2012', 'SEM-5', 'Bobby Dubois', 'MGP-1', 11.32, 3.0, 'A', 4, 2);
insert into notes_details values ('2011-2012', 'SEM-5', 'Bobby Dubois', 'PHO-1', 11.32, 3.33, 'A', 3, 1);
insert into notes_details values ('2011-2012', 'SEM-5', 'Bobby Dubois', 'PHQ-1', 11.32, 2.33, 'A', 0, 1);
insert into notes_details values ('2011-2012', 'SEM-5', 'Bobby Dubois', 'PHQ-1', 11.32, 3.67, 'A', 3, 2);
insert into notes_details values ('2011-2012', 'SEM-5', 'Bobby Dubois', 'SPM-1', 11.32, 3.0, 'A', 3, 1);
insert into notes_details values ('2011-2012', 'SEM-6', 'Bobby Dubois', 'DPP-2', 11.32, 1.33, 'A', 0, 1);
insert into notes_details values ('2011-2012', 'SEM-6', 'Bobby Dubois', 'DPP-2', 11.32, 3.67, 'A', 1, 2);
insert into notes_details values ('2011-2012', 'SEM-6', 'Bobby Dubois', 'EAO-2', 11.32, 1.0, 'A', 0, 1);
insert into notes_details values ('2011-2012', 'SEM-6', 'Bobby Dubois', 'EAO-2', 11.32, 3.67, 'A', 3, 2);
insert into notes_details values ('2011-2012', 'SEM-6', 'Bobby Dubois', 'ECO-2', 11.32, 2.67, 'A', 3, 1);
insert into notes_details values ('2011-2012', 'SEM-6', 'Bobby Dubois', 'LCI-2', 11.32, 1.67, 'A', 0, 1);
insert into notes_details values ('2011-2012', 'SEM-6', 'Bobby Dubois', 'LCI-2', 11.32, 2.67, 'A', 3, 2);
insert into notes_details values ('2011-2012', 'SEM-6', 'Bobby Dubois', 'MAT-2', 11.32, 2.33, 'A', 0, 1);
insert into notes_details values ('2011-2012', 'SEM-6', 'Bobby Dubois', 'MAT-2', 11.32, 3.33, 'A', 2, 2);
insert into notes_details values ('2011-2012', 'SEM-6', 'Bobby Dubois', 'MCO-2', 11.32, 2.67, 'A', 2, 1);
insert into notes_details values ('2011-2012', 'SEM-6', 'Bobby Dubois', 'MGP-2', 11.32, 3.33, 'A', 4, 1);
insert into notes_details values ('2011-2012', 'SEM-6', 'Bobby Dubois', 'PHS-2', 11.32, 1.0, 'A', 0, 1);
insert into notes_details values ('2011-2012', 'SEM-6', 'Bobby Dubois', 'PHS-2', 11.32, 3.67, 'A', 2, 2);
insert into notes_details values ('2011-2012', 'SEM-6', 'Bobby Dubois', 'PJT-2', 11.32, 3.0, 'A', 1, 1);
insert into notes_details values ('2011-2012', 'SEM-6', 'Bobby Dubois', 'RMS-2', 11.32, 1.67, 'A', 0, 1);
insert into notes_details values ('2011-2012', 'SEM-6', 'Bobby Dubois', 'RMS-2', 11.32, 2.67, 'A', 4, 2);
insert into notes_details values ('2011-2012', 'SEM-6', 'Bobby Dubois', 'STG-2', 11.32, 2.67, 'A', 2, 1);
insert into notes_details values ('2011-2012', 'SEM-6', 'Bobby Dubois', 'THS-2', 11.32, 1.67, 'A', 0, 1);
insert into notes_details values ('2011-2012', 'SEM-6', 'Bobby Dubois', 'THS-2', 11.32, 2.33, 'A', 3, 99);
insert into notes_details values ('2012-2013', 'SEM-7', 'Bobby Dubois', 'ASL-3', 11.32, 4.0, 'A', 2, 1);
insert into notes_details values ('2012-2013', 'SEM-7', 'Bobby Dubois', 'DPP-3', 11.32, 1.0, 'A', 0, 1);
insert into notes_details values ('2012-2013', 'SEM-7', 'Bobby Dubois', 'DPP-3', 11.32, 2.33, 'A', 0, 2);
insert into contentieux values ('2012-2013', 'SEM-7', 'Bobby Dubois', 'DPP-3');
insert into notes_details values ('2012-2013', 'SEM-7', 'Bobby Dubois', 'EAO-31', 11.32, 2.33, 'A', 0, 1);
insert into notes_details values ('2012-2013', 'SEM-7', 'Bobby Dubois', 'EAO-31', 11.32, 2.0, 'A', 0, 2);
insert into contentieux values ('2012-2013', 'SEM-7', 'Bobby Dubois', 'EAO-31');
insert into notes_details values ('2012-2013', 'SEM-7', 'Bobby Dubois', 'EAO-32', 11.32, 1.33, 'A', 0, 1);
insert into notes_details values ('2012-2013', 'SEM-7', 'Bobby Dubois', 'EAO-32', 11.32, 3.67, 'A', 2, 2);
insert into notes_details values ('2012-2013', 'SEM-7', 'Bobby Dubois', 'EAO-33', 11.32, 1.33, 'A', 0, 1);
insert into notes_details values ('2012-2013', 'SEM-7', 'Bobby Dubois', 'EAO-33', 11.32, 1.67, 'A', 0, 2);
insert into contentieux values ('2012-2013', 'SEM-7', 'Bobby Dubois', 'EAO-33');
insert into notes_details values ('2012-2013', 'SEM-7', 'Bobby Dubois', 'EAO-34', 11.32, 1.67, 'A', 0, 1);
insert into notes_details values ('2012-2013', 'SEM-7', 'Bobby Dubois', 'EAO-34', 11.32, 4.0, 'A', 2, 2);
insert into notes_details values ('2012-2013', 'SEM-7', 'Bobby Dubois', 'EAO-35', 11.32, 3.67, 'A', 2, 1);
insert into notes_details values ('2012-2013', 'SEM-7', 'Bobby Dubois', 'LCI-3', 11.32, 3.33, 'A', 3, 1);
insert into notes_details values ('2012-2013', 'SEM-7', 'Bobby Dubois', 'MAT-3', 11.32, 3.67, 'A', 3, 1);
insert into notes_details values ('2012-2013', 'SEM-7', 'Bobby Dubois', 'MNG-3', 11.32, 1.67, 'A', 0, 1);
insert into notes_details values ('2012-2013', 'SEM-7', 'Bobby Dubois', 'MNG-3', 11.32, 3.0, 'A', 3, 2);
insert into notes_details values ('2012-2013', 'SEM-7', 'Bobby Dubois', 'PJT-3', 11.32, 1.67, 'A', 0, 1);
insert into notes_details values ('2012-2013', 'SEM-7', 'Bobby Dubois', 'PJT-3', 11.32, 2.0, 'A', 0, 2);
insert into contentieux values ('2012-2013', 'SEM-7', 'Bobby Dubois', 'PJT-3');
insert into notes_details values ('2012-2013', 'SEM-7', 'Bobby Dubois', 'STD-3', 11.32, 2.33, 'A', 0, 1);
insert into notes_details values ('2012-2013', 'SEM-7', 'Bobby Dubois', 'STD-3', 11.32, 1.0, 'A', 0, 2);
insert into contentieux values ('2012-2013', 'SEM-7', 'Bobby Dubois', 'STD-3');
insert into gpa values ('2011-2012', 'SEM-5', 'Bobby Dubois', 3.27);
insert into gpa values ('2011-2012', 'SEM-6', 'Bobby Dubois', 3.38);
insert into gpa values ('2012-2013', 'SEM-7', 'Bobby Dubois', 2.81);
insert into eleves values ('Dexter Cannavaro', 1, 'S', 'Tres bien', 'MP', 'MP', 'dcannavaro');
insert into notes_details values ('2011-2012', 'SEM-5', 'Dexter Cannavaro', 'ALG-1', 11.32, 1.33, 'A', 0, 1);
insert into notes_details values ('2011-2012', 'SEM-5', 'Dexter Cannavaro', 'ALG-1', 11.32, 3.67, 'A', 3, 2);
insert into notes_details values ('2011-2012', 'SEM-5', 'Dexter Cannavaro', 'DPP-1', 11.32, 3.67, 'A', 2, 1);
insert into notes_details values ('2011-2012', 'SEM-5', 'Dexter Cannavaro', 'ELE-1', 11.32, 4.0, 'A', 3, 1);
insert into notes_details values ('2011-2012', 'SEM-5', 'Dexter Cannavaro', 'INP-1', 11.32, 4.0, 'A', 3, 1);
insert into notes_details values ('2011-2012', 'SEM-5', 'Dexter Cannavaro', 'LCI-1', 11.32, 3.0, 'A', 3, 1);
insert into notes_details values ('2011-2012', 'SEM-5', 'Dexter Cannavaro', 'MAT-1', 11.32, 1.67, 'A', 0, 1);
insert into notes_details values ('2011-2012', 'SEM-5', 'Dexter Cannavaro', 'MAT-1', 11.32, 2.67, 'A', 3, 2);
insert into notes_details values ('2011-2012', 'SEM-5', 'Dexter Cannavaro', 'MGP-1', 11.32, 2.0, 'A', 0, 1);
insert into notes_details values ('2011-2012', 'SEM-5', 'Dexter Cannavaro', 'MGP-1', 11.32, 2.67, 'A', 4, 2);
insert into notes_details values ('2011-2012', 'SEM-5', 'Dexter Cannavaro', 'PHO-1', 11.32, 2.33, 'A', 0, 1);
insert into notes_details values ('2011-2012', 'SEM-5', 'Dexter Cannavaro', 'PHO-1', 11.32, 2.67, 'A', 3, 2);
insert into notes_details values ('2011-2012', 'SEM-5', 'Dexter Cannavaro', 'PHQ-1', 11.32, 2.0, 'A', 0, 1);
insert into notes_details values ('2011-2012', 'SEM-5', 'Dexter Cannavaro', 'PHQ-1', 11.32, 3.0, 'A', 3, 2);
insert into notes_details values ('2011-2012', 'SEM-5', 'Dexter Cannavaro', 'SPM-1', 11.32, 3.33, 'A', 3, 1);
insert into notes_details values ('2011-2012', 'SEM-6', 'Dexter Cannavaro', 'DPP-2', 11.32, 2.67, 'A', 1, 1);
insert into notes_details values ('2011-2012', 'SEM-6', 'Dexter Cannavaro', 'EAO-2', 11.32, 3.0, 'A', 3, 1);
insert into notes_details values ('2011-2012', 'SEM-6', 'Dexter Cannavaro', 'ECO-2', 11.32, 3.33, 'A', 3, 1);
insert into notes_details values ('2011-2012', 'SEM-6', 'Dexter Cannavaro', 'LCI-2', 11.32, 3.67, 'A', 3, 1);
insert into notes_details values ('2011-2012', 'SEM-6', 'Dexter Cannavaro', 'MAT-2', 11.32, 1.0, 'A', 0, 1);
insert into notes_details values ('2011-2012', 'SEM-6', 'Dexter Cannavaro', 'MAT-2', 11.32, 3.0, 'A', 2, 2);
insert into notes_details values ('2011-2012', 'SEM-6', 'Dexter Cannavaro', 'MCO-2', 11.32, 2.0, 'A', 0, 1);
insert into notes_details values ('2011-2012', 'SEM-6', 'Dexter Cannavaro', 'MCO-2', 11.32, 3.33, 'A', 2, 2);
insert into notes_details values ('2011-2012', 'SEM-6', 'Dexter Cannavaro', 'MGP-2', 11.32, 2.0, 'A', 0, 1);
insert into notes_details values ('2011-2012', 'SEM-6', 'Dexter Cannavaro', 'MGP-2', 11.32, 3.67, 'A', 4, 2);
insert into notes_details values ('2011-2012', 'SEM-6', 'Dexter Cannavaro', 'PHS-2', 11.32, 4.0, 'A', 2, 1);
insert into notes_details values ('2011-2012', 'SEM-6', 'Dexter Cannavaro', 'PJT-2', 11.32, 2.33, 'A', 0, 1);
insert into notes_details values ('2011-2012', 'SEM-6', 'Dexter Cannavaro', 'PJT-2', 11.32, 3.0, 'A', 1, 2);
insert into notes_details values ('2011-2012', 'SEM-6', 'Dexter Cannavaro', 'RMS-2', 11.32, 1.33, 'A', 0, 1);
insert into notes_details values ('2011-2012', 'SEM-6', 'Dexter Cannavaro', 'RMS-2', 11.32, 1.67, 'A', 4, 99);
insert into notes_details values ('2011-2012', 'SEM-6', 'Dexter Cannavaro', 'STG-2', 11.32, 1.0, 'A', 0, 1);
insert into notes_details values ('2011-2012', 'SEM-6', 'Dexter Cannavaro', 'STG-2', 11.32, 2.67, 'A', 2, 2);
insert into notes_details values ('2011-2012', 'SEM-6', 'Dexter Cannavaro', 'THS-2', 11.32, 1.0, 'A', 0, 1);
insert into notes_details values ('2011-2012', 'SEM-6', 'Dexter Cannavaro', 'THS-2', 11.32, 3.33, 'A', 3, 2);
insert into notes_details values ('2012-2013', 'SEM-7', 'Dexter Cannavaro', 'ASL-3', 11.32, 4.0, 'A', 2, 1);
insert into notes_details values ('2012-2013', 'SEM-7', 'Dexter Cannavaro', 'DPP-3', 11.32, 2.0, 'A', 0, 1);
insert into notes_details values ('2012-2013', 'SEM-7', 'Dexter Cannavaro', 'DPP-3', 11.32, 1.0, 'A', 2, 99);
insert into notes_details values ('2012-2013', 'SEM-7', 'Dexter Cannavaro', 'EAO-31', 11.32, 1.0, 'A', 0, 1);
insert into notes_details values ('2012-2013', 'SEM-7', 'Dexter Cannavaro', 'EAO-31', 11.32, 1.67, 'A', 0, 2);
insert into contentieux values ('2012-2013', 'SEM-7', 'Dexter Cannavaro', 'EAO-31');
insert into notes_details values ('2012-2013', 'SEM-7', 'Dexter Cannavaro', 'EAO-32', 11.32, 2.33, 'A', 0, 1);
insert into notes_details values ('2012-2013', 'SEM-7', 'Dexter Cannavaro', 'EAO-32', 11.32, 2.67, 'A', 2, 2);
insert into notes_details values ('2012-2013', 'SEM-7', 'Dexter Cannavaro', 'EAO-33', 11.32, 3.33, 'A', 2, 1);
insert into notes_details values ('2012-2013', 'SEM-7', 'Dexter Cannavaro', 'EAO-34', 11.32, 3.33, 'A', 2, 1);
insert into notes_details values ('2012-2013', 'SEM-7', 'Dexter Cannavaro', 'EAO-35', 11.32, 3.33, 'A', 2, 1);
insert into notes_details values ('2012-2013', 'SEM-7', 'Dexter Cannavaro', 'LCI-3', 11.32, 1.33, 'A', 0, 1);
insert into notes_details values ('2012-2013', 'SEM-7', 'Dexter Cannavaro', 'LCI-3', 11.32, 2.33, 'A', 0, 2);
insert into contentieux values ('2012-2013', 'SEM-7', 'Dexter Cannavaro', 'LCI-3');
insert into notes_details values ('2012-2013', 'SEM-7', 'Dexter Cannavaro', 'MAT-3', 11.32, 2.33, 'A', 0, 1);
insert into notes_details values ('2012-2013', 'SEM-7', 'Dexter Cannavaro', 'MAT-3', 11.32, 3.0, 'A', 3, 2);
insert into notes_details values ('2012-2013', 'SEM-7', 'Dexter Cannavaro', 'MNG-3', 11.32, 2.33, 'A', 0, 1);
insert into notes_details values ('2012-2013', 'SEM-7', 'Dexter Cannavaro', 'MNG-3', 11.32, 3.0, 'A', 3, 2);
insert into notes_details values ('2012-2013', 'SEM-7', 'Dexter Cannavaro', 'PJT-3', 11.32, 2.33, 'A', 0, 1);
insert into notes_details values ('2012-2013', 'SEM-7', 'Dexter Cannavaro', 'PJT-3', 11.32, 3.0, 'A', 5, 2);
insert into notes_details values ('2012-2013', 'SEM-7', 'Dexter Cannavaro', 'STD-3', 11.32, 2.0, 'A', 0, 1);
insert into notes_details values ('2012-2013', 'SEM-7', 'Dexter Cannavaro', 'STD-3', 11.32, 2.0, 'A', 0, 2);
insert into contentieux values ('2012-2013', 'SEM-7', 'Dexter Cannavaro', 'STD-3');
insert into gpa values ('2011-2012', 'SEM-5', 'Dexter Cannavaro', 3.87);
insert into gpa values ('2011-2012', 'SEM-6', 'Dexter Cannavaro', 3.36);
insert into gpa values ('2012-2013', 'SEM-7', 'Dexter Cannavaro', 3.34);
insert into eleves values ('Serge Deno', 1, 'S', 'Tres bien', 'MP', 'MP', 'sdeno');
insert into notes_details values ('2011-2012', 'SEM-5', 'Serge Deno', 'ALG-1', 11.32, 1.0, 'A', 0, 1);
insert into notes_details values ('2011-2012', 'SEM-5', 'Serge Deno', 'ALG-1', 11.32, 1.0, 'A', 3, 99);
insert into notes_details values ('2011-2012', 'SEM-5', 'Serge Deno', 'DPP-1', 11.32, 1.0, 'A', 0, 1);
insert into notes_details values ('2011-2012', 'SEM-5', 'Serge Deno', 'DPP-1', 11.32, 3.0, 'A', 2, 2);
insert into notes_details values ('2011-2012', 'SEM-5', 'Serge Deno', 'ELE-1', 11.32, 1.33, 'A', 0, 1);
insert into notes_details values ('2011-2012', 'SEM-5', 'Serge Deno', 'ELE-1', 11.32, 1.0, 'A', 3, 99);
insert into notes_details values ('2011-2012', 'SEM-5', 'Serge Deno', 'INP-1', 11.32, 3.67, 'A', 3, 1);
insert into notes_details values ('2011-2012', 'SEM-5', 'Serge Deno', 'LCI-1', 11.32, 3.0, 'A', 3, 1);
insert into notes_details values ('2011-2012', 'SEM-5', 'Serge Deno', 'MAT-1', 11.32, 3.0, 'A', 3, 1);
insert into notes_details values ('2011-2012', 'SEM-5', 'Serge Deno', 'MGP-1', 11.32, 3.0, 'A', 4, 1);
insert into notes_details values ('2011-2012', 'SEM-5', 'Serge Deno', 'PHO-1', 11.32, 4.0, 'A', 3, 1);
insert into notes_details values ('2011-2012', 'SEM-5', 'Serge Deno', 'PHQ-1', 11.32, 1.0, 'A', 0, 1);
insert into notes_details values ('2011-2012', 'SEM-5', 'Serge Deno', 'PHQ-1', 11.32, 1.67, 'A', 3, 99);
insert into notes_details values ('2011-2012', 'SEM-5', 'Serge Deno', 'SPM-1', 11.32, 2.33, 'A', 0, 1);
insert into notes_details values ('2011-2012', 'SEM-5', 'Serge Deno', 'SPM-1', 11.32, 1.0, 'A', 3, 99);
insert into notes_details values ('2011-2012', 'SEM-6', 'Serge Deno', 'DPP-2', 11.32, 4.0, 'A', 1, 1);
insert into notes_details values ('2011-2012', 'SEM-6', 'Serge Deno', 'EAO-2', 11.32, 3.0, 'A', 3, 1);
insert into notes_details values ('2011-2012', 'SEM-6', 'Serge Deno', 'ECO-2', 11.32, 2.0, 'A', 0, 1);
insert into notes_details values ('2011-2012', 'SEM-6', 'Serge Deno', 'ECO-2', 11.32, 3.33, 'A', 3, 2);
insert into notes_details values ('2011-2012', 'SEM-6', 'Serge Deno', 'LCI-2', 11.32, 1.33, 'A', 0, 1);
insert into notes_details values ('2011-2012', 'SEM-6', 'Serge Deno', 'LCI-2', 11.32, 4.0, 'A', 3, 2);
insert into notes_details values ('2011-2012', 'SEM-6', 'Serge Deno', 'MAT-2', 11.32, 1.67, 'A', 0, 1);
insert into notes_details values ('2011-2012', 'SEM-6', 'Serge Deno', 'MAT-2', 11.32, 3.0, 'A', 2, 2);
insert into notes_details values ('2011-2012', 'SEM-6', 'Serge Deno', 'MCO-2', 11.32, 2.67, 'A', 2, 1);
insert into notes_details values ('2011-2012', 'SEM-6', 'Serge Deno', 'MGP-2', 11.32, 3.0, 'A', 4, 1);
insert into notes_details values ('2011-2012', 'SEM-6', 'Serge Deno', 'PHS-2', 11.32, 3.33, 'A', 2, 1);
insert into notes_details values ('2011-2012', 'SEM-6', 'Serge Deno', 'PJT-2', 11.32, 1.33, 'A', 0, 1);
insert into notes_details values ('2011-2012', 'SEM-6', 'Serge Deno', 'PJT-2', 11.32, 3.0, 'A', 1, 2);
insert into notes_details values ('2011-2012', 'SEM-6', 'Serge Deno', 'RMS-2', 11.32, 2.33, 'A', 0, 1);
insert into notes_details values ('2011-2012', 'SEM-6', 'Serge Deno', 'RMS-2', 11.32, 3.67, 'A', 4, 2);
insert into notes_details values ('2011-2012', 'SEM-6', 'Serge Deno', 'STG-2', 11.32, 3.67, 'A', 2, 1);
insert into notes_details values ('2011-2012', 'SEM-6', 'Serge Deno', 'THS-2', 11.32, 1.33, 'A', 0, 1);
insert into notes_details values ('2011-2012', 'SEM-6', 'Serge Deno', 'THS-2', 11.32, 3.0, 'A', 3, 2);
insert into notes_details values ('2012-2013', 'SEM-7', 'Serge Deno', 'ASL-3', 11.32, 3.67, 'A', 2, 1);
insert into notes_details values ('2012-2013', 'SEM-7', 'Serge Deno', 'DPP-3', 11.32, 3.33, 'A', 2, 1);
insert into notes_details values ('2012-2013', 'SEM-7', 'Serge Deno', 'EAO-31', 11.32, 3.33, 'A', 2, 1);
insert into notes_details values ('2012-2013', 'SEM-7', 'Serge Deno', 'EAO-32', 11.32, 2.0, 'A', 0, 1);
insert into notes_details values ('2012-2013', 'SEM-7', 'Serge Deno', 'EAO-32', 11.32, 3.0, 'A', 2, 2);
insert into notes_details values ('2012-2013', 'SEM-7', 'Serge Deno', 'EAO-33', 11.32, 1.67, 'A', 0, 1);
insert into notes_details values ('2012-2013', 'SEM-7', 'Serge Deno', 'EAO-33', 11.32, 4.0, 'A', 2, 2);
insert into notes_details values ('2012-2013', 'SEM-7', 'Serge Deno', 'EAO-34', 11.32, 2.0, 'A', 0, 1);
insert into notes_details values ('2012-2013', 'SEM-7', 'Serge Deno', 'EAO-34', 11.32, 1.0, 'A', 0, 2);
insert into contentieux values ('2012-2013', 'SEM-7', 'Serge Deno', 'EAO-34');
insert into notes_details values ('2012-2013', 'SEM-7', 'Serge Deno', 'EAO-35', 11.32, 1.0, 'A', 0, 1);
insert into notes_details values ('2012-2013', 'SEM-7', 'Serge Deno', 'EAO-35', 11.32, 1.67, 'A', 0, 2);
insert into contentieux values ('2012-2013', 'SEM-7', 'Serge Deno', 'EAO-35');
insert into notes_details values ('2012-2013', 'SEM-7', 'Serge Deno', 'LCI-3', 11.32, 1.67, 'A', 0, 1);
insert into notes_details values ('2012-2013', 'SEM-7', 'Serge Deno', 'LCI-3', 11.32, 1.67, 'A', 0, 2);
insert into contentieux values ('2012-2013', 'SEM-7', 'Serge Deno', 'LCI-3');
insert into notes_details values ('2012-2013', 'SEM-7', 'Serge Deno', 'MAT-3', 11.32, 2.33, 'A', 0, 1);
insert into notes_details values ('2012-2013', 'SEM-7', 'Serge Deno', 'MAT-3', 11.32, 2.33, 'A', 0, 2);
insert into contentieux values ('2012-2013', 'SEM-7', 'Serge Deno', 'MAT-3');
insert into notes_details values ('2012-2013', 'SEM-7', 'Serge Deno', 'MNG-3', 11.32, 2.33, 'A', 0, 1);
insert into notes_details values ('2012-2013', 'SEM-7', 'Serge Deno', 'MNG-3', 11.32, 1.67, 'A', 3, 99);
insert into notes_details values ('2012-2013', 'SEM-7', 'Serge Deno', 'PJT-3', 11.32, 2.67, 'A', 5, 1);
insert into notes_details values ('2012-2013', 'SEM-7', 'Serge Deno', 'STD-3', 11.32, 1.33, 'A', 0, 1);
insert into notes_details values ('2012-2013', 'SEM-7', 'Serge Deno', 'STD-3', 11.32, 3.0, 'A', 2, 2);
insert into gpa values ('2011-2012', 'SEM-5', 'Serge Deno', 3.49);
insert into gpa values ('2011-2012', 'SEM-6', 'Serge Deno', 2.18);
insert into gpa values ('2012-2013', 'SEM-7', 'Serge Deno', 3.31);
insert into eleves values ('Theodore Guernon', 1, 'S', 'Tres bien', 'MP', 'MP', 'tguernon');
insert into notes_details values ('2011-2012', 'SEM-5', 'Theodore Guernon', 'ALG-1', 11.32, 1.67, 'A', 0, 1);
insert into notes_details values ('2011-2012', 'SEM-5', 'Theodore Guernon', 'ALG-1', 11.32, 3.0, 'A', 3, 2);
insert into notes_details values ('2011-2012', 'SEM-5', 'Theodore Guernon', 'DPP-1', 11.32, 1.33, 'A', 0, 1);
insert into notes_details values ('2011-2012', 'SEM-5', 'Theodore Guernon', 'DPP-1', 11.32, 3.0, 'A', 2, 2);
insert into notes_details values ('2011-2012', 'SEM-5', 'Theodore Guernon', 'ELE-1', 11.32, 2.0, 'A', 0, 1);
insert into notes_details values ('2011-2012', 'SEM-5', 'Theodore Guernon', 'ELE-1', 11.32, 1.67, 'A', 3, 99);
insert into notes_details values ('2011-2012', 'SEM-5', 'Theodore Guernon', 'INP-1', 11.32, 1.33, 'A', 0, 1);
insert into notes_details values ('2011-2012', 'SEM-5', 'Theodore Guernon', 'INP-1', 11.32, 3.67, 'A', 3, 2);
insert into notes_details values ('2011-2012', 'SEM-5', 'Theodore Guernon', 'LCI-1', 11.32, 3.0, 'A', 3, 1);
insert into notes_details values ('2011-2012', 'SEM-5', 'Theodore Guernon', 'MAT-1', 11.32, 4.0, 'A', 3, 1);
insert into notes_details values ('2011-2012', 'SEM-5', 'Theodore Guernon', 'MGP-1', 11.32, 2.33, 'A', 0, 1);
insert into notes_details values ('2011-2012', 'SEM-5', 'Theodore Guernon', 'MGP-1', 11.32, 4.0, 'A', 4, 2);
insert into notes_details values ('2011-2012', 'SEM-5', 'Theodore Guernon', 'PHO-1', 11.32, 2.67, 'A', 3, 1);
insert into notes_details values ('2011-2012', 'SEM-5', 'Theodore Guernon', 'PHQ-1', 11.32, 1.33, 'A', 0, 1);
insert into notes_details values ('2011-2012', 'SEM-5', 'Theodore Guernon', 'PHQ-1', 11.32, 1.0, 'A', 3, 99);
insert into notes_details values ('2011-2012', 'SEM-5', 'Theodore Guernon', 'SPM-1', 11.32, 4.0, 'A', 3, 1);
insert into notes_details values ('2011-2012', 'SEM-6', 'Theodore Guernon', 'DPP-2', 11.32, 2.0, 'A', 0, 1);
insert into notes_details values ('2011-2012', 'SEM-6', 'Theodore Guernon', 'DPP-2', 11.32, 3.33, 'A', 1, 2);
insert into notes_details values ('2011-2012', 'SEM-6', 'Theodore Guernon', 'EAO-2', 11.32, 3.67, 'A', 3, 1);
insert into notes_details values ('2011-2012', 'SEM-6', 'Theodore Guernon', 'ECO-2', 11.32, 1.0, 'A', 0, 1);
insert into notes_details values ('2011-2012', 'SEM-6', 'Theodore Guernon', 'ECO-2', 11.32, 3.0, 'A', 3, 2);
insert into notes_details values ('2011-2012', 'SEM-6', 'Theodore Guernon', 'LCI-2', 11.32, 4.0, 'A', 3, 1);
insert into notes_details values ('2011-2012', 'SEM-6', 'Theodore Guernon', 'MAT-2', 11.32, 2.33, 'A', 0, 1);
insert into notes_details values ('2011-2012', 'SEM-6', 'Theodore Guernon', 'MAT-2', 11.32, 3.67, 'A', 2, 2);
insert into notes_details values ('2011-2012', 'SEM-6', 'Theodore Guernon', 'MCO-2', 11.32, 3.67, 'A', 2, 1);
insert into notes_details values ('2011-2012', 'SEM-6', 'Theodore Guernon', 'MGP-2', 11.32, 3.67, 'A', 4, 1);
insert into notes_details values ('2011-2012', 'SEM-6', 'Theodore Guernon', 'PHS-2', 11.32, 4.0, 'A', 2, 1);
insert into notes_details values ('2011-2012', 'SEM-6', 'Theodore Guernon', 'PJT-2', 11.32, 3.0, 'A', 1, 1);
insert into notes_details values ('2011-2012', 'SEM-6', 'Theodore Guernon', 'RMS-2', 11.32, 3.67, 'A', 4, 1);
insert into notes_details values ('2011-2012', 'SEM-6', 'Theodore Guernon', 'STG-2', 11.32, 1.0, 'A', 0, 1);
insert into notes_details values ('2011-2012', 'SEM-6', 'Theodore Guernon', 'STG-2', 11.32, 1.67, 'A', 2, 99);
insert into notes_details values ('2011-2012', 'SEM-6', 'Theodore Guernon', 'THS-2', 11.32, 2.33, 'A', 0, 1);
insert into notes_details values ('2011-2012', 'SEM-6', 'Theodore Guernon', 'THS-2', 11.32, 2.67, 'A', 3, 2);
insert into notes_details values ('2012-2013', 'SEM-7', 'Theodore Guernon', 'ASL-3', 11.32, 2.67, 'A', 2, 1);
insert into notes_details values ('2012-2013', 'SEM-7', 'Theodore Guernon', 'DPP-3', 11.32, 1.33, 'A', 0, 1);
insert into notes_details values ('2012-2013', 'SEM-7', 'Theodore Guernon', 'DPP-3', 11.32, 3.67, 'A', 2, 2);
insert into notes_details values ('2012-2013', 'SEM-7', 'Theodore Guernon', 'EAO-31', 11.32, 3.0, 'A', 2, 1);
insert into notes_details values ('2012-2013', 'SEM-7', 'Theodore Guernon', 'EAO-32', 11.32, 3.33, 'A', 2, 1);
insert into notes_details values ('2012-2013', 'SEM-7', 'Theodore Guernon', 'EAO-33', 11.32, 4.0, 'A', 2, 1);
insert into notes_details values ('2012-2013', 'SEM-7', 'Theodore Guernon', 'EAO-34', 11.32, 2.33, 'A', 0, 1);
insert into notes_details values ('2012-2013', 'SEM-7', 'Theodore Guernon', 'EAO-34', 11.32, 1.0, 'A', 0, 2);
insert into contentieux values ('2012-2013', 'SEM-7', 'Theodore Guernon', 'EAO-34');
insert into notes_details values ('2012-2013', 'SEM-7', 'Theodore Guernon', 'EAO-35', 11.32, 2.0, 'A', 0, 1);
insert into notes_details values ('2012-2013', 'SEM-7', 'Theodore Guernon', 'EAO-35', 11.32, 2.0, 'A', 0, 2);
insert into contentieux values ('2012-2013', 'SEM-7', 'Theodore Guernon', 'EAO-35');
insert into notes_details values ('2012-2013', 'SEM-7', 'Theodore Guernon', 'LCI-3', 11.32, 2.0, 'A', 0, 1);
insert into notes_details values ('2012-2013', 'SEM-7', 'Theodore Guernon', 'LCI-3', 11.32, 2.33, 'A', 3, 99);
insert into notes_details values ('2012-2013', 'SEM-7', 'Theodore Guernon', 'MAT-3', 11.32, 3.67, 'A', 3, 1);
insert into notes_details values ('2012-2013', 'SEM-7', 'Theodore Guernon', 'MNG-3', 11.32, 1.67, 'A', 0, 1);
insert into notes_details values ('2012-2013', 'SEM-7', 'Theodore Guernon', 'MNG-3', 11.32, 2.67, 'A', 3, 2);
insert into notes_details values ('2012-2013', 'SEM-7', 'Theodore Guernon', 'PJT-3', 11.32, 4.0, 'A', 5, 1);
insert into notes_details values ('2012-2013', 'SEM-7', 'Theodore Guernon', 'STD-3', 11.32, 4.0, 'A', 2, 1);
insert into gpa values ('2011-2012', 'SEM-5', 'Theodore Guernon', 2.1);
insert into gpa values ('2011-2012', 'SEM-6', 'Theodore Guernon', 2.46);
insert into gpa values ('2012-2013', 'SEM-7', 'Theodore Guernon', 3.6);
insert into eleves values ('Searlas Houle', 1, 'S', 'Tres bien', 'MP', 'MP', 'shoule');
insert into notes_details values ('2011-2012', 'SEM-5', 'Searlas Houle', 'ALG-1', 11.32, 1.67, 'A', 0, 1);
insert into notes_details values ('2011-2012', 'SEM-5', 'Searlas Houle', 'ALG-1', 11.32, 3.67, 'A', 3, 2);
insert into notes_details values ('2011-2012', 'SEM-5', 'Searlas Houle', 'DPP-1', 11.32, 4.0, 'A', 2, 1);
insert into notes_details values ('2011-2012', 'SEM-5', 'Searlas Houle', 'ELE-1', 11.32, 1.33, 'A', 0, 1);
insert into notes_details values ('2011-2012', 'SEM-5', 'Searlas Houle', 'ELE-1', 11.32, 3.0, 'A', 3, 2);
insert into notes_details values ('2011-2012', 'SEM-5', 'Searlas Houle', 'INP-1', 11.32, 3.67, 'A', 3, 1);
insert into notes_details values ('2011-2012', 'SEM-5', 'Searlas Houle', 'LCI-1', 11.32, 3.33, 'A', 3, 1);
insert into notes_details values ('2011-2012', 'SEM-5', 'Searlas Houle', 'MAT-1', 11.32, 3.0, 'A', 3, 1);
insert into notes_details values ('2011-2012', 'SEM-5', 'Searlas Houle', 'MGP-1', 11.32, 2.33, 'A', 0, 1);
insert into notes_details values ('2011-2012', 'SEM-5', 'Searlas Houle', 'MGP-1', 11.32, 3.0, 'A', 4, 2);
insert into notes_details values ('2011-2012', 'SEM-5', 'Searlas Houle', 'PHO-1', 11.32, 4.0, 'A', 3, 1);
insert into notes_details values ('2011-2012', 'SEM-5', 'Searlas Houle', 'PHQ-1', 11.32, 1.33, 'A', 0, 1);
insert into notes_details values ('2011-2012', 'SEM-5', 'Searlas Houle', 'PHQ-1', 11.32, 3.0, 'A', 3, 2);
insert into notes_details values ('2011-2012', 'SEM-5', 'Searlas Houle', 'SPM-1', 11.32, 3.67, 'A', 3, 1);
insert into notes_details values ('2011-2012', 'SEM-6', 'Searlas Houle', 'DPP-2', 11.32, 4.0, 'A', 1, 1);
insert into notes_details values ('2011-2012', 'SEM-6', 'Searlas Houle', 'EAO-2', 11.32, 4.0, 'A', 3, 1);
insert into notes_details values ('2011-2012', 'SEM-6', 'Searlas Houle', 'ECO-2', 11.32, 1.33, 'A', 0, 1);
insert into notes_details values ('2011-2012', 'SEM-6', 'Searlas Houle', 'ECO-2', 11.32, 3.67, 'A', 3, 2);
insert into notes_details values ('2011-2012', 'SEM-6', 'Searlas Houle', 'LCI-2', 11.32, 2.33, 'A', 0, 1);
insert into notes_details values ('2011-2012', 'SEM-6', 'Searlas Houle', 'LCI-2', 11.32, 2.67, 'A', 3, 2);
insert into notes_details values ('2011-2012', 'SEM-6', 'Searlas Houle', 'MAT-2', 11.32, 2.0, 'A', 0, 1);
insert into notes_details values ('2011-2012', 'SEM-6', 'Searlas Houle', 'MAT-2', 11.32, 2.67, 'A', 2, 2);
insert into notes_details values ('2011-2012', 'SEM-6', 'Searlas Houle', 'MCO-2', 11.32, 1.0, 'A', 0, 1);
insert into notes_details values ('2011-2012', 'SEM-6', 'Searlas Houle', 'MCO-2', 11.32, 2.67, 'A', 2, 2);
insert into notes_details values ('2011-2012', 'SEM-6', 'Searlas Houle', 'MGP-2', 11.32, 3.33, 'A', 4, 1);
insert into notes_details values ('2011-2012', 'SEM-6', 'Searlas Houle', 'PHS-2', 11.32, 1.67, 'A', 0, 1);
insert into notes_details values ('2011-2012', 'SEM-6', 'Searlas Houle', 'PHS-2', 11.32, 3.0, 'A', 2, 2);
insert into notes_details values ('2011-2012', 'SEM-6', 'Searlas Houle', 'PJT-2', 11.32, 2.67, 'A', 1, 1);
insert into notes_details values ('2011-2012', 'SEM-6', 'Searlas Houle', 'RMS-2', 11.32, 3.33, 'A', 4, 1);
insert into notes_details values ('2011-2012', 'SEM-6', 'Searlas Houle', 'STG-2', 11.32, 3.67, 'A', 2, 1);
insert into notes_details values ('2011-2012', 'SEM-6', 'Searlas Houle', 'THS-2', 11.32, 3.33, 'A', 3, 1);
insert into notes_details values ('2012-2013', 'SEM-7', 'Searlas Houle', 'ASL-3', 11.32, 2.33, 'A', 0, 1);
insert into notes_details values ('2012-2013', 'SEM-7', 'Searlas Houle', 'ASL-3', 11.32, 2.33, 'A', 0, 2);
insert into contentieux values ('2012-2013', 'SEM-7', 'Searlas Houle', 'ASL-3');
insert into notes_details values ('2012-2013', 'SEM-7', 'Searlas Houle', 'DPP-3', 11.32, 3.0, 'A', 2, 1);
insert into notes_details values ('2012-2013', 'SEM-7', 'Searlas Houle', 'EAO-31', 11.32, 3.67, 'A', 2, 1);
insert into notes_details values ('2012-2013', 'SEM-7', 'Searlas Houle', 'EAO-32', 11.32, 2.0, 'A', 0, 1);
insert into notes_details values ('2012-2013', 'SEM-7', 'Searlas Houle', 'EAO-32', 11.32, 1.0, 'A', 2, 99);
insert into notes_details values ('2012-2013', 'SEM-7', 'Searlas Houle', 'EAO-33', 11.32, 2.0, 'A', 0, 1);
insert into notes_details values ('2012-2013', 'SEM-7', 'Searlas Houle', 'EAO-33', 11.32, 4.0, 'A', 2, 2);
insert into notes_details values ('2012-2013', 'SEM-7', 'Searlas Houle', 'EAO-34', 11.32, 1.67, 'A', 0, 1);
insert into notes_details values ('2012-2013', 'SEM-7', 'Searlas Houle', 'EAO-34', 11.32, 2.33, 'A', 0, 2);
insert into contentieux values ('2012-2013', 'SEM-7', 'Searlas Houle', 'EAO-34');
insert into notes_details values ('2012-2013', 'SEM-7', 'Searlas Houle', 'EAO-35', 11.32, 2.67, 'A', 2, 1);
insert into notes_details values ('2012-2013', 'SEM-7', 'Searlas Houle', 'LCI-3', 11.32, 3.33, 'A', 3, 1);
insert into notes_details values ('2012-2013', 'SEM-7', 'Searlas Houle', 'MAT-3', 11.32, 3.67, 'A', 3, 1);
insert into notes_details values ('2012-2013', 'SEM-7', 'Searlas Houle', 'MNG-3', 11.32, 1.0, 'A', 0, 1);
insert into notes_details values ('2012-2013', 'SEM-7', 'Searlas Houle', 'MNG-3', 11.32, 2.0, 'A', 0, 2);
insert into contentieux values ('2012-2013', 'SEM-7', 'Searlas Houle', 'MNG-3');
insert into notes_details values ('2012-2013', 'SEM-7', 'Searlas Houle', 'PJT-3', 11.32, 3.67, 'A', 5, 1);
insert into notes_details values ('2012-2013', 'SEM-7', 'Searlas Houle', 'STD-3', 11.32, 1.67, 'A', 0, 1);
insert into notes_details values ('2012-2013', 'SEM-7', 'Searlas Houle', 'STD-3', 11.32, 3.33, 'A', 2, 2);
insert into gpa values ('2011-2012', 'SEM-5', 'Searlas Houle', 3.38);
insert into gpa values ('2011-2012', 'SEM-6', 'Searlas Houle', 2.13);
insert into gpa values ('2012-2013', 'SEM-7', 'Searlas Houle', 2.94);
insert into eleves values ('Dreux Ratte', 1, 'S', 'Tres bien', 'MP', 'MP', 'dratte');
insert into notes_details values ('2011-2012', 'SEM-5', 'Dreux Ratte', 'ALG-1', 11.32, 3.0, 'A', 3, 1);
insert into notes_details values ('2011-2012', 'SEM-5', 'Dreux Ratte', 'DPP-1', 11.32, 3.67, 'A', 2, 1);
insert into notes_details values ('2011-2012', 'SEM-5', 'Dreux Ratte', 'ELE-1', 11.32, 1.67, 'A', 0, 1);
insert into notes_details values ('2011-2012', 'SEM-5', 'Dreux Ratte', 'ELE-1', 11.32, 3.67, 'A', 3, 2);
insert into notes_details values ('2011-2012', 'SEM-5', 'Dreux Ratte', 'INP-1', 11.32, 1.33, 'A', 0, 1);
insert into notes_details values ('2011-2012', 'SEM-5', 'Dreux Ratte', 'INP-1', 11.32, 3.0, 'A', 3, 2);
insert into notes_details values ('2011-2012', 'SEM-5', 'Dreux Ratte', 'LCI-1', 11.32, 2.33, 'A', 0, 1);
insert into notes_details values ('2011-2012', 'SEM-5', 'Dreux Ratte', 'LCI-1', 11.32, 3.33, 'A', 3, 2);
insert into notes_details values ('2011-2012', 'SEM-5', 'Dreux Ratte', 'MAT-1', 11.32, 3.0, 'A', 3, 1);
insert into notes_details values ('2011-2012', 'SEM-5', 'Dreux Ratte', 'MGP-1', 11.32, 3.67, 'A', 4, 1);
insert into notes_details values ('2011-2012', 'SEM-5', 'Dreux Ratte', 'PHO-1', 11.32, 3.67, 'A', 3, 1);
insert into notes_details values ('2011-2012', 'SEM-5', 'Dreux Ratte', 'PHQ-1', 11.32, 2.67, 'A', 3, 1);
insert into notes_details values ('2011-2012', 'SEM-5', 'Dreux Ratte', 'SPM-1', 11.32, 2.0, 'A', 0, 1);
insert into notes_details values ('2011-2012', 'SEM-5', 'Dreux Ratte', 'SPM-1', 11.32, 2.67, 'A', 3, 2);
insert into notes_details values ('2011-2012', 'SEM-6', 'Dreux Ratte', 'DPP-2', 11.32, 3.0, 'A', 1, 1);
insert into notes_details values ('2011-2012', 'SEM-6', 'Dreux Ratte', 'EAO-2', 11.32, 1.0, 'A', 0, 1);
insert into notes_details values ('2011-2012', 'SEM-6', 'Dreux Ratte', 'EAO-2', 11.32, 3.0, 'A', 3, 2);
insert into notes_details values ('2011-2012', 'SEM-6', 'Dreux Ratte', 'ECO-2', 11.32, 3.67, 'A', 3, 1);
insert into notes_details values ('2011-2012', 'SEM-6', 'Dreux Ratte', 'LCI-2', 11.32, 1.33, 'A', 0, 1);
insert into notes_details values ('2011-2012', 'SEM-6', 'Dreux Ratte', 'LCI-2', 11.32, 3.0, 'A', 3, 2);
insert into notes_details values ('2011-2012', 'SEM-6', 'Dreux Ratte', 'MAT-2', 11.32, 2.67, 'A', 2, 1);
insert into notes_details values ('2011-2012', 'SEM-6', 'Dreux Ratte', 'MCO-2', 11.32, 2.67, 'A', 2, 1);
insert into notes_details values ('2011-2012', 'SEM-6', 'Dreux Ratte', 'MGP-2', 11.32, 2.67, 'A', 4, 1);
insert into notes_details values ('2011-2012', 'SEM-6', 'Dreux Ratte', 'PHS-2', 11.32, 1.33, 'A', 0, 1);
insert into notes_details values ('2011-2012', 'SEM-6', 'Dreux Ratte', 'PHS-2', 11.32, 4.0, 'A', 2, 2);
insert into notes_details values ('2011-2012', 'SEM-6', 'Dreux Ratte', 'PJT-2', 11.32, 3.33, 'A', 1, 1);
insert into notes_details values ('2011-2012', 'SEM-6', 'Dreux Ratte', 'RMS-2', 11.32, 1.67, 'A', 0, 1);
insert into notes_details values ('2011-2012', 'SEM-6', 'Dreux Ratte', 'RMS-2', 11.32, 3.67, 'A', 4, 2);
insert into notes_details values ('2011-2012', 'SEM-6', 'Dreux Ratte', 'STG-2', 11.32, 3.33, 'A', 2, 1);
insert into notes_details values ('2011-2012', 'SEM-6', 'Dreux Ratte', 'THS-2', 11.32, 2.0, 'A', 0, 1);
insert into notes_details values ('2011-2012', 'SEM-6', 'Dreux Ratte', 'THS-2', 11.32, 3.67, 'A', 3, 2);
insert into notes_details values ('2012-2013', 'SEM-7', 'Dreux Ratte', 'ASL-3', 11.32, 2.33, 'A', 0, 1);
insert into notes_details values ('2012-2013', 'SEM-7', 'Dreux Ratte', 'ASL-3', 11.32, 1.0, 'A', 0, 2);
insert into contentieux values ('2012-2013', 'SEM-7', 'Dreux Ratte', 'ASL-3');
insert into notes_details values ('2012-2013', 'SEM-7', 'Dreux Ratte', 'DPP-3', 11.32, 2.0, 'A', 0, 1);
insert into notes_details values ('2012-2013', 'SEM-7', 'Dreux Ratte', 'DPP-3', 11.32, 1.0, 'A', 0, 2);
insert into contentieux values ('2012-2013', 'SEM-7', 'Dreux Ratte', 'DPP-3');
insert into notes_details values ('2012-2013', 'SEM-7', 'Dreux Ratte', 'EAO-31', 11.32, 3.0, 'A', 2, 1);
insert into notes_details values ('2012-2013', 'SEM-7', 'Dreux Ratte', 'EAO-32', 11.32, 1.33, 'A', 0, 1);
insert into notes_details values ('2012-2013', 'SEM-7', 'Dreux Ratte', 'EAO-32', 11.32, 1.67, 'A', 0, 2);
insert into contentieux values ('2012-2013', 'SEM-7', 'Dreux Ratte', 'EAO-32');
insert into notes_details values ('2012-2013', 'SEM-7', 'Dreux Ratte', 'EAO-33', 11.32, 1.67, 'A', 0, 1);
insert into notes_details values ('2012-2013', 'SEM-7', 'Dreux Ratte', 'EAO-33', 11.32, 2.33, 'A', 0, 2);
insert into contentieux values ('2012-2013', 'SEM-7', 'Dreux Ratte', 'EAO-33');
insert into notes_details values ('2012-2013', 'SEM-7', 'Dreux Ratte', 'EAO-34', 11.32, 2.0, 'A', 0, 1);
insert into notes_details values ('2012-2013', 'SEM-7', 'Dreux Ratte', 'EAO-34', 11.32, 1.33, 'A', 0, 2);
insert into contentieux values ('2012-2013', 'SEM-7', 'Dreux Ratte', 'EAO-34');
insert into notes_details values ('2012-2013', 'SEM-7', 'Dreux Ratte', 'EAO-35', 11.32, 1.67, 'A', 0, 1);
insert into notes_details values ('2012-2013', 'SEM-7', 'Dreux Ratte', 'EAO-35', 11.32, 1.33, 'A', 2, 99);
insert into notes_details values ('2012-2013', 'SEM-7', 'Dreux Ratte', 'LCI-3', 11.32, 3.67, 'A', 3, 1);
insert into notes_details values ('2012-2013', 'SEM-7', 'Dreux Ratte', 'MAT-3', 11.32, 2.67, 'A', 3, 1);
insert into notes_details values ('2012-2013', 'SEM-7', 'Dreux Ratte', 'MNG-3', 11.32, 1.0, 'A', 0, 1);
insert into notes_details values ('2012-2013', 'SEM-7', 'Dreux Ratte', 'MNG-3', 11.32, 3.0, 'A', 3, 2);
insert into notes_details values ('2012-2013', 'SEM-7', 'Dreux Ratte', 'PJT-3', 11.32, 2.0, 'A', 0, 1);
insert into notes_details values ('2012-2013', 'SEM-7', 'Dreux Ratte', 'PJT-3', 11.32, 1.0, 'A', 0, 2);
insert into contentieux values ('2012-2013', 'SEM-7', 'Dreux Ratte', 'PJT-3');
insert into notes_details values ('2012-2013', 'SEM-7', 'Dreux Ratte', 'STD-3', 11.32, 2.67, 'A', 2, 1);
insert into gpa values ('2011-2012', 'SEM-5', 'Dreux Ratte', 2.85);
insert into gpa values ('2011-2012', 'SEM-6', 'Dreux Ratte', 3.72);
insert into gpa values ('2012-2013', 'SEM-7', 'Dreux Ratte', 2.9);
insert into eleves values ('Etienne Dickinson', 1, 'S', 'Tres bien', 'MP', 'MP', 'edickinson');
insert into notes_details values ('2011-2012', 'SEM-5', 'Etienne Dickinson', 'ALG-1', 11.32, 3.33, 'A', 3, 1);
insert into notes_details values ('2011-2012', 'SEM-5', 'Etienne Dickinson', 'DPP-1', 11.32, 2.33, 'A', 0, 1);
insert into notes_details values ('2011-2012', 'SEM-5', 'Etienne Dickinson', 'DPP-1', 11.32, 3.33, 'A', 2, 2);
insert into notes_details values ('2011-2012', 'SEM-5', 'Etienne Dickinson', 'ELE-1', 11.32, 4.0, 'A', 3, 1);
insert into notes_details values ('2011-2012', 'SEM-5', 'Etienne Dickinson', 'INP-1', 11.32, 2.33, 'A', 0, 1);
insert into notes_details values ('2011-2012', 'SEM-5', 'Etienne Dickinson', 'INP-1', 11.32, 2.0, 'A', 3, 99);
insert into notes_details values ('2011-2012', 'SEM-5', 'Etienne Dickinson', 'LCI-1', 11.32, 3.33, 'A', 3, 1);
insert into notes_details values ('2011-2012', 'SEM-5', 'Etienne Dickinson', 'MAT-1', 11.32, 2.67, 'A', 3, 1);
insert into notes_details values ('2011-2012', 'SEM-5', 'Etienne Dickinson', 'MGP-1', 11.32, 3.33, 'A', 4, 1);
insert into notes_details values ('2011-2012', 'SEM-5', 'Etienne Dickinson', 'PHO-1', 11.32, 2.67, 'A', 3, 1);
insert into notes_details values ('2011-2012', 'SEM-5', 'Etienne Dickinson', 'PHQ-1', 11.32, 4.0, 'A', 3, 1);
insert into notes_details values ('2011-2012', 'SEM-5', 'Etienne Dickinson', 'SPM-1', 11.32, 1.67, 'A', 0, 1);
insert into notes_details values ('2011-2012', 'SEM-5', 'Etienne Dickinson', 'SPM-1', 11.32, 2.0, 'A', 3, 99);
insert into notes_details values ('2011-2012', 'SEM-6', 'Etienne Dickinson', 'DPP-2', 11.32, 3.33, 'A', 1, 1);
insert into notes_details values ('2011-2012', 'SEM-6', 'Etienne Dickinson', 'EAO-2', 11.32, 1.0, 'A', 0, 1);
insert into notes_details values ('2011-2012', 'SEM-6', 'Etienne Dickinson', 'EAO-2', 11.32, 2.33, 'A', 3, 99);
insert into notes_details values ('2011-2012', 'SEM-6', 'Etienne Dickinson', 'ECO-2', 11.32, 3.33, 'A', 3, 1);
insert into notes_details values ('2011-2012', 'SEM-6', 'Etienne Dickinson', 'LCI-2', 11.32, 4.0, 'A', 3, 1);
insert into notes_details values ('2011-2012', 'SEM-6', 'Etienne Dickinson', 'MAT-2', 11.32, 4.0, 'A', 2, 1);
insert into notes_details values ('2011-2012', 'SEM-6', 'Etienne Dickinson', 'MCO-2', 11.32, 2.67, 'A', 2, 1);
insert into notes_details values ('2011-2012', 'SEM-6', 'Etienne Dickinson', 'MGP-2', 11.32, 3.67, 'A', 4, 1);
insert into notes_details values ('2011-2012', 'SEM-6', 'Etienne Dickinson', 'PHS-2', 11.32, 2.67, 'A', 2, 1);
insert into notes_details values ('2011-2012', 'SEM-6', 'Etienne Dickinson', 'PJT-2', 11.32, 1.0, 'A', 0, 1);
insert into notes_details values ('2011-2012', 'SEM-6', 'Etienne Dickinson', 'PJT-2', 11.32, 4.0, 'A', 1, 2);
insert into notes_details values ('2011-2012', 'SEM-6', 'Etienne Dickinson', 'RMS-2', 11.32, 2.33, 'A', 0, 1);
insert into notes_details values ('2011-2012', 'SEM-6', 'Etienne Dickinson', 'RMS-2', 11.32, 2.67, 'A', 4, 2);
insert into notes_details values ('2011-2012', 'SEM-6', 'Etienne Dickinson', 'STG-2', 11.32, 1.0, 'A', 0, 1);
insert into notes_details values ('2011-2012', 'SEM-6', 'Etienne Dickinson', 'STG-2', 11.32, 3.67, 'A', 2, 2);
insert into notes_details values ('2011-2012', 'SEM-6', 'Etienne Dickinson', 'THS-2', 11.32, 4.0, 'A', 3, 1);
insert into notes_details values ('2012-2013', 'SEM-7', 'Etienne Dickinson', 'ASL-3', 11.32, 1.0, 'A', 0, 1);
insert into notes_details values ('2012-2013', 'SEM-7', 'Etienne Dickinson', 'ASL-3', 11.32, 2.67, 'A', 2, 2);
insert into notes_details values ('2012-2013', 'SEM-7', 'Etienne Dickinson', 'DPP-3', 11.32, 4.0, 'A', 2, 1);
insert into notes_details values ('2012-2013', 'SEM-7', 'Etienne Dickinson', 'EAO-31', 11.32, 1.33, 'A', 0, 1);
insert into notes_details values ('2012-2013', 'SEM-7', 'Etienne Dickinson', 'EAO-31', 11.32, 2.0, 'A', 0, 2);
insert into contentieux values ('2012-2013', 'SEM-7', 'Etienne Dickinson', 'EAO-31');
insert into notes_details values ('2012-2013', 'SEM-7', 'Etienne Dickinson', 'EAO-32', 11.32, 1.33, 'A', 0, 1);
insert into notes_details values ('2012-2013', 'SEM-7', 'Etienne Dickinson', 'EAO-32', 11.32, 1.67, 'A', 0, 2);
insert into contentieux values ('2012-2013', 'SEM-7', 'Etienne Dickinson', 'EAO-32');
insert into notes_details values ('2012-2013', 'SEM-7', 'Etienne Dickinson', 'EAO-33', 11.32, 3.0, 'A', 2, 1);
insert into notes_details values ('2012-2013', 'SEM-7', 'Etienne Dickinson', 'EAO-34', 11.32, 3.67, 'A', 2, 1);
insert into notes_details values ('2012-2013', 'SEM-7', 'Etienne Dickinson', 'EAO-35', 11.32, 1.33, 'A', 0, 1);
insert into notes_details values ('2012-2013', 'SEM-7', 'Etienne Dickinson', 'EAO-35', 11.32, 1.0, 'A', 2, 99);
insert into notes_details values ('2012-2013', 'SEM-7', 'Etienne Dickinson', 'LCI-3', 11.32, 2.33, 'A', 0, 1);
insert into notes_details values ('2012-2013', 'SEM-7', 'Etienne Dickinson', 'LCI-3', 11.32, 2.0, 'A', 0, 2);
insert into contentieux values ('2012-2013', 'SEM-7', 'Etienne Dickinson', 'LCI-3');
insert into notes_details values ('2012-2013', 'SEM-7', 'Etienne Dickinson', 'MAT-3', 11.32, 3.33, 'A', 3, 1);
insert into notes_details values ('2012-2013', 'SEM-7', 'Etienne Dickinson', 'MNG-3', 11.32, 1.33, 'A', 0, 1);
insert into notes_details values ('2012-2013', 'SEM-7', 'Etienne Dickinson', 'MNG-3', 11.32, 2.33, 'A', 3, 99);
insert into notes_details values ('2012-2013', 'SEM-7', 'Etienne Dickinson', 'PJT-3', 11.32, 4.0, 'A', 5, 1);
insert into notes_details values ('2012-2013', 'SEM-7', 'Etienne Dickinson', 'STD-3', 11.32, 4.0, 'A', 2, 1);
insert into gpa values ('2011-2012', 'SEM-5', 'Etienne Dickinson', 3.15);
insert into gpa values ('2011-2012', 'SEM-6', 'Etienne Dickinson', 2.46);
insert into gpa values ('2012-2013', 'SEM-7', 'Etienne Dickinson', 3.01);
