drop table if exists gpa;
drop table if exists gpa;
drop table if exists eleves;
drop table if exists notes_details;
drop table if exists contentieux;

create table eleves (
nom varchar(255),
civil integer,
bac_code varchar(10),
bac_mention varchar(20),
entree_fil varchar(30),
entree_prep varchar(20),
personne_id varchar(50),
primary key (personne_id)
);

create table notes_details (
cycle varchar(9), 
sem varchar(5),
nom varchar(255), 
code_ue varchar(10),
moy_ue float,
grade_gpa float,
grade_ects varchar(2),
credits_ects integer,
session integer
);

create table gpa (
cycle varchar(9),
sem varchar(5),
nom varchar(255),
gpa float,
primary key (cycle, sem, nom)
);

create table contentieux (
cycle varchar(9),
sem varchar(5),
nom varchar(255),
code_ue varchar(10)
);

create table cesure (
nom varchar(255),
ces varchar(10)
);

insert into eleves values ('Zacharis Leroy', 1, 'S', 'Tres bien', 'MP', null, 'zleroy');
insert into notes_details values ('2011-2012', 'SEM-5', 'Zacharis Leroy', 'ALG-1', 11.32, 1.67, 'A', 0, 1);
insert into notes_details values ('2011-2012', 'SEM-5', 'Zacharis Leroy', 'ALG-1', 11.32, 1.33, 'A', 3, 99);
insert into notes_details values ('2011-2012', 'SEM-5', 'Zacharis Leroy', 'DPP-1', 11.32, 1.0, 'A', 0, 1);
insert into notes_details values ('2011-2012', 'SEM-5', 'Zacharis Leroy', 'DPP-1', 11.32, 3.33, 'A', 2, 2);
insert into notes_details values ('2011-2012', 'SEM-5', 'Zacharis Leroy', 'ELE-1', 11.32, 2.33, 'A', 0, 1);
insert into notes_details values ('2011-2012', 'SEM-5', 'Zacharis Leroy', 'ELE-1', 11.32, 4.0, 'A', 3, 2);
insert into notes_details values ('2011-2012', 'SEM-5', 'Zacharis Leroy', 'INP-1', 11.32, 4.0, 'A', 3, 1);
insert into notes_details values ('2011-2012', 'SEM-5', 'Zacharis Leroy', 'LCI-1', 11.32, 2.33, 'A', 0, 1);
insert into notes_details values ('2011-2012', 'SEM-5', 'Zacharis Leroy', 'LCI-1', 11.32, 3.0, 'A', 3, 2);
insert into notes_details values ('2011-2012', 'SEM-5', 'Zacharis Leroy', 'MAT-1', 11.32, 3.0, 'A', 3, 1);
insert into notes_details values ('2011-2012', 'SEM-5', 'Zacharis Leroy', 'MGP-1', 11.32, 1.33, 'A', 0, 1);
insert into notes_details values ('2011-2012', 'SEM-5', 'Zacharis Leroy', 'MGP-1', 11.32, 2.67, 'A', 4, 2);
insert into notes_details values ('2011-2012', 'SEM-5', 'Zacharis Leroy', 'PHO-1', 11.32, 1.33, 'A', 0, 1);
insert into notes_details values ('2011-2012', 'SEM-5', 'Zacharis Leroy', 'PHO-1', 11.32, 1.0, 'A', 3, 99);
insert into notes_details values ('2011-2012', 'SEM-5', 'Zacharis Leroy', 'PHQ-1', 11.32, 4.0, 'A', 3, 1);
insert into notes_details values ('2011-2012', 'SEM-5', 'Zacharis Leroy', 'SPM-1', 11.32, 3.67, 'A', 3, 1);
insert into notes_details values ('2011-2012', 'SEM-6', 'Zacharis Leroy', 'DPP-2', 11.32, 2.67, 'A', 1, 1);
insert into notes_details values ('2011-2012', 'SEM-6', 'Zacharis Leroy', 'EAO-2', 11.32, 1.67, 'A', 0, 1);
insert into notes_details values ('2011-2012', 'SEM-6', 'Zacharis Leroy', 'EAO-2', 11.32, 3.67, 'A', 3, 2);
insert into notes_details values ('2011-2012', 'SEM-6', 'Zacharis Leroy', 'ECO-2', 11.32, 1.33, 'A', 0, 1);
insert into notes_details values ('2011-2012', 'SEM-6', 'Zacharis Leroy', 'ECO-2', 11.32, 4.0, 'A', 3, 2);
insert into notes_details values ('2011-2012', 'SEM-6', 'Zacharis Leroy', 'LCI-2', 11.32, 3.67, 'A', 3, 1);
insert into notes_details values ('2011-2012', 'SEM-6', 'Zacharis Leroy', 'MAT-2', 11.32, 1.67, 'A', 0, 1);
insert into notes_details values ('2011-2012', 'SEM-6', 'Zacharis Leroy', 'MAT-2', 11.32, 3.67, 'A', 2, 2);
insert into notes_details values ('2011-2012', 'SEM-6', 'Zacharis Leroy', 'MCO-2', 11.32, 1.67, 'A', 0, 1);
insert into notes_details values ('2011-2012', 'SEM-6', 'Zacharis Leroy', 'MCO-2', 11.32, 4.0, 'A', 2, 2);
insert into notes_details values ('2011-2012', 'SEM-6', 'Zacharis Leroy', 'MGP-2', 11.32, 4.0, 'A', 4, 1);
insert into notes_details values ('2011-2012', 'SEM-6', 'Zacharis Leroy', 'PHS-2', 11.32, 3.67, 'A', 2, 1);
insert into notes_details values ('2011-2012', 'SEM-6', 'Zacharis Leroy', 'PJT-2', 11.32, 3.0, 'A', 1, 1);
insert into notes_details values ('2011-2012', 'SEM-6', 'Zacharis Leroy', 'RMS-2', 11.32, 3.0, 'A', 4, 1);
insert into notes_details values ('2011-2012', 'SEM-6', 'Zacharis Leroy', 'STG-2', 11.32, 1.67, 'A', 0, 1);
insert into notes_details values ('2011-2012', 'SEM-6', 'Zacharis Leroy', 'STG-2', 11.32, 3.0, 'A', 2, 2);
insert into notes_details values ('2011-2012', 'SEM-6', 'Zacharis Leroy', 'THS-2', 11.32, 3.33, 'A', 3, 1);
insert into notes_details values ('2012-2013', 'SEM-7', 'Zacharis Leroy', 'ASL-3', 11.32, 2.33, 'A', 0, 1);
insert into notes_details values ('2012-2013', 'SEM-7', 'Zacharis Leroy', 'ASL-3', 11.32, 2.0, 'A', 0, 2);
insert into contentieux values ('2012-2013', 'SEM-7', 'Zacharis Leroy', 'ASL-3');
insert into notes_details values ('2012-2013', 'SEM-7', 'Zacharis Leroy', 'DPP-3', 11.32, 2.33, 'A', 0, 1);
insert into notes_details values ('2012-2013', 'SEM-7', 'Zacharis Leroy', 'DPP-3', 11.32, 3.33, 'A', 2, 2);
insert into notes_details values ('2012-2013', 'SEM-7', 'Zacharis Leroy', 'EAO-31', 11.32, 1.33, 'A', 0, 1);
insert into notes_details values ('2012-2013', 'SEM-7', 'Zacharis Leroy', 'EAO-31', 11.32, 3.33, 'A', 2, 2);
insert into notes_details values ('2012-2013', 'SEM-7', 'Zacharis Leroy', 'EAO-32', 11.32, 3.0, 'A', 2, 1);
insert into notes_details values ('2012-2013', 'SEM-7', 'Zacharis Leroy', 'EAO-33', 11.32, 4.0, 'A', 2, 1);
insert into notes_details values ('2012-2013', 'SEM-7', 'Zacharis Leroy', 'EAO-34', 11.32, 1.33, 'A', 0, 1);
insert into notes_details values ('2012-2013', 'SEM-7', 'Zacharis Leroy', 'EAO-34', 11.32, 1.33, 'A', 0, 2);
insert into contentieux values ('2012-2013', 'SEM-7', 'Zacharis Leroy', 'EAO-34');
insert into notes_details values ('2012-2013', 'SEM-7', 'Zacharis Leroy', 'EAO-35', 11.32, 2.33, 'A', 0, 1);
insert into notes_details values ('2012-2013', 'SEM-7', 'Zacharis Leroy', 'EAO-35', 11.32, 4.0, 'A', 2, 2);
insert into notes_details values ('2012-2013', 'SEM-7', 'Zacharis Leroy', 'LCI-3', 11.32, 2.33, 'A', 0, 1);
insert into notes_details values ('2012-2013', 'SEM-7', 'Zacharis Leroy', 'LCI-3', 11.32, 2.0, 'A', 0, 2);
insert into contentieux values ('2012-2013', 'SEM-7', 'Zacharis Leroy', 'LCI-3');
insert into notes_details values ('2012-2013', 'SEM-7', 'Zacharis Leroy', 'MAT-3', 11.32, 1.33, 'A', 0, 1);
insert into notes_details values ('2012-2013', 'SEM-7', 'Zacharis Leroy', 'MAT-3', 11.32, 2.0, 'A', 0, 2);
insert into contentieux values ('2012-2013', 'SEM-7', 'Zacharis Leroy', 'MAT-3');
insert into notes_details values ('2012-2013', 'SEM-7', 'Zacharis Leroy', 'MNG-3', 11.32, 1.33, 'A', 0, 1);
insert into notes_details values ('2012-2013', 'SEM-7', 'Zacharis Leroy', 'MNG-3', 11.32, 1.0, 'A', 3, 99);
insert into notes_details values ('2012-2013', 'SEM-7', 'Zacharis Leroy', 'PJT-3', 11.32, 4.0, 'A', 5, 1);
insert into notes_details values ('2012-2013', 'SEM-7', 'Zacharis Leroy', 'STD-3', 11.32, 3.33, 'A', 2, 1);
insert into gpa values ('2011-2012', 'SEM-5', 'Zacharis Leroy', 2.88);
insert into gpa values ('2011-2012', 'SEM-6', 'Zacharis Leroy', 3.64);
insert into gpa values ('2012-2013', 'SEM-7', 'Zacharis Leroy', 2.15);
insert into eleves values ('Erembourg Therriault', 1, 'S', 'Tres bien', 'MP', null, 'etherriault');
insert into notes_details values ('2010-2011', 'SEM-5', 'Erembourg Therriault', 'ALG-1', 11.32, 1.33, 'A', 0, 1);
insert into notes_details values ('2010-2011', 'SEM-5', 'Erembourg Therriault', 'ALG-1', 11.32, 3.0, 'A', 3, 2);
insert into notes_details values ('2010-2011', 'SEM-5', 'Erembourg Therriault', 'DPP-1', 11.32, 3.67, 'A', 2, 1);
insert into notes_details values ('2010-2011', 'SEM-5', 'Erembourg Therriault', 'ELE-1', 11.32, 3.33, 'A', 3, 1);
insert into notes_details values ('2010-2011', 'SEM-5', 'Erembourg Therriault', 'INP-1', 11.32, 3.0, 'A', 3, 1);
insert into notes_details values ('2010-2011', 'SEM-5', 'Erembourg Therriault', 'LCI-1', 11.32, 4.0, 'A', 3, 1);
insert into notes_details values ('2010-2011', 'SEM-5', 'Erembourg Therriault', 'MAT-1', 11.32, 4.0, 'A', 3, 1);
insert into notes_details values ('2010-2011', 'SEM-5', 'Erembourg Therriault', 'MGP-1', 11.32, 1.0, 'A', 0, 1);
insert into notes_details values ('2010-2011', 'SEM-5', 'Erembourg Therriault', 'MGP-1', 11.32, 3.0, 'A', 4, 2);
insert into notes_details values ('2010-2011', 'SEM-5', 'Erembourg Therriault', 'PHO-1', 11.32, 3.67, 'A', 3, 1);
insert into notes_details values ('2010-2011', 'SEM-5', 'Erembourg Therriault', 'PHQ-1', 11.32, 4.0, 'A', 3, 1);
insert into notes_details values ('2010-2011', 'SEM-5', 'Erembourg Therriault', 'SPM-1', 11.32, 1.0, 'A', 0, 1);
insert into notes_details values ('2010-2011', 'SEM-5', 'Erembourg Therriault', 'SPM-1', 11.32, 3.0, 'A', 3, 2);
insert into notes_details values ('2010-2011', 'SEM-6', 'Erembourg Therriault', 'DPP-2', 11.32, 2.33, 'A', 0, 1);
insert into notes_details values ('2010-2011', 'SEM-6', 'Erembourg Therriault', 'DPP-2', 11.32, 2.67, 'A', 1, 2);
insert into notes_details values ('2010-2011', 'SEM-6', 'Erembourg Therriault', 'EAO-2', 11.32, 4.0, 'A', 3, 1);
insert into notes_details values ('2010-2011', 'SEM-6', 'Erembourg Therriault', 'ECO-2', 11.32, 3.33, 'A', 3, 1);
insert into notes_details values ('2010-2011', 'SEM-6', 'Erembourg Therriault', 'LCI-2', 11.32, 4.0, 'A', 3, 1);
insert into notes_details values ('2010-2011', 'SEM-6', 'Erembourg Therriault', 'MAT-2', 11.32, 1.0, 'A', 0, 1);
insert into notes_details values ('2010-2011', 'SEM-6', 'Erembourg Therriault', 'MAT-2', 11.32, 2.67, 'A', 2, 2);
insert into notes_details values ('2010-2011', 'SEM-6', 'Erembourg Therriault', 'MCO-2', 11.32, 3.0, 'A', 2, 1);
insert into notes_details values ('2010-2011', 'SEM-6', 'Erembourg Therriault', 'MGP-2', 11.32, 1.67, 'A', 0, 1);
insert into notes_details values ('2010-2011', 'SEM-6', 'Erembourg Therriault', 'MGP-2', 11.32, 4.0, 'A', 4, 2);
insert into notes_details values ('2010-2011', 'SEM-6', 'Erembourg Therriault', 'PHS-2', 11.32, 2.0, 'A', 0, 1);
insert into notes_details values ('2010-2011', 'SEM-6', 'Erembourg Therriault', 'PHS-2', 11.32, 3.33, 'A', 2, 2);
insert into notes_details values ('2010-2011', 'SEM-6', 'Erembourg Therriault', 'PJT-2', 11.32, 2.67, 'A', 1, 1);
insert into notes_details values ('2010-2011', 'SEM-6', 'Erembourg Therriault', 'RMS-2', 11.32, 1.0, 'A', 0, 1);
insert into notes_details values ('2010-2011', 'SEM-6', 'Erembourg Therriault', 'RMS-2', 11.32, 3.33, 'A', 4, 2);
insert into notes_details values ('2010-2011', 'SEM-6', 'Erembourg Therriault', 'STG-2', 11.32, 1.0, 'A', 0, 1);
insert into notes_details values ('2010-2011', 'SEM-6', 'Erembourg Therriault', 'STG-2', 11.32, 4.0, 'A', 2, 2);
insert into notes_details values ('2010-2011', 'SEM-6', 'Erembourg Therriault', 'THS-2', 11.32, 1.33, 'A', 0, 1);
insert into notes_details values ('2010-2011', 'SEM-6', 'Erembourg Therriault', 'THS-2', 11.32, 3.67, 'A', 3, 2);
insert into notes_details values ('2011-2012', 'SEM-7', 'Erembourg Therriault', 'ASL-3', 11.32, 1.0, 'A', 0, 1);
insert into notes_details values ('2011-2012', 'SEM-7', 'Erembourg Therriault', 'ASL-3', 11.32, 1.67, 'A', 0, 2);
insert into contentieux values ('2011-2012', 'SEM-7', 'Erembourg Therriault', 'ASL-3');
insert into notes_details values ('2011-2012', 'SEM-7', 'Erembourg Therriault', 'DPP-3', 11.32, 2.0, 'A', 0, 1);
insert into notes_details values ('2011-2012', 'SEM-7', 'Erembourg Therriault', 'DPP-3', 11.32, 1.33, 'A', 0, 2);
insert into contentieux values ('2011-2012', 'SEM-7', 'Erembourg Therriault', 'DPP-3');
insert into notes_details values ('2011-2012', 'SEM-7', 'Erembourg Therriault', 'EAO-31', 11.32, 1.33, 'A', 0, 1);
insert into notes_details values ('2011-2012', 'SEM-7', 'Erembourg Therriault', 'EAO-31', 11.32, 1.33, 'A', 0, 2);
insert into contentieux values ('2011-2012', 'SEM-7', 'Erembourg Therriault', 'EAO-31');
insert into notes_details values ('2011-2012', 'SEM-7', 'Erembourg Therriault', 'EAO-32', 11.32, 1.33, 'A', 0, 1);
insert into notes_details values ('2011-2012', 'SEM-7', 'Erembourg Therriault', 'EAO-32', 11.32, 3.67, 'A', 2, 2);
insert into notes_details values ('2011-2012', 'SEM-7', 'Erembourg Therriault', 'EAO-33', 11.32, 2.33, 'A', 0, 1);
insert into notes_details values ('2011-2012', 'SEM-7', 'Erembourg Therriault', 'EAO-33', 11.32, 2.0, 'A', 0, 2);
insert into contentieux values ('2011-2012', 'SEM-7', 'Erembourg Therriault', 'EAO-33');
insert into notes_details values ('2011-2012', 'SEM-7', 'Erembourg Therriault', 'EAO-34', 11.32, 4.0, 'A', 2, 1);
insert into notes_details values ('2011-2012', 'SEM-7', 'Erembourg Therriault', 'EAO-35', 11.32, 3.33, 'A', 2, 1);
insert into notes_details values ('2011-2012', 'SEM-7', 'Erembourg Therriault', 'LCI-3', 11.32, 1.67, 'A', 0, 1);
insert into notes_details values ('2011-2012', 'SEM-7', 'Erembourg Therriault', 'LCI-3', 11.32, 2.33, 'A', 0, 2);
insert into contentieux values ('2011-2012', 'SEM-7', 'Erembourg Therriault', 'LCI-3');
insert into notes_details values ('2011-2012', 'SEM-7', 'Erembourg Therriault', 'MAT-3', 11.32, 4.0, 'A', 3, 1);
insert into notes_details values ('2011-2012', 'SEM-7', 'Erembourg Therriault', 'MNG-3', 11.32, 2.67, 'A', 3, 1);
insert into notes_details values ('2011-2012', 'SEM-7', 'Erembourg Therriault', 'PJT-3', 11.32, 4.0, 'A', 5, 1);
insert into notes_details values ('2011-2012', 'SEM-7', 'Erembourg Therriault', 'STD-3', 11.32, 3.33, 'A', 2, 1);
insert into gpa values ('2010-2011', 'SEM-5', 'Erembourg Therriault', 3.31);
insert into gpa values ('2010-2011', 'SEM-6', 'Erembourg Therriault', 3.1);
insert into gpa values ('2011-2012', 'SEM-7', 'Erembourg Therriault', 2.99);
insert into eleves values ('Merlin Makelele', 1, 'S', 'Tres bien', 'MP', null, 'mmakelele');
insert into notes_details values ('2011-2012', 'SEM-5', 'Merlin Makelele', 'ALG-1', 11.32, 3.67, 'A', 3, 1);
insert into notes_details values ('2011-2012', 'SEM-5', 'Merlin Makelele', 'DPP-1', 11.32, 1.33, 'A', 0, 1);
insert into notes_details values ('2011-2012', 'SEM-5', 'Merlin Makelele', 'DPP-1', 11.32, 1.67, 'A', 2, 99);
insert into notes_details values ('2011-2012', 'SEM-5', 'Merlin Makelele', 'ELE-1', 11.32, 1.33, 'A', 0, 1);
insert into notes_details values ('2011-2012', 'SEM-5', 'Merlin Makelele', 'ELE-1', 11.32, 3.0, 'A', 3, 2);
insert into notes_details values ('2011-2012', 'SEM-5', 'Merlin Makelele', 'INP-1', 11.32, 1.33, 'A', 0, 1);
insert into notes_details values ('2011-2012', 'SEM-5', 'Merlin Makelele', 'INP-1', 11.32, 3.0, 'A', 3, 2);
insert into notes_details values ('2011-2012', 'SEM-5', 'Merlin Makelele', 'LCI-1', 11.32, 1.33, 'A', 0, 1);
insert into notes_details values ('2011-2012', 'SEM-5', 'Merlin Makelele', 'LCI-1', 11.32, 2.67, 'A', 3, 2);
insert into notes_details values ('2011-2012', 'SEM-5', 'Merlin Makelele', 'MAT-1', 11.32, 2.33, 'A', 0, 1);
insert into notes_details values ('2011-2012', 'SEM-5', 'Merlin Makelele', 'MAT-1', 11.32, 2.67, 'A', 3, 2);
insert into notes_details values ('2011-2012', 'SEM-5', 'Merlin Makelele', 'MGP-1', 11.32, 3.67, 'A', 4, 1);
insert into notes_details values ('2011-2012', 'SEM-5', 'Merlin Makelele', 'PHO-1', 11.32, 4.0, 'A', 3, 1);
insert into notes_details values ('2011-2012', 'SEM-5', 'Merlin Makelele', 'PHQ-1', 11.32, 4.0, 'A', 3, 1);
insert into notes_details values ('2011-2012', 'SEM-5', 'Merlin Makelele', 'SPM-1', 11.32, 3.33, 'A', 3, 1);
insert into notes_details values ('2011-2012', 'SEM-6', 'Merlin Makelele', 'DPP-2', 11.32, 2.33, 'A', 0, 1);
insert into notes_details values ('2011-2012', 'SEM-6', 'Merlin Makelele', 'DPP-2', 11.32, 3.33, 'A', 1, 2);
insert into notes_details values ('2011-2012', 'SEM-6', 'Merlin Makelele', 'EAO-2', 11.32, 1.67, 'A', 0, 1);
insert into notes_details values ('2011-2012', 'SEM-6', 'Merlin Makelele', 'EAO-2', 11.32, 4.0, 'A', 3, 2);
insert into notes_details values ('2011-2012', 'SEM-6', 'Merlin Makelele', 'ECO-2', 11.32, 1.0, 'A', 0, 1);
insert into notes_details values ('2011-2012', 'SEM-6', 'Merlin Makelele', 'ECO-2', 11.32, 3.33, 'A', 3, 2);
insert into notes_details values ('2011-2012', 'SEM-6', 'Merlin Makelele', 'LCI-2', 11.32, 2.33, 'A', 0, 1);
insert into notes_details values ('2011-2012', 'SEM-6', 'Merlin Makelele', 'LCI-2', 11.32, 3.33, 'A', 3, 2);
insert into notes_details values ('2011-2012', 'SEM-6', 'Merlin Makelele', 'MAT-2', 11.32, 3.0, 'A', 2, 1);
insert into notes_details values ('2011-2012', 'SEM-6', 'Merlin Makelele', 'MCO-2', 11.32, 1.33, 'A', 0, 1);
insert into notes_details values ('2011-2012', 'SEM-6', 'Merlin Makelele', 'MCO-2', 11.32, 2.67, 'A', 2, 2);
insert into notes_details values ('2011-2012', 'SEM-6', 'Merlin Makelele', 'MGP-2', 11.32, 1.33, 'A', 0, 1);
insert into notes_details values ('2011-2012', 'SEM-6', 'Merlin Makelele', 'MGP-2', 11.32, 3.33, 'A', 4, 2);
insert into notes_details values ('2011-2012', 'SEM-6', 'Merlin Makelele', 'PHS-2', 11.32, 2.67, 'A', 2, 1);
insert into notes_details values ('2011-2012', 'SEM-6', 'Merlin Makelele', 'PJT-2', 11.32, 1.33, 'A', 0, 1);
insert into notes_details values ('2011-2012', 'SEM-6', 'Merlin Makelele', 'PJT-2', 11.32, 3.67, 'A', 1, 2);
insert into notes_details values ('2011-2012', 'SEM-6', 'Merlin Makelele', 'RMS-2', 11.32, 4.0, 'A', 4, 1);
insert into notes_details values ('2011-2012', 'SEM-6', 'Merlin Makelele', 'STG-2', 11.32, 2.33, 'A', 0, 1);
insert into notes_details values ('2011-2012', 'SEM-6', 'Merlin Makelele', 'STG-2', 11.32, 1.33, 'A', 2, 99);
insert into notes_details values ('2011-2012', 'SEM-6', 'Merlin Makelele', 'THS-2', 11.32, 1.33, 'A', 0, 1);
insert into notes_details values ('2011-2012', 'SEM-6', 'Merlin Makelele', 'THS-2', 11.32, 2.67, 'A', 3, 2);
insert into notes_details values ('2012-2013', 'SEM-7', 'Merlin Makelele', 'ASL-3', 11.32, 2.67, 'A', 2, 1);
insert into notes_details values ('2012-2013', 'SEM-7', 'Merlin Makelele', 'DPP-3', 11.32, 1.0, 'A', 0, 1);
insert into notes_details values ('2012-2013', 'SEM-7', 'Merlin Makelele', 'DPP-3', 11.32, 1.33, 'A', 0, 2);
insert into contentieux values ('2012-2013', 'SEM-7', 'Merlin Makelele', 'DPP-3');
insert into notes_details values ('2012-2013', 'SEM-7', 'Merlin Makelele', 'EAO-31', 11.32, 1.67, 'A', 0, 1);
insert into notes_details values ('2012-2013', 'SEM-7', 'Merlin Makelele', 'EAO-31', 11.32, 4.0, 'A', 2, 2);
insert into notes_details values ('2012-2013', 'SEM-7', 'Merlin Makelele', 'EAO-32', 11.32, 2.0, 'A', 0, 1);
insert into notes_details values ('2012-2013', 'SEM-7', 'Merlin Makelele', 'EAO-32', 11.32, 2.33, 'A', 0, 2);
insert into contentieux values ('2012-2013', 'SEM-7', 'Merlin Makelele', 'EAO-32');
insert into notes_details values ('2012-2013', 'SEM-7', 'Merlin Makelele', 'EAO-33', 11.32, 1.0, 'A', 0, 1);
insert into notes_details values ('2012-2013', 'SEM-7', 'Merlin Makelele', 'EAO-33', 11.32, 2.33, 'A', 0, 2);
insert into contentieux values ('2012-2013', 'SEM-7', 'Merlin Makelele', 'EAO-33');
insert into notes_details values ('2012-2013', 'SEM-7', 'Merlin Makelele', 'EAO-34', 11.32, 1.67, 'A', 0, 1);
insert into notes_details values ('2012-2013', 'SEM-7', 'Merlin Makelele', 'EAO-34', 11.32, 1.33, 'A', 0, 2);
insert into contentieux values ('2012-2013', 'SEM-7', 'Merlin Makelele', 'EAO-34');
insert into notes_details values ('2012-2013', 'SEM-7', 'Merlin Makelele', 'EAO-35', 11.32, 2.67, 'A', 2, 1);
insert into notes_details values ('2012-2013', 'SEM-7', 'Merlin Makelele', 'LCI-3', 11.32, 1.0, 'A', 0, 1);
insert into notes_details values ('2012-2013', 'SEM-7', 'Merlin Makelele', 'LCI-3', 11.32, 2.33, 'A', 0, 2);
insert into contentieux values ('2012-2013', 'SEM-7', 'Merlin Makelele', 'LCI-3');
insert into notes_details values ('2012-2013', 'SEM-7', 'Merlin Makelele', 'MAT-3', 11.32, 1.33, 'A', 0, 1);
insert into notes_details values ('2012-2013', 'SEM-7', 'Merlin Makelele', 'MAT-3', 11.32, 1.67, 'A', 3, 99);
insert into notes_details values ('2012-2013', 'SEM-7', 'Merlin Makelele', 'MNG-3', 11.32, 1.33, 'A', 0, 1);
insert into notes_details values ('2012-2013', 'SEM-7', 'Merlin Makelele', 'MNG-3', 11.32, 1.67, 'A', 0, 2);
insert into contentieux values ('2012-2013', 'SEM-7', 'Merlin Makelele', 'MNG-3');
insert into notes_details values ('2012-2013', 'SEM-7', 'Merlin Makelele', 'PJT-3', 11.32, 1.33, 'A', 0, 1);
insert into notes_details values ('2012-2013', 'SEM-7', 'Merlin Makelele', 'PJT-3', 11.32, 2.0, 'A', 0, 2);
insert into contentieux values ('2012-2013', 'SEM-7', 'Merlin Makelele', 'PJT-3');
insert into notes_details values ('2012-2013', 'SEM-7', 'Merlin Makelele', 'STD-3', 11.32, 3.0, 'A', 2, 1);
insert into gpa values ('2011-2012', 'SEM-5', 'Merlin Makelele', 3.42);
insert into gpa values ('2011-2012', 'SEM-6', 'Merlin Makelele', 2.22);
insert into gpa values ('2012-2013', 'SEM-7', 'Merlin Makelele', 2.28);
insert into eleves values ('Ines Martinez', 1, 'S', 'Tres bien', 'MP', null, 'imartinez');
insert into notes_details values ('2010-2011', 'SEM-5', 'Ines Martinez', 'ALG-1', 11.32, 3.33, 'A', 3, 1);
insert into notes_details values ('2010-2011', 'SEM-5', 'Ines Martinez', 'DPP-1', 11.32, 3.0, 'A', 2, 1);
insert into notes_details values ('2010-2011', 'SEM-5', 'Ines Martinez', 'ELE-1', 11.32, 3.67, 'A', 3, 1);
insert into notes_details values ('2010-2011', 'SEM-5', 'Ines Martinez', 'INP-1', 11.32, 2.67, 'A', 3, 1);
insert into notes_details values ('2010-2011', 'SEM-5', 'Ines Martinez', 'LCI-1', 11.32, 1.0, 'A', 0, 1);
insert into notes_details values ('2010-2011', 'SEM-5', 'Ines Martinez', 'LCI-1', 11.32, 3.33, 'A', 3, 2);
insert into notes_details values ('2010-2011', 'SEM-5', 'Ines Martinez', 'MAT-1', 11.32, 2.0, 'A', 0, 1);
insert into notes_details values ('2010-2011', 'SEM-5', 'Ines Martinez', 'MAT-1', 11.32, 3.33, 'A', 3, 2);
insert into notes_details values ('2010-2011', 'SEM-5', 'Ines Martinez', 'MGP-1', 11.32, 1.0, 'A', 0, 1);
insert into notes_details values ('2010-2011', 'SEM-5', 'Ines Martinez', 'MGP-1', 11.32, 3.0, 'A', 4, 2);
insert into notes_details values ('2010-2011', 'SEM-5', 'Ines Martinez', 'PHO-1', 11.32, 4.0, 'A', 3, 1);
insert into notes_details values ('2010-2011', 'SEM-5', 'Ines Martinez', 'PHQ-1', 11.32, 3.33, 'A', 3, 1);
insert into notes_details values ('2010-2011', 'SEM-5', 'Ines Martinez', 'SPM-1', 11.32, 3.0, 'A', 3, 1);
insert into notes_details values ('2010-2011', 'SEM-6', 'Ines Martinez', 'DPP-2', 11.32, 1.67, 'A', 0, 1);
insert into notes_details values ('2010-2011', 'SEM-6', 'Ines Martinez', 'DPP-2', 11.32, 4.0, 'A', 1, 2);
insert into notes_details values ('2010-2011', 'SEM-6', 'Ines Martinez', 'EAO-2', 11.32, 2.0, 'A', 0, 1);
insert into notes_details values ('2010-2011', 'SEM-6', 'Ines Martinez', 'EAO-2', 11.32, 3.0, 'A', 3, 2);
insert into notes_details values ('2010-2011', 'SEM-6', 'Ines Martinez', 'ECO-2', 11.32, 2.33, 'A', 0, 1);
insert into notes_details values ('2010-2011', 'SEM-6', 'Ines Martinez', 'ECO-2', 11.32, 3.33, 'A', 3, 2);
insert into notes_details values ('2010-2011', 'SEM-6', 'Ines Martinez', 'LCI-2', 11.32, 1.0, 'A', 0, 1);
insert into notes_details values ('2010-2011', 'SEM-6', 'Ines Martinez', 'LCI-2', 11.32, 3.33, 'A', 3, 2);
insert into notes_details values ('2010-2011', 'SEM-6', 'Ines Martinez', 'MAT-2', 11.32, 3.0, 'A', 2, 1);
insert into notes_details values ('2010-2011', 'SEM-6', 'Ines Martinez', 'MCO-2', 11.32, 2.33, 'A', 0, 1);
insert into notes_details values ('2010-2011', 'SEM-6', 'Ines Martinez', 'MCO-2', 11.32, 1.67, 'A', 2, 99);
insert into notes_details values ('2010-2011', 'SEM-6', 'Ines Martinez', 'MGP-2', 11.32, 2.67, 'A', 4, 1);
insert into notes_details values ('2010-2011', 'SEM-6', 'Ines Martinez', 'PHS-2', 11.32, 1.0, 'A', 0, 1);
insert into notes_details values ('2010-2011', 'SEM-6', 'Ines Martinez', 'PHS-2', 11.32, 3.0, 'A', 2, 2);
insert into notes_details values ('2010-2011', 'SEM-6', 'Ines Martinez', 'PJT-2', 11.32, 1.67, 'A', 0, 1);
insert into notes_details values ('2010-2011', 'SEM-6', 'Ines Martinez', 'PJT-2', 11.32, 3.0, 'A', 1, 2);
insert into notes_details values ('2010-2011', 'SEM-6', 'Ines Martinez', 'RMS-2', 11.32, 1.0, 'A', 0, 1);
insert into notes_details values ('2010-2011', 'SEM-6', 'Ines Martinez', 'RMS-2', 11.32, 2.67, 'A', 4, 2);
insert into notes_details values ('2010-2011', 'SEM-6', 'Ines Martinez', 'STG-2', 11.32, 4.0, 'A', 2, 1);
insert into notes_details values ('2010-2011', 'SEM-6', 'Ines Martinez', 'THS-2', 11.32, 2.33, 'A', 0, 1);
insert into notes_details values ('2010-2011', 'SEM-6', 'Ines Martinez', 'THS-2', 11.32, 3.67, 'A', 3, 2);
insert into notes_details values ('2011-2012', 'SEM-7', 'Ines Martinez', 'ASL-3', 11.32, 2.0, 'A', 0, 1);
insert into notes_details values ('2011-2012', 'SEM-7', 'Ines Martinez', 'ASL-3', 11.32, 4.0, 'A', 2, 2);
insert into notes_details values ('2011-2012', 'SEM-7', 'Ines Martinez', 'DPP-3', 11.32, 2.0, 'A', 0, 1);
insert into notes_details values ('2011-2012', 'SEM-7', 'Ines Martinez', 'DPP-3', 11.32, 1.0, 'A', 0, 2);
insert into contentieux values ('2011-2012', 'SEM-7', 'Ines Martinez', 'DPP-3');
insert into notes_details values ('2011-2012', 'SEM-7', 'Ines Martinez', 'EAO-31', 11.32, 2.33, 'A', 0, 1);
insert into notes_details values ('2011-2012', 'SEM-7', 'Ines Martinez', 'EAO-31', 11.32, 2.0, 'A', 0, 2);
insert into contentieux values ('2011-2012', 'SEM-7', 'Ines Martinez', 'EAO-31');
insert into notes_details values ('2011-2012', 'SEM-7', 'Ines Martinez', 'EAO-32', 11.32, 2.0, 'A', 0, 1);
insert into notes_details values ('2011-2012', 'SEM-7', 'Ines Martinez', 'EAO-32', 11.32, 4.0, 'A', 2, 2);
insert into notes_details values ('2011-2012', 'SEM-7', 'Ines Martinez', 'EAO-33', 11.32, 2.33, 'A', 0, 1);
insert into notes_details values ('2011-2012', 'SEM-7', 'Ines Martinez', 'EAO-33', 11.32, 3.0, 'A', 2, 2);
insert into notes_details values ('2011-2012', 'SEM-7', 'Ines Martinez', 'EAO-34', 11.32, 2.33, 'A', 0, 1);
insert into notes_details values ('2011-2012', 'SEM-7', 'Ines Martinez', 'EAO-34', 11.32, 3.33, 'A', 2, 2);
insert into notes_details values ('2011-2012', 'SEM-7', 'Ines Martinez', 'EAO-35', 11.32, 2.0, 'A', 0, 1);
insert into notes_details values ('2011-2012', 'SEM-7', 'Ines Martinez', 'EAO-35', 11.32, 3.33, 'A', 2, 2);
insert into notes_details values ('2011-2012', 'SEM-7', 'Ines Martinez', 'LCI-3', 11.32, 1.67, 'A', 0, 1);
insert into notes_details values ('2011-2012', 'SEM-7', 'Ines Martinez', 'LCI-3', 11.32, 3.67, 'A', 3, 2);
insert into notes_details values ('2011-2012', 'SEM-7', 'Ines Martinez', 'MAT-3', 11.32, 1.33, 'A', 0, 1);
insert into notes_details values ('2011-2012', 'SEM-7', 'Ines Martinez', 'MAT-3', 11.32, 2.67, 'A', 3, 2);
insert into notes_details values ('2011-2012', 'SEM-7', 'Ines Martinez', 'MNG-3', 11.32, 2.67, 'A', 3, 1);
insert into notes_details values ('2011-2012', 'SEM-7', 'Ines Martinez', 'PJT-3', 11.32, 2.33, 'A', 0, 1);
insert into notes_details values ('2011-2012', 'SEM-7', 'Ines Martinez', 'PJT-3', 11.32, 1.0, 'A', 0, 2);
insert into contentieux values ('2011-2012', 'SEM-7', 'Ines Martinez', 'PJT-3');
insert into notes_details values ('2011-2012', 'SEM-7', 'Ines Martinez', 'STD-3', 11.32, 1.67, 'A', 0, 1);
insert into notes_details values ('2011-2012', 'SEM-7', 'Ines Martinez', 'STD-3', 11.32, 3.33, 'A', 2, 2);
insert into gpa values ('2010-2011', 'SEM-5', 'Ines Martinez', 3.33);
insert into gpa values ('2010-2011', 'SEM-6', 'Ines Martinez', 2.1);
insert into gpa values ('2011-2012', 'SEM-7', 'Ines Martinez', 3.28);
insert into eleves values ('Quit Besson', 1, 'S', 'Tres bien', 'MP', null, 'qbesson');
insert into notes_details values ('2011-2012', 'SEM-5', 'Quit Besson', 'ALG-1', 11.32, 3.0, 'A', 3, 1);
insert into notes_details values ('2011-2012', 'SEM-5', 'Quit Besson', 'DPP-1', 11.32, 2.33, 'A', 0, 1);
insert into notes_details values ('2011-2012', 'SEM-5', 'Quit Besson', 'DPP-1', 11.32, 2.67, 'A', 2, 2);
insert into notes_details values ('2011-2012', 'SEM-5', 'Quit Besson', 'ELE-1', 11.32, 1.67, 'A', 0, 1);
insert into notes_details values ('2011-2012', 'SEM-5', 'Quit Besson', 'ELE-1', 11.32, 1.0, 'A', 3, 99);
insert into notes_details values ('2011-2012', 'SEM-5', 'Quit Besson', 'INP-1', 11.32, 1.33, 'A', 0, 1);
insert into notes_details values ('2011-2012', 'SEM-5', 'Quit Besson', 'INP-1', 11.32, 3.67, 'A', 3, 2);
insert into notes_details values ('2011-2012', 'SEM-5', 'Quit Besson', 'LCI-1', 11.32, 3.33, 'A', 3, 1);
insert into notes_details values ('2011-2012', 'SEM-5', 'Quit Besson', 'MAT-1', 11.32, 1.67, 'A', 0, 1);
insert into notes_details values ('2011-2012', 'SEM-5', 'Quit Besson', 'MAT-1', 11.32, 3.0, 'A', 3, 2);
insert into notes_details values ('2011-2012', 'SEM-5', 'Quit Besson', 'MGP-1', 11.32, 3.33, 'A', 4, 1);
insert into notes_details values ('2011-2012', 'SEM-5', 'Quit Besson', 'PHO-1', 11.32, 3.33, 'A', 3, 1);
insert into notes_details values ('2011-2012', 'SEM-5', 'Quit Besson', 'PHQ-1', 11.32, 1.67, 'A', 0, 1);
insert into notes_details values ('2011-2012', 'SEM-5', 'Quit Besson', 'PHQ-1', 11.32, 2.0, 'A', 3, 99);
insert into notes_details values ('2011-2012', 'SEM-5', 'Quit Besson', 'SPM-1', 11.32, 1.0, 'A', 0, 1);
insert into notes_details values ('2011-2012', 'SEM-5', 'Quit Besson', 'SPM-1', 11.32, 2.67, 'A', 3, 2);
insert into notes_details values ('2011-2012', 'SEM-6', 'Quit Besson', 'DPP-2', 11.32, 2.0, 'A', 0, 1);
insert into notes_details values ('2011-2012', 'SEM-6', 'Quit Besson', 'DPP-2', 11.32, 2.67, 'A', 1, 2);
insert into notes_details values ('2011-2012', 'SEM-6', 'Quit Besson', 'EAO-2', 11.32, 1.67, 'A', 0, 1);
insert into notes_details values ('2011-2012', 'SEM-6', 'Quit Besson', 'EAO-2', 11.32, 3.33, 'A', 3, 2);
insert into notes_details values ('2011-2012', 'SEM-6', 'Quit Besson', 'ECO-2', 11.32, 4.0, 'A', 3, 1);
insert into notes_details values ('2011-2012', 'SEM-6', 'Quit Besson', 'LCI-2', 11.32, 3.67, 'A', 3, 1);
insert into notes_details values ('2011-2012', 'SEM-6', 'Quit Besson', 'MAT-2', 11.32, 1.33, 'A', 0, 1);
insert into notes_details values ('2011-2012', 'SEM-6', 'Quit Besson', 'MAT-2', 11.32, 2.67, 'A', 2, 2);
insert into notes_details values ('2011-2012', 'SEM-6', 'Quit Besson', 'MCO-2', 11.32, 2.33, 'A', 0, 1);
insert into notes_details values ('2011-2012', 'SEM-6', 'Quit Besson', 'MCO-2', 11.32, 2.67, 'A', 2, 2);
insert into notes_details values ('2011-2012', 'SEM-6', 'Quit Besson', 'MGP-2', 11.32, 1.33, 'A', 0, 1);
insert into notes_details values ('2011-2012', 'SEM-6', 'Quit Besson', 'MGP-2', 11.32, 4.0, 'A', 4, 2);
insert into notes_details values ('2011-2012', 'SEM-6', 'Quit Besson', 'PHS-2', 11.32, 1.33, 'A', 0, 1);
insert into notes_details values ('2011-2012', 'SEM-6', 'Quit Besson', 'PHS-2', 11.32, 3.0, 'A', 2, 2);
insert into notes_details values ('2011-2012', 'SEM-6', 'Quit Besson', 'PJT-2', 11.32, 3.33, 'A', 1, 1);
insert into notes_details values ('2011-2012', 'SEM-6', 'Quit Besson', 'RMS-2', 11.32, 3.0, 'A', 4, 1);
insert into notes_details values ('2011-2012', 'SEM-6', 'Quit Besson', 'STG-2', 11.32, 2.67, 'A', 2, 1);
insert into notes_details values ('2011-2012', 'SEM-6', 'Quit Besson', 'THS-2', 11.32, 3.67, 'A', 3, 1);
insert into notes_details values ('2012-2013', 'SEM-7', 'Quit Besson', 'ASL-3', 11.32, 3.0, 'A', 2, 1);
insert into notes_details values ('2012-2013', 'SEM-7', 'Quit Besson', 'DPP-3', 11.32, 2.67, 'A', 2, 1);
insert into notes_details values ('2012-2013', 'SEM-7', 'Quit Besson', 'EAO-31', 11.32, 1.33, 'A', 0, 1);
insert into notes_details values ('2012-2013', 'SEM-7', 'Quit Besson', 'EAO-31', 11.32, 3.0, 'A', 2, 2);
insert into notes_details values ('2012-2013', 'SEM-7', 'Quit Besson', 'EAO-32', 11.32, 2.33, 'A', 0, 1);
insert into notes_details values ('2012-2013', 'SEM-7', 'Quit Besson', 'EAO-32', 11.32, 2.0, 'A', 0, 2);
insert into contentieux values ('2012-2013', 'SEM-7', 'Quit Besson', 'EAO-32');
insert into notes_details values ('2012-2013', 'SEM-7', 'Quit Besson', 'EAO-33', 11.32, 3.0, 'A', 2, 1);
insert into notes_details values ('2012-2013', 'SEM-7', 'Quit Besson', 'EAO-34', 11.32, 2.33, 'A', 0, 1);
insert into notes_details values ('2012-2013', 'SEM-7', 'Quit Besson', 'EAO-34', 11.32, 3.0, 'A', 2, 2);
insert into notes_details values ('2012-2013', 'SEM-7', 'Quit Besson', 'EAO-35', 11.32, 3.33, 'A', 2, 1);
insert into notes_details values ('2012-2013', 'SEM-7', 'Quit Besson', 'LCI-3', 11.32, 4.0, 'A', 3, 1);
insert into notes_details values ('2012-2013', 'SEM-7', 'Quit Besson', 'MAT-3', 11.32, 1.0, 'A', 0, 1);
insert into notes_details values ('2012-2013', 'SEM-7', 'Quit Besson', 'MAT-3', 11.32, 3.33, 'A', 3, 2);
insert into notes_details values ('2012-2013', 'SEM-7', 'Quit Besson', 'MNG-3', 11.32, 2.0, 'A', 0, 1);
insert into notes_details values ('2012-2013', 'SEM-7', 'Quit Besson', 'MNG-3', 11.32, 3.0, 'A', 3, 2);
insert into notes_details values ('2012-2013', 'SEM-7', 'Quit Besson', 'PJT-3', 11.32, 1.67, 'A', 0, 1);
insert into notes_details values ('2012-2013', 'SEM-7', 'Quit Besson', 'PJT-3', 11.32, 2.67, 'A', 5, 2);
insert into notes_details values ('2012-2013', 'SEM-7', 'Quit Besson', 'STD-3', 11.32, 2.33, 'A', 0, 1);
insert into notes_details values ('2012-2013', 'SEM-7', 'Quit Besson', 'STD-3', 11.32, 1.67, 'A', 0, 2);
insert into contentieux values ('2012-2013', 'SEM-7', 'Quit Besson', 'STD-3');
insert into gpa values ('2011-2012', 'SEM-5', 'Quit Besson', 3.11);
insert into gpa values ('2011-2012', 'SEM-6', 'Quit Besson', 3.3);
insert into gpa values ('2012-2013', 'SEM-7', 'Quit Besson', 2.67);
insert into eleves values ('Tanguy Martinez', 1, 'S', 'Tres bien', 'MP', null, 'tmartinez');
insert into notes_details values ('2010-2011', 'SEM-5', 'Tanguy Martinez', 'ALG-1', 11.32, 3.0, 'A', 3, 1);
insert into notes_details values ('2010-2011', 'SEM-5', 'Tanguy Martinez', 'DPP-1', 11.32, 3.0, 'A', 2, 1);
insert into notes_details values ('2010-2011', 'SEM-5', 'Tanguy Martinez', 'ELE-1', 11.32, 2.67, 'A', 3, 1);
insert into notes_details values ('2010-2011', 'SEM-5', 'Tanguy Martinez', 'INP-1', 11.32, 2.0, 'A', 0, 1);
insert into notes_details values ('2010-2011', 'SEM-5', 'Tanguy Martinez', 'INP-1', 11.32, 3.67, 'A', 3, 2);
insert into notes_details values ('2010-2011', 'SEM-5', 'Tanguy Martinez', 'LCI-1', 11.32, 1.0, 'A', 0, 1);
insert into notes_details values ('2010-2011', 'SEM-5', 'Tanguy Martinez', 'LCI-1', 11.32, 2.67, 'A', 3, 2);
insert into notes_details values ('2010-2011', 'SEM-5', 'Tanguy Martinez', 'MAT-1', 11.32, 1.0, 'A', 0, 1);
insert into notes_details values ('2010-2011', 'SEM-5', 'Tanguy Martinez', 'MAT-1', 11.32, 3.0, 'A', 3, 2);
insert into notes_details values ('2010-2011', 'SEM-5', 'Tanguy Martinez', 'MGP-1', 11.32, 3.33, 'A', 4, 1);
insert into notes_details values ('2010-2011', 'SEM-5', 'Tanguy Martinez', 'PHO-1', 11.32, 1.33, 'A', 0, 1);
insert into notes_details values ('2010-2011', 'SEM-5', 'Tanguy Martinez', 'PHO-1', 11.32, 2.67, 'A', 3, 2);
insert into notes_details values ('2010-2011', 'SEM-5', 'Tanguy Martinez', 'PHQ-1', 11.32, 3.67, 'A', 3, 1);
insert into notes_details values ('2010-2011', 'SEM-5', 'Tanguy Martinez', 'SPM-1', 11.32, 2.0, 'A', 0, 1);
insert into notes_details values ('2010-2011', 'SEM-5', 'Tanguy Martinez', 'SPM-1', 11.32, 3.67, 'A', 3, 2);
insert into notes_details values ('2010-2011', 'SEM-6', 'Tanguy Martinez', 'DPP-2', 11.32, 1.33, 'A', 0, 1);
insert into notes_details values ('2010-2011', 'SEM-6', 'Tanguy Martinez', 'DPP-2', 11.32, 2.67, 'A', 1, 2);
insert into notes_details values ('2010-2011', 'SEM-6', 'Tanguy Martinez', 'EAO-2', 11.32, 3.0, 'A', 3, 1);
insert into notes_details values ('2010-2011', 'SEM-6', 'Tanguy Martinez', 'ECO-2', 11.32, 2.0, 'A', 0, 1);
insert into notes_details values ('2010-2011', 'SEM-6', 'Tanguy Martinez', 'ECO-2', 11.32, 4.0, 'A', 3, 2);
insert into notes_details values ('2010-2011', 'SEM-6', 'Tanguy Martinez', 'LCI-2', 11.32, 2.0, 'A', 0, 1);
insert into notes_details values ('2010-2011', 'SEM-6', 'Tanguy Martinez', 'LCI-2', 11.32, 3.33, 'A', 3, 2);
insert into notes_details values ('2010-2011', 'SEM-6', 'Tanguy Martinez', 'MAT-2', 11.32, 2.0, 'A', 0, 1);
insert into notes_details values ('2010-2011', 'SEM-6', 'Tanguy Martinez', 'MAT-2', 11.32, 2.0, 'A', 2, 99);
insert into notes_details values ('2010-2011', 'SEM-6', 'Tanguy Martinez', 'MCO-2', 11.32, 1.0, 'A', 0, 1);
insert into notes_details values ('2010-2011', 'SEM-6', 'Tanguy Martinez', 'MCO-2', 11.32, 4.0, 'A', 2, 2);
insert into notes_details values ('2010-2011', 'SEM-6', 'Tanguy Martinez', 'MGP-2', 11.32, 1.33, 'A', 0, 1);
insert into notes_details values ('2010-2011', 'SEM-6', 'Tanguy Martinez', 'MGP-2', 11.32, 2.67, 'A', 4, 2);
insert into notes_details values ('2010-2011', 'SEM-6', 'Tanguy Martinez', 'PHS-2', 11.32, 2.33, 'A', 0, 1);
insert into notes_details values ('2010-2011', 'SEM-6', 'Tanguy Martinez', 'PHS-2', 11.32, 1.67, 'A', 2, 99);
insert into notes_details values ('2010-2011', 'SEM-6', 'Tanguy Martinez', 'PJT-2', 11.32, 1.33, 'A', 0, 1);
insert into notes_details values ('2010-2011', 'SEM-6', 'Tanguy Martinez', 'PJT-2', 11.32, 3.67, 'A', 1, 2);
insert into notes_details values ('2010-2011', 'SEM-6', 'Tanguy Martinez', 'RMS-2', 11.32, 2.0, 'A', 0, 1);
insert into notes_details values ('2010-2011', 'SEM-6', 'Tanguy Martinez', 'RMS-2', 11.32, 4.0, 'A', 4, 2);
insert into notes_details values ('2010-2011', 'SEM-6', 'Tanguy Martinez', 'STG-2', 11.32, 3.33, 'A', 2, 1);
insert into notes_details values ('2010-2011', 'SEM-6', 'Tanguy Martinez', 'THS-2', 11.32, 2.67, 'A', 3, 1);
insert into notes_details values ('2011-2012', 'SEM-7', 'Tanguy Martinez', 'ASL-3', 11.32, 2.33, 'A', 0, 1);
insert into notes_details values ('2011-2012', 'SEM-7', 'Tanguy Martinez', 'ASL-3', 11.32, 2.67, 'A', 2, 2);
insert into notes_details values ('2011-2012', 'SEM-7', 'Tanguy Martinez', 'DPP-3', 11.32, 3.33, 'A', 2, 1);
insert into notes_details values ('2011-2012', 'SEM-7', 'Tanguy Martinez', 'EAO-31', 11.32, 2.33, 'A', 0, 1);
insert into notes_details values ('2011-2012', 'SEM-7', 'Tanguy Martinez', 'EAO-31', 11.32, 4.0, 'A', 2, 2);
insert into notes_details values ('2011-2012', 'SEM-7', 'Tanguy Martinez', 'EAO-32', 11.32, 1.33, 'A', 0, 1);
insert into notes_details values ('2011-2012', 'SEM-7', 'Tanguy Martinez', 'EAO-32', 11.32, 1.0, 'A', 2, 99);
insert into notes_details values ('2011-2012', 'SEM-7', 'Tanguy Martinez', 'EAO-33', 11.32, 1.0, 'A', 0, 1);
insert into notes_details values ('2011-2012', 'SEM-7', 'Tanguy Martinez', 'EAO-33', 11.32, 3.0, 'A', 2, 2);
insert into notes_details values ('2011-2012', 'SEM-7', 'Tanguy Martinez', 'EAO-34', 11.32, 1.67, 'A', 0, 1);
insert into notes_details values ('2011-2012', 'SEM-7', 'Tanguy Martinez', 'EAO-34', 11.32, 2.0, 'A', 0, 2);
insert into contentieux values ('2011-2012', 'SEM-7', 'Tanguy Martinez', 'EAO-34');
insert into notes_details values ('2011-2012', 'SEM-7', 'Tanguy Martinez', 'EAO-35', 11.32, 3.33, 'A', 2, 1);
insert into notes_details values ('2011-2012', 'SEM-7', 'Tanguy Martinez', 'LCI-3', 11.32, 2.33, 'A', 0, 1);
insert into notes_details values ('2011-2012', 'SEM-7', 'Tanguy Martinez', 'LCI-3', 11.32, 3.0, 'A', 3, 2);
insert into notes_details values ('2011-2012', 'SEM-7', 'Tanguy Martinez', 'MAT-3', 11.32, 1.67, 'A', 0, 1);
insert into notes_details values ('2011-2012', 'SEM-7', 'Tanguy Martinez', 'MAT-3', 11.32, 2.33, 'A', 0, 2);
insert into contentieux values ('2011-2012', 'SEM-7', 'Tanguy Martinez', 'MAT-3');
insert into notes_details values ('2011-2012', 'SEM-7', 'Tanguy Martinez', 'MNG-3', 11.32, 1.0, 'A', 0, 1);
insert into notes_details values ('2011-2012', 'SEM-7', 'Tanguy Martinez', 'MNG-3', 11.32, 3.33, 'A', 3, 2);
insert into notes_details values ('2011-2012', 'SEM-7', 'Tanguy Martinez', 'PJT-3', 11.32, 2.33, 'A', 0, 1);
insert into notes_details values ('2011-2012', 'SEM-7', 'Tanguy Martinez', 'PJT-3', 11.32, 1.33, 'A', 0, 2);
insert into contentieux values ('2011-2012', 'SEM-7', 'Tanguy Martinez', 'PJT-3');
insert into notes_details values ('2011-2012', 'SEM-7', 'Tanguy Martinez', 'STD-3', 11.32, 4.0, 'A', 2, 1);
insert into gpa values ('2010-2011', 'SEM-5', 'Tanguy Martinez', 2.95);
insert into gpa values ('2010-2011', 'SEM-6', 'Tanguy Martinez', 3.31);
insert into gpa values ('2011-2012', 'SEM-7', 'Tanguy Martinez', 3.99);
insert into eleves values ('Cinderalla Prevost', 1, 'S', 'Tres bien', 'Credits', null, 'cprevost');
insert into notes_details values ('2011-2012', 'SEM-5', 'Cinderalla Prevost', 'ALG-1', 11.32, 4.0, 'A', 3, 1);
insert into notes_details values ('2011-2012', 'SEM-5', 'Cinderalla Prevost', 'DPP-1', 11.32, 1.0, 'A', 0, 1);
insert into notes_details values ('2011-2012', 'SEM-5', 'Cinderalla Prevost', 'DPP-1', 11.32, 2.67, 'A', 2, 2);
insert into notes_details values ('2011-2012', 'SEM-5', 'Cinderalla Prevost', 'ELE-1', 11.32, 1.0, 'A', 0, 1);
insert into notes_details values ('2011-2012', 'SEM-5', 'Cinderalla Prevost', 'ELE-1', 11.32, 1.0, 'A', 3, 99);
insert into notes_details values ('2011-2012', 'SEM-5', 'Cinderalla Prevost', 'INP-1', 11.32, 1.33, 'A', 0, 1);
insert into notes_details values ('2011-2012', 'SEM-5', 'Cinderalla Prevost', 'INP-1', 11.32, 1.0, 'A', 3, 99);
insert into notes_details values ('2011-2012', 'SEM-5', 'Cinderalla Prevost', 'LCI-1', 11.32, 4.0, 'A', 3, 1);
insert into notes_details values ('2011-2012', 'SEM-5', 'Cinderalla Prevost', 'MAT-1', 11.32, 1.0, 'A', 0, 1);
insert into notes_details values ('2011-2012', 'SEM-5', 'Cinderalla Prevost', 'MAT-1', 11.32, 4.0, 'A', 3, 2);
insert into notes_details values ('2011-2012', 'SEM-5', 'Cinderalla Prevost', 'MGP-1', 11.32, 4.0, 'A', 4, 1);
insert into notes_details values ('2011-2012', 'SEM-5', 'Cinderalla Prevost', 'PHO-1', 11.32, 1.0, 'A', 0, 1);
insert into notes_details values ('2011-2012', 'SEM-5', 'Cinderalla Prevost', 'PHO-1', 11.32, 2.67, 'A', 3, 2);
insert into notes_details values ('2011-2012', 'SEM-5', 'Cinderalla Prevost', 'PHQ-1', 11.32, 3.33, 'A', 3, 1);
insert into notes_details values ('2011-2012', 'SEM-5', 'Cinderalla Prevost', 'SPM-1', 11.32, 1.0, 'A', 0, 1);
insert into notes_details values ('2011-2012', 'SEM-5', 'Cinderalla Prevost', 'SPM-1', 11.32, 3.0, 'A', 3, 2);
insert into notes_details values ('2011-2012', 'SEM-6', 'Cinderalla Prevost', 'DPP-2', 11.32, 4.0, 'A', 1, 1);
insert into notes_details values ('2011-2012', 'SEM-6', 'Cinderalla Prevost', 'EAO-2', 11.32, 4.0, 'A', 3, 1);
insert into notes_details values ('2011-2012', 'SEM-6', 'Cinderalla Prevost', 'ECO-2', 11.32, 1.67, 'A', 0, 1);
insert into notes_details values ('2011-2012', 'SEM-6', 'Cinderalla Prevost', 'ECO-2', 11.32, 2.33, 'A', 3, 99);
insert into notes_details values ('2011-2012', 'SEM-6', 'Cinderalla Prevost', 'LCI-2', 11.32, 4.0, 'A', 3, 1);
insert into notes_details values ('2011-2012', 'SEM-6', 'Cinderalla Prevost', 'MAT-2', 11.32, 3.67, 'A', 2, 1);
insert into notes_details values ('2011-2012', 'SEM-6', 'Cinderalla Prevost', 'MCO-2', 11.32, 2.0, 'A', 0, 1);
insert into notes_details values ('2011-2012', 'SEM-6', 'Cinderalla Prevost', 'MCO-2', 11.32, 3.67, 'A', 2, 2);
insert into notes_details values ('2011-2012', 'SEM-6', 'Cinderalla Prevost', 'MGP-2', 11.32, 1.33, 'A', 0, 1);
insert into notes_details values ('2011-2012', 'SEM-6', 'Cinderalla Prevost', 'MGP-2', 11.32, 4.0, 'A', 4, 2);
insert into notes_details values ('2011-2012', 'SEM-6', 'Cinderalla Prevost', 'PHS-2', 11.32, 3.33, 'A', 2, 1);
insert into notes_details values ('2011-2012', 'SEM-6', 'Cinderalla Prevost', 'PJT-2', 11.32, 1.33, 'A', 0, 1);
insert into notes_details values ('2011-2012', 'SEM-6', 'Cinderalla Prevost', 'PJT-2', 11.32, 3.0, 'A', 1, 2);
insert into notes_details values ('2011-2012', 'SEM-6', 'Cinderalla Prevost', 'RMS-2', 11.32, 1.67, 'A', 0, 1);
insert into notes_details values ('2011-2012', 'SEM-6', 'Cinderalla Prevost', 'RMS-2', 11.32, 4.0, 'A', 4, 2);
insert into notes_details values ('2011-2012', 'SEM-6', 'Cinderalla Prevost', 'STG-2', 11.32, 4.0, 'A', 2, 1);
insert into notes_details values ('2011-2012', 'SEM-6', 'Cinderalla Prevost', 'THS-2', 11.32, 3.0, 'A', 3, 1);
insert into notes_details values ('2012-2013', 'SEM-7', 'Cinderalla Prevost', 'ASL-3', 11.32, 1.33, 'A', 0, 1);
insert into notes_details values ('2012-2013', 'SEM-7', 'Cinderalla Prevost', 'ASL-3', 11.32, 1.33, 'A', 0, 2);
insert into contentieux values ('2012-2013', 'SEM-7', 'Cinderalla Prevost', 'ASL-3');
insert into notes_details values ('2012-2013', 'SEM-7', 'Cinderalla Prevost', 'DPP-3', 11.32, 2.33, 'A', 0, 1);
insert into notes_details values ('2012-2013', 'SEM-7', 'Cinderalla Prevost', 'DPP-3', 11.32, 4.0, 'A', 2, 2);
insert into notes_details values ('2012-2013', 'SEM-7', 'Cinderalla Prevost', 'EAO-31', 11.32, 2.67, 'A', 2, 1);
insert into notes_details values ('2012-2013', 'SEM-7', 'Cinderalla Prevost', 'EAO-32', 11.32, 2.0, 'A', 0, 1);
insert into notes_details values ('2012-2013', 'SEM-7', 'Cinderalla Prevost', 'EAO-32', 11.32, 1.33, 'A', 0, 2);
insert into contentieux values ('2012-2013', 'SEM-7', 'Cinderalla Prevost', 'EAO-32');
insert into notes_details values ('2012-2013', 'SEM-7', 'Cinderalla Prevost', 'EAO-33', 11.32, 3.67, 'A', 2, 1);
insert into notes_details values ('2012-2013', 'SEM-7', 'Cinderalla Prevost', 'EAO-34', 11.32, 1.67, 'A', 0, 1);
insert into notes_details values ('2012-2013', 'SEM-7', 'Cinderalla Prevost', 'EAO-34', 11.32, 1.33, 'A', 0, 2);
insert into contentieux values ('2012-2013', 'SEM-7', 'Cinderalla Prevost', 'EAO-34');
insert into notes_details values ('2012-2013', 'SEM-7', 'Cinderalla Prevost', 'EAO-35', 11.32, 1.0, 'A', 0, 1);
insert into notes_details values ('2012-2013', 'SEM-7', 'Cinderalla Prevost', 'EAO-35', 11.32, 3.33, 'A', 2, 2);
insert into notes_details values ('2012-2013', 'SEM-7', 'Cinderalla Prevost', 'LCI-3', 11.32, 1.0, 'A', 0, 1);
insert into notes_details values ('2012-2013', 'SEM-7', 'Cinderalla Prevost', 'LCI-3', 11.32, 1.67, 'A', 0, 2);
insert into contentieux values ('2012-2013', 'SEM-7', 'Cinderalla Prevost', 'LCI-3');
insert into notes_details values ('2012-2013', 'SEM-7', 'Cinderalla Prevost', 'MAT-3', 11.32, 3.33, 'A', 3, 1);
insert into notes_details values ('2012-2013', 'SEM-7', 'Cinderalla Prevost', 'MNG-3', 11.32, 2.33, 'A', 0, 1);
insert into notes_details values ('2012-2013', 'SEM-7', 'Cinderalla Prevost', 'MNG-3', 11.32, 1.33, 'A', 0, 2);
insert into contentieux values ('2012-2013', 'SEM-7', 'Cinderalla Prevost', 'MNG-3');
insert into notes_details values ('2012-2013', 'SEM-7', 'Cinderalla Prevost', 'PJT-3', 11.32, 4.0, 'A', 5, 1);
insert into notes_details values ('2012-2013', 'SEM-7', 'Cinderalla Prevost', 'STD-3', 11.32, 1.67, 'A', 0, 1);
insert into notes_details values ('2012-2013', 'SEM-7', 'Cinderalla Prevost', 'STD-3', 11.32, 3.33, 'A', 2, 2);
insert into gpa values ('2011-2012', 'SEM-5', 'Cinderalla Prevost', 2.45);
insert into gpa values ('2011-2012', 'SEM-6', 'Cinderalla Prevost', 2.01);
insert into gpa values ('2012-2013', 'SEM-7', 'Cinderalla Prevost', 3.89);
insert into eleves values ('Odelie Donat', 1, 'S', 'Tres bien', 'MP', null, 'odonat');
insert into notes_details values ('2010-2011', 'SEM-5', 'Odelie Donat', 'ALG-1', 11.32, 3.67, 'A', 3, 1);
insert into notes_details values ('2010-2011', 'SEM-5', 'Odelie Donat', 'DPP-1', 11.32, 3.0, 'A', 2, 1);
insert into notes_details values ('2010-2011', 'SEM-5', 'Odelie Donat', 'ELE-1', 11.32, 1.0, 'A', 0, 1);
insert into notes_details values ('2010-2011', 'SEM-5', 'Odelie Donat', 'ELE-1', 11.32, 2.0, 'A', 3, 99);
insert into notes_details values ('2010-2011', 'SEM-5', 'Odelie Donat', 'INP-1', 11.32, 4.0, 'A', 3, 1);
insert into notes_details values ('2010-2011', 'SEM-5', 'Odelie Donat', 'LCI-1', 11.32, 3.67, 'A', 3, 1);
insert into notes_details values ('2010-2011', 'SEM-5', 'Odelie Donat', 'MAT-1', 11.32, 1.0, 'A', 0, 1);
insert into notes_details values ('2010-2011', 'SEM-5', 'Odelie Donat', 'MAT-1', 11.32, 3.67, 'A', 3, 2);
insert into notes_details values ('2010-2011', 'SEM-5', 'Odelie Donat', 'MGP-1', 11.32, 3.33, 'A', 4, 1);
insert into notes_details values ('2010-2011', 'SEM-5', 'Odelie Donat', 'PHO-1', 11.32, 1.67, 'A', 0, 1);
insert into notes_details values ('2010-2011', 'SEM-5', 'Odelie Donat', 'PHO-1', 11.32, 3.33, 'A', 3, 2);
insert into notes_details values ('2010-2011', 'SEM-5', 'Odelie Donat', 'PHQ-1', 11.32, 2.67, 'A', 3, 1);
insert into notes_details values ('2010-2011', 'SEM-5', 'Odelie Donat', 'SPM-1', 11.32, 4.0, 'A', 3, 1);
insert into notes_details values ('2010-2011', 'SEM-6', 'Odelie Donat', 'DPP-2', 11.32, 4.0, 'A', 1, 1);
insert into notes_details values ('2010-2011', 'SEM-6', 'Odelie Donat', 'EAO-2', 11.32, 2.67, 'A', 3, 1);
insert into notes_details values ('2010-2011', 'SEM-6', 'Odelie Donat', 'ECO-2', 11.32, 1.33, 'A', 0, 1);
insert into notes_details values ('2010-2011', 'SEM-6', 'Odelie Donat', 'ECO-2', 11.32, 3.67, 'A', 3, 2);
insert into notes_details values ('2010-2011', 'SEM-6', 'Odelie Donat', 'LCI-2', 11.32, 2.0, 'A', 0, 1);
insert into notes_details values ('2010-2011', 'SEM-6', 'Odelie Donat', 'LCI-2', 11.32, 3.0, 'A', 3, 2);
insert into notes_details values ('2010-2011', 'SEM-6', 'Odelie Donat', 'MAT-2', 11.32, 3.33, 'A', 2, 1);
insert into notes_details values ('2010-2011', 'SEM-6', 'Odelie Donat', 'MCO-2', 11.32, 1.0, 'A', 0, 1);
insert into notes_details values ('2010-2011', 'SEM-6', 'Odelie Donat', 'MCO-2', 11.32, 3.67, 'A', 2, 2);
insert into notes_details values ('2010-2011', 'SEM-6', 'Odelie Donat', 'MGP-2', 11.32, 2.0, 'A', 0, 1);
insert into notes_details values ('2010-2011', 'SEM-6', 'Odelie Donat', 'MGP-2', 11.32, 3.33, 'A', 4, 2);
insert into notes_details values ('2010-2011', 'SEM-6', 'Odelie Donat', 'PHS-2', 11.32, 2.0, 'A', 0, 1);
insert into notes_details values ('2010-2011', 'SEM-6', 'Odelie Donat', 'PHS-2', 11.32, 3.0, 'A', 2, 2);
insert into notes_details values ('2010-2011', 'SEM-6', 'Odelie Donat', 'PJT-2', 11.32, 3.67, 'A', 1, 1);
insert into notes_details values ('2010-2011', 'SEM-6', 'Odelie Donat', 'RMS-2', 11.32, 1.0, 'A', 0, 1);
insert into notes_details values ('2010-2011', 'SEM-6', 'Odelie Donat', 'RMS-2', 11.32, 4.0, 'A', 4, 2);
insert into notes_details values ('2010-2011', 'SEM-6', 'Odelie Donat', 'STG-2', 11.32, 3.33, 'A', 2, 1);
insert into notes_details values ('2010-2011', 'SEM-6', 'Odelie Donat', 'THS-2', 11.32, 2.33, 'A', 0, 1);
insert into notes_details values ('2010-2011', 'SEM-6', 'Odelie Donat', 'THS-2', 11.32, 3.67, 'A', 3, 2);
insert into notes_details values ('2011-2012', 'SEM-7', 'Odelie Donat', 'ASL-3', 11.32, 1.67, 'A', 0, 1);
insert into notes_details values ('2011-2012', 'SEM-7', 'Odelie Donat', 'ASL-3', 11.32, 3.67, 'A', 2, 2);
insert into notes_details values ('2011-2012', 'SEM-7', 'Odelie Donat', 'DPP-3', 11.32, 2.0, 'A', 0, 1);
insert into notes_details values ('2011-2012', 'SEM-7', 'Odelie Donat', 'DPP-3', 11.32, 1.0, 'A', 0, 2);
insert into contentieux values ('2011-2012', 'SEM-7', 'Odelie Donat', 'DPP-3');
insert into notes_details values ('2011-2012', 'SEM-7', 'Odelie Donat', 'EAO-31', 11.32, 1.67, 'A', 0, 1);
insert into notes_details values ('2011-2012', 'SEM-7', 'Odelie Donat', 'EAO-31', 11.32, 1.67, 'A', 0, 2);
insert into contentieux values ('2011-2012', 'SEM-7', 'Odelie Donat', 'EAO-31');
insert into notes_details values ('2011-2012', 'SEM-7', 'Odelie Donat', 'EAO-32', 11.32, 1.33, 'A', 0, 1);
insert into notes_details values ('2011-2012', 'SEM-7', 'Odelie Donat', 'EAO-32', 11.32, 3.67, 'A', 2, 2);
insert into notes_details values ('2011-2012', 'SEM-7', 'Odelie Donat', 'EAO-33', 11.32, 2.67, 'A', 2, 1);
insert into notes_details values ('2011-2012', 'SEM-7', 'Odelie Donat', 'EAO-34', 11.32, 2.0, 'A', 0, 1);
insert into notes_details values ('2011-2012', 'SEM-7', 'Odelie Donat', 'EAO-34', 11.32, 2.0, 'A', 0, 2);
insert into contentieux values ('2011-2012', 'SEM-7', 'Odelie Donat', 'EAO-34');
insert into notes_details values ('2011-2012', 'SEM-7', 'Odelie Donat', 'EAO-35', 11.32, 4.0, 'A', 2, 1);
insert into notes_details values ('2011-2012', 'SEM-7', 'Odelie Donat', 'LCI-3', 11.32, 3.67, 'A', 3, 1);
insert into notes_details values ('2011-2012', 'SEM-7', 'Odelie Donat', 'MAT-3', 11.32, 1.67, 'A', 0, 1);
insert into notes_details values ('2011-2012', 'SEM-7', 'Odelie Donat', 'MAT-3', 11.32, 3.33, 'A', 3, 2);
insert into notes_details values ('2011-2012', 'SEM-7', 'Odelie Donat', 'MNG-3', 11.32, 1.33, 'A', 0, 1);
insert into notes_details values ('2011-2012', 'SEM-7', 'Odelie Donat', 'MNG-3', 11.32, 4.0, 'A', 3, 2);
insert into notes_details values ('2011-2012', 'SEM-7', 'Odelie Donat', 'PJT-3', 11.32, 2.0, 'A', 0, 1);
insert into notes_details values ('2011-2012', 'SEM-7', 'Odelie Donat', 'PJT-3', 11.32, 1.67, 'A', 0, 2);
insert into contentieux values ('2011-2012', 'SEM-7', 'Odelie Donat', 'PJT-3');
insert into notes_details values ('2011-2012', 'SEM-7', 'Odelie Donat', 'STD-3', 11.32, 1.67, 'A', 0, 1);
insert into notes_details values ('2011-2012', 'SEM-7', 'Odelie Donat', 'STD-3', 11.32, 2.0, 'A', 0, 2);
insert into contentieux values ('2011-2012', 'SEM-7', 'Odelie Donat', 'STD-3');
insert into gpa values ('2010-2011', 'SEM-5', 'Odelie Donat', 3.44);
insert into gpa values ('2010-2011', 'SEM-6', 'Odelie Donat', 2.89);
insert into gpa values ('2011-2012', 'SEM-7', 'Odelie Donat', 3.52);
insert into eleves values ('Tara Tessier', 1, 'S', 'Tres bien', 'MP', null, 'ttessier');
insert into notes_details values ('2011-2012', 'SEM-5', 'Tara Tessier', 'ALG-1', 11.32, 3.33, 'A', 3, 1);
insert into notes_details values ('2011-2012', 'SEM-5', 'Tara Tessier', 'DPP-1', 11.32, 1.0, 'A', 0, 1);
insert into notes_details values ('2011-2012', 'SEM-5', 'Tara Tessier', 'DPP-1', 11.32, 3.33, 'A', 2, 2);
insert into notes_details values ('2011-2012', 'SEM-5', 'Tara Tessier', 'ELE-1', 11.32, 2.67, 'A', 3, 1);
insert into notes_details values ('2011-2012', 'SEM-5', 'Tara Tessier', 'INP-1', 11.32, 1.67, 'A', 0, 1);
insert into notes_details values ('2011-2012', 'SEM-5', 'Tara Tessier', 'INP-1', 11.32, 4.0, 'A', 3, 2);
insert into notes_details values ('2011-2012', 'SEM-5', 'Tara Tessier', 'LCI-1', 11.32, 1.33, 'A', 0, 1);
insert into notes_details values ('2011-2012', 'SEM-5', 'Tara Tessier', 'LCI-1', 11.32, 3.33, 'A', 3, 2);
insert into notes_details values ('2011-2012', 'SEM-5', 'Tara Tessier', 'MAT-1', 11.32, 1.33, 'A', 0, 1);
insert into notes_details values ('2011-2012', 'SEM-5', 'Tara Tessier', 'MAT-1', 11.32, 3.67, 'A', 3, 2);
insert into notes_details values ('2011-2012', 'SEM-5', 'Tara Tessier', 'MGP-1', 11.32, 3.67, 'A', 4, 1);
insert into notes_details values ('2011-2012', 'SEM-5', 'Tara Tessier', 'PHO-1', 11.32, 2.0, 'A', 0, 1);
insert into notes_details values ('2011-2012', 'SEM-5', 'Tara Tessier', 'PHO-1', 11.32, 3.0, 'A', 3, 2);
insert into notes_details values ('2011-2012', 'SEM-5', 'Tara Tessier', 'PHQ-1', 11.32, 2.33, 'A', 0, 1);
insert into notes_details values ('2011-2012', 'SEM-5', 'Tara Tessier', 'PHQ-1', 11.32, 4.0, 'A', 3, 2);
insert into notes_details values ('2011-2012', 'SEM-5', 'Tara Tessier', 'SPM-1', 11.32, 2.0, 'A', 0, 1);
insert into notes_details values ('2011-2012', 'SEM-5', 'Tara Tessier', 'SPM-1', 11.32, 4.0, 'A', 3, 2);
insert into notes_details values ('2011-2012', 'SEM-6', 'Tara Tessier', 'DPP-2', 11.32, 1.67, 'A', 0, 1);
insert into notes_details values ('2011-2012', 'SEM-6', 'Tara Tessier', 'DPP-2', 11.32, 4.0, 'A', 1, 2);
insert into notes_details values ('2011-2012', 'SEM-6', 'Tara Tessier', 'EAO-2', 11.32, 1.33, 'A', 0, 1);
insert into notes_details values ('2011-2012', 'SEM-6', 'Tara Tessier', 'EAO-2', 11.32, 1.67, 'A', 3, 99);
insert into notes_details values ('2011-2012', 'SEM-6', 'Tara Tessier', 'ECO-2', 11.32, 1.67, 'A', 0, 1);
insert into notes_details values ('2011-2012', 'SEM-6', 'Tara Tessier', 'ECO-2', 11.32, 2.67, 'A', 3, 2);
insert into notes_details values ('2011-2012', 'SEM-6', 'Tara Tessier', 'LCI-2', 11.32, 1.0, 'A', 0, 1);
insert into notes_details values ('2011-2012', 'SEM-6', 'Tara Tessier', 'LCI-2', 11.32, 3.67, 'A', 3, 2);
insert into notes_details values ('2011-2012', 'SEM-6', 'Tara Tessier', 'MAT-2', 11.32, 2.33, 'A', 0, 1);
insert into notes_details values ('2011-2012', 'SEM-6', 'Tara Tessier', 'MAT-2', 11.32, 2.0, 'A', 2, 99);
insert into notes_details values ('2011-2012', 'SEM-6', 'Tara Tessier', 'MCO-2', 11.32, 2.0, 'A', 0, 1);
insert into notes_details values ('2011-2012', 'SEM-6', 'Tara Tessier', 'MCO-2', 11.32, 2.67, 'A', 2, 2);
insert into notes_details values ('2011-2012', 'SEM-6', 'Tara Tessier', 'MGP-2', 11.32, 3.0, 'A', 4, 1);
insert into notes_details values ('2011-2012', 'SEM-6', 'Tara Tessier', 'PHS-2', 11.32, 4.0, 'A', 2, 1);
insert into notes_details values ('2011-2012', 'SEM-6', 'Tara Tessier', 'PJT-2', 11.32, 1.0, 'A', 0, 1);
insert into notes_details values ('2011-2012', 'SEM-6', 'Tara Tessier', 'PJT-2', 11.32, 3.0, 'A', 1, 2);
insert into notes_details values ('2011-2012', 'SEM-6', 'Tara Tessier', 'RMS-2', 11.32, 4.0, 'A', 4, 1);
insert into notes_details values ('2011-2012', 'SEM-6', 'Tara Tessier', 'STG-2', 11.32, 4.0, 'A', 2, 1);
insert into notes_details values ('2011-2012', 'SEM-6', 'Tara Tessier', 'THS-2', 11.32, 2.0, 'A', 0, 1);
insert into notes_details values ('2011-2012', 'SEM-6', 'Tara Tessier', 'THS-2', 11.32, 4.0, 'A', 3, 2);
insert into notes_details values ('2012-2013', 'SEM-7', 'Tara Tessier', 'ASL-3', 11.32, 2.0, 'A', 0, 1);
insert into notes_details values ('2012-2013', 'SEM-7', 'Tara Tessier', 'ASL-3', 11.32, 2.33, 'A', 0, 2);
insert into contentieux values ('2012-2013', 'SEM-7', 'Tara Tessier', 'ASL-3');
insert into notes_details values ('2012-2013', 'SEM-7', 'Tara Tessier', 'DPP-3', 11.32, 2.0, 'A', 0, 1);
insert into notes_details values ('2012-2013', 'SEM-7', 'Tara Tessier', 'DPP-3', 11.32, 4.0, 'A', 2, 2);
insert into notes_details values ('2012-2013', 'SEM-7', 'Tara Tessier', 'EAO-31', 11.32, 1.33, 'A', 0, 1);
insert into notes_details values ('2012-2013', 'SEM-7', 'Tara Tessier', 'EAO-31', 11.32, 1.0, 'A', 0, 2);
insert into contentieux values ('2012-2013', 'SEM-7', 'Tara Tessier', 'EAO-31');
insert into notes_details values ('2012-2013', 'SEM-7', 'Tara Tessier', 'EAO-32', 11.32, 2.0, 'A', 0, 1);
insert into notes_details values ('2012-2013', 'SEM-7', 'Tara Tessier', 'EAO-32', 11.32, 1.0, 'A', 0, 2);
insert into contentieux values ('2012-2013', 'SEM-7', 'Tara Tessier', 'EAO-32');
insert into notes_details values ('2012-2013', 'SEM-7', 'Tara Tessier', 'EAO-33', 11.32, 1.33, 'A', 0, 1);
insert into notes_details values ('2012-2013', 'SEM-7', 'Tara Tessier', 'EAO-33', 11.32, 2.33, 'A', 0, 2);
insert into contentieux values ('2012-2013', 'SEM-7', 'Tara Tessier', 'EAO-33');
insert into notes_details values ('2012-2013', 'SEM-7', 'Tara Tessier', 'EAO-34', 11.32, 3.0, 'A', 2, 1);
insert into notes_details values ('2012-2013', 'SEM-7', 'Tara Tessier', 'EAO-35', 11.32, 1.67, 'A', 0, 1);
insert into notes_details values ('2012-2013', 'SEM-7', 'Tara Tessier', 'EAO-35', 11.32, 1.33, 'A', 0, 2);
insert into contentieux values ('2012-2013', 'SEM-7', 'Tara Tessier', 'EAO-35');
insert into notes_details values ('2012-2013', 'SEM-7', 'Tara Tessier', 'LCI-3', 11.32, 1.67, 'A', 0, 1);
insert into notes_details values ('2012-2013', 'SEM-7', 'Tara Tessier', 'LCI-3', 11.32, 1.33, 'A', 0, 2);
insert into contentieux values ('2012-2013', 'SEM-7', 'Tara Tessier', 'LCI-3');
insert into notes_details values ('2012-2013', 'SEM-7', 'Tara Tessier', 'MAT-3', 11.32, 1.67, 'A', 0, 1);
insert into notes_details values ('2012-2013', 'SEM-7', 'Tara Tessier', 'MAT-3', 11.32, 3.33, 'A', 3, 2);
insert into notes_details values ('2012-2013', 'SEM-7', 'Tara Tessier', 'MNG-3', 11.32, 4.0, 'A', 3, 1);
insert into notes_details values ('2012-2013', 'SEM-7', 'Tara Tessier', 'PJT-3', 11.32, 3.0, 'A', 5, 1);
insert into notes_details values ('2012-2013', 'SEM-7', 'Tara Tessier', 'STD-3', 11.32, 1.67, 'A', 0, 1);
insert into notes_details values ('2012-2013', 'SEM-7', 'Tara Tessier', 'STD-3', 11.32, 1.33, 'A', 0, 2);
insert into contentieux values ('2012-2013', 'SEM-7', 'Tara Tessier', 'STD-3');
insert into gpa values ('2011-2012', 'SEM-5', 'Tara Tessier', 3.18);
insert into gpa values ('2011-2012', 'SEM-6', 'Tara Tessier', 3.28);
insert into gpa values ('2012-2013', 'SEM-7', 'Tara Tessier', 2.58);
insert into eleves values ('Agathe Monnier', 1, 'S', 'Tres bien', 'Credits', null, 'amonnier');
insert into notes_details values ('2010-2011', 'SEM-5', 'Agathe Monnier', 'ALG-1', 11.32, 3.67, 'A', 3, 1);
insert into notes_details values ('2010-2011', 'SEM-5', 'Agathe Monnier', 'DPP-1', 11.32, 4.0, 'A', 2, 1);
insert into notes_details values ('2010-2011', 'SEM-5', 'Agathe Monnier', 'ELE-1', 11.32, 1.33, 'A', 0, 1);
insert into notes_details values ('2010-2011', 'SEM-5', 'Agathe Monnier', 'ELE-1', 11.32, 3.33, 'A', 3, 2);
insert into notes_details values ('2010-2011', 'SEM-5', 'Agathe Monnier', 'INP-1', 11.32, 3.0, 'A', 3, 1);
insert into notes_details values ('2010-2011', 'SEM-5', 'Agathe Monnier', 'LCI-1', 11.32, 2.0, 'A', 0, 1);
insert into notes_details values ('2010-2011', 'SEM-5', 'Agathe Monnier', 'LCI-1', 11.32, 3.0, 'A', 3, 2);
insert into notes_details values ('2010-2011', 'SEM-5', 'Agathe Monnier', 'MAT-1', 11.32, 2.33, 'A', 0, 1);
insert into notes_details values ('2010-2011', 'SEM-5', 'Agathe Monnier', 'MAT-1', 11.32, 3.0, 'A', 3, 2);
insert into notes_details values ('2010-2011', 'SEM-5', 'Agathe Monnier', 'MGP-1', 11.32, 3.33, 'A', 4, 1);
insert into notes_details values ('2010-2011', 'SEM-5', 'Agathe Monnier', 'PHO-1', 11.32, 2.0, 'A', 0, 1);
insert into notes_details values ('2010-2011', 'SEM-5', 'Agathe Monnier', 'PHO-1', 11.32, 3.67, 'A', 3, 2);
insert into notes_details values ('2010-2011', 'SEM-5', 'Agathe Monnier', 'PHQ-1', 11.32, 3.0, 'A', 3, 1);
insert into notes_details values ('2010-2011', 'SEM-5', 'Agathe Monnier', 'SPM-1', 11.32, 2.67, 'A', 3, 1);
insert into notes_details values ('2010-2011', 'SEM-6', 'Agathe Monnier', 'DPP-2', 11.32, 3.0, 'A', 1, 1);
insert into notes_details values ('2010-2011', 'SEM-6', 'Agathe Monnier', 'EAO-2', 11.32, 2.67, 'A', 3, 1);
insert into notes_details values ('2010-2011', 'SEM-6', 'Agathe Monnier', 'ECO-2', 11.32, 2.67, 'A', 3, 1);
insert into notes_details values ('2010-2011', 'SEM-6', 'Agathe Monnier', 'LCI-2', 11.32, 1.67, 'A', 0, 1);
insert into notes_details values ('2010-2011', 'SEM-6', 'Agathe Monnier', 'LCI-2', 11.32, 2.67, 'A', 3, 2);
insert into notes_details values ('2010-2011', 'SEM-6', 'Agathe Monnier', 'MAT-2', 11.32, 2.0, 'A', 0, 1);
insert into notes_details values ('2010-2011', 'SEM-6', 'Agathe Monnier', 'MAT-2', 11.32, 3.0, 'A', 2, 2);
insert into notes_details values ('2010-2011', 'SEM-6', 'Agathe Monnier', 'MCO-2', 11.32, 3.33, 'A', 2, 1);
insert into notes_details values ('2010-2011', 'SEM-6', 'Agathe Monnier', 'MGP-2', 11.32, 3.33, 'A', 4, 1);
insert into notes_details values ('2010-2011', 'SEM-6', 'Agathe Monnier', 'PHS-2', 11.32, 2.67, 'A', 2, 1);
insert into notes_details values ('2010-2011', 'SEM-6', 'Agathe Monnier', 'PJT-2', 11.32, 1.0, 'A', 0, 1);
insert into notes_details values ('2010-2011', 'SEM-6', 'Agathe Monnier', 'PJT-2', 11.32, 3.67, 'A', 1, 2);
insert into notes_details values ('2010-2011', 'SEM-6', 'Agathe Monnier', 'RMS-2', 11.32, 4.0, 'A', 4, 1);
insert into notes_details values ('2010-2011', 'SEM-6', 'Agathe Monnier', 'STG-2', 11.32, 2.67, 'A', 2, 1);
insert into notes_details values ('2010-2011', 'SEM-6', 'Agathe Monnier', 'THS-2', 11.32, 2.33, 'A', 0, 1);
insert into notes_details values ('2010-2011', 'SEM-6', 'Agathe Monnier', 'THS-2', 11.32, 2.67, 'A', 3, 2);
insert into notes_details values ('2011-2012', 'SEM-7', 'Agathe Monnier', 'ASL-3', 11.32, 3.67, 'A', 2, 1);
insert into notes_details values ('2011-2012', 'SEM-7', 'Agathe Monnier', 'DPP-3', 11.32, 4.0, 'A', 2, 1);
insert into notes_details values ('2011-2012', 'SEM-7', 'Agathe Monnier', 'EAO-31', 11.32, 2.33, 'A', 0, 1);
insert into notes_details values ('2011-2012', 'SEM-7', 'Agathe Monnier', 'EAO-31', 11.32, 3.0, 'A', 2, 2);
insert into notes_details values ('2011-2012', 'SEM-7', 'Agathe Monnier', 'EAO-32', 11.32, 3.0, 'A', 2, 1);
insert into notes_details values ('2011-2012', 'SEM-7', 'Agathe Monnier', 'EAO-33', 11.32, 2.67, 'A', 2, 1);
insert into notes_details values ('2011-2012', 'SEM-7', 'Agathe Monnier', 'EAO-34', 11.32, 1.33, 'A', 0, 1);
insert into notes_details values ('2011-2012', 'SEM-7', 'Agathe Monnier', 'EAO-34', 11.32, 2.0, 'A', 0, 2);
insert into contentieux values ('2011-2012', 'SEM-7', 'Agathe Monnier', 'EAO-34');
insert into notes_details values ('2011-2012', 'SEM-7', 'Agathe Monnier', 'EAO-35', 11.32, 2.67, 'A', 2, 1);
insert into notes_details values ('2011-2012', 'SEM-7', 'Agathe Monnier', 'LCI-3', 11.32, 3.33, 'A', 3, 1);
insert into notes_details values ('2011-2012', 'SEM-7', 'Agathe Monnier', 'MAT-3', 11.32, 2.67, 'A', 3, 1);
insert into notes_details values ('2011-2012', 'SEM-7', 'Agathe Monnier', 'MNG-3', 11.32, 1.33, 'A', 0, 1);
insert into notes_details values ('2011-2012', 'SEM-7', 'Agathe Monnier', 'MNG-3', 11.32, 3.33, 'A', 3, 2);
insert into notes_details values ('2011-2012', 'SEM-7', 'Agathe Monnier', 'PJT-3', 11.32, 1.33, 'A', 0, 1);
insert into notes_details values ('2011-2012', 'SEM-7', 'Agathe Monnier', 'PJT-3', 11.32, 4.0, 'A', 5, 2);
insert into notes_details values ('2011-2012', 'SEM-7', 'Agathe Monnier', 'STD-3', 11.32, 1.67, 'A', 0, 1);
insert into notes_details values ('2011-2012', 'SEM-7', 'Agathe Monnier', 'STD-3', 11.32, 2.33, 'A', 0, 2);
insert into contentieux values ('2011-2012', 'SEM-7', 'Agathe Monnier', 'STD-3');
insert into gpa values ('2010-2011', 'SEM-5', 'Agathe Monnier', 2.83);
insert into gpa values ('2010-2011', 'SEM-6', 'Agathe Monnier', 2.85);
insert into gpa values ('2011-2012', 'SEM-7', 'Agathe Monnier', 2.3);
insert into eleves values ('Damiane Rene', 1, 'S', 'Tres bien', 'MP', null, 'drene');
insert into notes_details values ('2011-2012', 'SEM-5', 'Damiane Rene', 'ALG-1', 11.32, 3.67, 'A', 3, 1);
insert into notes_details values ('2011-2012', 'SEM-5', 'Damiane Rene', 'DPP-1', 11.32, 4.0, 'A', 2, 1);
insert into notes_details values ('2011-2012', 'SEM-5', 'Damiane Rene', 'ELE-1', 11.32, 3.0, 'A', 3, 1);
insert into notes_details values ('2011-2012', 'SEM-5', 'Damiane Rene', 'INP-1', 11.32, 3.0, 'A', 3, 1);
insert into notes_details values ('2011-2012', 'SEM-5', 'Damiane Rene', 'LCI-1', 11.32, 4.0, 'A', 3, 1);
insert into notes_details values ('2011-2012', 'SEM-5', 'Damiane Rene', 'MAT-1', 11.32, 3.33, 'A', 3, 1);
insert into notes_details values ('2011-2012', 'SEM-5', 'Damiane Rene', 'MGP-1', 11.32, 2.67, 'A', 4, 1);
insert into notes_details values ('2011-2012', 'SEM-5', 'Damiane Rene', 'PHO-1', 11.32, 3.67, 'A', 3, 1);
insert into notes_details values ('2011-2012', 'SEM-5', 'Damiane Rene', 'PHQ-1', 11.32, 2.0, 'A', 0, 1);
insert into notes_details values ('2011-2012', 'SEM-5', 'Damiane Rene', 'PHQ-1', 11.32, 2.67, 'A', 3, 2);
insert into notes_details values ('2011-2012', 'SEM-5', 'Damiane Rene', 'SPM-1', 11.32, 3.67, 'A', 3, 1);
insert into notes_details values ('2011-2012', 'SEM-6', 'Damiane Rene', 'DPP-2', 11.32, 1.0, 'A', 0, 1);
insert into notes_details values ('2011-2012', 'SEM-6', 'Damiane Rene', 'DPP-2', 11.32, 3.0, 'A', 1, 2);
insert into notes_details values ('2011-2012', 'SEM-6', 'Damiane Rene', 'EAO-2', 11.32, 1.0, 'A', 0, 1);
insert into notes_details values ('2011-2012', 'SEM-6', 'Damiane Rene', 'EAO-2', 11.32, 4.0, 'A', 3, 2);
insert into notes_details values ('2011-2012', 'SEM-6', 'Damiane Rene', 'ECO-2', 11.32, 2.33, 'A', 0, 1);
insert into notes_details values ('2011-2012', 'SEM-6', 'Damiane Rene', 'ECO-2', 11.32, 3.0, 'A', 3, 2);
insert into notes_details values ('2011-2012', 'SEM-6', 'Damiane Rene', 'LCI-2', 11.32, 3.67, 'A', 3, 1);
insert into notes_details values ('2011-2012', 'SEM-6', 'Damiane Rene', 'MAT-2', 11.32, 1.33, 'A', 0, 1);
insert into notes_details values ('2011-2012', 'SEM-6', 'Damiane Rene', 'MAT-2', 11.32, 3.0, 'A', 2, 2);
insert into notes_details values ('2011-2012', 'SEM-6', 'Damiane Rene', 'MCO-2', 11.32, 1.0, 'A', 0, 1);
insert into notes_details values ('2011-2012', 'SEM-6', 'Damiane Rene', 'MCO-2', 11.32, 2.0, 'A', 2, 99);
insert into notes_details values ('2011-2012', 'SEM-6', 'Damiane Rene', 'MGP-2', 11.32, 1.0, 'A', 0, 1);
insert into notes_details values ('2011-2012', 'SEM-6', 'Damiane Rene', 'MGP-2', 11.32, 3.0, 'A', 4, 2);
insert into notes_details values ('2011-2012', 'SEM-6', 'Damiane Rene', 'PHS-2', 11.32, 2.67, 'A', 2, 1);
insert into notes_details values ('2011-2012', 'SEM-6', 'Damiane Rene', 'PJT-2', 11.32, 3.33, 'A', 1, 1);
insert into notes_details values ('2011-2012', 'SEM-6', 'Damiane Rene', 'RMS-2', 11.32, 3.67, 'A', 4, 1);
insert into notes_details values ('2011-2012', 'SEM-6', 'Damiane Rene', 'STG-2', 11.32, 2.33, 'A', 0, 1);
insert into notes_details values ('2011-2012', 'SEM-6', 'Damiane Rene', 'STG-2', 11.32, 2.67, 'A', 2, 2);
insert into notes_details values ('2011-2012', 'SEM-6', 'Damiane Rene', 'THS-2', 11.32, 3.67, 'A', 3, 1);
insert into notes_details values ('2012-2013', 'SEM-7', 'Damiane Rene', 'ASL-3', 11.32, 3.67, 'A', 2, 1);
insert into notes_details values ('2012-2013', 'SEM-7', 'Damiane Rene', 'DPP-3', 11.32, 2.0, 'A', 0, 1);
insert into notes_details values ('2012-2013', 'SEM-7', 'Damiane Rene', 'DPP-3', 11.32, 1.0, 'A', 0, 2);
insert into contentieux values ('2012-2013', 'SEM-7', 'Damiane Rene', 'DPP-3');
insert into notes_details values ('2012-2013', 'SEM-7', 'Damiane Rene', 'EAO-31', 11.32, 1.0, 'A', 0, 1);
insert into notes_details values ('2012-2013', 'SEM-7', 'Damiane Rene', 'EAO-31', 11.32, 3.33, 'A', 2, 2);
insert into notes_details values ('2012-2013', 'SEM-7', 'Damiane Rene', 'EAO-32', 11.32, 2.0, 'A', 0, 1);
insert into notes_details values ('2012-2013', 'SEM-7', 'Damiane Rene', 'EAO-32', 11.32, 2.67, 'A', 2, 2);
insert into notes_details values ('2012-2013', 'SEM-7', 'Damiane Rene', 'EAO-33', 11.32, 2.33, 'A', 0, 1);
insert into notes_details values ('2012-2013', 'SEM-7', 'Damiane Rene', 'EAO-33', 11.32, 1.33, 'A', 0, 2);
insert into contentieux values ('2012-2013', 'SEM-7', 'Damiane Rene', 'EAO-33');
insert into notes_details values ('2012-2013', 'SEM-7', 'Damiane Rene', 'EAO-34', 11.32, 3.0, 'A', 2, 1);
insert into notes_details values ('2012-2013', 'SEM-7', 'Damiane Rene', 'EAO-35', 11.32, 2.33, 'A', 0, 1);
insert into notes_details values ('2012-2013', 'SEM-7', 'Damiane Rene', 'EAO-35', 11.32, 3.33, 'A', 2, 2);
insert into notes_details values ('2012-2013', 'SEM-7', 'Damiane Rene', 'LCI-3', 11.32, 3.33, 'A', 3, 1);
insert into notes_details values ('2012-2013', 'SEM-7', 'Damiane Rene', 'MAT-3', 11.32, 2.67, 'A', 3, 1);
insert into notes_details values ('2012-2013', 'SEM-7', 'Damiane Rene', 'MNG-3', 11.32, 1.0, 'A', 0, 1);
insert into notes_details values ('2012-2013', 'SEM-7', 'Damiane Rene', 'MNG-3', 11.32, 1.0, 'A', 0, 2);
insert into contentieux values ('2012-2013', 'SEM-7', 'Damiane Rene', 'MNG-3');
insert into notes_details values ('2012-2013', 'SEM-7', 'Damiane Rene', 'PJT-3', 11.32, 1.67, 'A', 0, 1);
insert into notes_details values ('2012-2013', 'SEM-7', 'Damiane Rene', 'PJT-3', 11.32, 2.33, 'A', 0, 2);
insert into contentieux values ('2012-2013', 'SEM-7', 'Damiane Rene', 'PJT-3');
insert into notes_details values ('2012-2013', 'SEM-7', 'Damiane Rene', 'STD-3', 11.32, 3.33, 'A', 2, 1);
insert into gpa values ('2011-2012', 'SEM-5', 'Damiane Rene', 3.57);
insert into gpa values ('2011-2012', 'SEM-6', 'Damiane Rene', 3.55);
insert into gpa values ('2012-2013', 'SEM-7', 'Damiane Rene', 2.43);
insert into eleves values ('Angele Giguere', 1, 'S', 'Tres bien', 'MP', null, 'agiguere');
insert into notes_details values ('2010-2011', 'SEM-5', 'Angele Giguere', 'ALG-1', 11.32, 3.67, 'A', 3, 1);
insert into notes_details values ('2010-2011', 'SEM-5', 'Angele Giguere', 'DPP-1', 11.32, 3.33, 'A', 2, 1);
insert into notes_details values ('2010-2011', 'SEM-5', 'Angele Giguere', 'ELE-1', 11.32, 2.33, 'A', 0, 1);
insert into notes_details values ('2010-2011', 'SEM-5', 'Angele Giguere', 'ELE-1', 11.32, 3.33, 'A', 3, 2);
insert into notes_details values ('2010-2011', 'SEM-5', 'Angele Giguere', 'INP-1', 11.32, 1.33, 'A', 0, 1);
insert into notes_details values ('2010-2011', 'SEM-5', 'Angele Giguere', 'INP-1', 11.32, 2.67, 'A', 3, 2);
insert into notes_details values ('2010-2011', 'SEM-5', 'Angele Giguere', 'LCI-1', 11.32, 2.67, 'A', 3, 1);
insert into notes_details values ('2010-2011', 'SEM-5', 'Angele Giguere', 'MAT-1', 11.32, 3.33, 'A', 3, 1);
insert into notes_details values ('2010-2011', 'SEM-5', 'Angele Giguere', 'MGP-1', 11.32, 2.33, 'A', 0, 1);
insert into notes_details values ('2010-2011', 'SEM-5', 'Angele Giguere', 'MGP-1', 11.32, 4.0, 'A', 4, 2);
insert into notes_details values ('2010-2011', 'SEM-5', 'Angele Giguere', 'PHO-1', 11.32, 4.0, 'A', 3, 1);
insert into notes_details values ('2010-2011', 'SEM-5', 'Angele Giguere', 'PHQ-1', 11.32, 3.67, 'A', 3, 1);
insert into notes_details values ('2010-2011', 'SEM-5', 'Angele Giguere', 'SPM-1', 11.32, 4.0, 'A', 3, 1);
insert into notes_details values ('2010-2011', 'SEM-6', 'Angele Giguere', 'DPP-2', 11.32, 2.67, 'A', 1, 1);
insert into notes_details values ('2010-2011', 'SEM-6', 'Angele Giguere', 'EAO-2', 11.32, 2.33, 'A', 0, 1);
insert into notes_details values ('2010-2011', 'SEM-6', 'Angele Giguere', 'EAO-2', 11.32, 3.0, 'A', 3, 2);
insert into notes_details values ('2010-2011', 'SEM-6', 'Angele Giguere', 'ECO-2', 11.32, 1.67, 'A', 0, 1);
insert into notes_details values ('2010-2011', 'SEM-6', 'Angele Giguere', 'ECO-2', 11.32, 1.67, 'A', 3, 99);
insert into notes_details values ('2010-2011', 'SEM-6', 'Angele Giguere', 'LCI-2', 11.32, 2.33, 'A', 0, 1);
insert into notes_details values ('2010-2011', 'SEM-6', 'Angele Giguere', 'LCI-2', 11.32, 1.0, 'A', 3, 99);
insert into notes_details values ('2010-2011', 'SEM-6', 'Angele Giguere', 'MAT-2', 11.32, 2.0, 'A', 0, 1);
insert into notes_details values ('2010-2011', 'SEM-6', 'Angele Giguere', 'MAT-2', 11.32, 3.0, 'A', 2, 2);
insert into notes_details values ('2010-2011', 'SEM-6', 'Angele Giguere', 'MCO-2', 11.32, 1.33, 'A', 0, 1);
insert into notes_details values ('2010-2011', 'SEM-6', 'Angele Giguere', 'MCO-2', 11.32, 3.33, 'A', 2, 2);
insert into notes_details values ('2010-2011', 'SEM-6', 'Angele Giguere', 'MGP-2', 11.32, 2.67, 'A', 4, 1);
insert into notes_details values ('2010-2011', 'SEM-6', 'Angele Giguere', 'PHS-2', 11.32, 4.0, 'A', 2, 1);
insert into notes_details values ('2010-2011', 'SEM-6', 'Angele Giguere', 'PJT-2', 11.32, 3.67, 'A', 1, 1);
insert into notes_details values ('2010-2011', 'SEM-6', 'Angele Giguere', 'RMS-2', 11.32, 3.33, 'A', 4, 1);
insert into notes_details values ('2010-2011', 'SEM-6', 'Angele Giguere', 'STG-2', 11.32, 1.33, 'A', 0, 1);
insert into notes_details values ('2010-2011', 'SEM-6', 'Angele Giguere', 'STG-2', 11.32, 2.67, 'A', 2, 2);
insert into notes_details values ('2010-2011', 'SEM-6', 'Angele Giguere', 'THS-2', 11.32, 3.0, 'A', 3, 1);
insert into notes_details values ('2011-2012', 'SEM-7', 'Angele Giguere', 'ASL-3', 11.32, 2.0, 'A', 0, 1);
insert into notes_details values ('2011-2012', 'SEM-7', 'Angele Giguere', 'ASL-3', 11.32, 2.33, 'A', 0, 2);
insert into contentieux values ('2011-2012', 'SEM-7', 'Angele Giguere', 'ASL-3');
insert into notes_details values ('2011-2012', 'SEM-7', 'Angele Giguere', 'DPP-3', 11.32, 3.0, 'A', 2, 1);
insert into notes_details values ('2011-2012', 'SEM-7', 'Angele Giguere', 'EAO-31', 11.32, 1.67, 'A', 0, 1);
insert into notes_details values ('2011-2012', 'SEM-7', 'Angele Giguere', 'EAO-31', 11.32, 1.0, 'A', 0, 2);
insert into contentieux values ('2011-2012', 'SEM-7', 'Angele Giguere', 'EAO-31');
insert into notes_details values ('2011-2012', 'SEM-7', 'Angele Giguere', 'EAO-32', 11.32, 2.0, 'A', 0, 1);
insert into notes_details values ('2011-2012', 'SEM-7', 'Angele Giguere', 'EAO-32', 11.32, 2.0, 'A', 0, 2);
insert into contentieux values ('2011-2012', 'SEM-7', 'Angele Giguere', 'EAO-32');
insert into notes_details values ('2011-2012', 'SEM-7', 'Angele Giguere', 'EAO-33', 11.32, 1.0, 'A', 0, 1);
insert into notes_details values ('2011-2012', 'SEM-7', 'Angele Giguere', 'EAO-33', 11.32, 1.33, 'A', 0, 2);
insert into contentieux values ('2011-2012', 'SEM-7', 'Angele Giguere', 'EAO-33');
insert into notes_details values ('2011-2012', 'SEM-7', 'Angele Giguere', 'EAO-34', 11.32, 1.0, 'A', 0, 1);
insert into notes_details values ('2011-2012', 'SEM-7', 'Angele Giguere', 'EAO-34', 11.32, 1.67, 'A', 0, 2);
insert into contentieux values ('2011-2012', 'SEM-7', 'Angele Giguere', 'EAO-34');
insert into notes_details values ('2011-2012', 'SEM-7', 'Angele Giguere', 'EAO-35', 11.32, 1.67, 'A', 0, 1);
insert into notes_details values ('2011-2012', 'SEM-7', 'Angele Giguere', 'EAO-35', 11.32, 1.33, 'A', 0, 2);
insert into contentieux values ('2011-2012', 'SEM-7', 'Angele Giguere', 'EAO-35');
insert into notes_details values ('2011-2012', 'SEM-7', 'Angele Giguere', 'LCI-3', 11.32, 3.0, 'A', 3, 1);
insert into notes_details values ('2011-2012', 'SEM-7', 'Angele Giguere', 'MAT-3', 11.32, 2.67, 'A', 3, 1);
insert into notes_details values ('2011-2012', 'SEM-7', 'Angele Giguere', 'MNG-3', 11.32, 3.67, 'A', 3, 1);
insert into notes_details values ('2011-2012', 'SEM-7', 'Angele Giguere', 'PJT-3', 11.32, 4.0, 'A', 5, 1);
insert into notes_details values ('2011-2012', 'SEM-7', 'Angele Giguere', 'STD-3', 11.32, 3.33, 'A', 2, 1);
insert into gpa values ('2010-2011', 'SEM-5', 'Angele Giguere', 2.77);
insert into gpa values ('2010-2011', 'SEM-6', 'Angele Giguere', 2.39);
insert into gpa values ('2011-2012', 'SEM-7', 'Angele Giguere', 2.86);
insert into cesure values ('Angele Giguere', 'CESURE');
insert into eleves values ('Quit Larque', 1, 'S', 'Tres bien', 'MP', null, 'qlarque');
insert into notes_details values ('2011-2012', 'SEM-5', 'Quit Larque', 'ALG-1', 11.32, 3.33, 'A', 3, 1);
insert into notes_details values ('2011-2012', 'SEM-5', 'Quit Larque', 'DPP-1', 11.32, 1.67, 'A', 0, 1);
insert into notes_details values ('2011-2012', 'SEM-5', 'Quit Larque', 'DPP-1', 11.32, 3.33, 'A', 2, 2);
insert into notes_details values ('2011-2012', 'SEM-5', 'Quit Larque', 'ELE-1', 11.32, 2.33, 'A', 0, 1);
insert into notes_details values ('2011-2012', 'SEM-5', 'Quit Larque', 'ELE-1', 11.32, 4.0, 'A', 3, 2);
insert into notes_details values ('2011-2012', 'SEM-5', 'Quit Larque', 'INP-1', 11.32, 4.0, 'A', 3, 1);
insert into notes_details values ('2011-2012', 'SEM-5', 'Quit Larque', 'LCI-1', 11.32, 1.0, 'A', 0, 1);
insert into notes_details values ('2011-2012', 'SEM-5', 'Quit Larque', 'LCI-1', 11.32, 2.67, 'A', 3, 2);
insert into notes_details values ('2011-2012', 'SEM-5', 'Quit Larque', 'MAT-1', 11.32, 3.0, 'A', 3, 1);
insert into notes_details values ('2011-2012', 'SEM-5', 'Quit Larque', 'MGP-1', 11.32, 3.33, 'A', 4, 1);
insert into notes_details values ('2011-2012', 'SEM-5', 'Quit Larque', 'PHO-1', 11.32, 2.67, 'A', 3, 1);
insert into notes_details values ('2011-2012', 'SEM-5', 'Quit Larque', 'PHQ-1', 11.32, 2.33, 'A', 0, 1);
insert into notes_details values ('2011-2012', 'SEM-5', 'Quit Larque', 'PHQ-1', 11.32, 3.67, 'A', 3, 2);
insert into notes_details values ('2011-2012', 'SEM-5', 'Quit Larque', 'SPM-1', 11.32, 1.33, 'A', 0, 1);
insert into notes_details values ('2011-2012', 'SEM-5', 'Quit Larque', 'SPM-1', 11.32, 3.0, 'A', 3, 2);
insert into notes_details values ('2011-2012', 'SEM-6', 'Quit Larque', 'DPP-2', 11.32, 1.67, 'A', 0, 1);
insert into notes_details values ('2011-2012', 'SEM-6', 'Quit Larque', 'DPP-2', 11.32, 2.33, 'A', 1, 99);
insert into notes_details values ('2011-2012', 'SEM-6', 'Quit Larque', 'EAO-2', 11.32, 3.0, 'A', 3, 1);
insert into notes_details values ('2011-2012', 'SEM-6', 'Quit Larque', 'ECO-2', 11.32, 3.67, 'A', 3, 1);
insert into notes_details values ('2011-2012', 'SEM-6', 'Quit Larque', 'LCI-2', 11.32, 3.33, 'A', 3, 1);
insert into notes_details values ('2011-2012', 'SEM-6', 'Quit Larque', 'MAT-2', 11.32, 1.33, 'A', 0, 1);
insert into notes_details values ('2011-2012', 'SEM-6', 'Quit Larque', 'MAT-2', 11.32, 3.33, 'A', 2, 2);
insert into notes_details values ('2011-2012', 'SEM-6', 'Quit Larque', 'MCO-2', 11.32, 3.67, 'A', 2, 1);
insert into notes_details values ('2011-2012', 'SEM-6', 'Quit Larque', 'MGP-2', 11.32, 1.33, 'A', 0, 1);
insert into notes_details values ('2011-2012', 'SEM-6', 'Quit Larque', 'MGP-2', 11.32, 3.33, 'A', 4, 2);
insert into notes_details values ('2011-2012', 'SEM-6', 'Quit Larque', 'PHS-2', 11.32, 1.67, 'A', 0, 1);
insert into notes_details values ('2011-2012', 'SEM-6', 'Quit Larque', 'PHS-2', 11.32, 3.0, 'A', 2, 2);
insert into notes_details values ('2011-2012', 'SEM-6', 'Quit Larque', 'PJT-2', 11.32, 3.67, 'A', 1, 1);
insert into notes_details values ('2011-2012', 'SEM-6', 'Quit Larque', 'RMS-2', 11.32, 3.0, 'A', 4, 1);
insert into notes_details values ('2011-2012', 'SEM-6', 'Quit Larque', 'STG-2', 11.32, 4.0, 'A', 2, 1);
insert into notes_details values ('2011-2012', 'SEM-6', 'Quit Larque', 'THS-2', 11.32, 1.33, 'A', 0, 1);
insert into notes_details values ('2011-2012', 'SEM-6', 'Quit Larque', 'THS-2', 11.32, 3.33, 'A', 3, 2);
insert into notes_details values ('2012-2013', 'SEM-7', 'Quit Larque', 'ASL-3', 11.32, 1.67, 'A', 0, 1);
insert into notes_details values ('2012-2013', 'SEM-7', 'Quit Larque', 'ASL-3', 11.32, 2.33, 'A', 0, 2);
insert into contentieux values ('2012-2013', 'SEM-7', 'Quit Larque', 'ASL-3');
insert into notes_details values ('2012-2013', 'SEM-7', 'Quit Larque', 'DPP-3', 11.32, 1.33, 'A', 0, 1);
insert into notes_details values ('2012-2013', 'SEM-7', 'Quit Larque', 'DPP-3', 11.32, 1.0, 'A', 2, 99);
insert into notes_details values ('2012-2013', 'SEM-7', 'Quit Larque', 'EAO-31', 11.32, 2.33, 'A', 0, 1);
insert into notes_details values ('2012-2013', 'SEM-7', 'Quit Larque', 'EAO-31', 11.32, 2.0, 'A', 0, 2);
insert into contentieux values ('2012-2013', 'SEM-7', 'Quit Larque', 'EAO-31');
insert into notes_details values ('2012-2013', 'SEM-7', 'Quit Larque', 'EAO-32', 11.32, 3.33, 'A', 2, 1);
insert into notes_details values ('2012-2013', 'SEM-7', 'Quit Larque', 'EAO-33', 11.32, 1.33, 'A', 0, 1);
insert into notes_details values ('2012-2013', 'SEM-7', 'Quit Larque', 'EAO-33', 11.32, 4.0, 'A', 2, 2);
insert into notes_details values ('2012-2013', 'SEM-7', 'Quit Larque', 'EAO-34', 11.32, 4.0, 'A', 2, 1);
insert into notes_details values ('2012-2013', 'SEM-7', 'Quit Larque', 'EAO-35', 11.32, 2.0, 'A', 0, 1);
insert into notes_details values ('2012-2013', 'SEM-7', 'Quit Larque', 'EAO-35', 11.32, 4.0, 'A', 2, 2);
insert into notes_details values ('2012-2013', 'SEM-7', 'Quit Larque', 'LCI-3', 11.32, 1.33, 'A', 0, 1);
insert into notes_details values ('2012-2013', 'SEM-7', 'Quit Larque', 'LCI-3', 11.32, 2.33, 'A', 0, 2);
insert into contentieux values ('2012-2013', 'SEM-7', 'Quit Larque', 'LCI-3');
insert into notes_details values ('2012-2013', 'SEM-7', 'Quit Larque', 'MAT-3', 11.32, 2.33, 'A', 0, 1);
insert into notes_details values ('2012-2013', 'SEM-7', 'Quit Larque', 'MAT-3', 11.32, 3.33, 'A', 3, 2);
insert into notes_details values ('2012-2013', 'SEM-7', 'Quit Larque', 'MNG-3', 11.32, 1.0, 'A', 0, 1);
insert into notes_details values ('2012-2013', 'SEM-7', 'Quit Larque', 'MNG-3', 11.32, 4.0, 'A', 3, 2);
insert into notes_details values ('2012-2013', 'SEM-7', 'Quit Larque', 'PJT-3', 11.32, 1.0, 'A', 0, 1);
insert into notes_details values ('2012-2013', 'SEM-7', 'Quit Larque', 'PJT-3', 11.32, 1.33, 'A', 5, 99);
insert into notes_details values ('2012-2013', 'SEM-7', 'Quit Larque', 'STD-3', 11.32, 2.67, 'A', 2, 1);
insert into gpa values ('2011-2012', 'SEM-5', 'Quit Larque', 2.77);
insert into gpa values ('2011-2012', 'SEM-6', 'Quit Larque', 3.27);
insert into gpa values ('2012-2013', 'SEM-7', 'Quit Larque', 2.75);
insert into eleves values ('Franck Laurent', 1, 'S', 'Tres bien', 'MP', null, 'flaurent');
insert into notes_details values ('2010-2011', 'SEM-5', 'Franck Laurent', 'ALG-1', 11.32, 3.67, 'A', 3, 1);
insert into notes_details values ('2010-2011', 'SEM-5', 'Franck Laurent', 'DPP-1', 11.32, 3.0, 'A', 2, 1);
insert into notes_details values ('2010-2011', 'SEM-5', 'Franck Laurent', 'ELE-1', 11.32, 1.0, 'A', 0, 1);
insert into notes_details values ('2010-2011', 'SEM-5', 'Franck Laurent', 'ELE-1', 11.32, 3.0, 'A', 3, 2);
insert into notes_details values ('2010-2011', 'SEM-5', 'Franck Laurent', 'INP-1', 11.32, 1.33, 'A', 0, 1);
insert into notes_details values ('2010-2011', 'SEM-5', 'Franck Laurent', 'INP-1', 11.32, 4.0, 'A', 3, 2);
insert into notes_details values ('2010-2011', 'SEM-5', 'Franck Laurent', 'LCI-1', 11.32, 2.33, 'A', 0, 1);
insert into notes_details values ('2010-2011', 'SEM-5', 'Franck Laurent', 'LCI-1', 11.32, 3.33, 'A', 3, 2);
insert into notes_details values ('2010-2011', 'SEM-5', 'Franck Laurent', 'MAT-1', 11.32, 2.0, 'A', 0, 1);
insert into notes_details values ('2010-2011', 'SEM-5', 'Franck Laurent', 'MAT-1', 11.32, 2.67, 'A', 3, 2);
insert into notes_details values ('2010-2011', 'SEM-5', 'Franck Laurent', 'MGP-1', 11.32, 1.0, 'A', 0, 1);
insert into notes_details values ('2010-2011', 'SEM-5', 'Franck Laurent', 'MGP-1', 11.32, 2.0, 'A', 4, 99);
insert into notes_details values ('2010-2011', 'SEM-5', 'Franck Laurent', 'PHO-1', 11.32, 2.33, 'A', 0, 1);
insert into notes_details values ('2010-2011', 'SEM-5', 'Franck Laurent', 'PHO-1', 11.32, 3.67, 'A', 3, 2);
insert into notes_details values ('2010-2011', 'SEM-5', 'Franck Laurent', 'PHQ-1', 11.32, 1.67, 'A', 0, 1);
insert into notes_details values ('2010-2011', 'SEM-5', 'Franck Laurent', 'PHQ-1', 11.32, 3.0, 'A', 3, 2);
insert into notes_details values ('2010-2011', 'SEM-5', 'Franck Laurent', 'SPM-1', 11.32, 2.33, 'A', 0, 1);
insert into notes_details values ('2010-2011', 'SEM-5', 'Franck Laurent', 'SPM-1', 11.32, 3.0, 'A', 3, 2);
insert into notes_details values ('2010-2011', 'SEM-6', 'Franck Laurent', 'DPP-2', 11.32, 3.33, 'A', 1, 1);
insert into notes_details values ('2010-2011', 'SEM-6', 'Franck Laurent', 'EAO-2', 11.32, 1.67, 'A', 0, 1);
insert into notes_details values ('2010-2011', 'SEM-6', 'Franck Laurent', 'EAO-2', 11.32, 1.67, 'A', 3, 99);
insert into notes_details values ('2010-2011', 'SEM-6', 'Franck Laurent', 'ECO-2', 11.32, 3.0, 'A', 3, 1);
insert into notes_details values ('2010-2011', 'SEM-6', 'Franck Laurent', 'LCI-2', 11.32, 1.33, 'A', 0, 1);
insert into notes_details values ('2010-2011', 'SEM-6', 'Franck Laurent', 'LCI-2', 11.32, 2.67, 'A', 3, 2);
insert into notes_details values ('2010-2011', 'SEM-6', 'Franck Laurent', 'MAT-2', 11.32, 3.0, 'A', 2, 1);
insert into notes_details values ('2010-2011', 'SEM-6', 'Franck Laurent', 'MCO-2', 11.32, 1.0, 'A', 0, 1);
insert into notes_details values ('2010-2011', 'SEM-6', 'Franck Laurent', 'MCO-2', 11.32, 2.67, 'A', 2, 2);
insert into notes_details values ('2010-2011', 'SEM-6', 'Franck Laurent', 'MGP-2', 11.32, 3.67, 'A', 4, 1);
insert into notes_details values ('2010-2011', 'SEM-6', 'Franck Laurent', 'PHS-2', 11.32, 4.0, 'A', 2, 1);
insert into notes_details values ('2010-2011', 'SEM-6', 'Franck Laurent', 'PJT-2', 11.32, 2.67, 'A', 1, 1);
insert into notes_details values ('2010-2011', 'SEM-6', 'Franck Laurent', 'RMS-2', 11.32, 2.33, 'A', 0, 1);
insert into notes_details values ('2010-2011', 'SEM-6', 'Franck Laurent', 'RMS-2', 11.32, 3.33, 'A', 4, 2);
insert into notes_details values ('2010-2011', 'SEM-6', 'Franck Laurent', 'STG-2', 11.32, 3.0, 'A', 2, 1);
insert into notes_details values ('2010-2011', 'SEM-6', 'Franck Laurent', 'THS-2', 11.32, 3.33, 'A', 3, 1);
insert into notes_details values ('2011-2012', 'SEM-7', 'Franck Laurent', 'ASL-3', 11.32, 1.0, 'A', 0, 1);
insert into notes_details values ('2011-2012', 'SEM-7', 'Franck Laurent', 'ASL-3', 11.32, 2.33, 'A', 2, 99);
insert into notes_details values ('2011-2012', 'SEM-7', 'Franck Laurent', 'DPP-3', 11.32, 4.0, 'A', 2, 1);
insert into notes_details values ('2011-2012', 'SEM-7', 'Franck Laurent', 'EAO-31', 11.32, 4.0, 'A', 2, 1);
insert into notes_details values ('2011-2012', 'SEM-7', 'Franck Laurent', 'EAO-32', 11.32, 1.33, 'A', 0, 1);
insert into notes_details values ('2011-2012', 'SEM-7', 'Franck Laurent', 'EAO-32', 11.32, 3.33, 'A', 2, 2);
insert into notes_details values ('2011-2012', 'SEM-7', 'Franck Laurent', 'EAO-33', 11.32, 1.0, 'A', 0, 1);
insert into notes_details values ('2011-2012', 'SEM-7', 'Franck Laurent', 'EAO-33', 11.32, 2.67, 'A', 2, 2);
insert into notes_details values ('2011-2012', 'SEM-7', 'Franck Laurent', 'EAO-34', 11.32, 1.0, 'A', 0, 1);
insert into notes_details values ('2011-2012', 'SEM-7', 'Franck Laurent', 'EAO-34', 11.32, 3.0, 'A', 2, 2);
insert into notes_details values ('2011-2012', 'SEM-7', 'Franck Laurent', 'EAO-35', 11.32, 3.67, 'A', 2, 1);
insert into notes_details values ('2011-2012', 'SEM-7', 'Franck Laurent', 'LCI-3', 11.32, 3.0, 'A', 3, 1);
insert into notes_details values ('2011-2012', 'SEM-7', 'Franck Laurent', 'MAT-3', 11.32, 2.0, 'A', 0, 1);
insert into notes_details values ('2011-2012', 'SEM-7', 'Franck Laurent', 'MAT-3', 11.32, 4.0, 'A', 3, 2);
insert into notes_details values ('2011-2012', 'SEM-7', 'Franck Laurent', 'MNG-3', 11.32, 1.67, 'A', 0, 1);
insert into notes_details values ('2011-2012', 'SEM-7', 'Franck Laurent', 'MNG-3', 11.32, 3.0, 'A', 3, 2);
insert into notes_details values ('2011-2012', 'SEM-7', 'Franck Laurent', 'PJT-3', 11.32, 2.33, 'A', 0, 1);
insert into notes_details values ('2011-2012', 'SEM-7', 'Franck Laurent', 'PJT-3', 11.32, 1.33, 'A', 5, 99);
insert into notes_details values ('2011-2012', 'SEM-7', 'Franck Laurent', 'STD-3', 11.32, 1.33, 'A', 0, 1);
insert into notes_details values ('2011-2012', 'SEM-7', 'Franck Laurent', 'STD-3', 11.32, 3.0, 'A', 2, 2);
insert into gpa values ('2010-2011', 'SEM-5', 'Franck Laurent', 2.49);
insert into gpa values ('2010-2011', 'SEM-6', 'Franck Laurent', 2.67);
insert into gpa values ('2011-2012', 'SEM-7', 'Franck Laurent', 2.98);
insert into eleves values ('Johann Remy', 1, 'S', 'Tres bien', 'MP', null, 'jremy');
insert into notes_details values ('2011-2012', 'SEM-5', 'Johann Remy', 'ALG-1', 11.32, 3.33, 'A', 3, 1);
insert into notes_details values ('2011-2012', 'SEM-5', 'Johann Remy', 'DPP-1', 11.32, 4.0, 'A', 2, 1);
insert into notes_details values ('2011-2012', 'SEM-5', 'Johann Remy', 'ELE-1', 11.32, 1.0, 'A', 0, 1);
insert into notes_details values ('2011-2012', 'SEM-5', 'Johann Remy', 'ELE-1', 11.32, 3.33, 'A', 3, 2);
insert into notes_details values ('2011-2012', 'SEM-5', 'Johann Remy', 'INP-1', 11.32, 3.33, 'A', 3, 1);
insert into notes_details values ('2011-2012', 'SEM-5', 'Johann Remy', 'LCI-1', 11.32, 2.33, 'A', 0, 1);
insert into notes_details values ('2011-2012', 'SEM-5', 'Johann Remy', 'LCI-1', 11.32, 2.0, 'A', 3, 99);
insert into notes_details values ('2011-2012', 'SEM-5', 'Johann Remy', 'MAT-1', 11.32, 1.67, 'A', 0, 1);
insert into notes_details values ('2011-2012', 'SEM-5', 'Johann Remy', 'MAT-1', 11.32, 4.0, 'A', 3, 2);
insert into notes_details values ('2011-2012', 'SEM-5', 'Johann Remy', 'MGP-1', 11.32, 4.0, 'A', 4, 1);
insert into notes_details values ('2011-2012', 'SEM-5', 'Johann Remy', 'PHO-1', 11.32, 2.33, 'A', 0, 1);
insert into notes_details values ('2011-2012', 'SEM-5', 'Johann Remy', 'PHO-1', 11.32, 1.67, 'A', 3, 99);
insert into notes_details values ('2011-2012', 'SEM-5', 'Johann Remy', 'PHQ-1', 11.32, 3.0, 'A', 3, 1);
insert into notes_details values ('2011-2012', 'SEM-5', 'Johann Remy', 'SPM-1', 11.32, 1.67, 'A', 0, 1);
insert into notes_details values ('2011-2012', 'SEM-5', 'Johann Remy', 'SPM-1', 11.32, 2.67, 'A', 3, 2);
insert into notes_details values ('2011-2012', 'SEM-6', 'Johann Remy', 'DPP-2', 11.32, 2.0, 'A', 0, 1);
insert into notes_details values ('2011-2012', 'SEM-6', 'Johann Remy', 'DPP-2', 11.32, 4.0, 'A', 1, 2);
insert into notes_details values ('2011-2012', 'SEM-6', 'Johann Remy', 'EAO-2', 11.32, 3.67, 'A', 3, 1);
insert into notes_details values ('2011-2012', 'SEM-6', 'Johann Remy', 'ECO-2', 11.32, 1.33, 'A', 0, 1);
insert into notes_details values ('2011-2012', 'SEM-6', 'Johann Remy', 'ECO-2', 11.32, 2.33, 'A', 3, 99);
insert into notes_details values ('2011-2012', 'SEM-6', 'Johann Remy', 'LCI-2', 11.32, 4.0, 'A', 3, 1);
insert into notes_details values ('2011-2012', 'SEM-6', 'Johann Remy', 'MAT-2', 11.32, 3.67, 'A', 2, 1);
insert into notes_details values ('2011-2012', 'SEM-6', 'Johann Remy', 'MCO-2', 11.32, 3.33, 'A', 2, 1);
insert into notes_details values ('2011-2012', 'SEM-6', 'Johann Remy', 'MGP-2', 11.32, 3.67, 'A', 4, 1);
insert into notes_details values ('2011-2012', 'SEM-6', 'Johann Remy', 'PHS-2', 11.32, 3.33, 'A', 2, 1);
insert into notes_details values ('2011-2012', 'SEM-6', 'Johann Remy', 'PJT-2', 11.32, 2.0, 'A', 0, 1);
insert into notes_details values ('2011-2012', 'SEM-6', 'Johann Remy', 'PJT-2', 11.32, 2.67, 'A', 1, 2);
insert into notes_details values ('2011-2012', 'SEM-6', 'Johann Remy', 'RMS-2', 11.32, 3.0, 'A', 4, 1);
insert into notes_details values ('2011-2012', 'SEM-6', 'Johann Remy', 'STG-2', 11.32, 3.33, 'A', 2, 1);
insert into notes_details values ('2011-2012', 'SEM-6', 'Johann Remy', 'THS-2', 11.32, 4.0, 'A', 3, 1);
insert into notes_details values ('2012-2013', 'SEM-7', 'Johann Remy', 'ASL-3', 11.32, 2.0, 'A', 0, 1);
insert into notes_details values ('2012-2013', 'SEM-7', 'Johann Remy', 'ASL-3', 11.32, 2.0, 'A', 0, 2);
insert into contentieux values ('2012-2013', 'SEM-7', 'Johann Remy', 'ASL-3');
insert into notes_details values ('2012-2013', 'SEM-7', 'Johann Remy', 'DPP-3', 11.32, 3.33, 'A', 2, 1);
insert into notes_details values ('2012-2013', 'SEM-7', 'Johann Remy', 'EAO-31', 11.32, 4.0, 'A', 2, 1);
insert into notes_details values ('2012-2013', 'SEM-7', 'Johann Remy', 'EAO-32', 11.32, 3.67, 'A', 2, 1);
insert into notes_details values ('2012-2013', 'SEM-7', 'Johann Remy', 'EAO-33', 11.32, 2.0, 'A', 0, 1);
insert into notes_details values ('2012-2013', 'SEM-7', 'Johann Remy', 'EAO-33', 11.32, 1.67, 'A', 0, 2);
insert into contentieux values ('2012-2013', 'SEM-7', 'Johann Remy', 'EAO-33');
insert into notes_details values ('2012-2013', 'SEM-7', 'Johann Remy', 'EAO-34', 11.32, 3.33, 'A', 2, 1);
insert into notes_details values ('2012-2013', 'SEM-7', 'Johann Remy', 'EAO-35', 11.32, 1.33, 'A', 0, 1);
insert into notes_details values ('2012-2013', 'SEM-7', 'Johann Remy', 'EAO-35', 11.32, 2.0, 'A', 0, 2);
insert into contentieux values ('2012-2013', 'SEM-7', 'Johann Remy', 'EAO-35');
insert into notes_details values ('2012-2013', 'SEM-7', 'Johann Remy', 'LCI-3', 11.32, 3.0, 'A', 3, 1);
insert into notes_details values ('2012-2013', 'SEM-7', 'Johann Remy', 'MAT-3', 11.32, 1.33, 'A', 0, 1);
insert into notes_details values ('2012-2013', 'SEM-7', 'Johann Remy', 'MAT-3', 11.32, 3.67, 'A', 3, 2);
insert into notes_details values ('2012-2013', 'SEM-7', 'Johann Remy', 'MNG-3', 11.32, 1.67, 'A', 0, 1);
insert into notes_details values ('2012-2013', 'SEM-7', 'Johann Remy', 'MNG-3', 11.32, 2.33, 'A', 0, 2);
insert into contentieux values ('2012-2013', 'SEM-7', 'Johann Remy', 'MNG-3');
insert into notes_details values ('2012-2013', 'SEM-7', 'Johann Remy', 'PJT-3', 11.32, 2.0, 'A', 0, 1);
insert into notes_details values ('2012-2013', 'SEM-7', 'Johann Remy', 'PJT-3', 11.32, 3.33, 'A', 5, 2);
insert into notes_details values ('2012-2013', 'SEM-7', 'Johann Remy', 'STD-3', 11.32, 1.67, 'A', 0, 1);
insert into notes_details values ('2012-2013', 'SEM-7', 'Johann Remy', 'STD-3', 11.32, 2.33, 'A', 0, 2);
insert into contentieux values ('2012-2013', 'SEM-7', 'Johann Remy', 'STD-3');
insert into gpa values ('2011-2012', 'SEM-5', 'Johann Remy', 3.71);
insert into gpa values ('2011-2012', 'SEM-6', 'Johann Remy', 2.84);
insert into gpa values ('2012-2013', 'SEM-7', 'Johann Remy', 2.89);
insert into eleves values ('Michel Marchal', 1, 'S', 'Tres bien', 'MP', null, 'mmarchal');
insert into notes_details values ('2010-2011', 'SEM-5', 'Michel Marchal', 'ALG-1', 11.32, 3.33, 'A', 3, 1);
insert into notes_details values ('2010-2011', 'SEM-5', 'Michel Marchal', 'DPP-1', 11.32, 3.67, 'A', 2, 1);
insert into notes_details values ('2010-2011', 'SEM-5', 'Michel Marchal', 'ELE-1', 11.32, 2.67, 'A', 3, 1);
insert into notes_details values ('2010-2011', 'SEM-5', 'Michel Marchal', 'INP-1', 11.32, 4.0, 'A', 3, 1);
insert into notes_details values ('2010-2011', 'SEM-5', 'Michel Marchal', 'LCI-1', 11.32, 4.0, 'A', 3, 1);
insert into notes_details values ('2010-2011', 'SEM-5', 'Michel Marchal', 'MAT-1', 11.32, 2.0, 'A', 0, 1);
insert into notes_details values ('2010-2011', 'SEM-5', 'Michel Marchal', 'MAT-1', 11.32, 4.0, 'A', 3, 2);
insert into notes_details values ('2010-2011', 'SEM-5', 'Michel Marchal', 'MGP-1', 11.32, 3.33, 'A', 4, 1);
insert into notes_details values ('2010-2011', 'SEM-5', 'Michel Marchal', 'PHO-1', 11.32, 2.0, 'A', 0, 1);
insert into notes_details values ('2010-2011', 'SEM-5', 'Michel Marchal', 'PHO-1', 11.32, 4.0, 'A', 3, 2);
insert into notes_details values ('2010-2011', 'SEM-5', 'Michel Marchal', 'PHQ-1', 11.32, 1.33, 'A', 0, 1);
insert into notes_details values ('2010-2011', 'SEM-5', 'Michel Marchal', 'PHQ-1', 11.32, 3.67, 'A', 3, 2);
insert into notes_details values ('2010-2011', 'SEM-5', 'Michel Marchal', 'SPM-1', 11.32, 3.0, 'A', 3, 1);
insert into notes_details values ('2010-2011', 'SEM-6', 'Michel Marchal', 'DPP-2', 11.32, 2.33, 'A', 0, 1);
insert into notes_details values ('2010-2011', 'SEM-6', 'Michel Marchal', 'DPP-2', 11.32, 3.0, 'A', 1, 2);
insert into notes_details values ('2010-2011', 'SEM-6', 'Michel Marchal', 'EAO-2', 11.32, 4.0, 'A', 3, 1);
insert into notes_details values ('2010-2011', 'SEM-6', 'Michel Marchal', 'ECO-2', 11.32, 4.0, 'A', 3, 1);
insert into notes_details values ('2010-2011', 'SEM-6', 'Michel Marchal', 'LCI-2', 11.32, 1.0, 'A', 0, 1);
insert into notes_details values ('2010-2011', 'SEM-6', 'Michel Marchal', 'LCI-2', 11.32, 2.67, 'A', 3, 2);
insert into notes_details values ('2010-2011', 'SEM-6', 'Michel Marchal', 'MAT-2', 11.32, 2.0, 'A', 0, 1);
insert into notes_details values ('2010-2011', 'SEM-6', 'Michel Marchal', 'MAT-2', 11.32, 2.67, 'A', 2, 2);
insert into notes_details values ('2010-2011', 'SEM-6', 'Michel Marchal', 'MCO-2', 11.32, 2.33, 'A', 0, 1);
insert into notes_details values ('2010-2011', 'SEM-6', 'Michel Marchal', 'MCO-2', 11.32, 2.33, 'A', 2, 99);
insert into notes_details values ('2010-2011', 'SEM-6', 'Michel Marchal', 'MGP-2', 11.32, 2.67, 'A', 4, 1);
insert into notes_details values ('2010-2011', 'SEM-6', 'Michel Marchal', 'PHS-2', 11.32, 3.67, 'A', 2, 1);
insert into notes_details values ('2010-2011', 'SEM-6', 'Michel Marchal', 'PJT-2', 11.32, 1.0, 'A', 0, 1);
insert into notes_details values ('2010-2011', 'SEM-6', 'Michel Marchal', 'PJT-2', 11.32, 3.67, 'A', 1, 2);
insert into notes_details values ('2010-2011', 'SEM-6', 'Michel Marchal', 'RMS-2', 11.32, 2.67, 'A', 4, 1);
insert into notes_details values ('2010-2011', 'SEM-6', 'Michel Marchal', 'STG-2', 11.32, 3.0, 'A', 2, 1);
insert into notes_details values ('2010-2011', 'SEM-6', 'Michel Marchal', 'THS-2', 11.32, 2.0, 'A', 0, 1);
insert into notes_details values ('2010-2011', 'SEM-6', 'Michel Marchal', 'THS-2', 11.32, 3.67, 'A', 3, 2);
insert into notes_details values ('2011-2012', 'SEM-7', 'Michel Marchal', 'ASL-3', 11.32, 1.33, 'A', 0, 1);
insert into notes_details values ('2011-2012', 'SEM-7', 'Michel Marchal', 'ASL-3', 11.32, 1.33, 'A', 0, 2);
insert into contentieux values ('2011-2012', 'SEM-7', 'Michel Marchal', 'ASL-3');
insert into notes_details values ('2011-2012', 'SEM-7', 'Michel Marchal', 'DPP-3', 11.32, 1.67, 'A', 0, 1);
insert into notes_details values ('2011-2012', 'SEM-7', 'Michel Marchal', 'DPP-3', 11.32, 1.33, 'A', 0, 2);
insert into contentieux values ('2011-2012', 'SEM-7', 'Michel Marchal', 'DPP-3');
insert into notes_details values ('2011-2012', 'SEM-7', 'Michel Marchal', 'EAO-31', 11.32, 2.0, 'A', 0, 1);
insert into notes_details values ('2011-2012', 'SEM-7', 'Michel Marchal', 'EAO-31', 11.32, 2.67, 'A', 2, 2);
insert into notes_details values ('2011-2012', 'SEM-7', 'Michel Marchal', 'EAO-32', 11.32, 1.33, 'A', 0, 1);
insert into notes_details values ('2011-2012', 'SEM-7', 'Michel Marchal', 'EAO-32', 11.32, 3.0, 'A', 2, 2);
insert into notes_details values ('2011-2012', 'SEM-7', 'Michel Marchal', 'EAO-33', 11.32, 3.67, 'A', 2, 1);
insert into notes_details values ('2011-2012', 'SEM-7', 'Michel Marchal', 'EAO-34', 11.32, 1.0, 'A', 0, 1);
insert into notes_details values ('2011-2012', 'SEM-7', 'Michel Marchal', 'EAO-34', 11.32, 4.0, 'A', 2, 2);
insert into notes_details values ('2011-2012', 'SEM-7', 'Michel Marchal', 'EAO-35', 11.32, 1.67, 'A', 0, 1);
insert into notes_details values ('2011-2012', 'SEM-7', 'Michel Marchal', 'EAO-35', 11.32, 2.0, 'A', 2, 99);
insert into notes_details values ('2011-2012', 'SEM-7', 'Michel Marchal', 'LCI-3', 11.32, 2.33, 'A', 0, 1);
insert into notes_details values ('2011-2012', 'SEM-7', 'Michel Marchal', 'LCI-3', 11.32, 1.67, 'A', 3, 99);
insert into notes_details values ('2011-2012', 'SEM-7', 'Michel Marchal', 'MAT-3', 11.32, 1.0, 'A', 0, 1);
insert into notes_details values ('2011-2012', 'SEM-7', 'Michel Marchal', 'MAT-3', 11.32, 2.0, 'A', 0, 2);
insert into contentieux values ('2011-2012', 'SEM-7', 'Michel Marchal', 'MAT-3');
insert into notes_details values ('2011-2012', 'SEM-7', 'Michel Marchal', 'MNG-3', 11.32, 1.0, 'A', 0, 1);
insert into notes_details values ('2011-2012', 'SEM-7', 'Michel Marchal', 'MNG-3', 11.32, 1.67, 'A', 0, 2);
insert into contentieux values ('2011-2012', 'SEM-7', 'Michel Marchal', 'MNG-3');
insert into notes_details values ('2011-2012', 'SEM-7', 'Michel Marchal', 'PJT-3', 11.32, 1.67, 'A', 0, 1);
insert into notes_details values ('2011-2012', 'SEM-7', 'Michel Marchal', 'PJT-3', 11.32, 3.33, 'A', 5, 2);
insert into notes_details values ('2011-2012', 'SEM-7', 'Michel Marchal', 'STD-3', 11.32, 1.33, 'A', 0, 1);
insert into notes_details values ('2011-2012', 'SEM-7', 'Michel Marchal', 'STD-3', 11.32, 1.67, 'A', 0, 2);
insert into contentieux values ('2011-2012', 'SEM-7', 'Michel Marchal', 'STD-3');
insert into gpa values ('2010-2011', 'SEM-5', 'Michel Marchal', 2.44);
insert into gpa values ('2010-2011', 'SEM-6', 'Michel Marchal', 3.8);
insert into gpa values ('2011-2012', 'SEM-7', 'Michel Marchal', 2.06);
insert into eleves values ('Nadege Langlois', 1, 'S', 'Tres bien', 'MP', null, 'nlanglois');
insert into notes_details values ('2011-2012', 'SEM-5', 'Nadege Langlois', 'ALG-1', 11.32, 3.0, 'A', 3, 1);
insert into notes_details values ('2011-2012', 'SEM-5', 'Nadege Langlois', 'DPP-1', 11.32, 1.33, 'A', 0, 1);
insert into notes_details values ('2011-2012', 'SEM-5', 'Nadege Langlois', 'DPP-1', 11.32, 4.0, 'A', 2, 2);
insert into notes_details values ('2011-2012', 'SEM-5', 'Nadege Langlois', 'ELE-1', 11.32, 2.33, 'A', 0, 1);
insert into notes_details values ('2011-2012', 'SEM-5', 'Nadege Langlois', 'ELE-1', 11.32, 3.33, 'A', 3, 2);
insert into notes_details values ('2011-2012', 'SEM-5', 'Nadege Langlois', 'INP-1', 11.32, 3.33, 'A', 3, 1);
insert into notes_details values ('2011-2012', 'SEM-5', 'Nadege Langlois', 'LCI-1', 11.32, 3.0, 'A', 3, 1);
insert into notes_details values ('2011-2012', 'SEM-5', 'Nadege Langlois', 'MAT-1', 11.32, 1.33, 'A', 0, 1);
insert into notes_details values ('2011-2012', 'SEM-5', 'Nadege Langlois', 'MAT-1', 11.32, 1.33, 'A', 3, 99);
insert into notes_details values ('2011-2012', 'SEM-5', 'Nadege Langlois', 'MGP-1', 11.32, 4.0, 'A', 4, 1);
insert into notes_details values ('2011-2012', 'SEM-5', 'Nadege Langlois', 'PHO-1', 11.32, 1.67, 'A', 0, 1);
insert into notes_details values ('2011-2012', 'SEM-5', 'Nadege Langlois', 'PHO-1', 11.32, 4.0, 'A', 3, 2);
insert into notes_details values ('2011-2012', 'SEM-5', 'Nadege Langlois', 'PHQ-1', 11.32, 2.67, 'A', 3, 1);
insert into notes_details values ('2011-2012', 'SEM-5', 'Nadege Langlois', 'SPM-1', 11.32, 1.33, 'A', 0, 1);
insert into notes_details values ('2011-2012', 'SEM-5', 'Nadege Langlois', 'SPM-1', 11.32, 3.33, 'A', 3, 2);
insert into notes_details values ('2011-2012', 'SEM-6', 'Nadege Langlois', 'DPP-2', 11.32, 1.67, 'A', 0, 1);
insert into notes_details values ('2011-2012', 'SEM-6', 'Nadege Langlois', 'DPP-2', 11.32, 2.67, 'A', 1, 2);
insert into notes_details values ('2011-2012', 'SEM-6', 'Nadege Langlois', 'EAO-2', 11.32, 4.0, 'A', 3, 1);
insert into notes_details values ('2011-2012', 'SEM-6', 'Nadege Langlois', 'ECO-2', 11.32, 4.0, 'A', 3, 1);
insert into notes_details values ('2011-2012', 'SEM-6', 'Nadege Langlois', 'LCI-2', 11.32, 4.0, 'A', 3, 1);
insert into notes_details values ('2011-2012', 'SEM-6', 'Nadege Langlois', 'MAT-2', 11.32, 3.33, 'A', 2, 1);
insert into notes_details values ('2011-2012', 'SEM-6', 'Nadege Langlois', 'MCO-2', 11.32, 2.33, 'A', 0, 1);
insert into notes_details values ('2011-2012', 'SEM-6', 'Nadege Langlois', 'MCO-2', 11.32, 3.33, 'A', 2, 2);
insert into notes_details values ('2011-2012', 'SEM-6', 'Nadege Langlois', 'MGP-2', 11.32, 1.0, 'A', 0, 1);
insert into notes_details values ('2011-2012', 'SEM-6', 'Nadege Langlois', 'MGP-2', 11.32, 3.67, 'A', 4, 2);
insert into notes_details values ('2011-2012', 'SEM-6', 'Nadege Langlois', 'PHS-2', 11.32, 2.0, 'A', 0, 1);
insert into notes_details values ('2011-2012', 'SEM-6', 'Nadege Langlois', 'PHS-2', 11.32, 3.67, 'A', 2, 2);
insert into notes_details values ('2011-2012', 'SEM-6', 'Nadege Langlois', 'PJT-2', 11.32, 2.67, 'A', 1, 1);
insert into notes_details values ('2011-2012', 'SEM-6', 'Nadege Langlois', 'RMS-2', 11.32, 2.0, 'A', 0, 1);
insert into notes_details values ('2011-2012', 'SEM-6', 'Nadege Langlois', 'RMS-2', 11.32, 3.33, 'A', 4, 2);
insert into notes_details values ('2011-2012', 'SEM-6', 'Nadege Langlois', 'STG-2', 11.32, 3.0, 'A', 2, 1);
insert into notes_details values ('2011-2012', 'SEM-6', 'Nadege Langlois', 'THS-2', 11.32, 3.67, 'A', 3, 1);
insert into notes_details values ('2012-2013', 'SEM-7', 'Nadege Langlois', 'ASL-3', 11.32, 1.33, 'A', 0, 1);
insert into notes_details values ('2012-2013', 'SEM-7', 'Nadege Langlois', 'ASL-3', 11.32, 3.67, 'A', 2, 2);
insert into notes_details values ('2012-2013', 'SEM-7', 'Nadege Langlois', 'DPP-3', 11.32, 2.33, 'A', 0, 1);
insert into notes_details values ('2012-2013', 'SEM-7', 'Nadege Langlois', 'DPP-3', 11.32, 4.0, 'A', 2, 2);
insert into notes_details values ('2012-2013', 'SEM-7', 'Nadege Langlois', 'EAO-31', 11.32, 2.67, 'A', 2, 1);
insert into notes_details values ('2012-2013', 'SEM-7', 'Nadege Langlois', 'EAO-32', 11.32, 2.33, 'A', 0, 1);
insert into notes_details values ('2012-2013', 'SEM-7', 'Nadege Langlois', 'EAO-32', 11.32, 2.0, 'A', 0, 2);
insert into contentieux values ('2012-2013', 'SEM-7', 'Nadege Langlois', 'EAO-32');
insert into notes_details values ('2012-2013', 'SEM-7', 'Nadege Langlois', 'EAO-33', 11.32, 2.0, 'A', 0, 1);
insert into notes_details values ('2012-2013', 'SEM-7', 'Nadege Langlois', 'EAO-33', 11.32, 1.33, 'A', 0, 2);
insert into contentieux values ('2012-2013', 'SEM-7', 'Nadege Langlois', 'EAO-33');
insert into notes_details values ('2012-2013', 'SEM-7', 'Nadege Langlois', 'EAO-34', 11.32, 2.0, 'A', 0, 1);
insert into notes_details values ('2012-2013', 'SEM-7', 'Nadege Langlois', 'EAO-34', 11.32, 3.33, 'A', 2, 2);
insert into notes_details values ('2012-2013', 'SEM-7', 'Nadege Langlois', 'EAO-35', 11.32, 1.33, 'A', 0, 1);
insert into notes_details values ('2012-2013', 'SEM-7', 'Nadege Langlois', 'EAO-35', 11.32, 2.67, 'A', 2, 2);
insert into notes_details values ('2012-2013', 'SEM-7', 'Nadege Langlois', 'LCI-3', 11.32, 1.67, 'A', 0, 1);
insert into notes_details values ('2012-2013', 'SEM-7', 'Nadege Langlois', 'LCI-3', 11.32, 4.0, 'A', 3, 2);
insert into notes_details values ('2012-2013', 'SEM-7', 'Nadege Langlois', 'MAT-3', 11.32, 1.33, 'A', 0, 1);
insert into notes_details values ('2012-2013', 'SEM-7', 'Nadege Langlois', 'MAT-3', 11.32, 1.33, 'A', 0, 2);
insert into contentieux values ('2012-2013', 'SEM-7', 'Nadege Langlois', 'MAT-3');
insert into notes_details values ('2012-2013', 'SEM-7', 'Nadege Langlois', 'MNG-3', 11.32, 1.67, 'A', 0, 1);
insert into notes_details values ('2012-2013', 'SEM-7', 'Nadege Langlois', 'MNG-3', 11.32, 4.0, 'A', 3, 2);
insert into notes_details values ('2012-2013', 'SEM-7', 'Nadege Langlois', 'PJT-3', 11.32, 3.33, 'A', 5, 1);
insert into notes_details values ('2012-2013', 'SEM-7', 'Nadege Langlois', 'STD-3', 11.32, 3.0, 'A', 2, 1);
insert into gpa values ('2011-2012', 'SEM-5', 'Nadege Langlois', 3.41);
insert into gpa values ('2011-2012', 'SEM-6', 'Nadege Langlois', 2.76);
insert into gpa values ('2012-2013', 'SEM-7', 'Nadege Langlois', 3.65);
insert into eleves values ('Denis Auclair', 1, 'S', 'Tres bien', 'MP', null, 'dauclair');
insert into notes_details values ('2010-2011', 'SEM-5', 'Denis Auclair', 'ALG-1', 11.32, 1.0, 'A', 0, 1);
insert into notes_details values ('2010-2011', 'SEM-5', 'Denis Auclair', 'ALG-1', 11.32, 3.33, 'A', 3, 2);
insert into notes_details values ('2010-2011', 'SEM-5', 'Denis Auclair', 'DPP-1', 11.32, 2.0, 'A', 0, 1);
insert into notes_details values ('2010-2011', 'SEM-5', 'Denis Auclair', 'DPP-1', 11.32, 3.0, 'A', 2, 2);
insert into notes_details values ('2010-2011', 'SEM-5', 'Denis Auclair', 'ELE-1', 11.32, 1.33, 'A', 0, 1);
insert into notes_details values ('2010-2011', 'SEM-5', 'Denis Auclair', 'ELE-1', 11.32, 4.0, 'A', 3, 2);
insert into notes_details values ('2010-2011', 'SEM-5', 'Denis Auclair', 'INP-1', 11.32, 2.67, 'A', 3, 1);
insert into notes_details values ('2010-2011', 'SEM-5', 'Denis Auclair', 'LCI-1', 11.32, 2.0, 'A', 0, 1);
insert into notes_details values ('2010-2011', 'SEM-5', 'Denis Auclair', 'LCI-1', 11.32, 3.33, 'A', 3, 2);
insert into notes_details values ('2010-2011', 'SEM-5', 'Denis Auclair', 'MAT-1', 11.32, 1.67, 'A', 0, 1);
insert into notes_details values ('2010-2011', 'SEM-5', 'Denis Auclair', 'MAT-1', 11.32, 3.67, 'A', 3, 2);
insert into notes_details values ('2010-2011', 'SEM-5', 'Denis Auclair', 'MGP-1', 11.32, 2.33, 'A', 0, 1);
insert into notes_details values ('2010-2011', 'SEM-5', 'Denis Auclair', 'MGP-1', 11.32, 3.0, 'A', 4, 2);
insert into notes_details values ('2010-2011', 'SEM-5', 'Denis Auclair', 'PHO-1', 11.32, 3.33, 'A', 3, 1);
insert into notes_details values ('2010-2011', 'SEM-5', 'Denis Auclair', 'PHQ-1', 11.32, 2.33, 'A', 0, 1);
insert into notes_details values ('2010-2011', 'SEM-5', 'Denis Auclair', 'PHQ-1', 11.32, 1.33, 'A', 3, 99);
insert into notes_details values ('2010-2011', 'SEM-5', 'Denis Auclair', 'SPM-1', 11.32, 2.33, 'A', 0, 1);
insert into notes_details values ('2010-2011', 'SEM-5', 'Denis Auclair', 'SPM-1', 11.32, 2.67, 'A', 3, 2);
insert into notes_details values ('2010-2011', 'SEM-6', 'Denis Auclair', 'DPP-2', 11.32, 2.33, 'A', 0, 1);
insert into notes_details values ('2010-2011', 'SEM-6', 'Denis Auclair', 'DPP-2', 11.32, 3.0, 'A', 1, 2);
insert into notes_details values ('2010-2011', 'SEM-6', 'Denis Auclair', 'EAO-2', 11.32, 1.0, 'A', 0, 1);
insert into notes_details values ('2010-2011', 'SEM-6', 'Denis Auclair', 'EAO-2', 11.32, 3.33, 'A', 3, 2);
insert into notes_details values ('2010-2011', 'SEM-6', 'Denis Auclair', 'ECO-2', 11.32, 1.33, 'A', 0, 1);
insert into notes_details values ('2010-2011', 'SEM-6', 'Denis Auclair', 'ECO-2', 11.32, 3.67, 'A', 3, 2);
insert into notes_details values ('2010-2011', 'SEM-6', 'Denis Auclair', 'LCI-2', 11.32, 1.67, 'A', 0, 1);
insert into notes_details values ('2010-2011', 'SEM-6', 'Denis Auclair', 'LCI-2', 11.32, 2.67, 'A', 3, 2);
insert into notes_details values ('2010-2011', 'SEM-6', 'Denis Auclair', 'MAT-2', 11.32, 2.67, 'A', 2, 1);
insert into notes_details values ('2010-2011', 'SEM-6', 'Denis Auclair', 'MCO-2', 11.32, 1.0, 'A', 0, 1);
insert into notes_details values ('2010-2011', 'SEM-6', 'Denis Auclair', 'MCO-2', 11.32, 2.67, 'A', 2, 2);
insert into notes_details values ('2010-2011', 'SEM-6', 'Denis Auclair', 'MGP-2', 11.32, 2.33, 'A', 0, 1);
insert into notes_details values ('2010-2011', 'SEM-6', 'Denis Auclair', 'MGP-2', 11.32, 1.0, 'A', 4, 99);
insert into notes_details values ('2010-2011', 'SEM-6', 'Denis Auclair', 'PHS-2', 11.32, 3.67, 'A', 2, 1);
insert into notes_details values ('2010-2011', 'SEM-6', 'Denis Auclair', 'PJT-2', 11.32, 4.0, 'A', 1, 1);
insert into notes_details values ('2010-2011', 'SEM-6', 'Denis Auclair', 'RMS-2', 11.32, 1.33, 'A', 0, 1);
insert into notes_details values ('2010-2011', 'SEM-6', 'Denis Auclair', 'RMS-2', 11.32, 2.67, 'A', 4, 2);
insert into notes_details values ('2010-2011', 'SEM-6', 'Denis Auclair', 'STG-2', 11.32, 3.33, 'A', 2, 1);
insert into notes_details values ('2010-2011', 'SEM-6', 'Denis Auclair', 'THS-2', 11.32, 1.33, 'A', 0, 1);
insert into notes_details values ('2010-2011', 'SEM-6', 'Denis Auclair', 'THS-2', 11.32, 3.33, 'A', 3, 2);
insert into notes_details values ('2011-2012', 'SEM-7', 'Denis Auclair', 'ASL-3', 11.32, 1.0, 'A', 0, 1);
insert into notes_details values ('2011-2012', 'SEM-7', 'Denis Auclair', 'ASL-3', 11.32, 1.33, 'A', 0, 2);
insert into contentieux values ('2011-2012', 'SEM-7', 'Denis Auclair', 'ASL-3');
insert into notes_details values ('2011-2012', 'SEM-7', 'Denis Auclair', 'DPP-3', 11.32, 2.33, 'A', 0, 1);
insert into notes_details values ('2011-2012', 'SEM-7', 'Denis Auclair', 'DPP-3', 11.32, 1.67, 'A', 0, 2);
insert into contentieux values ('2011-2012', 'SEM-7', 'Denis Auclair', 'DPP-3');
insert into notes_details values ('2011-2012', 'SEM-7', 'Denis Auclair', 'EAO-31', 11.32, 2.0, 'A', 0, 1);
insert into notes_details values ('2011-2012', 'SEM-7', 'Denis Auclair', 'EAO-31', 11.32, 1.67, 'A', 0, 2);
insert into contentieux values ('2011-2012', 'SEM-7', 'Denis Auclair', 'EAO-31');
insert into notes_details values ('2011-2012', 'SEM-7', 'Denis Auclair', 'EAO-32', 11.32, 1.33, 'A', 0, 1);
insert into notes_details values ('2011-2012', 'SEM-7', 'Denis Auclair', 'EAO-32', 11.32, 2.67, 'A', 2, 2);
insert into notes_details values ('2011-2012', 'SEM-7', 'Denis Auclair', 'EAO-33', 11.32, 2.67, 'A', 2, 1);
insert into notes_details values ('2011-2012', 'SEM-7', 'Denis Auclair', 'EAO-34', 11.32, 1.67, 'A', 0, 1);
insert into notes_details values ('2011-2012', 'SEM-7', 'Denis Auclair', 'EAO-34', 11.32, 1.67, 'A', 0, 2);
insert into contentieux values ('2011-2012', 'SEM-7', 'Denis Auclair', 'EAO-34');
insert into notes_details values ('2011-2012', 'SEM-7', 'Denis Auclair', 'EAO-35', 11.32, 2.33, 'A', 0, 1);
insert into notes_details values ('2011-2012', 'SEM-7', 'Denis Auclair', 'EAO-35', 11.32, 3.67, 'A', 2, 2);
insert into notes_details values ('2011-2012', 'SEM-7', 'Denis Auclair', 'LCI-3', 11.32, 3.0, 'A', 3, 1);
insert into notes_details values ('2011-2012', 'SEM-7', 'Denis Auclair', 'MAT-3', 11.32, 1.0, 'A', 0, 1);
insert into notes_details values ('2011-2012', 'SEM-7', 'Denis Auclair', 'MAT-3', 11.32, 4.0, 'A', 3, 2);
insert into notes_details values ('2011-2012', 'SEM-7', 'Denis Auclair', 'MNG-3', 11.32, 1.67, 'A', 0, 1);
insert into notes_details values ('2011-2012', 'SEM-7', 'Denis Auclair', 'MNG-3', 11.32, 2.0, 'A', 0, 2);
insert into contentieux values ('2011-2012', 'SEM-7', 'Denis Auclair', 'MNG-3');
insert into notes_details values ('2011-2012', 'SEM-7', 'Denis Auclair', 'PJT-3', 11.32, 2.0, 'A', 0, 1);
insert into notes_details values ('2011-2012', 'SEM-7', 'Denis Auclair', 'PJT-3', 11.32, 3.33, 'A', 5, 2);
insert into notes_details values ('2011-2012', 'SEM-7', 'Denis Auclair', 'STD-3', 11.32, 1.33, 'A', 0, 1);
insert into notes_details values ('2011-2012', 'SEM-7', 'Denis Auclair', 'STD-3', 11.32, 2.33, 'A', 0, 2);
insert into contentieux values ('2011-2012', 'SEM-7', 'Denis Auclair', 'STD-3');
insert into gpa values ('2010-2011', 'SEM-5', 'Denis Auclair', 3.58);
insert into gpa values ('2010-2011', 'SEM-6', 'Denis Auclair', 3.81);
insert into gpa values ('2011-2012', 'SEM-7', 'Denis Auclair', 3.26);
insert into cesure values ('Denis Auclair', 'CESURE');
insert into eleves values ('Hugo Morel', 1, 'S', 'Tres bien', 'MP', null, 'hmorel');
insert into notes_details values ('2011-2012', 'SEM-5', 'Hugo Morel', 'ALG-1', 11.32, 2.33, 'A', 0, 1);
insert into notes_details values ('2011-2012', 'SEM-5', 'Hugo Morel', 'ALG-1', 11.32, 1.33, 'A', 3, 99);
insert into notes_details values ('2011-2012', 'SEM-5', 'Hugo Morel', 'DPP-1', 11.32, 4.0, 'A', 2, 1);
insert into notes_details values ('2011-2012', 'SEM-5', 'Hugo Morel', 'ELE-1', 11.32, 1.67, 'A', 0, 1);
insert into notes_details values ('2011-2012', 'SEM-5', 'Hugo Morel', 'ELE-1', 11.32, 2.0, 'A', 3, 99);
insert into notes_details values ('2011-2012', 'SEM-5', 'Hugo Morel', 'INP-1', 11.32, 1.67, 'A', 0, 1);
insert into notes_details values ('2011-2012', 'SEM-5', 'Hugo Morel', 'INP-1', 11.32, 3.33, 'A', 3, 2);
insert into notes_details values ('2011-2012', 'SEM-5', 'Hugo Morel', 'LCI-1', 11.32, 3.0, 'A', 3, 1);
insert into notes_details values ('2011-2012', 'SEM-5', 'Hugo Morel', 'MAT-1', 11.32, 3.33, 'A', 3, 1);
insert into notes_details values ('2011-2012', 'SEM-5', 'Hugo Morel', 'MGP-1', 11.32, 2.33, 'A', 0, 1);
insert into notes_details values ('2011-2012', 'SEM-5', 'Hugo Morel', 'MGP-1', 11.32, 2.67, 'A', 4, 2);
insert into notes_details values ('2011-2012', 'SEM-5', 'Hugo Morel', 'PHO-1', 11.32, 1.67, 'A', 0, 1);
insert into notes_details values ('2011-2012', 'SEM-5', 'Hugo Morel', 'PHO-1', 11.32, 2.67, 'A', 3, 2);
insert into notes_details values ('2011-2012', 'SEM-5', 'Hugo Morel', 'PHQ-1', 11.32, 2.0, 'A', 0, 1);
insert into notes_details values ('2011-2012', 'SEM-5', 'Hugo Morel', 'PHQ-1', 11.32, 3.33, 'A', 3, 2);
insert into notes_details values ('2011-2012', 'SEM-5', 'Hugo Morel', 'SPM-1', 11.32, 4.0, 'A', 3, 1);
insert into notes_details values ('2011-2012', 'SEM-6', 'Hugo Morel', 'DPP-2', 11.32, 4.0, 'A', 1, 1);
insert into notes_details values ('2011-2012', 'SEM-6', 'Hugo Morel', 'EAO-2', 11.32, 3.0, 'A', 3, 1);
insert into notes_details values ('2011-2012', 'SEM-6', 'Hugo Morel', 'ECO-2', 11.32, 1.33, 'A', 0, 1);
insert into notes_details values ('2011-2012', 'SEM-6', 'Hugo Morel', 'ECO-2', 11.32, 3.33, 'A', 3, 2);
insert into notes_details values ('2011-2012', 'SEM-6', 'Hugo Morel', 'LCI-2', 11.32, 3.33, 'A', 3, 1);
insert into notes_details values ('2011-2012', 'SEM-6', 'Hugo Morel', 'MAT-2', 11.32, 2.67, 'A', 2, 1);
insert into notes_details values ('2011-2012', 'SEM-6', 'Hugo Morel', 'MCO-2', 11.32, 3.67, 'A', 2, 1);
insert into notes_details values ('2011-2012', 'SEM-6', 'Hugo Morel', 'MGP-2', 11.32, 2.33, 'A', 0, 1);
insert into notes_details values ('2011-2012', 'SEM-6', 'Hugo Morel', 'MGP-2', 11.32, 3.0, 'A', 4, 2);
insert into notes_details values ('2011-2012', 'SEM-6', 'Hugo Morel', 'PHS-2', 11.32, 4.0, 'A', 2, 1);
insert into notes_details values ('2011-2012', 'SEM-6', 'Hugo Morel', 'PJT-2', 11.32, 4.0, 'A', 1, 1);
insert into notes_details values ('2011-2012', 'SEM-6', 'Hugo Morel', 'RMS-2', 11.32, 2.67, 'A', 4, 1);
insert into notes_details values ('2011-2012', 'SEM-6', 'Hugo Morel', 'STG-2', 11.32, 1.33, 'A', 0, 1);
insert into notes_details values ('2011-2012', 'SEM-6', 'Hugo Morel', 'STG-2', 11.32, 3.0, 'A', 2, 2);
insert into notes_details values ('2011-2012', 'SEM-6', 'Hugo Morel', 'THS-2', 11.32, 2.0, 'A', 0, 1);
insert into notes_details values ('2011-2012', 'SEM-6', 'Hugo Morel', 'THS-2', 11.32, 4.0, 'A', 3, 2);
insert into notes_details values ('2012-2013', 'SEM-7', 'Hugo Morel', 'ASL-3', 11.32, 1.33, 'A', 0, 1);
insert into notes_details values ('2012-2013', 'SEM-7', 'Hugo Morel', 'ASL-3', 11.32, 2.33, 'A', 0, 2);
insert into contentieux values ('2012-2013', 'SEM-7', 'Hugo Morel', 'ASL-3');
insert into notes_details values ('2012-2013', 'SEM-7', 'Hugo Morel', 'DPP-3', 11.32, 1.33, 'A', 0, 1);
insert into notes_details values ('2012-2013', 'SEM-7', 'Hugo Morel', 'DPP-3', 11.32, 3.67, 'A', 2, 2);
insert into notes_details values ('2012-2013', 'SEM-7', 'Hugo Morel', 'EAO-31', 11.32, 2.33, 'A', 0, 1);
insert into notes_details values ('2012-2013', 'SEM-7', 'Hugo Morel', 'EAO-31', 11.32, 2.0, 'A', 0, 2);
insert into contentieux values ('2012-2013', 'SEM-7', 'Hugo Morel', 'EAO-31');
insert into notes_details values ('2012-2013', 'SEM-7', 'Hugo Morel', 'EAO-32', 11.32, 1.67, 'A', 0, 1);
insert into notes_details values ('2012-2013', 'SEM-7', 'Hugo Morel', 'EAO-32', 11.32, 1.67, 'A', 0, 2);
insert into contentieux values ('2012-2013', 'SEM-7', 'Hugo Morel', 'EAO-32');
insert into notes_details values ('2012-2013', 'SEM-7', 'Hugo Morel', 'EAO-33', 11.32, 1.0, 'A', 0, 1);
insert into notes_details values ('2012-2013', 'SEM-7', 'Hugo Morel', 'EAO-33', 11.32, 1.0, 'A', 0, 2);
insert into contentieux values ('2012-2013', 'SEM-7', 'Hugo Morel', 'EAO-33');
insert into notes_details values ('2012-2013', 'SEM-7', 'Hugo Morel', 'EAO-34', 11.32, 1.33, 'A', 0, 1);
insert into notes_details values ('2012-2013', 'SEM-7', 'Hugo Morel', 'EAO-34', 11.32, 3.33, 'A', 2, 2);
insert into notes_details values ('2012-2013', 'SEM-7', 'Hugo Morel', 'EAO-35', 11.32, 1.67, 'A', 0, 1);
insert into notes_details values ('2012-2013', 'SEM-7', 'Hugo Morel', 'EAO-35', 11.32, 3.0, 'A', 2, 2);
insert into notes_details values ('2012-2013', 'SEM-7', 'Hugo Morel', 'LCI-3', 11.32, 3.0, 'A', 3, 1);
insert into notes_details values ('2012-2013', 'SEM-7', 'Hugo Morel', 'MAT-3', 11.32, 1.0, 'A', 0, 1);
insert into notes_details values ('2012-2013', 'SEM-7', 'Hugo Morel', 'MAT-3', 11.32, 1.0, 'A', 0, 2);
insert into contentieux values ('2012-2013', 'SEM-7', 'Hugo Morel', 'MAT-3');
insert into notes_details values ('2012-2013', 'SEM-7', 'Hugo Morel', 'MNG-3', 11.32, 3.67, 'A', 3, 1);
insert into notes_details values ('2012-2013', 'SEM-7', 'Hugo Morel', 'PJT-3', 11.32, 3.67, 'A', 5, 1);
insert into notes_details values ('2012-2013', 'SEM-7', 'Hugo Morel', 'STD-3', 11.32, 2.33, 'A', 0, 1);
insert into notes_details values ('2012-2013', 'SEM-7', 'Hugo Morel', 'STD-3', 11.32, 1.33, 'A', 0, 2);
insert into contentieux values ('2012-2013', 'SEM-7', 'Hugo Morel', 'STD-3');
insert into gpa values ('2011-2012', 'SEM-5', 'Hugo Morel', 3.56);
insert into gpa values ('2011-2012', 'SEM-6', 'Hugo Morel', 3.77);
insert into gpa values ('2012-2013', 'SEM-7', 'Hugo Morel', 3.75);
insert into eleves values ('Merlin Cinqmars', 1, 'S', 'Tres bien', 'MP', null, 'mcinqmars');
insert into notes_details values ('2010-2011', 'SEM-5', 'Merlin Cinqmars', 'ALG-1', 11.32, 3.0, 'A', 3, 1);
insert into notes_details values ('2010-2011', 'SEM-5', 'Merlin Cinqmars', 'DPP-1', 11.32, 3.67, 'A', 2, 1);
insert into notes_details values ('2010-2011', 'SEM-5', 'Merlin Cinqmars', 'ELE-1', 11.32, 2.33, 'A', 0, 1);
insert into notes_details values ('2010-2011', 'SEM-5', 'Merlin Cinqmars', 'ELE-1', 11.32, 3.0, 'A', 3, 2);
insert into notes_details values ('2010-2011', 'SEM-5', 'Merlin Cinqmars', 'INP-1', 11.32, 3.0, 'A', 3, 1);
insert into notes_details values ('2010-2011', 'SEM-5', 'Merlin Cinqmars', 'LCI-1', 11.32, 2.33, 'A', 0, 1);
insert into notes_details values ('2010-2011', 'SEM-5', 'Merlin Cinqmars', 'LCI-1', 11.32, 3.33, 'A', 3, 2);
insert into notes_details values ('2010-2011', 'SEM-5', 'Merlin Cinqmars', 'MAT-1', 11.32, 2.0, 'A', 0, 1);
insert into notes_details values ('2010-2011', 'SEM-5', 'Merlin Cinqmars', 'MAT-1', 11.32, 1.67, 'A', 3, 99);
insert into notes_details values ('2010-2011', 'SEM-5', 'Merlin Cinqmars', 'MGP-1', 11.32, 3.0, 'A', 4, 1);
insert into notes_details values ('2010-2011', 'SEM-5', 'Merlin Cinqmars', 'PHO-1', 11.32, 1.33, 'A', 0, 1);
insert into notes_details values ('2010-2011', 'SEM-5', 'Merlin Cinqmars', 'PHO-1', 11.32, 4.0, 'A', 3, 2);
insert into notes_details values ('2010-2011', 'SEM-5', 'Merlin Cinqmars', 'PHQ-1', 11.32, 2.0, 'A', 0, 1);
insert into notes_details values ('2010-2011', 'SEM-5', 'Merlin Cinqmars', 'PHQ-1', 11.32, 2.67, 'A', 3, 2);
insert into notes_details values ('2010-2011', 'SEM-5', 'Merlin Cinqmars', 'SPM-1', 11.32, 4.0, 'A', 3, 1);
insert into notes_details values ('2010-2011', 'SEM-6', 'Merlin Cinqmars', 'DPP-2', 11.32, 3.67, 'A', 1, 1);
insert into notes_details values ('2010-2011', 'SEM-6', 'Merlin Cinqmars', 'EAO-2', 11.32, 1.33, 'A', 0, 1);
insert into notes_details values ('2010-2011', 'SEM-6', 'Merlin Cinqmars', 'EAO-2', 11.32, 3.33, 'A', 3, 2);
insert into notes_details values ('2010-2011', 'SEM-6', 'Merlin Cinqmars', 'ECO-2', 11.32, 1.33, 'A', 0, 1);
insert into notes_details values ('2010-2011', 'SEM-6', 'Merlin Cinqmars', 'ECO-2', 11.32, 3.33, 'A', 3, 2);
insert into notes_details values ('2010-2011', 'SEM-6', 'Merlin Cinqmars', 'LCI-2', 11.32, 2.33, 'A', 0, 1);
insert into notes_details values ('2010-2011', 'SEM-6', 'Merlin Cinqmars', 'LCI-2', 11.32, 2.33, 'A', 3, 99);
insert into notes_details values ('2010-2011', 'SEM-6', 'Merlin Cinqmars', 'MAT-2', 11.32, 1.0, 'A', 0, 1);
insert into notes_details values ('2010-2011', 'SEM-6', 'Merlin Cinqmars', 'MAT-2', 11.32, 3.67, 'A', 2, 2);
insert into notes_details values ('2010-2011', 'SEM-6', 'Merlin Cinqmars', 'MCO-2', 11.32, 3.33, 'A', 2, 1);
insert into notes_details values ('2010-2011', 'SEM-6', 'Merlin Cinqmars', 'MGP-2', 11.32, 1.0, 'A', 0, 1);
insert into notes_details values ('2010-2011', 'SEM-6', 'Merlin Cinqmars', 'MGP-2', 11.32, 3.0, 'A', 4, 2);
insert into notes_details values ('2010-2011', 'SEM-6', 'Merlin Cinqmars', 'PHS-2', 11.32, 2.67, 'A', 2, 1);
insert into notes_details values ('2010-2011', 'SEM-6', 'Merlin Cinqmars', 'PJT-2', 11.32, 3.0, 'A', 1, 1);
insert into notes_details values ('2010-2011', 'SEM-6', 'Merlin Cinqmars', 'RMS-2', 11.32, 1.67, 'A', 0, 1);
insert into notes_details values ('2010-2011', 'SEM-6', 'Merlin Cinqmars', 'RMS-2', 11.32, 1.67, 'A', 4, 99);
insert into notes_details values ('2010-2011', 'SEM-6', 'Merlin Cinqmars', 'STG-2', 11.32, 3.0, 'A', 2, 1);
insert into notes_details values ('2010-2011', 'SEM-6', 'Merlin Cinqmars', 'THS-2', 11.32, 1.0, 'A', 0, 1);
insert into notes_details values ('2010-2011', 'SEM-6', 'Merlin Cinqmars', 'THS-2', 11.32, 4.0, 'A', 3, 2);
insert into notes_details values ('2011-2012', 'SEM-7', 'Merlin Cinqmars', 'ASL-3', 11.32, 1.0, 'A', 0, 1);
insert into notes_details values ('2011-2012', 'SEM-7', 'Merlin Cinqmars', 'ASL-3', 11.32, 1.67, 'A', 0, 2);
insert into contentieux values ('2011-2012', 'SEM-7', 'Merlin Cinqmars', 'ASL-3');
insert into notes_details values ('2011-2012', 'SEM-7', 'Merlin Cinqmars', 'DPP-3', 11.32, 3.67, 'A', 2, 1);
insert into notes_details values ('2011-2012', 'SEM-7', 'Merlin Cinqmars', 'EAO-31', 11.32, 1.67, 'A', 0, 1);
insert into notes_details values ('2011-2012', 'SEM-7', 'Merlin Cinqmars', 'EAO-31', 11.32, 4.0, 'A', 2, 2);
insert into notes_details values ('2011-2012', 'SEM-7', 'Merlin Cinqmars', 'EAO-32', 11.32, 2.33, 'A', 0, 1);
insert into notes_details values ('2011-2012', 'SEM-7', 'Merlin Cinqmars', 'EAO-32', 11.32, 2.67, 'A', 2, 2);
insert into notes_details values ('2011-2012', 'SEM-7', 'Merlin Cinqmars', 'EAO-33', 11.32, 2.33, 'A', 0, 1);
insert into notes_details values ('2011-2012', 'SEM-7', 'Merlin Cinqmars', 'EAO-33', 11.32, 2.67, 'A', 2, 2);
insert into notes_details values ('2011-2012', 'SEM-7', 'Merlin Cinqmars', 'EAO-34', 11.32, 4.0, 'A', 2, 1);
insert into notes_details values ('2011-2012', 'SEM-7', 'Merlin Cinqmars', 'EAO-35', 11.32, 2.67, 'A', 2, 1);
insert into notes_details values ('2011-2012', 'SEM-7', 'Merlin Cinqmars', 'LCI-3', 11.32, 2.0, 'A', 0, 1);
insert into notes_details values ('2011-2012', 'SEM-7', 'Merlin Cinqmars', 'LCI-3', 11.32, 4.0, 'A', 3, 2);
insert into notes_details values ('2011-2012', 'SEM-7', 'Merlin Cinqmars', 'MAT-3', 11.32, 2.67, 'A', 3, 1);
insert into notes_details values ('2011-2012', 'SEM-7', 'Merlin Cinqmars', 'MNG-3', 11.32, 1.67, 'A', 0, 1);
insert into notes_details values ('2011-2012', 'SEM-7', 'Merlin Cinqmars', 'MNG-3', 11.32, 1.67, 'A', 3, 99);
insert into notes_details values ('2011-2012', 'SEM-7', 'Merlin Cinqmars', 'PJT-3', 11.32, 1.67, 'A', 0, 1);
insert into notes_details values ('2011-2012', 'SEM-7', 'Merlin Cinqmars', 'PJT-3', 11.32, 1.0, 'A', 5, 99);
insert into notes_details values ('2011-2012', 'SEM-7', 'Merlin Cinqmars', 'STD-3', 11.32, 2.0, 'A', 0, 1);
insert into notes_details values ('2011-2012', 'SEM-7', 'Merlin Cinqmars', 'STD-3', 11.32, 3.33, 'A', 2, 2);
insert into gpa values ('2010-2011', 'SEM-5', 'Merlin Cinqmars', 3.09);
insert into gpa values ('2010-2011', 'SEM-6', 'Merlin Cinqmars', 3.63);
insert into gpa values ('2011-2012', 'SEM-7', 'Merlin Cinqmars', 3.62);
insert into cesure values ('Merlin Cinqmars', 'CESURE');
insert into eleves values ('France Petit', 1, 'S', 'Tres bien', 'MP', null, 'fpetit');
insert into notes_details values ('2011-2012', 'SEM-5', 'France Petit', 'ALG-1', 11.32, 3.67, 'A', 3, 1);
insert into notes_details values ('2011-2012', 'SEM-5', 'France Petit', 'DPP-1', 11.32, 1.0, 'A', 0, 1);
insert into notes_details values ('2011-2012', 'SEM-5', 'France Petit', 'DPP-1', 11.32, 2.67, 'A', 2, 2);
insert into notes_details values ('2011-2012', 'SEM-5', 'France Petit', 'ELE-1', 11.32, 1.33, 'A', 0, 1);
insert into notes_details values ('2011-2012', 'SEM-5', 'France Petit', 'ELE-1', 11.32, 2.67, 'A', 3, 2);
insert into notes_details values ('2011-2012', 'SEM-5', 'France Petit', 'INP-1', 11.32, 2.33, 'A', 0, 1);
insert into notes_details values ('2011-2012', 'SEM-5', 'France Petit', 'INP-1', 11.32, 4.0, 'A', 3, 2);
insert into notes_details values ('2011-2012', 'SEM-5', 'France Petit', 'LCI-1', 11.32, 1.33, 'A', 0, 1);
insert into notes_details values ('2011-2012', 'SEM-5', 'France Petit', 'LCI-1', 11.32, 2.67, 'A', 3, 2);
insert into notes_details values ('2011-2012', 'SEM-5', 'France Petit', 'MAT-1', 11.32, 2.0, 'A', 0, 1);
insert into notes_details values ('2011-2012', 'SEM-5', 'France Petit', 'MAT-1', 11.32, 1.33, 'A', 3, 99);
insert into notes_details values ('2011-2012', 'SEM-5', 'France Petit', 'MGP-1', 11.32, 3.33, 'A', 4, 1);
insert into notes_details values ('2011-2012', 'SEM-5', 'France Petit', 'PHO-1', 11.32, 3.0, 'A', 3, 1);
insert into notes_details values ('2011-2012', 'SEM-5', 'France Petit', 'PHQ-1', 11.32, 2.33, 'A', 0, 1);
insert into notes_details values ('2011-2012', 'SEM-5', 'France Petit', 'PHQ-1', 11.32, 2.0, 'A', 3, 99);
insert into notes_details values ('2011-2012', 'SEM-5', 'France Petit', 'SPM-1', 11.32, 2.67, 'A', 3, 1);
insert into notes_details values ('2011-2012', 'SEM-6', 'France Petit', 'DPP-2', 11.32, 3.33, 'A', 1, 1);
insert into notes_details values ('2011-2012', 'SEM-6', 'France Petit', 'EAO-2', 11.32, 3.0, 'A', 3, 1);
insert into notes_details values ('2011-2012', 'SEM-6', 'France Petit', 'ECO-2', 11.32, 1.67, 'A', 0, 1);
insert into notes_details values ('2011-2012', 'SEM-6', 'France Petit', 'ECO-2', 11.32, 3.33, 'A', 3, 2);
insert into notes_details values ('2011-2012', 'SEM-6', 'France Petit', 'LCI-2', 11.32, 2.33, 'A', 0, 1);
insert into notes_details values ('2011-2012', 'SEM-6', 'France Petit', 'LCI-2', 11.32, 4.0, 'A', 3, 2);
insert into notes_details values ('2011-2012', 'SEM-6', 'France Petit', 'MAT-2', 11.32, 3.67, 'A', 2, 1);
insert into notes_details values ('2011-2012', 'SEM-6', 'France Petit', 'MCO-2', 11.32, 3.33, 'A', 2, 1);
insert into notes_details values ('2011-2012', 'SEM-6', 'France Petit', 'MGP-2', 11.32, 2.33, 'A', 0, 1);
insert into notes_details values ('2011-2012', 'SEM-6', 'France Petit', 'MGP-2', 11.32, 3.33, 'A', 4, 2);
insert into notes_details values ('2011-2012', 'SEM-6', 'France Petit', 'PHS-2', 11.32, 1.67, 'A', 0, 1);
insert into notes_details values ('2011-2012', 'SEM-6', 'France Petit', 'PHS-2', 11.32, 2.67, 'A', 2, 2);
insert into notes_details values ('2011-2012', 'SEM-6', 'France Petit', 'PJT-2', 11.32, 3.67, 'A', 1, 1);
insert into notes_details values ('2011-2012', 'SEM-6', 'France Petit', 'RMS-2', 11.32, 3.33, 'A', 4, 1);
insert into notes_details values ('2011-2012', 'SEM-6', 'France Petit', 'STG-2', 11.32, 1.33, 'A', 0, 1);
insert into notes_details values ('2011-2012', 'SEM-6', 'France Petit', 'STG-2', 11.32, 2.67, 'A', 2, 2);
insert into notes_details values ('2011-2012', 'SEM-6', 'France Petit', 'THS-2', 11.32, 4.0, 'A', 3, 1);
insert into notes_details values ('2012-2013', 'SEM-7', 'France Petit', 'ASL-3', 11.32, 2.67, 'A', 2, 1);
insert into notes_details values ('2012-2013', 'SEM-7', 'France Petit', 'DPP-3', 11.32, 1.67, 'A', 0, 1);
insert into notes_details values ('2012-2013', 'SEM-7', 'France Petit', 'DPP-3', 11.32, 1.0, 'A', 2, 99);
insert into notes_details values ('2012-2013', 'SEM-7', 'France Petit', 'EAO-31', 11.32, 4.0, 'A', 2, 1);
insert into notes_details values ('2012-2013', 'SEM-7', 'France Petit', 'EAO-32', 11.32, 2.0, 'A', 0, 1);
insert into notes_details values ('2012-2013', 'SEM-7', 'France Petit', 'EAO-32', 11.32, 2.0, 'A', 0, 2);
insert into contentieux values ('2012-2013', 'SEM-7', 'France Petit', 'EAO-32');
insert into notes_details values ('2012-2013', 'SEM-7', 'France Petit', 'EAO-33', 11.32, 2.33, 'A', 0, 1);
insert into notes_details values ('2012-2013', 'SEM-7', 'France Petit', 'EAO-33', 11.32, 1.33, 'A', 2, 99);
insert into notes_details values ('2012-2013', 'SEM-7', 'France Petit', 'EAO-34', 11.32, 1.0, 'A', 0, 1);
insert into notes_details values ('2012-2013', 'SEM-7', 'France Petit', 'EAO-34', 11.32, 3.67, 'A', 2, 2);
insert into notes_details values ('2012-2013', 'SEM-7', 'France Petit', 'EAO-35', 11.32, 2.67, 'A', 2, 1);
insert into notes_details values ('2012-2013', 'SEM-7', 'France Petit', 'LCI-3', 11.32, 1.33, 'A', 0, 1);
insert into notes_details values ('2012-2013', 'SEM-7', 'France Petit', 'LCI-3', 11.32, 1.0, 'A', 3, 99);
insert into notes_details values ('2012-2013', 'SEM-7', 'France Petit', 'MAT-3', 11.32, 3.0, 'A', 3, 1);
insert into notes_details values ('2012-2013', 'SEM-7', 'France Petit', 'MNG-3', 11.32, 2.33, 'A', 0, 1);
insert into notes_details values ('2012-2013', 'SEM-7', 'France Petit', 'MNG-3', 11.32, 1.67, 'A', 3, 99);
insert into notes_details values ('2012-2013', 'SEM-7', 'France Petit', 'PJT-3', 11.32, 3.67, 'A', 5, 1);
insert into notes_details values ('2012-2013', 'SEM-7', 'France Petit', 'STD-3', 11.32, 3.67, 'A', 2, 1);
insert into gpa values ('2011-2012', 'SEM-5', 'France Petit', 3.91);
insert into gpa values ('2011-2012', 'SEM-6', 'France Petit', 2.72);
insert into gpa values ('2012-2013', 'SEM-7', 'France Petit', 2.79);
insert into eleves values ('Monique Aubert', 1, 'S', 'Tres bien', 'MP', null, 'maubert');
insert into notes_details values ('2010-2011', 'SEM-5', 'Monique Aubert', 'ALG-1', 11.32, 2.33, 'A', 0, 1);
insert into notes_details values ('2010-2011', 'SEM-5', 'Monique Aubert', 'ALG-1', 11.32, 1.0, 'A', 3, 99);
insert into notes_details values ('2010-2011', 'SEM-5', 'Monique Aubert', 'DPP-1', 11.32, 3.0, 'A', 2, 1);
insert into notes_details values ('2010-2011', 'SEM-5', 'Monique Aubert', 'ELE-1', 11.32, 1.33, 'A', 0, 1);
insert into notes_details values ('2010-2011', 'SEM-5', 'Monique Aubert', 'ELE-1', 11.32, 4.0, 'A', 3, 2);
insert into notes_details values ('2010-2011', 'SEM-5', 'Monique Aubert', 'INP-1', 11.32, 3.33, 'A', 3, 1);
insert into notes_details values ('2010-2011', 'SEM-5', 'Monique Aubert', 'LCI-1', 11.32, 2.67, 'A', 3, 1);
insert into notes_details values ('2010-2011', 'SEM-5', 'Monique Aubert', 'MAT-1', 11.32, 3.0, 'A', 3, 1);
insert into notes_details values ('2010-2011', 'SEM-5', 'Monique Aubert', 'MGP-1', 11.32, 2.67, 'A', 4, 1);
insert into notes_details values ('2010-2011', 'SEM-5', 'Monique Aubert', 'PHO-1', 11.32, 2.33, 'A', 0, 1);
insert into notes_details values ('2010-2011', 'SEM-5', 'Monique Aubert', 'PHO-1', 11.32, 4.0, 'A', 3, 2);
insert into notes_details values ('2010-2011', 'SEM-5', 'Monique Aubert', 'PHQ-1', 11.32, 3.0, 'A', 3, 1);
insert into notes_details values ('2010-2011', 'SEM-5', 'Monique Aubert', 'SPM-1', 11.32, 3.67, 'A', 3, 1);
insert into notes_details values ('2010-2011', 'SEM-6', 'Monique Aubert', 'DPP-2', 11.32, 2.0, 'A', 0, 1);
insert into notes_details values ('2010-2011', 'SEM-6', 'Monique Aubert', 'DPP-2', 11.32, 3.0, 'A', 1, 2);
insert into notes_details values ('2010-2011', 'SEM-6', 'Monique Aubert', 'EAO-2', 11.32, 1.33, 'A', 0, 1);
insert into notes_details values ('2010-2011', 'SEM-6', 'Monique Aubert', 'EAO-2', 11.32, 3.0, 'A', 3, 2);
insert into notes_details values ('2010-2011', 'SEM-6', 'Monique Aubert', 'ECO-2', 11.32, 2.0, 'A', 0, 1);
insert into notes_details values ('2010-2011', 'SEM-6', 'Monique Aubert', 'ECO-2', 11.32, 2.67, 'A', 3, 2);
insert into notes_details values ('2010-2011', 'SEM-6', 'Monique Aubert', 'LCI-2', 11.32, 1.67, 'A', 0, 1);
insert into notes_details values ('2010-2011', 'SEM-6', 'Monique Aubert', 'LCI-2', 11.32, 3.67, 'A', 3, 2);
insert into notes_details values ('2010-2011', 'SEM-6', 'Monique Aubert', 'MAT-2', 11.32, 2.33, 'A', 0, 1);
insert into notes_details values ('2010-2011', 'SEM-6', 'Monique Aubert', 'MAT-2', 11.32, 2.67, 'A', 2, 2);
insert into notes_details values ('2010-2011', 'SEM-6', 'Monique Aubert', 'MCO-2', 11.32, 2.33, 'A', 0, 1);
insert into notes_details values ('2010-2011', 'SEM-6', 'Monique Aubert', 'MCO-2', 11.32, 3.0, 'A', 2, 2);
insert into notes_details values ('2010-2011', 'SEM-6', 'Monique Aubert', 'MGP-2', 11.32, 3.33, 'A', 4, 1);
insert into notes_details values ('2010-2011', 'SEM-6', 'Monique Aubert', 'PHS-2', 11.32, 1.33, 'A', 0, 1);
insert into notes_details values ('2010-2011', 'SEM-6', 'Monique Aubert', 'PHS-2', 11.32, 2.67, 'A', 2, 2);
insert into notes_details values ('2010-2011', 'SEM-6', 'Monique Aubert', 'PJT-2', 11.32, 1.33, 'A', 0, 1);
insert into notes_details values ('2010-2011', 'SEM-6', 'Monique Aubert', 'PJT-2', 11.32, 3.0, 'A', 1, 2);
insert into notes_details values ('2010-2011', 'SEM-6', 'Monique Aubert', 'RMS-2', 11.32, 2.67, 'A', 4, 1);
insert into notes_details values ('2010-2011', 'SEM-6', 'Monique Aubert', 'STG-2', 11.32, 3.0, 'A', 2, 1);
insert into notes_details values ('2010-2011', 'SEM-6', 'Monique Aubert', 'THS-2', 11.32, 2.0, 'A', 0, 1);
insert into notes_details values ('2010-2011', 'SEM-6', 'Monique Aubert', 'THS-2', 11.32, 1.0, 'A', 3, 99);
insert into notes_details values ('2011-2012', 'SEM-7', 'Monique Aubert', 'ASL-3', 11.32, 2.33, 'A', 0, 1);
insert into notes_details values ('2011-2012', 'SEM-7', 'Monique Aubert', 'ASL-3', 11.32, 1.33, 'A', 0, 2);
insert into contentieux values ('2011-2012', 'SEM-7', 'Monique Aubert', 'ASL-3');
insert into notes_details values ('2011-2012', 'SEM-7', 'Monique Aubert', 'DPP-3', 11.32, 3.67, 'A', 2, 1);
insert into notes_details values ('2011-2012', 'SEM-7', 'Monique Aubert', 'EAO-31', 11.32, 1.0, 'A', 0, 1);
insert into notes_details values ('2011-2012', 'SEM-7', 'Monique Aubert', 'EAO-31', 11.32, 1.33, 'A', 0, 2);
insert into contentieux values ('2011-2012', 'SEM-7', 'Monique Aubert', 'EAO-31');
insert into notes_details values ('2011-2012', 'SEM-7', 'Monique Aubert', 'EAO-32', 11.32, 2.33, 'A', 0, 1);
insert into notes_details values ('2011-2012', 'SEM-7', 'Monique Aubert', 'EAO-32', 11.32, 3.0, 'A', 2, 2);
insert into notes_details values ('2011-2012', 'SEM-7', 'Monique Aubert', 'EAO-33', 11.32, 2.67, 'A', 2, 1);
insert into notes_details values ('2011-2012', 'SEM-7', 'Monique Aubert', 'EAO-34', 11.32, 4.0, 'A', 2, 1);
insert into notes_details values ('2011-2012', 'SEM-7', 'Monique Aubert', 'EAO-35', 11.32, 2.33, 'A', 0, 1);
insert into notes_details values ('2011-2012', 'SEM-7', 'Monique Aubert', 'EAO-35', 11.32, 3.67, 'A', 2, 2);
insert into notes_details values ('2011-2012', 'SEM-7', 'Monique Aubert', 'LCI-3', 11.32, 2.0, 'A', 0, 1);
insert into notes_details values ('2011-2012', 'SEM-7', 'Monique Aubert', 'LCI-3', 11.32, 3.0, 'A', 3, 2);
insert into notes_details values ('2011-2012', 'SEM-7', 'Monique Aubert', 'MAT-3', 11.32, 2.33, 'A', 0, 1);
insert into notes_details values ('2011-2012', 'SEM-7', 'Monique Aubert', 'MAT-3', 11.32, 2.67, 'A', 3, 2);
insert into notes_details values ('2011-2012', 'SEM-7', 'Monique Aubert', 'MNG-3', 11.32, 4.0, 'A', 3, 1);
insert into notes_details values ('2011-2012', 'SEM-7', 'Monique Aubert', 'PJT-3', 11.32, 2.33, 'A', 0, 1);
insert into notes_details values ('2011-2012', 'SEM-7', 'Monique Aubert', 'PJT-3', 11.32, 2.67, 'A', 5, 2);
insert into notes_details values ('2011-2012', 'SEM-7', 'Monique Aubert', 'STD-3', 11.32, 1.67, 'A', 0, 1);
insert into notes_details values ('2011-2012', 'SEM-7', 'Monique Aubert', 'STD-3', 11.32, 2.67, 'A', 2, 2);
insert into gpa values ('2010-2011', 'SEM-5', 'Monique Aubert', 2.95);
insert into gpa values ('2010-2011', 'SEM-6', 'Monique Aubert', 3.97);
insert into gpa values ('2011-2012', 'SEM-7', 'Monique Aubert', 3.53);
insert into eleves values ('Randy Gates', 1, 'S', 'Tres bien', 'MP', null, 'rgates');
insert into notes_details values ('2011-2012', 'SEM-5', 'Randy Gates', 'ALG-1', 11.32, 3.67, 'A', 3, 1);
insert into notes_details values ('2011-2012', 'SEM-5', 'Randy Gates', 'DPP-1', 11.32, 3.33, 'A', 2, 1);
insert into notes_details values ('2011-2012', 'SEM-5', 'Randy Gates', 'ELE-1', 11.32, 4.0, 'A', 3, 1);
insert into notes_details values ('2011-2012', 'SEM-5', 'Randy Gates', 'INP-1', 11.32, 2.67, 'A', 3, 1);
insert into notes_details values ('2011-2012', 'SEM-5', 'Randy Gates', 'LCI-1', 11.32, 3.33, 'A', 3, 1);
insert into notes_details values ('2011-2012', 'SEM-5', 'Randy Gates', 'MAT-1', 11.32, 2.67, 'A', 3, 1);
insert into notes_details values ('2011-2012', 'SEM-5', 'Randy Gates', 'MGP-1', 11.32, 2.67, 'A', 4, 1);
insert into notes_details values ('2011-2012', 'SEM-5', 'Randy Gates', 'PHO-1', 11.32, 2.33, 'A', 0, 1);
insert into notes_details values ('2011-2012', 'SEM-5', 'Randy Gates', 'PHO-1', 11.32, 2.0, 'A', 3, 99);
insert into notes_details values ('2011-2012', 'SEM-5', 'Randy Gates', 'PHQ-1', 11.32, 4.0, 'A', 3, 1);
insert into notes_details values ('2011-2012', 'SEM-5', 'Randy Gates', 'SPM-1', 11.32, 1.67, 'A', 0, 1);
insert into notes_details values ('2011-2012', 'SEM-5', 'Randy Gates', 'SPM-1', 11.32, 2.67, 'A', 3, 2);
insert into notes_details values ('2011-2012', 'SEM-6', 'Randy Gates', 'DPP-2', 11.32, 3.67, 'A', 1, 1);
insert into notes_details values ('2011-2012', 'SEM-6', 'Randy Gates', 'EAO-2', 11.32, 1.33, 'A', 0, 1);
insert into notes_details values ('2011-2012', 'SEM-6', 'Randy Gates', 'EAO-2', 11.32, 2.67, 'A', 3, 2);
insert into notes_details values ('2011-2012', 'SEM-6', 'Randy Gates', 'ECO-2', 11.32, 2.33, 'A', 0, 1);
insert into notes_details values ('2011-2012', 'SEM-6', 'Randy Gates', 'ECO-2', 11.32, 1.67, 'A', 3, 99);
insert into notes_details values ('2011-2012', 'SEM-6', 'Randy Gates', 'LCI-2', 11.32, 4.0, 'A', 3, 1);
insert into notes_details values ('2011-2012', 'SEM-6', 'Randy Gates', 'MAT-2', 11.32, 1.67, 'A', 0, 1);
insert into notes_details values ('2011-2012', 'SEM-6', 'Randy Gates', 'MAT-2', 11.32, 4.0, 'A', 2, 2);
insert into notes_details values ('2011-2012', 'SEM-6', 'Randy Gates', 'MCO-2', 11.32, 4.0, 'A', 2, 1);
insert into notes_details values ('2011-2012', 'SEM-6', 'Randy Gates', 'MGP-2', 11.32, 3.67, 'A', 4, 1);
insert into notes_details values ('2011-2012', 'SEM-6', 'Randy Gates', 'PHS-2', 11.32, 3.0, 'A', 2, 1);
insert into notes_details values ('2011-2012', 'SEM-6', 'Randy Gates', 'PJT-2', 11.32, 3.0, 'A', 1, 1);
insert into notes_details values ('2011-2012', 'SEM-6', 'Randy Gates', 'RMS-2', 11.32, 3.67, 'A', 4, 1);
insert into notes_details values ('2011-2012', 'SEM-6', 'Randy Gates', 'STG-2', 11.32, 1.67, 'A', 0, 1);
insert into notes_details values ('2011-2012', 'SEM-6', 'Randy Gates', 'STG-2', 11.32, 3.33, 'A', 2, 2);
insert into notes_details values ('2011-2012', 'SEM-6', 'Randy Gates', 'THS-2', 11.32, 2.0, 'A', 0, 1);
insert into notes_details values ('2011-2012', 'SEM-6', 'Randy Gates', 'THS-2', 11.32, 3.67, 'A', 3, 2);
insert into notes_details values ('2012-2013', 'SEM-7', 'Randy Gates', 'ASL-3', 11.32, 2.33, 'A', 0, 1);
insert into notes_details values ('2012-2013', 'SEM-7', 'Randy Gates', 'ASL-3', 11.32, 1.0, 'A', 0, 2);
insert into contentieux values ('2012-2013', 'SEM-7', 'Randy Gates', 'ASL-3');
insert into notes_details values ('2012-2013', 'SEM-7', 'Randy Gates', 'DPP-3', 11.32, 2.0, 'A', 0, 1);
insert into notes_details values ('2012-2013', 'SEM-7', 'Randy Gates', 'DPP-3', 11.32, 2.33, 'A', 0, 2);
insert into contentieux values ('2012-2013', 'SEM-7', 'Randy Gates', 'DPP-3');
insert into notes_details values ('2012-2013', 'SEM-7', 'Randy Gates', 'EAO-31', 11.32, 2.0, 'A', 0, 1);
insert into notes_details values ('2012-2013', 'SEM-7', 'Randy Gates', 'EAO-31', 11.32, 1.33, 'A', 0, 2);
insert into contentieux values ('2012-2013', 'SEM-7', 'Randy Gates', 'EAO-31');
insert into notes_details values ('2012-2013', 'SEM-7', 'Randy Gates', 'EAO-32', 11.32, 2.33, 'A', 0, 1);
insert into notes_details values ('2012-2013', 'SEM-7', 'Randy Gates', 'EAO-32', 11.32, 2.33, 'A', 0, 2);
insert into contentieux values ('2012-2013', 'SEM-7', 'Randy Gates', 'EAO-32');
insert into notes_details values ('2012-2013', 'SEM-7', 'Randy Gates', 'EAO-33', 11.32, 2.67, 'A', 2, 1);
insert into notes_details values ('2012-2013', 'SEM-7', 'Randy Gates', 'EAO-34', 11.32, 1.67, 'A', 0, 1);
insert into notes_details values ('2012-2013', 'SEM-7', 'Randy Gates', 'EAO-34', 11.32, 1.33, 'A', 0, 2);
insert into contentieux values ('2012-2013', 'SEM-7', 'Randy Gates', 'EAO-34');
insert into notes_details values ('2012-2013', 'SEM-7', 'Randy Gates', 'EAO-35', 11.32, 1.0, 'A', 0, 1);
insert into notes_details values ('2012-2013', 'SEM-7', 'Randy Gates', 'EAO-35', 11.32, 2.0, 'A', 0, 2);
insert into contentieux values ('2012-2013', 'SEM-7', 'Randy Gates', 'EAO-35');
insert into notes_details values ('2012-2013', 'SEM-7', 'Randy Gates', 'LCI-3', 11.32, 2.0, 'A', 0, 1);
insert into notes_details values ('2012-2013', 'SEM-7', 'Randy Gates', 'LCI-3', 11.32, 1.33, 'A', 3, 99);
insert into notes_details values ('2012-2013', 'SEM-7', 'Randy Gates', 'MAT-3', 11.32, 2.0, 'A', 0, 1);
insert into notes_details values ('2012-2013', 'SEM-7', 'Randy Gates', 'MAT-3', 11.32, 4.0, 'A', 3, 2);
insert into notes_details values ('2012-2013', 'SEM-7', 'Randy Gates', 'MNG-3', 11.32, 1.0, 'A', 0, 1);
insert into notes_details values ('2012-2013', 'SEM-7', 'Randy Gates', 'MNG-3', 11.32, 3.33, 'A', 3, 2);
insert into notes_details values ('2012-2013', 'SEM-7', 'Randy Gates', 'PJT-3', 11.32, 3.67, 'A', 5, 1);
insert into notes_details values ('2012-2013', 'SEM-7', 'Randy Gates', 'STD-3', 11.32, 1.67, 'A', 0, 1);
insert into notes_details values ('2012-2013', 'SEM-7', 'Randy Gates', 'STD-3', 11.32, 2.67, 'A', 2, 2);
insert into gpa values ('2011-2012', 'SEM-5', 'Randy Gates', 2.58);
insert into gpa values ('2011-2012', 'SEM-6', 'Randy Gates', 3.54);
insert into gpa values ('2012-2013', 'SEM-7', 'Randy Gates', 3.03);
insert into eleves values ('Adeline Racicot', 1, 'S', 'Tres bien', 'MP', null, 'aracicot');
insert into notes_details values ('2010-2011', 'SEM-5', 'Adeline Racicot', 'ALG-1', 11.32, 2.0, 'A', 0, 1);
insert into notes_details values ('2010-2011', 'SEM-5', 'Adeline Racicot', 'ALG-1', 11.32, 4.0, 'A', 3, 2);
insert into notes_details values ('2010-2011', 'SEM-5', 'Adeline Racicot', 'DPP-1', 11.32, 3.33, 'A', 2, 1);
insert into notes_details values ('2010-2011', 'SEM-5', 'Adeline Racicot', 'ELE-1', 11.32, 3.67, 'A', 3, 1);
insert into notes_details values ('2010-2011', 'SEM-5', 'Adeline Racicot', 'INP-1', 11.32, 1.0, 'A', 0, 1);
insert into notes_details values ('2010-2011', 'SEM-5', 'Adeline Racicot', 'INP-1', 11.32, 4.0, 'A', 3, 2);
insert into notes_details values ('2010-2011', 'SEM-5', 'Adeline Racicot', 'LCI-1', 11.32, 1.0, 'A', 0, 1);
insert into notes_details values ('2010-2011', 'SEM-5', 'Adeline Racicot', 'LCI-1', 11.32, 3.0, 'A', 3, 2);
insert into notes_details values ('2010-2011', 'SEM-5', 'Adeline Racicot', 'MAT-1', 11.32, 2.33, 'A', 0, 1);
insert into notes_details values ('2010-2011', 'SEM-5', 'Adeline Racicot', 'MAT-1', 11.32, 4.0, 'A', 3, 2);
insert into notes_details values ('2010-2011', 'SEM-5', 'Adeline Racicot', 'MGP-1', 11.32, 1.33, 'A', 0, 1);
insert into notes_details values ('2010-2011', 'SEM-5', 'Adeline Racicot', 'MGP-1', 11.32, 4.0, 'A', 4, 2);
insert into notes_details values ('2010-2011', 'SEM-5', 'Adeline Racicot', 'PHO-1', 11.32, 2.0, 'A', 0, 1);
insert into notes_details values ('2010-2011', 'SEM-5', 'Adeline Racicot', 'PHO-1', 11.32, 4.0, 'A', 3, 2);
insert into notes_details values ('2010-2011', 'SEM-5', 'Adeline Racicot', 'PHQ-1', 11.32, 3.33, 'A', 3, 1);
insert into notes_details values ('2010-2011', 'SEM-5', 'Adeline Racicot', 'SPM-1', 11.32, 1.33, 'A', 0, 1);
insert into notes_details values ('2010-2011', 'SEM-5', 'Adeline Racicot', 'SPM-1', 11.32, 3.0, 'A', 3, 2);
insert into notes_details values ('2010-2011', 'SEM-6', 'Adeline Racicot', 'DPP-2', 11.32, 3.33, 'A', 1, 1);
insert into notes_details values ('2010-2011', 'SEM-6', 'Adeline Racicot', 'EAO-2', 11.32, 3.0, 'A', 3, 1);
insert into notes_details values ('2010-2011', 'SEM-6', 'Adeline Racicot', 'ECO-2', 11.32, 1.0, 'A', 0, 1);
insert into notes_details values ('2010-2011', 'SEM-6', 'Adeline Racicot', 'ECO-2', 11.32, 1.33, 'A', 3, 99);
insert into notes_details values ('2010-2011', 'SEM-6', 'Adeline Racicot', 'LCI-2', 11.32, 3.0, 'A', 3, 1);
insert into notes_details values ('2010-2011', 'SEM-6', 'Adeline Racicot', 'MAT-2', 11.32, 3.0, 'A', 2, 1);
insert into notes_details values ('2010-2011', 'SEM-6', 'Adeline Racicot', 'MCO-2', 11.32, 4.0, 'A', 2, 1);
insert into notes_details values ('2010-2011', 'SEM-6', 'Adeline Racicot', 'MGP-2', 11.32, 1.33, 'A', 0, 1);
insert into notes_details values ('2010-2011', 'SEM-6', 'Adeline Racicot', 'MGP-2', 11.32, 1.33, 'A', 4, 99);
insert into notes_details values ('2010-2011', 'SEM-6', 'Adeline Racicot', 'PHS-2', 11.32, 3.67, 'A', 2, 1);
insert into notes_details values ('2010-2011', 'SEM-6', 'Adeline Racicot', 'PJT-2', 11.32, 2.67, 'A', 1, 1);
insert into notes_details values ('2010-2011', 'SEM-6', 'Adeline Racicot', 'RMS-2', 11.32, 3.33, 'A', 4, 1);
insert into notes_details values ('2010-2011', 'SEM-6', 'Adeline Racicot', 'STG-2', 11.32, 2.33, 'A', 0, 1);
insert into notes_details values ('2010-2011', 'SEM-6', 'Adeline Racicot', 'STG-2', 11.32, 1.67, 'A', 2, 99);
insert into notes_details values ('2010-2011', 'SEM-6', 'Adeline Racicot', 'THS-2', 11.32, 3.0, 'A', 3, 1);
insert into notes_details values ('2011-2012', 'SEM-7', 'Adeline Racicot', 'ASL-3', 11.32, 1.67, 'A', 0, 1);
insert into notes_details values ('2011-2012', 'SEM-7', 'Adeline Racicot', 'ASL-3', 11.32, 2.67, 'A', 2, 2);
insert into notes_details values ('2011-2012', 'SEM-7', 'Adeline Racicot', 'DPP-3', 11.32, 1.33, 'A', 0, 1);
insert into notes_details values ('2011-2012', 'SEM-7', 'Adeline Racicot', 'DPP-3', 11.32, 3.0, 'A', 2, 2);
insert into notes_details values ('2011-2012', 'SEM-7', 'Adeline Racicot', 'EAO-31', 11.32, 2.33, 'A', 0, 1);
insert into notes_details values ('2011-2012', 'SEM-7', 'Adeline Racicot', 'EAO-31', 11.32, 1.33, 'A', 2, 99);
insert into notes_details values ('2011-2012', 'SEM-7', 'Adeline Racicot', 'EAO-32', 11.32, 3.0, 'A', 2, 1);
insert into notes_details values ('2011-2012', 'SEM-7', 'Adeline Racicot', 'EAO-33', 11.32, 1.0, 'A', 0, 1);
insert into notes_details values ('2011-2012', 'SEM-7', 'Adeline Racicot', 'EAO-33', 11.32, 2.67, 'A', 2, 2);
insert into notes_details values ('2011-2012', 'SEM-7', 'Adeline Racicot', 'EAO-34', 11.32, 1.67, 'A', 0, 1);
insert into notes_details values ('2011-2012', 'SEM-7', 'Adeline Racicot', 'EAO-34', 11.32, 1.67, 'A', 0, 2);
insert into contentieux values ('2011-2012', 'SEM-7', 'Adeline Racicot', 'EAO-34');
insert into notes_details values ('2011-2012', 'SEM-7', 'Adeline Racicot', 'EAO-35', 11.32, 2.33, 'A', 0, 1);
insert into notes_details values ('2011-2012', 'SEM-7', 'Adeline Racicot', 'EAO-35', 11.32, 1.67, 'A', 0, 2);
insert into contentieux values ('2011-2012', 'SEM-7', 'Adeline Racicot', 'EAO-35');
insert into notes_details values ('2011-2012', 'SEM-7', 'Adeline Racicot', 'LCI-3', 11.32, 1.67, 'A', 0, 1);
insert into notes_details values ('2011-2012', 'SEM-7', 'Adeline Racicot', 'LCI-3', 11.32, 4.0, 'A', 3, 2);
insert into notes_details values ('2011-2012', 'SEM-7', 'Adeline Racicot', 'MAT-3', 11.32, 2.0, 'A', 0, 1);
insert into notes_details values ('2011-2012', 'SEM-7', 'Adeline Racicot', 'MAT-3', 11.32, 2.67, 'A', 3, 2);
insert into notes_details values ('2011-2012', 'SEM-7', 'Adeline Racicot', 'MNG-3', 11.32, 3.0, 'A', 3, 1);
insert into notes_details values ('2011-2012', 'SEM-7', 'Adeline Racicot', 'PJT-3', 11.32, 2.33, 'A', 0, 1);
insert into notes_details values ('2011-2012', 'SEM-7', 'Adeline Racicot', 'PJT-3', 11.32, 2.0, 'A', 0, 2);
insert into contentieux values ('2011-2012', 'SEM-7', 'Adeline Racicot', 'PJT-3');
insert into notes_details values ('2011-2012', 'SEM-7', 'Adeline Racicot', 'STD-3', 11.32, 2.0, 'A', 0, 1);
insert into notes_details values ('2011-2012', 'SEM-7', 'Adeline Racicot', 'STD-3', 11.32, 2.0, 'A', 0, 2);
insert into contentieux values ('2011-2012', 'SEM-7', 'Adeline Racicot', 'STD-3');
insert into gpa values ('2010-2011', 'SEM-5', 'Adeline Racicot', 3.28);
insert into gpa values ('2010-2011', 'SEM-6', 'Adeline Racicot', 2.09);
insert into gpa values ('2011-2012', 'SEM-7', 'Adeline Racicot', 2.79);
insert into cesure values ('Adeline Racicot', 'CESURE');
insert into eleves values ('Senapus Aucoin', 1, 'S', 'Tres bien', 'Credits', null, 'saucoin');
insert into notes_details values ('2011-2012', 'SEM-5', 'Senapus Aucoin', 'ALG-1', 11.32, 3.33, 'A', 3, 1);
insert into notes_details values ('2011-2012', 'SEM-5', 'Senapus Aucoin', 'DPP-1', 11.32, 2.0, 'A', 0, 1);
insert into notes_details values ('2011-2012', 'SEM-5', 'Senapus Aucoin', 'DPP-1', 11.32, 2.67, 'A', 2, 2);
insert into notes_details values ('2011-2012', 'SEM-5', 'Senapus Aucoin', 'ELE-1', 11.32, 3.33, 'A', 3, 1);
insert into notes_details values ('2011-2012', 'SEM-5', 'Senapus Aucoin', 'INP-1', 11.32, 2.67, 'A', 3, 1);
insert into notes_details values ('2011-2012', 'SEM-5', 'Senapus Aucoin', 'LCI-1', 11.32, 3.33, 'A', 3, 1);
insert into notes_details values ('2011-2012', 'SEM-5', 'Senapus Aucoin', 'MAT-1', 11.32, 2.33, 'A', 0, 1);
insert into notes_details values ('2011-2012', 'SEM-5', 'Senapus Aucoin', 'MAT-1', 11.32, 3.33, 'A', 3, 2);
insert into notes_details values ('2011-2012', 'SEM-5', 'Senapus Aucoin', 'MGP-1', 11.32, 2.67, 'A', 4, 1);
insert into notes_details values ('2011-2012', 'SEM-5', 'Senapus Aucoin', 'PHO-1', 11.32, 1.33, 'A', 0, 1);
insert into notes_details values ('2011-2012', 'SEM-5', 'Senapus Aucoin', 'PHO-1', 11.32, 1.0, 'A', 3, 99);
insert into notes_details values ('2011-2012', 'SEM-5', 'Senapus Aucoin', 'PHQ-1', 11.32, 1.0, 'A', 0, 1);
insert into notes_details values ('2011-2012', 'SEM-5', 'Senapus Aucoin', 'PHQ-1', 11.32, 3.33, 'A', 3, 2);
insert into notes_details values ('2011-2012', 'SEM-5', 'Senapus Aucoin', 'SPM-1', 11.32, 3.0, 'A', 3, 1);
insert into notes_details values ('2011-2012', 'SEM-6', 'Senapus Aucoin', 'DPP-2', 11.32, 1.33, 'A', 0, 1);
insert into notes_details values ('2011-2012', 'SEM-6', 'Senapus Aucoin', 'DPP-2', 11.32, 3.0, 'A', 1, 2);
insert into notes_details values ('2011-2012', 'SEM-6', 'Senapus Aucoin', 'EAO-2', 11.32, 4.0, 'A', 3, 1);
insert into notes_details values ('2011-2012', 'SEM-6', 'Senapus Aucoin', 'ECO-2', 11.32, 3.67, 'A', 3, 1);
insert into notes_details values ('2011-2012', 'SEM-6', 'Senapus Aucoin', 'LCI-2', 11.32, 4.0, 'A', 3, 1);
insert into notes_details values ('2011-2012', 'SEM-6', 'Senapus Aucoin', 'MAT-2', 11.32, 2.67, 'A', 2, 1);
insert into notes_details values ('2011-2012', 'SEM-6', 'Senapus Aucoin', 'MCO-2', 11.32, 3.67, 'A', 2, 1);
insert into notes_details values ('2011-2012', 'SEM-6', 'Senapus Aucoin', 'MGP-2', 11.32, 2.33, 'A', 0, 1);
insert into notes_details values ('2011-2012', 'SEM-6', 'Senapus Aucoin', 'MGP-2', 11.32, 3.67, 'A', 4, 2);
insert into notes_details values ('2011-2012', 'SEM-6', 'Senapus Aucoin', 'PHS-2', 11.32, 4.0, 'A', 2, 1);
insert into notes_details values ('2011-2012', 'SEM-6', 'Senapus Aucoin', 'PJT-2', 11.32, 2.33, 'A', 0, 1);
insert into notes_details values ('2011-2012', 'SEM-6', 'Senapus Aucoin', 'PJT-2', 11.32, 3.0, 'A', 1, 2);
insert into notes_details values ('2011-2012', 'SEM-6', 'Senapus Aucoin', 'RMS-2', 11.32, 1.0, 'A', 0, 1);
insert into notes_details values ('2011-2012', 'SEM-6', 'Senapus Aucoin', 'RMS-2', 11.32, 4.0, 'A', 4, 2);
insert into notes_details values ('2011-2012', 'SEM-6', 'Senapus Aucoin', 'STG-2', 11.32, 2.33, 'A', 0, 1);
insert into notes_details values ('2011-2012', 'SEM-6', 'Senapus Aucoin', 'STG-2', 11.32, 1.0, 'A', 2, 99);
insert into notes_details values ('2011-2012', 'SEM-6', 'Senapus Aucoin', 'THS-2', 11.32, 1.0, 'A', 0, 1);
insert into notes_details values ('2011-2012', 'SEM-6', 'Senapus Aucoin', 'THS-2', 11.32, 3.33, 'A', 3, 2);
insert into notes_details values ('2012-2013', 'SEM-7', 'Senapus Aucoin', 'ASL-3', 11.32, 3.0, 'A', 2, 1);
insert into notes_details values ('2012-2013', 'SEM-7', 'Senapus Aucoin', 'DPP-3', 11.32, 2.0, 'A', 0, 1);
insert into notes_details values ('2012-2013', 'SEM-7', 'Senapus Aucoin', 'DPP-3', 11.32, 2.0, 'A', 0, 2);
insert into contentieux values ('2012-2013', 'SEM-7', 'Senapus Aucoin', 'DPP-3');
insert into notes_details values ('2012-2013', 'SEM-7', 'Senapus Aucoin', 'EAO-31', 11.32, 3.67, 'A', 2, 1);
insert into notes_details values ('2012-2013', 'SEM-7', 'Senapus Aucoin', 'EAO-32', 11.32, 2.0, 'A', 0, 1);
insert into notes_details values ('2012-2013', 'SEM-7', 'Senapus Aucoin', 'EAO-32', 11.32, 3.33, 'A', 2, 2);
insert into notes_details values ('2012-2013', 'SEM-7', 'Senapus Aucoin', 'EAO-33', 11.32, 3.0, 'A', 2, 1);
insert into notes_details values ('2012-2013', 'SEM-7', 'Senapus Aucoin', 'EAO-34', 11.32, 2.67, 'A', 2, 1);
insert into notes_details values ('2012-2013', 'SEM-7', 'Senapus Aucoin', 'EAO-35', 11.32, 3.0, 'A', 2, 1);
insert into notes_details values ('2012-2013', 'SEM-7', 'Senapus Aucoin', 'LCI-3', 11.32, 1.0, 'A', 0, 1);
insert into notes_details values ('2012-2013', 'SEM-7', 'Senapus Aucoin', 'LCI-3', 11.32, 2.0, 'A', 0, 2);
insert into contentieux values ('2012-2013', 'SEM-7', 'Senapus Aucoin', 'LCI-3');
insert into notes_details values ('2012-2013', 'SEM-7', 'Senapus Aucoin', 'MAT-3', 11.32, 1.0, 'A', 0, 1);
insert into notes_details values ('2012-2013', 'SEM-7', 'Senapus Aucoin', 'MAT-3', 11.32, 3.33, 'A', 3, 2);
insert into notes_details values ('2012-2013', 'SEM-7', 'Senapus Aucoin', 'MNG-3', 11.32, 1.33, 'A', 0, 1);
insert into notes_details values ('2012-2013', 'SEM-7', 'Senapus Aucoin', 'MNG-3', 11.32, 1.67, 'A', 0, 2);
insert into contentieux values ('2012-2013', 'SEM-7', 'Senapus Aucoin', 'MNG-3');
insert into notes_details values ('2012-2013', 'SEM-7', 'Senapus Aucoin', 'PJT-3', 11.32, 1.0, 'A', 0, 1);
insert into notes_details values ('2012-2013', 'SEM-7', 'Senapus Aucoin', 'PJT-3', 11.32, 3.67, 'A', 5, 2);
insert into notes_details values ('2012-2013', 'SEM-7', 'Senapus Aucoin', 'STD-3', 11.32, 2.33, 'A', 0, 1);
insert into notes_details values ('2012-2013', 'SEM-7', 'Senapus Aucoin', 'STD-3', 11.32, 2.33, 'A', 0, 2);
insert into contentieux values ('2012-2013', 'SEM-7', 'Senapus Aucoin', 'STD-3');
insert into gpa values ('2011-2012', 'SEM-5', 'Senapus Aucoin', 2.44);
insert into gpa values ('2011-2012', 'SEM-6', 'Senapus Aucoin', 2.19);
insert into gpa values ('2012-2013', 'SEM-7', 'Senapus Aucoin', 2.27);
insert into eleves values ('Michel Kopa', 1, 'S', 'Tres bien', 'MP', null, 'mkopa');
insert into notes_details values ('2010-2011', 'SEM-5', 'Michel Kopa', 'ALG-1', 11.32, 2.0, 'A', 0, 1);
insert into notes_details values ('2010-2011', 'SEM-5', 'Michel Kopa', 'ALG-1', 11.32, 1.33, 'A', 3, 99);
insert into notes_details values ('2010-2011', 'SEM-5', 'Michel Kopa', 'DPP-1', 11.32, 2.33, 'A', 0, 1);
insert into notes_details values ('2010-2011', 'SEM-5', 'Michel Kopa', 'DPP-1', 11.32, 3.67, 'A', 2, 2);
insert into notes_details values ('2010-2011', 'SEM-5', 'Michel Kopa', 'ELE-1', 11.32, 2.0, 'A', 0, 1);
insert into notes_details values ('2010-2011', 'SEM-5', 'Michel Kopa', 'ELE-1', 11.32, 3.67, 'A', 3, 2);
insert into notes_details values ('2010-2011', 'SEM-5', 'Michel Kopa', 'INP-1', 11.32, 2.67, 'A', 3, 1);
insert into notes_details values ('2010-2011', 'SEM-5', 'Michel Kopa', 'LCI-1', 11.32, 2.0, 'A', 0, 1);
insert into notes_details values ('2010-2011', 'SEM-5', 'Michel Kopa', 'LCI-1', 11.32, 2.67, 'A', 3, 2);
insert into notes_details values ('2010-2011', 'SEM-5', 'Michel Kopa', 'MAT-1', 11.32, 2.67, 'A', 3, 1);
insert into notes_details values ('2010-2011', 'SEM-5', 'Michel Kopa', 'MGP-1', 11.32, 1.0, 'A', 0, 1);
insert into notes_details values ('2010-2011', 'SEM-5', 'Michel Kopa', 'MGP-1', 11.32, 4.0, 'A', 4, 2);
insert into notes_details values ('2010-2011', 'SEM-5', 'Michel Kopa', 'PHO-1', 11.32, 2.0, 'A', 0, 1);
insert into notes_details values ('2010-2011', 'SEM-5', 'Michel Kopa', 'PHO-1', 11.32, 3.67, 'A', 3, 2);
insert into notes_details values ('2010-2011', 'SEM-5', 'Michel Kopa', 'PHQ-1', 11.32, 4.0, 'A', 3, 1);
insert into notes_details values ('2010-2011', 'SEM-5', 'Michel Kopa', 'SPM-1', 11.32, 1.0, 'A', 0, 1);
insert into notes_details values ('2010-2011', 'SEM-5', 'Michel Kopa', 'SPM-1', 11.32, 3.33, 'A', 3, 2);
insert into notes_details values ('2010-2011', 'SEM-6', 'Michel Kopa', 'DPP-2', 11.32, 2.33, 'A', 0, 1);
insert into notes_details values ('2010-2011', 'SEM-6', 'Michel Kopa', 'DPP-2', 11.32, 3.67, 'A', 1, 2);
insert into notes_details values ('2010-2011', 'SEM-6', 'Michel Kopa', 'EAO-2', 11.32, 3.67, 'A', 3, 1);
insert into notes_details values ('2010-2011', 'SEM-6', 'Michel Kopa', 'ECO-2', 11.32, 2.33, 'A', 0, 1);
insert into notes_details values ('2010-2011', 'SEM-6', 'Michel Kopa', 'ECO-2', 11.32, 2.33, 'A', 3, 99);
insert into notes_details values ('2010-2011', 'SEM-6', 'Michel Kopa', 'LCI-2', 11.32, 2.33, 'A', 0, 1);
insert into notes_details values ('2010-2011', 'SEM-6', 'Michel Kopa', 'LCI-2', 11.32, 3.67, 'A', 3, 2);
insert into notes_details values ('2010-2011', 'SEM-6', 'Michel Kopa', 'MAT-2', 11.32, 4.0, 'A', 2, 1);
insert into notes_details values ('2010-2011', 'SEM-6', 'Michel Kopa', 'MCO-2', 11.32, 2.33, 'A', 0, 1);
insert into notes_details values ('2010-2011', 'SEM-6', 'Michel Kopa', 'MCO-2', 11.32, 3.67, 'A', 2, 2);
insert into notes_details values ('2010-2011', 'SEM-6', 'Michel Kopa', 'MGP-2', 11.32, 1.0, 'A', 0, 1);
insert into notes_details values ('2010-2011', 'SEM-6', 'Michel Kopa', 'MGP-2', 11.32, 4.0, 'A', 4, 2);
insert into notes_details values ('2010-2011', 'SEM-6', 'Michel Kopa', 'PHS-2', 11.32, 1.33, 'A', 0, 1);
insert into notes_details values ('2010-2011', 'SEM-6', 'Michel Kopa', 'PHS-2', 11.32, 3.0, 'A', 2, 2);
insert into notes_details values ('2010-2011', 'SEM-6', 'Michel Kopa', 'PJT-2', 11.32, 3.67, 'A', 1, 1);
insert into notes_details values ('2010-2011', 'SEM-6', 'Michel Kopa', 'RMS-2', 11.32, 3.0, 'A', 4, 1);
insert into notes_details values ('2010-2011', 'SEM-6', 'Michel Kopa', 'STG-2', 11.32, 2.0, 'A', 0, 1);
insert into notes_details values ('2010-2011', 'SEM-6', 'Michel Kopa', 'STG-2', 11.32, 2.67, 'A', 2, 2);
insert into notes_details values ('2010-2011', 'SEM-6', 'Michel Kopa', 'THS-2', 11.32, 1.33, 'A', 0, 1);
insert into notes_details values ('2010-2011', 'SEM-6', 'Michel Kopa', 'THS-2', 11.32, 4.0, 'A', 3, 2);
insert into notes_details values ('2011-2012', 'SEM-7', 'Michel Kopa', 'ASL-3', 11.32, 2.0, 'A', 0, 1);
insert into notes_details values ('2011-2012', 'SEM-7', 'Michel Kopa', 'ASL-3', 11.32, 2.33, 'A', 2, 99);
insert into notes_details values ('2011-2012', 'SEM-7', 'Michel Kopa', 'DPP-3', 11.32, 1.67, 'A', 0, 1);
insert into notes_details values ('2011-2012', 'SEM-7', 'Michel Kopa', 'DPP-3', 11.32, 3.0, 'A', 2, 2);
insert into notes_details values ('2011-2012', 'SEM-7', 'Michel Kopa', 'EAO-31', 11.32, 3.0, 'A', 2, 1);
insert into notes_details values ('2011-2012', 'SEM-7', 'Michel Kopa', 'EAO-32', 11.32, 2.33, 'A', 0, 1);
insert into notes_details values ('2011-2012', 'SEM-7', 'Michel Kopa', 'EAO-32', 11.32, 1.33, 'A', 0, 2);
insert into contentieux values ('2011-2012', 'SEM-7', 'Michel Kopa', 'EAO-32');
insert into notes_details values ('2011-2012', 'SEM-7', 'Michel Kopa', 'EAO-33', 11.32, 2.33, 'A', 0, 1);
insert into notes_details values ('2011-2012', 'SEM-7', 'Michel Kopa', 'EAO-33', 11.32, 2.0, 'A', 0, 2);
insert into contentieux values ('2011-2012', 'SEM-7', 'Michel Kopa', 'EAO-33');
insert into notes_details values ('2011-2012', 'SEM-7', 'Michel Kopa', 'EAO-34', 11.32, 3.33, 'A', 2, 1);
insert into notes_details values ('2011-2012', 'SEM-7', 'Michel Kopa', 'EAO-35', 11.32, 1.67, 'A', 0, 1);
insert into notes_details values ('2011-2012', 'SEM-7', 'Michel Kopa', 'EAO-35', 11.32, 2.33, 'A', 0, 2);
insert into contentieux values ('2011-2012', 'SEM-7', 'Michel Kopa', 'EAO-35');
insert into notes_details values ('2011-2012', 'SEM-7', 'Michel Kopa', 'LCI-3', 11.32, 1.0, 'A', 0, 1);
insert into notes_details values ('2011-2012', 'SEM-7', 'Michel Kopa', 'LCI-3', 11.32, 3.0, 'A', 3, 2);
insert into notes_details values ('2011-2012', 'SEM-7', 'Michel Kopa', 'MAT-3', 11.32, 1.67, 'A', 0, 1);
insert into notes_details values ('2011-2012', 'SEM-7', 'Michel Kopa', 'MAT-3', 11.32, 1.0, 'A', 0, 2);
insert into contentieux values ('2011-2012', 'SEM-7', 'Michel Kopa', 'MAT-3');
insert into notes_details values ('2011-2012', 'SEM-7', 'Michel Kopa', 'MNG-3', 11.32, 1.33, 'A', 0, 1);
insert into notes_details values ('2011-2012', 'SEM-7', 'Michel Kopa', 'MNG-3', 11.32, 2.0, 'A', 0, 2);
insert into contentieux values ('2011-2012', 'SEM-7', 'Michel Kopa', 'MNG-3');
insert into notes_details values ('2011-2012', 'SEM-7', 'Michel Kopa', 'PJT-3', 11.32, 4.0, 'A', 5, 1);
insert into notes_details values ('2011-2012', 'SEM-7', 'Michel Kopa', 'STD-3', 11.32, 1.0, 'A', 0, 1);
insert into notes_details values ('2011-2012', 'SEM-7', 'Michel Kopa', 'STD-3', 11.32, 1.0, 'A', 2, 99);
insert into gpa values ('2010-2011', 'SEM-5', 'Michel Kopa', 3.22);
insert into gpa values ('2010-2011', 'SEM-6', 'Michel Kopa', 2.36);
insert into gpa values ('2011-2012', 'SEM-7', 'Michel Kopa', 2.91);
insert into eleves values ('Paolo Olivier', 1, 'S', 'Tres bien', 'MP', null, 'polivier');
insert into notes_details values ('2011-2012', 'SEM-5', 'Paolo Olivier', 'ALG-1', 11.32, 4.0, 'A', 3, 1);
insert into notes_details values ('2011-2012', 'SEM-5', 'Paolo Olivier', 'DPP-1', 11.32, 3.67, 'A', 2, 1);
insert into notes_details values ('2011-2012', 'SEM-5', 'Paolo Olivier', 'ELE-1', 11.32, 2.0, 'A', 0, 1);
insert into notes_details values ('2011-2012', 'SEM-5', 'Paolo Olivier', 'ELE-1', 11.32, 2.67, 'A', 3, 2);
insert into notes_details values ('2011-2012', 'SEM-5', 'Paolo Olivier', 'INP-1', 11.32, 2.0, 'A', 0, 1);
insert into notes_details values ('2011-2012', 'SEM-5', 'Paolo Olivier', 'INP-1', 11.32, 1.0, 'A', 3, 99);
insert into notes_details values ('2011-2012', 'SEM-5', 'Paolo Olivier', 'LCI-1', 11.32, 1.33, 'A', 0, 1);
insert into notes_details values ('2011-2012', 'SEM-5', 'Paolo Olivier', 'LCI-1', 11.32, 1.33, 'A', 3, 99);
insert into notes_details values ('2011-2012', 'SEM-5', 'Paolo Olivier', 'MAT-1', 11.32, 4.0, 'A', 3, 1);
insert into notes_details values ('2011-2012', 'SEM-5', 'Paolo Olivier', 'MGP-1', 11.32, 1.67, 'A', 0, 1);
insert into notes_details values ('2011-2012', 'SEM-5', 'Paolo Olivier', 'MGP-1', 11.32, 3.67, 'A', 4, 2);
insert into notes_details values ('2011-2012', 'SEM-5', 'Paolo Olivier', 'PHO-1', 11.32, 2.0, 'A', 0, 1);
insert into notes_details values ('2011-2012', 'SEM-5', 'Paolo Olivier', 'PHO-1', 11.32, 1.67, 'A', 3, 99);
insert into notes_details values ('2011-2012', 'SEM-5', 'Paolo Olivier', 'PHQ-1', 11.32, 1.0, 'A', 0, 1);
insert into notes_details values ('2011-2012', 'SEM-5', 'Paolo Olivier', 'PHQ-1', 11.32, 1.0, 'A', 3, 99);
insert into notes_details values ('2011-2012', 'SEM-5', 'Paolo Olivier', 'SPM-1', 11.32, 3.33, 'A', 3, 1);
insert into notes_details values ('2011-2012', 'SEM-6', 'Paolo Olivier', 'DPP-2', 11.32, 2.33, 'A', 0, 1);
insert into notes_details values ('2011-2012', 'SEM-6', 'Paolo Olivier', 'DPP-2', 11.32, 2.67, 'A', 1, 2);
insert into notes_details values ('2011-2012', 'SEM-6', 'Paolo Olivier', 'EAO-2', 11.32, 3.67, 'A', 3, 1);
insert into notes_details values ('2011-2012', 'SEM-6', 'Paolo Olivier', 'ECO-2', 11.32, 1.67, 'A', 0, 1);
insert into notes_details values ('2011-2012', 'SEM-6', 'Paolo Olivier', 'ECO-2', 11.32, 2.0, 'A', 3, 99);
insert into notes_details values ('2011-2012', 'SEM-6', 'Paolo Olivier', 'LCI-2', 11.32, 1.0, 'A', 0, 1);
insert into notes_details values ('2011-2012', 'SEM-6', 'Paolo Olivier', 'LCI-2', 11.32, 3.0, 'A', 3, 2);
insert into notes_details values ('2011-2012', 'SEM-6', 'Paolo Olivier', 'MAT-2', 11.32, 3.67, 'A', 2, 1);
insert into notes_details values ('2011-2012', 'SEM-6', 'Paolo Olivier', 'MCO-2', 11.32, 1.67, 'A', 0, 1);
insert into notes_details values ('2011-2012', 'SEM-6', 'Paolo Olivier', 'MCO-2', 11.32, 3.67, 'A', 2, 2);
insert into notes_details values ('2011-2012', 'SEM-6', 'Paolo Olivier', 'MGP-2', 11.32, 3.33, 'A', 4, 1);
insert into notes_details values ('2011-2012', 'SEM-6', 'Paolo Olivier', 'PHS-2', 11.32, 4.0, 'A', 2, 1);
insert into notes_details values ('2011-2012', 'SEM-6', 'Paolo Olivier', 'PJT-2', 11.32, 2.0, 'A', 0, 1);
insert into notes_details values ('2011-2012', 'SEM-6', 'Paolo Olivier', 'PJT-2', 11.32, 4.0, 'A', 1, 2);
insert into notes_details values ('2011-2012', 'SEM-6', 'Paolo Olivier', 'RMS-2', 11.32, 3.0, 'A', 4, 1);
insert into notes_details values ('2011-2012', 'SEM-6', 'Paolo Olivier', 'STG-2', 11.32, 1.67, 'A', 0, 1);
insert into notes_details values ('2011-2012', 'SEM-6', 'Paolo Olivier', 'STG-2', 11.32, 3.0, 'A', 2, 2);
insert into notes_details values ('2011-2012', 'SEM-6', 'Paolo Olivier', 'THS-2', 11.32, 3.67, 'A', 3, 1);
insert into notes_details values ('2012-2013', 'SEM-7', 'Paolo Olivier', 'ASL-3', 11.32, 3.67, 'A', 2, 1);
insert into notes_details values ('2012-2013', 'SEM-7', 'Paolo Olivier', 'DPP-3', 11.32, 2.0, 'A', 0, 1);
insert into notes_details values ('2012-2013', 'SEM-7', 'Paolo Olivier', 'DPP-3', 11.32, 3.67, 'A', 2, 2);
insert into notes_details values ('2012-2013', 'SEM-7', 'Paolo Olivier', 'EAO-31', 11.32, 3.33, 'A', 2, 1);
insert into notes_details values ('2012-2013', 'SEM-7', 'Paolo Olivier', 'EAO-32', 11.32, 4.0, 'A', 2, 1);
insert into notes_details values ('2012-2013', 'SEM-7', 'Paolo Olivier', 'EAO-33', 11.32, 3.0, 'A', 2, 1);
insert into notes_details values ('2012-2013', 'SEM-7', 'Paolo Olivier', 'EAO-34', 11.32, 1.33, 'A', 0, 1);
insert into notes_details values ('2012-2013', 'SEM-7', 'Paolo Olivier', 'EAO-34', 11.32, 2.33, 'A', 0, 2);
insert into contentieux values ('2012-2013', 'SEM-7', 'Paolo Olivier', 'EAO-34');
insert into notes_details values ('2012-2013', 'SEM-7', 'Paolo Olivier', 'EAO-35', 11.32, 3.0, 'A', 2, 1);
insert into notes_details values ('2012-2013', 'SEM-7', 'Paolo Olivier', 'LCI-3', 11.32, 3.67, 'A', 3, 1);
insert into notes_details values ('2012-2013', 'SEM-7', 'Paolo Olivier', 'MAT-3', 11.32, 3.33, 'A', 3, 1);
insert into notes_details values ('2012-2013', 'SEM-7', 'Paolo Olivier', 'MNG-3', 11.32, 2.33, 'A', 0, 1);
insert into notes_details values ('2012-2013', 'SEM-7', 'Paolo Olivier', 'MNG-3', 11.32, 2.33, 'A', 0, 2);
insert into contentieux values ('2012-2013', 'SEM-7', 'Paolo Olivier', 'MNG-3');
insert into notes_details values ('2012-2013', 'SEM-7', 'Paolo Olivier', 'PJT-3', 11.32, 2.0, 'A', 0, 1);
insert into notes_details values ('2012-2013', 'SEM-7', 'Paolo Olivier', 'PJT-3', 11.32, 4.0, 'A', 5, 2);
insert into notes_details values ('2012-2013', 'SEM-7', 'Paolo Olivier', 'STD-3', 11.32, 1.67, 'A', 0, 1);
insert into notes_details values ('2012-2013', 'SEM-7', 'Paolo Olivier', 'STD-3', 11.32, 4.0, 'A', 2, 2);
insert into gpa values ('2011-2012', 'SEM-5', 'Paolo Olivier', 3.72);
insert into gpa values ('2011-2012', 'SEM-6', 'Paolo Olivier', 3.7);
insert into gpa values ('2012-2013', 'SEM-7', 'Paolo Olivier', 2.42);
insert into eleves values ('Wilfired Meyer', 1, 'S', 'Tres bien', 'MP', null, 'wmeyer');
insert into notes_details values ('2010-2011', 'SEM-5', 'Wilfired Meyer', 'ALG-1', 11.32, 3.0, 'A', 3, 1);
insert into notes_details values ('2010-2011', 'SEM-5', 'Wilfired Meyer', 'DPP-1', 11.32, 4.0, 'A', 2, 1);
insert into notes_details values ('2010-2011', 'SEM-5', 'Wilfired Meyer', 'ELE-1', 11.32, 3.0, 'A', 3, 1);
insert into notes_details values ('2010-2011', 'SEM-5', 'Wilfired Meyer', 'INP-1', 11.32, 3.67, 'A', 3, 1);
insert into notes_details values ('2010-2011', 'SEM-5', 'Wilfired Meyer', 'LCI-1', 11.32, 2.67, 'A', 3, 1);
insert into notes_details values ('2010-2011', 'SEM-5', 'Wilfired Meyer', 'MAT-1', 11.32, 1.67, 'A', 0, 1);
insert into notes_details values ('2010-2011', 'SEM-5', 'Wilfired Meyer', 'MAT-1', 11.32, 2.67, 'A', 3, 2);
insert into notes_details values ('2010-2011', 'SEM-5', 'Wilfired Meyer', 'MGP-1', 11.32, 3.33, 'A', 4, 1);
insert into notes_details values ('2010-2011', 'SEM-5', 'Wilfired Meyer', 'PHO-1', 11.32, 3.33, 'A', 3, 1);
insert into notes_details values ('2010-2011', 'SEM-5', 'Wilfired Meyer', 'PHQ-1', 11.32, 1.33, 'A', 0, 1);
insert into notes_details values ('2010-2011', 'SEM-5', 'Wilfired Meyer', 'PHQ-1', 11.32, 1.0, 'A', 3, 99);
insert into notes_details values ('2010-2011', 'SEM-5', 'Wilfired Meyer', 'SPM-1', 11.32, 2.0, 'A', 0, 1);
insert into notes_details values ('2010-2011', 'SEM-5', 'Wilfired Meyer', 'SPM-1', 11.32, 2.67, 'A', 3, 2);
insert into notes_details values ('2010-2011', 'SEM-6', 'Wilfired Meyer', 'DPP-2', 11.32, 4.0, 'A', 1, 1);
insert into notes_details values ('2010-2011', 'SEM-6', 'Wilfired Meyer', 'EAO-2', 11.32, 1.0, 'A', 0, 1);
insert into notes_details values ('2010-2011', 'SEM-6', 'Wilfired Meyer', 'EAO-2', 11.32, 3.0, 'A', 3, 2);
insert into notes_details values ('2010-2011', 'SEM-6', 'Wilfired Meyer', 'ECO-2', 11.32, 3.33, 'A', 3, 1);
insert into notes_details values ('2010-2011', 'SEM-6', 'Wilfired Meyer', 'LCI-2', 11.32, 1.33, 'A', 0, 1);
insert into notes_details values ('2010-2011', 'SEM-6', 'Wilfired Meyer', 'LCI-2', 11.32, 2.67, 'A', 3, 2);
insert into notes_details values ('2010-2011', 'SEM-6', 'Wilfired Meyer', 'MAT-2', 11.32, 4.0, 'A', 2, 1);
insert into notes_details values ('2010-2011', 'SEM-6', 'Wilfired Meyer', 'MCO-2', 11.32, 3.33, 'A', 2, 1);
insert into notes_details values ('2010-2011', 'SEM-6', 'Wilfired Meyer', 'MGP-2', 11.32, 2.0, 'A', 0, 1);
insert into notes_details values ('2010-2011', 'SEM-6', 'Wilfired Meyer', 'MGP-2', 11.32, 3.0, 'A', 4, 2);
insert into notes_details values ('2010-2011', 'SEM-6', 'Wilfired Meyer', 'PHS-2', 11.32, 3.0, 'A', 2, 1);
insert into notes_details values ('2010-2011', 'SEM-6', 'Wilfired Meyer', 'PJT-2', 11.32, 2.0, 'A', 0, 1);
insert into notes_details values ('2010-2011', 'SEM-6', 'Wilfired Meyer', 'PJT-2', 11.32, 3.33, 'A', 1, 2);
insert into notes_details values ('2010-2011', 'SEM-6', 'Wilfired Meyer', 'RMS-2', 11.32, 3.0, 'A', 4, 1);
insert into notes_details values ('2010-2011', 'SEM-6', 'Wilfired Meyer', 'STG-2', 11.32, 2.67, 'A', 2, 1);
insert into notes_details values ('2010-2011', 'SEM-6', 'Wilfired Meyer', 'THS-2', 11.32, 2.33, 'A', 0, 1);
insert into notes_details values ('2010-2011', 'SEM-6', 'Wilfired Meyer', 'THS-2', 11.32, 3.67, 'A', 3, 2);
insert into notes_details values ('2011-2012', 'SEM-7', 'Wilfired Meyer', 'ASL-3', 11.32, 1.67, 'A', 0, 1);
insert into notes_details values ('2011-2012', 'SEM-7', 'Wilfired Meyer', 'ASL-3', 11.32, 2.0, 'A', 2, 99);
insert into notes_details values ('2011-2012', 'SEM-7', 'Wilfired Meyer', 'DPP-3', 11.32, 3.33, 'A', 2, 1);
insert into notes_details values ('2011-2012', 'SEM-7', 'Wilfired Meyer', 'EAO-31', 11.32, 1.0, 'A', 0, 1);
insert into notes_details values ('2011-2012', 'SEM-7', 'Wilfired Meyer', 'EAO-31', 11.32, 1.33, 'A', 0, 2);
insert into contentieux values ('2011-2012', 'SEM-7', 'Wilfired Meyer', 'EAO-31');
insert into notes_details values ('2011-2012', 'SEM-7', 'Wilfired Meyer', 'EAO-32', 11.32, 3.33, 'A', 2, 1);
insert into notes_details values ('2011-2012', 'SEM-7', 'Wilfired Meyer', 'EAO-33', 11.32, 3.33, 'A', 2, 1);
insert into notes_details values ('2011-2012', 'SEM-7', 'Wilfired Meyer', 'EAO-34', 11.32, 3.33, 'A', 2, 1);
insert into notes_details values ('2011-2012', 'SEM-7', 'Wilfired Meyer', 'EAO-35', 11.32, 1.0, 'A', 0, 1);
insert into notes_details values ('2011-2012', 'SEM-7', 'Wilfired Meyer', 'EAO-35', 11.32, 1.0, 'A', 0, 2);
insert into contentieux values ('2011-2012', 'SEM-7', 'Wilfired Meyer', 'EAO-35');
insert into notes_details values ('2011-2012', 'SEM-7', 'Wilfired Meyer', 'LCI-3', 11.32, 1.67, 'A', 0, 1);
insert into notes_details values ('2011-2012', 'SEM-7', 'Wilfired Meyer', 'LCI-3', 11.32, 1.67, 'A', 0, 2);
insert into contentieux values ('2011-2012', 'SEM-7', 'Wilfired Meyer', 'LCI-3');
insert into notes_details values ('2011-2012', 'SEM-7', 'Wilfired Meyer', 'MAT-3', 11.32, 1.33, 'A', 0, 1);
insert into notes_details values ('2011-2012', 'SEM-7', 'Wilfired Meyer', 'MAT-3', 11.32, 1.33, 'A', 0, 2);
insert into contentieux values ('2011-2012', 'SEM-7', 'Wilfired Meyer', 'MAT-3');
insert into notes_details values ('2011-2012', 'SEM-7', 'Wilfired Meyer', 'MNG-3', 11.32, 1.67, 'A', 0, 1);
insert into notes_details values ('2011-2012', 'SEM-7', 'Wilfired Meyer', 'MNG-3', 11.32, 2.67, 'A', 3, 2);
insert into notes_details values ('2011-2012', 'SEM-7', 'Wilfired Meyer', 'PJT-3', 11.32, 3.33, 'A', 5, 1);
insert into notes_details values ('2011-2012', 'SEM-7', 'Wilfired Meyer', 'STD-3', 11.32, 4.0, 'A', 2, 1);
insert into gpa values ('2010-2011', 'SEM-5', 'Wilfired Meyer', 3.4);
insert into gpa values ('2010-2011', 'SEM-6', 'Wilfired Meyer', 2.27);
insert into gpa values ('2011-2012', 'SEM-7', 'Wilfired Meyer', 3.01);
insert into eleves values ('Victoria Gaillard', 1, 'S', 'Tres bien', 'MP', null, 'vgaillard');
insert into notes_details values ('2011-2012', 'SEM-5', 'Victoria Gaillard', 'ALG-1', 11.32, 3.67, 'A', 3, 1);
insert into notes_details values ('2011-2012', 'SEM-5', 'Victoria Gaillard', 'DPP-1', 11.32, 2.0, 'A', 0, 1);
insert into notes_details values ('2011-2012', 'SEM-5', 'Victoria Gaillard', 'DPP-1', 11.32, 1.67, 'A', 2, 99);
insert into notes_details values ('2011-2012', 'SEM-5', 'Victoria Gaillard', 'ELE-1', 11.32, 3.67, 'A', 3, 1);
insert into notes_details values ('2011-2012', 'SEM-5', 'Victoria Gaillard', 'INP-1', 11.32, 4.0, 'A', 3, 1);
insert into notes_details values ('2011-2012', 'SEM-5', 'Victoria Gaillard', 'LCI-1', 11.32, 2.33, 'A', 0, 1);
insert into notes_details values ('2011-2012', 'SEM-5', 'Victoria Gaillard', 'LCI-1', 11.32, 3.33, 'A', 3, 2);
insert into notes_details values ('2011-2012', 'SEM-5', 'Victoria Gaillard', 'MAT-1', 11.32, 1.0, 'A', 0, 1);
insert into notes_details values ('2011-2012', 'SEM-5', 'Victoria Gaillard', 'MAT-1', 11.32, 4.0, 'A', 3, 2);
insert into notes_details values ('2011-2012', 'SEM-5', 'Victoria Gaillard', 'MGP-1', 11.32, 3.33, 'A', 4, 1);
insert into notes_details values ('2011-2012', 'SEM-5', 'Victoria Gaillard', 'PHO-1', 11.32, 2.0, 'A', 0, 1);
insert into notes_details values ('2011-2012', 'SEM-5', 'Victoria Gaillard', 'PHO-1', 11.32, 2.67, 'A', 3, 2);
insert into notes_details values ('2011-2012', 'SEM-5', 'Victoria Gaillard', 'PHQ-1', 11.32, 1.33, 'A', 0, 1);
insert into notes_details values ('2011-2012', 'SEM-5', 'Victoria Gaillard', 'PHQ-1', 11.32, 3.0, 'A', 3, 2);
insert into notes_details values ('2011-2012', 'SEM-5', 'Victoria Gaillard', 'SPM-1', 11.32, 2.0, 'A', 0, 1);
insert into notes_details values ('2011-2012', 'SEM-5', 'Victoria Gaillard', 'SPM-1', 11.32, 4.0, 'A', 3, 2);
insert into notes_details values ('2011-2012', 'SEM-6', 'Victoria Gaillard', 'DPP-2', 11.32, 4.0, 'A', 1, 1);
insert into notes_details values ('2011-2012', 'SEM-6', 'Victoria Gaillard', 'EAO-2', 11.32, 2.33, 'A', 0, 1);
insert into notes_details values ('2011-2012', 'SEM-6', 'Victoria Gaillard', 'EAO-2', 11.32, 3.0, 'A', 3, 2);
insert into notes_details values ('2011-2012', 'SEM-6', 'Victoria Gaillard', 'ECO-2', 11.32, 1.67, 'A', 0, 1);
insert into notes_details values ('2011-2012', 'SEM-6', 'Victoria Gaillard', 'ECO-2', 11.32, 2.67, 'A', 3, 2);
insert into notes_details values ('2011-2012', 'SEM-6', 'Victoria Gaillard', 'LCI-2', 11.32, 2.67, 'A', 3, 1);
insert into notes_details values ('2011-2012', 'SEM-6', 'Victoria Gaillard', 'MAT-2', 11.32, 3.33, 'A', 2, 1);
insert into notes_details values ('2011-2012', 'SEM-6', 'Victoria Gaillard', 'MCO-2', 11.32, 2.0, 'A', 0, 1);
insert into notes_details values ('2011-2012', 'SEM-6', 'Victoria Gaillard', 'MCO-2', 11.32, 2.0, 'A', 2, 99);
insert into notes_details values ('2011-2012', 'SEM-6', 'Victoria Gaillard', 'MGP-2', 11.32, 3.33, 'A', 4, 1);
insert into notes_details values ('2011-2012', 'SEM-6', 'Victoria Gaillard', 'PHS-2', 11.32, 1.33, 'A', 0, 1);
insert into notes_details values ('2011-2012', 'SEM-6', 'Victoria Gaillard', 'PHS-2', 11.32, 3.0, 'A', 2, 2);
insert into notes_details values ('2011-2012', 'SEM-6', 'Victoria Gaillard', 'PJT-2', 11.32, 1.0, 'A', 0, 1);
insert into notes_details values ('2011-2012', 'SEM-6', 'Victoria Gaillard', 'PJT-2', 11.32, 2.0, 'A', 1, 99);
insert into notes_details values ('2011-2012', 'SEM-6', 'Victoria Gaillard', 'RMS-2', 11.32, 2.67, 'A', 4, 1);
insert into notes_details values ('2011-2012', 'SEM-6', 'Victoria Gaillard', 'STG-2', 11.32, 4.0, 'A', 2, 1);
insert into notes_details values ('2011-2012', 'SEM-6', 'Victoria Gaillard', 'THS-2', 11.32, 2.67, 'A', 3, 1);
insert into notes_details values ('2012-2013', 'SEM-7', 'Victoria Gaillard', 'ASL-3', 11.32, 1.67, 'A', 0, 1);
insert into notes_details values ('2012-2013', 'SEM-7', 'Victoria Gaillard', 'ASL-3', 11.32, 3.0, 'A', 2, 2);
insert into notes_details values ('2012-2013', 'SEM-7', 'Victoria Gaillard', 'DPP-3', 11.32, 1.0, 'A', 0, 1);
insert into notes_details values ('2012-2013', 'SEM-7', 'Victoria Gaillard', 'DPP-3', 11.32, 4.0, 'A', 2, 2);
insert into notes_details values ('2012-2013', 'SEM-7', 'Victoria Gaillard', 'EAO-31', 11.32, 3.0, 'A', 2, 1);
insert into notes_details values ('2012-2013', 'SEM-7', 'Victoria Gaillard', 'EAO-32', 11.32, 3.33, 'A', 2, 1);
insert into notes_details values ('2012-2013', 'SEM-7', 'Victoria Gaillard', 'EAO-33', 11.32, 2.0, 'A', 0, 1);
insert into notes_details values ('2012-2013', 'SEM-7', 'Victoria Gaillard', 'EAO-33', 11.32, 1.0, 'A', 0, 2);
insert into contentieux values ('2012-2013', 'SEM-7', 'Victoria Gaillard', 'EAO-33');
insert into notes_details values ('2012-2013', 'SEM-7', 'Victoria Gaillard', 'EAO-34', 11.32, 1.67, 'A', 0, 1);
insert into notes_details values ('2012-2013', 'SEM-7', 'Victoria Gaillard', 'EAO-34', 11.32, 3.0, 'A', 2, 2);
insert into notes_details values ('2012-2013', 'SEM-7', 'Victoria Gaillard', 'EAO-35', 11.32, 1.33, 'A', 0, 1);
insert into notes_details values ('2012-2013', 'SEM-7', 'Victoria Gaillard', 'EAO-35', 11.32, 1.67, 'A', 2, 99);
insert into notes_details values ('2012-2013', 'SEM-7', 'Victoria Gaillard', 'LCI-3', 11.32, 3.33, 'A', 3, 1);
insert into notes_details values ('2012-2013', 'SEM-7', 'Victoria Gaillard', 'MAT-3', 11.32, 3.33, 'A', 3, 1);
insert into notes_details values ('2012-2013', 'SEM-7', 'Victoria Gaillard', 'MNG-3', 11.32, 1.33, 'A', 0, 1);
insert into notes_details values ('2012-2013', 'SEM-7', 'Victoria Gaillard', 'MNG-3', 11.32, 1.0, 'A', 0, 2);
insert into contentieux values ('2012-2013', 'SEM-7', 'Victoria Gaillard', 'MNG-3');
insert into notes_details values ('2012-2013', 'SEM-7', 'Victoria Gaillard', 'PJT-3', 11.32, 1.67, 'A', 0, 1);
insert into notes_details values ('2012-2013', 'SEM-7', 'Victoria Gaillard', 'PJT-3', 11.32, 1.0, 'A', 0, 2);
insert into contentieux values ('2012-2013', 'SEM-7', 'Victoria Gaillard', 'PJT-3');
insert into notes_details values ('2012-2013', 'SEM-7', 'Victoria Gaillard', 'STD-3', 11.32, 2.67, 'A', 2, 1);
insert into gpa values ('2011-2012', 'SEM-5', 'Victoria Gaillard', 3.75);
insert into gpa values ('2011-2012', 'SEM-6', 'Victoria Gaillard', 2.33);
insert into gpa values ('2012-2013', 'SEM-7', 'Victoria Gaillard', 2.37);
insert into eleves values ('Seal Simpson', 1, 'S', 'Tres bien', 'MP', null, 'ssimpson');
insert into notes_details values ('2010-2011', 'SEM-5', 'Seal Simpson', 'ALG-1', 11.32, 2.33, 'A', 0, 1);
insert into notes_details values ('2010-2011', 'SEM-5', 'Seal Simpson', 'ALG-1', 11.32, 3.67, 'A', 3, 2);
insert into notes_details values ('2010-2011', 'SEM-5', 'Seal Simpson', 'DPP-1', 11.32, 3.0, 'A', 2, 1);
insert into notes_details values ('2010-2011', 'SEM-5', 'Seal Simpson', 'ELE-1', 11.32, 2.67, 'A', 3, 1);
insert into notes_details values ('2010-2011', 'SEM-5', 'Seal Simpson', 'INP-1', 11.32, 2.33, 'A', 0, 1);
insert into notes_details values ('2010-2011', 'SEM-5', 'Seal Simpson', 'INP-1', 11.32, 4.0, 'A', 3, 2);
insert into notes_details values ('2010-2011', 'SEM-5', 'Seal Simpson', 'LCI-1', 11.32, 4.0, 'A', 3, 1);
insert into notes_details values ('2010-2011', 'SEM-5', 'Seal Simpson', 'MAT-1', 11.32, 2.67, 'A', 3, 1);
insert into notes_details values ('2010-2011', 'SEM-5', 'Seal Simpson', 'MGP-1', 11.32, 1.33, 'A', 0, 1);
insert into notes_details values ('2010-2011', 'SEM-5', 'Seal Simpson', 'MGP-1', 11.32, 2.0, 'A', 4, 99);
insert into notes_details values ('2010-2011', 'SEM-5', 'Seal Simpson', 'PHO-1', 11.32, 1.33, 'A', 0, 1);
insert into notes_details values ('2010-2011', 'SEM-5', 'Seal Simpson', 'PHO-1', 11.32, 3.67, 'A', 3, 2);
insert into notes_details values ('2010-2011', 'SEM-5', 'Seal Simpson', 'PHQ-1', 11.32, 3.67, 'A', 3, 1);
insert into notes_details values ('2010-2011', 'SEM-5', 'Seal Simpson', 'SPM-1', 11.32, 2.0, 'A', 0, 1);
insert into notes_details values ('2010-2011', 'SEM-5', 'Seal Simpson', 'SPM-1', 11.32, 4.0, 'A', 3, 2);
insert into notes_details values ('2010-2011', 'SEM-6', 'Seal Simpson', 'DPP-2', 11.32, 3.67, 'A', 1, 1);
insert into notes_details values ('2010-2011', 'SEM-6', 'Seal Simpson', 'EAO-2', 11.32, 2.0, 'A', 0, 1);
insert into notes_details values ('2010-2011', 'SEM-6', 'Seal Simpson', 'EAO-2', 11.32, 3.0, 'A', 3, 2);
insert into notes_details values ('2010-2011', 'SEM-6', 'Seal Simpson', 'ECO-2', 11.32, 3.0, 'A', 3, 1);
insert into notes_details values ('2010-2011', 'SEM-6', 'Seal Simpson', 'LCI-2', 11.32, 4.0, 'A', 3, 1);
insert into notes_details values ('2010-2011', 'SEM-6', 'Seal Simpson', 'MAT-2', 11.32, 4.0, 'A', 2, 1);
insert into notes_details values ('2010-2011', 'SEM-6', 'Seal Simpson', 'MCO-2', 11.32, 3.67, 'A', 2, 1);
insert into notes_details values ('2010-2011', 'SEM-6', 'Seal Simpson', 'MGP-2', 11.32, 2.0, 'A', 0, 1);
insert into notes_details values ('2010-2011', 'SEM-6', 'Seal Simpson', 'MGP-2', 11.32, 2.67, 'A', 4, 2);
insert into notes_details values ('2010-2011', 'SEM-6', 'Seal Simpson', 'PHS-2', 11.32, 2.0, 'A', 0, 1);
insert into notes_details values ('2010-2011', 'SEM-6', 'Seal Simpson', 'PHS-2', 11.32, 3.67, 'A', 2, 2);
insert into notes_details values ('2010-2011', 'SEM-6', 'Seal Simpson', 'PJT-2', 11.32, 2.33, 'A', 0, 1);
insert into notes_details values ('2010-2011', 'SEM-6', 'Seal Simpson', 'PJT-2', 11.32, 3.0, 'A', 1, 2);
insert into notes_details values ('2010-2011', 'SEM-6', 'Seal Simpson', 'RMS-2', 11.32, 1.0, 'A', 0, 1);
insert into notes_details values ('2010-2011', 'SEM-6', 'Seal Simpson', 'RMS-2', 11.32, 3.33, 'A', 4, 2);
insert into notes_details values ('2010-2011', 'SEM-6', 'Seal Simpson', 'STG-2', 11.32, 1.67, 'A', 0, 1);
insert into notes_details values ('2010-2011', 'SEM-6', 'Seal Simpson', 'STG-2', 11.32, 2.67, 'A', 2, 2);
insert into notes_details values ('2010-2011', 'SEM-6', 'Seal Simpson', 'THS-2', 11.32, 3.67, 'A', 3, 1);
insert into notes_details values ('2011-2012', 'SEM-7', 'Seal Simpson', 'ASL-3', 11.32, 2.33, 'A', 0, 1);
insert into notes_details values ('2011-2012', 'SEM-7', 'Seal Simpson', 'ASL-3', 11.32, 2.33, 'A', 2, 99);
insert into notes_details values ('2011-2012', 'SEM-7', 'Seal Simpson', 'DPP-3', 11.32, 4.0, 'A', 2, 1);
insert into notes_details values ('2011-2012', 'SEM-7', 'Seal Simpson', 'EAO-31', 11.32, 1.67, 'A', 0, 1);
insert into notes_details values ('2011-2012', 'SEM-7', 'Seal Simpson', 'EAO-31', 11.32, 1.33, 'A', 0, 2);
insert into contentieux values ('2011-2012', 'SEM-7', 'Seal Simpson', 'EAO-31');
insert into notes_details values ('2011-2012', 'SEM-7', 'Seal Simpson', 'EAO-32', 11.32, 1.0, 'A', 0, 1);
insert into notes_details values ('2011-2012', 'SEM-7', 'Seal Simpson', 'EAO-32', 11.32, 1.33, 'A', 0, 2);
insert into contentieux values ('2011-2012', 'SEM-7', 'Seal Simpson', 'EAO-32');
insert into notes_details values ('2011-2012', 'SEM-7', 'Seal Simpson', 'EAO-33', 11.32, 1.0, 'A', 0, 1);
insert into notes_details values ('2011-2012', 'SEM-7', 'Seal Simpson', 'EAO-33', 11.32, 1.0, 'A', 0, 2);
insert into contentieux values ('2011-2012', 'SEM-7', 'Seal Simpson', 'EAO-33');
insert into notes_details values ('2011-2012', 'SEM-7', 'Seal Simpson', 'EAO-34', 11.32, 2.33, 'A', 0, 1);
insert into notes_details values ('2011-2012', 'SEM-7', 'Seal Simpson', 'EAO-34', 11.32, 2.67, 'A', 2, 2);
insert into notes_details values ('2011-2012', 'SEM-7', 'Seal Simpson', 'EAO-35', 11.32, 1.0, 'A', 0, 1);
insert into notes_details values ('2011-2012', 'SEM-7', 'Seal Simpson', 'EAO-35', 11.32, 3.0, 'A', 2, 2);
insert into notes_details values ('2011-2012', 'SEM-7', 'Seal Simpson', 'LCI-3', 11.32, 1.0, 'A', 0, 1);
insert into notes_details values ('2011-2012', 'SEM-7', 'Seal Simpson', 'LCI-3', 11.32, 2.67, 'A', 3, 2);
insert into notes_details values ('2011-2012', 'SEM-7', 'Seal Simpson', 'MAT-3', 11.32, 4.0, 'A', 3, 1);
insert into notes_details values ('2011-2012', 'SEM-7', 'Seal Simpson', 'MNG-3', 11.32, 1.0, 'A', 0, 1);
insert into notes_details values ('2011-2012', 'SEM-7', 'Seal Simpson', 'MNG-3', 11.32, 3.67, 'A', 3, 2);
insert into notes_details values ('2011-2012', 'SEM-7', 'Seal Simpson', 'PJT-3', 11.32, 1.33, 'A', 0, 1);
insert into notes_details values ('2011-2012', 'SEM-7', 'Seal Simpson', 'PJT-3', 11.32, 2.67, 'A', 5, 2);
insert into notes_details values ('2011-2012', 'SEM-7', 'Seal Simpson', 'STD-3', 11.32, 1.33, 'A', 0, 1);
insert into notes_details values ('2011-2012', 'SEM-7', 'Seal Simpson', 'STD-3', 11.32, 3.67, 'A', 2, 2);
insert into gpa values ('2010-2011', 'SEM-5', 'Seal Simpson', 3.63);
insert into gpa values ('2010-2011', 'SEM-6', 'Seal Simpson', 3.56);
insert into gpa values ('2011-2012', 'SEM-7', 'Seal Simpson', 2.87);
insert into eleves values ('Xao Chamakh', 1, 'S', 'Tres bien', 'Credits', null, 'xchamakh');
insert into notes_details values ('2011-2012', 'SEM-5', 'Xao Chamakh', 'ALG-1', 11.32, 1.67, 'A', 0, 1);
insert into notes_details values ('2011-2012', 'SEM-5', 'Xao Chamakh', 'ALG-1', 11.32, 3.33, 'A', 3, 2);
insert into notes_details values ('2011-2012', 'SEM-5', 'Xao Chamakh', 'DPP-1', 11.32, 2.0, 'A', 0, 1);
insert into notes_details values ('2011-2012', 'SEM-5', 'Xao Chamakh', 'DPP-1', 11.32, 3.0, 'A', 2, 2);
insert into notes_details values ('2011-2012', 'SEM-5', 'Xao Chamakh', 'ELE-1', 11.32, 1.67, 'A', 0, 1);
insert into notes_details values ('2011-2012', 'SEM-5', 'Xao Chamakh', 'ELE-1', 11.32, 3.33, 'A', 3, 2);
insert into notes_details values ('2011-2012', 'SEM-5', 'Xao Chamakh', 'INP-1', 11.32, 1.67, 'A', 0, 1);
insert into notes_details values ('2011-2012', 'SEM-5', 'Xao Chamakh', 'INP-1', 11.32, 4.0, 'A', 3, 2);
insert into notes_details values ('2011-2012', 'SEM-5', 'Xao Chamakh', 'LCI-1', 11.32, 3.67, 'A', 3, 1);
insert into notes_details values ('2011-2012', 'SEM-5', 'Xao Chamakh', 'MAT-1', 11.32, 2.0, 'A', 0, 1);
insert into notes_details values ('2011-2012', 'SEM-5', 'Xao Chamakh', 'MAT-1', 11.32, 2.67, 'A', 3, 2);
insert into notes_details values ('2011-2012', 'SEM-5', 'Xao Chamakh', 'MGP-1', 11.32, 1.0, 'A', 0, 1);
insert into notes_details values ('2011-2012', 'SEM-5', 'Xao Chamakh', 'MGP-1', 11.32, 4.0, 'A', 4, 2);
insert into notes_details values ('2011-2012', 'SEM-5', 'Xao Chamakh', 'PHO-1', 11.32, 2.67, 'A', 3, 1);
insert into notes_details values ('2011-2012', 'SEM-5', 'Xao Chamakh', 'PHQ-1', 11.32, 2.0, 'A', 0, 1);
insert into notes_details values ('2011-2012', 'SEM-5', 'Xao Chamakh', 'PHQ-1', 11.32, 3.0, 'A', 3, 2);
insert into notes_details values ('2011-2012', 'SEM-5', 'Xao Chamakh', 'SPM-1', 11.32, 1.67, 'A', 0, 1);
insert into notes_details values ('2011-2012', 'SEM-5', 'Xao Chamakh', 'SPM-1', 11.32, 3.33, 'A', 3, 2);
insert into notes_details values ('2011-2012', 'SEM-6', 'Xao Chamakh', 'DPP-2', 11.32, 1.67, 'A', 0, 1);
insert into notes_details values ('2011-2012', 'SEM-6', 'Xao Chamakh', 'DPP-2', 11.32, 4.0, 'A', 1, 2);
insert into notes_details values ('2011-2012', 'SEM-6', 'Xao Chamakh', 'EAO-2', 11.32, 2.0, 'A', 0, 1);
insert into notes_details values ('2011-2012', 'SEM-6', 'Xao Chamakh', 'EAO-2', 11.32, 3.0, 'A', 3, 2);
insert into notes_details values ('2011-2012', 'SEM-6', 'Xao Chamakh', 'ECO-2', 11.32, 2.67, 'A', 3, 1);
insert into notes_details values ('2011-2012', 'SEM-6', 'Xao Chamakh', 'LCI-2', 11.32, 2.33, 'A', 0, 1);
insert into notes_details values ('2011-2012', 'SEM-6', 'Xao Chamakh', 'LCI-2', 11.32, 3.33, 'A', 3, 2);
insert into notes_details values ('2011-2012', 'SEM-6', 'Xao Chamakh', 'MAT-2', 11.32, 4.0, 'A', 2, 1);
insert into notes_details values ('2011-2012', 'SEM-6', 'Xao Chamakh', 'MCO-2', 11.32, 2.33, 'A', 0, 1);
insert into notes_details values ('2011-2012', 'SEM-6', 'Xao Chamakh', 'MCO-2', 11.32, 1.0, 'A', 2, 99);
insert into notes_details values ('2011-2012', 'SEM-6', 'Xao Chamakh', 'MGP-2', 11.32, 2.33, 'A', 0, 1);
insert into notes_details values ('2011-2012', 'SEM-6', 'Xao Chamakh', 'MGP-2', 11.32, 2.67, 'A', 4, 2);
insert into notes_details values ('2011-2012', 'SEM-6', 'Xao Chamakh', 'PHS-2', 11.32, 1.0, 'A', 0, 1);
insert into notes_details values ('2011-2012', 'SEM-6', 'Xao Chamakh', 'PHS-2', 11.32, 4.0, 'A', 2, 2);
insert into notes_details values ('2011-2012', 'SEM-6', 'Xao Chamakh', 'PJT-2', 11.32, 3.33, 'A', 1, 1);
insert into notes_details values ('2011-2012', 'SEM-6', 'Xao Chamakh', 'RMS-2', 11.32, 1.67, 'A', 0, 1);
insert into notes_details values ('2011-2012', 'SEM-6', 'Xao Chamakh', 'RMS-2', 11.32, 3.33, 'A', 4, 2);
insert into notes_details values ('2011-2012', 'SEM-6', 'Xao Chamakh', 'STG-2', 11.32, 2.67, 'A', 2, 1);
insert into notes_details values ('2011-2012', 'SEM-6', 'Xao Chamakh', 'THS-2', 11.32, 1.33, 'A', 0, 1);
insert into notes_details values ('2011-2012', 'SEM-6', 'Xao Chamakh', 'THS-2', 11.32, 2.67, 'A', 3, 2);
insert into notes_details values ('2012-2013', 'SEM-7', 'Xao Chamakh', 'ASL-3', 11.32, 1.33, 'A', 0, 1);
insert into notes_details values ('2012-2013', 'SEM-7', 'Xao Chamakh', 'ASL-3', 11.32, 2.67, 'A', 2, 2);
insert into notes_details values ('2012-2013', 'SEM-7', 'Xao Chamakh', 'DPP-3', 11.32, 2.67, 'A', 2, 1);
insert into notes_details values ('2012-2013', 'SEM-7', 'Xao Chamakh', 'EAO-31', 11.32, 1.33, 'A', 0, 1);
insert into notes_details values ('2012-2013', 'SEM-7', 'Xao Chamakh', 'EAO-31', 11.32, 3.33, 'A', 2, 2);
insert into notes_details values ('2012-2013', 'SEM-7', 'Xao Chamakh', 'EAO-32', 11.32, 2.67, 'A', 2, 1);
insert into notes_details values ('2012-2013', 'SEM-7', 'Xao Chamakh', 'EAO-33', 11.32, 3.67, 'A', 2, 1);
insert into notes_details values ('2012-2013', 'SEM-7', 'Xao Chamakh', 'EAO-34', 11.32, 1.0, 'A', 0, 1);
insert into notes_details values ('2012-2013', 'SEM-7', 'Xao Chamakh', 'EAO-34', 11.32, 1.0, 'A', 0, 2);
insert into contentieux values ('2012-2013', 'SEM-7', 'Xao Chamakh', 'EAO-34');
insert into notes_details values ('2012-2013', 'SEM-7', 'Xao Chamakh', 'EAO-35', 11.32, 2.33, 'A', 0, 1);
insert into notes_details values ('2012-2013', 'SEM-7', 'Xao Chamakh', 'EAO-35', 11.32, 3.0, 'A', 2, 2);
insert into notes_details values ('2012-2013', 'SEM-7', 'Xao Chamakh', 'LCI-3', 11.32, 2.67, 'A', 3, 1);
insert into notes_details values ('2012-2013', 'SEM-7', 'Xao Chamakh', 'MAT-3', 11.32, 2.0, 'A', 0, 1);
insert into notes_details values ('2012-2013', 'SEM-7', 'Xao Chamakh', 'MAT-3', 11.32, 2.67, 'A', 3, 2);
insert into notes_details values ('2012-2013', 'SEM-7', 'Xao Chamakh', 'MNG-3', 11.32, 2.33, 'A', 0, 1);
insert into notes_details values ('2012-2013', 'SEM-7', 'Xao Chamakh', 'MNG-3', 11.32, 3.0, 'A', 3, 2);
insert into notes_details values ('2012-2013', 'SEM-7', 'Xao Chamakh', 'PJT-3', 11.32, 3.67, 'A', 5, 1);
insert into notes_details values ('2012-2013', 'SEM-7', 'Xao Chamakh', 'STD-3', 11.32, 2.67, 'A', 2, 1);
insert into gpa values ('2011-2012', 'SEM-5', 'Xao Chamakh', 2.85);
insert into gpa values ('2011-2012', 'SEM-6', 'Xao Chamakh', 2.74);
insert into gpa values ('2012-2013', 'SEM-7', 'Xao Chamakh', 2.38);
insert into eleves values ('Balthazar Sauve', 1, 'S', 'Tres bien', 'Credits', null, 'bsauve');
insert into notes_details values ('2010-2011', 'SEM-5', 'Balthazar Sauve', 'ALG-1', 11.32, 3.67, 'A', 3, 1);
insert into notes_details values ('2010-2011', 'SEM-5', 'Balthazar Sauve', 'DPP-1', 11.32, 1.33, 'A', 0, 1);
insert into notes_details values ('2010-2011', 'SEM-5', 'Balthazar Sauve', 'DPP-1', 11.32, 1.0, 'A', 2, 99);
insert into notes_details values ('2010-2011', 'SEM-5', 'Balthazar Sauve', 'ELE-1', 11.32, 3.33, 'A', 3, 1);
insert into notes_details values ('2010-2011', 'SEM-5', 'Balthazar Sauve', 'INP-1', 11.32, 1.0, 'A', 0, 1);
insert into notes_details values ('2010-2011', 'SEM-5', 'Balthazar Sauve', 'INP-1', 11.32, 1.33, 'A', 3, 99);
insert into notes_details values ('2010-2011', 'SEM-5', 'Balthazar Sauve', 'LCI-1', 11.32, 3.67, 'A', 3, 1);
insert into notes_details values ('2010-2011', 'SEM-5', 'Balthazar Sauve', 'MAT-1', 11.32, 2.67, 'A', 3, 1);
insert into notes_details values ('2010-2011', 'SEM-5', 'Balthazar Sauve', 'MGP-1', 11.32, 1.67, 'A', 0, 1);
insert into notes_details values ('2010-2011', 'SEM-5', 'Balthazar Sauve', 'MGP-1', 11.32, 3.0, 'A', 4, 2);
insert into notes_details values ('2010-2011', 'SEM-5', 'Balthazar Sauve', 'PHO-1', 11.32, 2.67, 'A', 3, 1);
insert into notes_details values ('2010-2011', 'SEM-5', 'Balthazar Sauve', 'PHQ-1', 11.32, 2.67, 'A', 3, 1);
insert into notes_details values ('2010-2011', 'SEM-5', 'Balthazar Sauve', 'SPM-1', 11.32, 1.0, 'A', 0, 1);
insert into notes_details values ('2010-2011', 'SEM-5', 'Balthazar Sauve', 'SPM-1', 11.32, 1.67, 'A', 3, 99);
insert into notes_details values ('2010-2011', 'SEM-6', 'Balthazar Sauve', 'DPP-2', 11.32, 3.0, 'A', 1, 1);
insert into notes_details values ('2010-2011', 'SEM-6', 'Balthazar Sauve', 'EAO-2', 11.32, 2.33, 'A', 0, 1);
insert into notes_details values ('2010-2011', 'SEM-6', 'Balthazar Sauve', 'EAO-2', 11.32, 3.33, 'A', 3, 2);
insert into notes_details values ('2010-2011', 'SEM-6', 'Balthazar Sauve', 'ECO-2', 11.32, 3.33, 'A', 3, 1);
insert into notes_details values ('2010-2011', 'SEM-6', 'Balthazar Sauve', 'LCI-2', 11.32, 2.33, 'A', 0, 1);
insert into notes_details values ('2010-2011', 'SEM-6', 'Balthazar Sauve', 'LCI-2', 11.32, 3.67, 'A', 3, 2);
insert into notes_details values ('2010-2011', 'SEM-6', 'Balthazar Sauve', 'MAT-2', 11.32, 2.0, 'A', 0, 1);
insert into notes_details values ('2010-2011', 'SEM-6', 'Balthazar Sauve', 'MAT-2', 11.32, 2.67, 'A', 2, 2);
insert into notes_details values ('2010-2011', 'SEM-6', 'Balthazar Sauve', 'MCO-2', 11.32, 4.0, 'A', 2, 1);
insert into notes_details values ('2010-2011', 'SEM-6', 'Balthazar Sauve', 'MGP-2', 11.32, 4.0, 'A', 4, 1);
insert into notes_details values ('2010-2011', 'SEM-6', 'Balthazar Sauve', 'PHS-2', 11.32, 3.67, 'A', 2, 1);
insert into notes_details values ('2010-2011', 'SEM-6', 'Balthazar Sauve', 'PJT-2', 11.32, 3.33, 'A', 1, 1);
insert into notes_details values ('2010-2011', 'SEM-6', 'Balthazar Sauve', 'RMS-2', 11.32, 1.67, 'A', 0, 1);
insert into notes_details values ('2010-2011', 'SEM-6', 'Balthazar Sauve', 'RMS-2', 11.32, 2.67, 'A', 4, 2);
insert into notes_details values ('2010-2011', 'SEM-6', 'Balthazar Sauve', 'STG-2', 11.32, 1.0, 'A', 0, 1);
insert into notes_details values ('2010-2011', 'SEM-6', 'Balthazar Sauve', 'STG-2', 11.32, 3.67, 'A', 2, 2);
insert into notes_details values ('2010-2011', 'SEM-6', 'Balthazar Sauve', 'THS-2', 11.32, 3.0, 'A', 3, 1);
insert into notes_details values ('2011-2012', 'SEM-7', 'Balthazar Sauve', 'ASL-3', 11.32, 1.33, 'A', 0, 1);
insert into notes_details values ('2011-2012', 'SEM-7', 'Balthazar Sauve', 'ASL-3', 11.32, 1.33, 'A', 0, 2);
insert into contentieux values ('2011-2012', 'SEM-7', 'Balthazar Sauve', 'ASL-3');
insert into notes_details values ('2011-2012', 'SEM-7', 'Balthazar Sauve', 'DPP-3', 11.32, 1.33, 'A', 0, 1);
insert into notes_details values ('2011-2012', 'SEM-7', 'Balthazar Sauve', 'DPP-3', 11.32, 1.0, 'A', 0, 2);
insert into contentieux values ('2011-2012', 'SEM-7', 'Balthazar Sauve', 'DPP-3');
insert into notes_details values ('2011-2012', 'SEM-7', 'Balthazar Sauve', 'EAO-31', 11.32, 2.33, 'A', 0, 1);
insert into notes_details values ('2011-2012', 'SEM-7', 'Balthazar Sauve', 'EAO-31', 11.32, 2.33, 'A', 0, 2);
insert into contentieux values ('2011-2012', 'SEM-7', 'Balthazar Sauve', 'EAO-31');
insert into notes_details values ('2011-2012', 'SEM-7', 'Balthazar Sauve', 'EAO-32', 11.32, 2.67, 'A', 2, 1);
insert into notes_details values ('2011-2012', 'SEM-7', 'Balthazar Sauve', 'EAO-33', 11.32, 4.0, 'A', 2, 1);
insert into notes_details values ('2011-2012', 'SEM-7', 'Balthazar Sauve', 'EAO-34', 11.32, 1.0, 'A', 0, 1);
insert into notes_details values ('2011-2012', 'SEM-7', 'Balthazar Sauve', 'EAO-34', 11.32, 2.0, 'A', 2, 99);
insert into notes_details values ('2011-2012', 'SEM-7', 'Balthazar Sauve', 'EAO-35', 11.32, 1.67, 'A', 0, 1);
insert into notes_details values ('2011-2012', 'SEM-7', 'Balthazar Sauve', 'EAO-35', 11.32, 3.0, 'A', 2, 2);
insert into notes_details values ('2011-2012', 'SEM-7', 'Balthazar Sauve', 'LCI-3', 11.32, 2.0, 'A', 0, 1);
insert into notes_details values ('2011-2012', 'SEM-7', 'Balthazar Sauve', 'LCI-3', 11.32, 1.33, 'A', 0, 2);
insert into contentieux values ('2011-2012', 'SEM-7', 'Balthazar Sauve', 'LCI-3');
insert into notes_details values ('2011-2012', 'SEM-7', 'Balthazar Sauve', 'MAT-3', 11.32, 2.33, 'A', 0, 1);
insert into notes_details values ('2011-2012', 'SEM-7', 'Balthazar Sauve', 'MAT-3', 11.32, 1.67, 'A', 0, 2);
insert into contentieux values ('2011-2012', 'SEM-7', 'Balthazar Sauve', 'MAT-3');
insert into notes_details values ('2011-2012', 'SEM-7', 'Balthazar Sauve', 'MNG-3', 11.32, 2.0, 'A', 0, 1);
insert into notes_details values ('2011-2012', 'SEM-7', 'Balthazar Sauve', 'MNG-3', 11.32, 1.67, 'A', 0, 2);
insert into contentieux values ('2011-2012', 'SEM-7', 'Balthazar Sauve', 'MNG-3');
insert into notes_details values ('2011-2012', 'SEM-7', 'Balthazar Sauve', 'PJT-3', 11.32, 2.0, 'A', 0, 1);
insert into notes_details values ('2011-2012', 'SEM-7', 'Balthazar Sauve', 'PJT-3', 11.32, 3.67, 'A', 5, 2);
insert into notes_details values ('2011-2012', 'SEM-7', 'Balthazar Sauve', 'STD-3', 11.32, 3.33, 'A', 2, 1);
insert into gpa values ('2010-2011', 'SEM-5', 'Balthazar Sauve', 2.82);
insert into gpa values ('2010-2011', 'SEM-6', 'Balthazar Sauve', 3.4);
insert into gpa values ('2011-2012', 'SEM-7', 'Balthazar Sauve', 3.21);
insert into eleves values ('Yannick Noel', 1, 'S', 'Tres bien', 'Etranger', null, 'ynoel');
insert into notes_details values ('2011-2012', 'SEM-5', 'Yannick Noel', 'ALG-1', 11.32, 3.0, 'A', 3, 1);
insert into notes_details values ('2011-2012', 'SEM-5', 'Yannick Noel', 'DPP-1', 11.32, 2.67, 'A', 2, 1);
insert into notes_details values ('2011-2012', 'SEM-5', 'Yannick Noel', 'ELE-1', 11.32, 2.0, 'A', 0, 1);
insert into notes_details values ('2011-2012', 'SEM-5', 'Yannick Noel', 'ELE-1', 11.32, 2.33, 'A', 3, 99);
insert into notes_details values ('2011-2012', 'SEM-5', 'Yannick Noel', 'INP-1', 11.32, 1.67, 'A', 0, 1);
insert into notes_details values ('2011-2012', 'SEM-5', 'Yannick Noel', 'INP-1', 11.32, 3.33, 'A', 3, 2);
insert into notes_details values ('2011-2012', 'SEM-5', 'Yannick Noel', 'LCI-1', 11.32, 1.67, 'A', 0, 1);
insert into notes_details values ('2011-2012', 'SEM-5', 'Yannick Noel', 'LCI-1', 11.32, 2.0, 'A', 3, 99);
insert into notes_details values ('2011-2012', 'SEM-5', 'Yannick Noel', 'MAT-1', 11.32, 1.0, 'A', 0, 1);
insert into notes_details values ('2011-2012', 'SEM-5', 'Yannick Noel', 'MAT-1', 11.32, 4.0, 'A', 3, 2);
insert into notes_details values ('2011-2012', 'SEM-5', 'Yannick Noel', 'MGP-1', 11.32, 3.67, 'A', 4, 1);
insert into notes_details values ('2011-2012', 'SEM-5', 'Yannick Noel', 'PHO-1', 11.32, 4.0, 'A', 3, 1);
insert into notes_details values ('2011-2012', 'SEM-5', 'Yannick Noel', 'PHQ-1', 11.32, 2.67, 'A', 3, 1);
insert into notes_details values ('2011-2012', 'SEM-5', 'Yannick Noel', 'SPM-1', 11.32, 1.0, 'A', 0, 1);
insert into notes_details values ('2011-2012', 'SEM-5', 'Yannick Noel', 'SPM-1', 11.32, 3.67, 'A', 3, 2);
insert into notes_details values ('2011-2012', 'SEM-6', 'Yannick Noel', 'DPP-2', 11.32, 2.67, 'A', 1, 1);
insert into notes_details values ('2011-2012', 'SEM-6', 'Yannick Noel', 'EAO-2', 11.32, 1.33, 'A', 0, 1);
insert into notes_details values ('2011-2012', 'SEM-6', 'Yannick Noel', 'EAO-2', 11.32, 3.0, 'A', 3, 2);
insert into notes_details values ('2011-2012', 'SEM-6', 'Yannick Noel', 'ECO-2', 11.32, 1.33, 'A', 0, 1);
insert into notes_details values ('2011-2012', 'SEM-6', 'Yannick Noel', 'ECO-2', 11.32, 2.67, 'A', 3, 2);
insert into notes_details values ('2011-2012', 'SEM-6', 'Yannick Noel', 'LCI-2', 11.32, 2.67, 'A', 3, 1);
insert into notes_details values ('2011-2012', 'SEM-6', 'Yannick Noel', 'MAT-2', 11.32, 1.33, 'A', 0, 1);
insert into notes_details values ('2011-2012', 'SEM-6', 'Yannick Noel', 'MAT-2', 11.32, 2.33, 'A', 2, 99);
insert into notes_details values ('2011-2012', 'SEM-6', 'Yannick Noel', 'MCO-2', 11.32, 2.0, 'A', 0, 1);
insert into notes_details values ('2011-2012', 'SEM-6', 'Yannick Noel', 'MCO-2', 11.32, 4.0, 'A', 2, 2);
insert into notes_details values ('2011-2012', 'SEM-6', 'Yannick Noel', 'MGP-2', 11.32, 4.0, 'A', 4, 1);
insert into notes_details values ('2011-2012', 'SEM-6', 'Yannick Noel', 'PHS-2', 11.32, 1.67, 'A', 0, 1);
insert into notes_details values ('2011-2012', 'SEM-6', 'Yannick Noel', 'PHS-2', 11.32, 3.0, 'A', 2, 2);
insert into notes_details values ('2011-2012', 'SEM-6', 'Yannick Noel', 'PJT-2', 11.32, 1.67, 'A', 0, 1);
insert into notes_details values ('2011-2012', 'SEM-6', 'Yannick Noel', 'PJT-2', 11.32, 1.33, 'A', 1, 99);
insert into notes_details values ('2011-2012', 'SEM-6', 'Yannick Noel', 'RMS-2', 11.32, 4.0, 'A', 4, 1);
insert into notes_details values ('2011-2012', 'SEM-6', 'Yannick Noel', 'STG-2', 11.32, 1.33, 'A', 0, 1);
insert into notes_details values ('2011-2012', 'SEM-6', 'Yannick Noel', 'STG-2', 11.32, 2.67, 'A', 2, 2);
insert into notes_details values ('2011-2012', 'SEM-6', 'Yannick Noel', 'THS-2', 11.32, 3.67, 'A', 3, 1);
insert into notes_details values ('2012-2013', 'SEM-7', 'Yannick Noel', 'ASL-3', 11.32, 2.0, 'A', 0, 1);
insert into notes_details values ('2012-2013', 'SEM-7', 'Yannick Noel', 'ASL-3', 11.32, 4.0, 'A', 2, 2);
insert into notes_details values ('2012-2013', 'SEM-7', 'Yannick Noel', 'DPP-3', 11.32, 2.67, 'A', 2, 1);
insert into notes_details values ('2012-2013', 'SEM-7', 'Yannick Noel', 'EAO-31', 11.32, 2.0, 'A', 0, 1);
insert into notes_details values ('2012-2013', 'SEM-7', 'Yannick Noel', 'EAO-31', 11.32, 3.0, 'A', 2, 2);
insert into notes_details values ('2012-2013', 'SEM-7', 'Yannick Noel', 'EAO-32', 11.32, 4.0, 'A', 2, 1);
insert into notes_details values ('2012-2013', 'SEM-7', 'Yannick Noel', 'EAO-33', 11.32, 3.67, 'A', 2, 1);
insert into notes_details values ('2012-2013', 'SEM-7', 'Yannick Noel', 'EAO-34', 11.32, 2.33, 'A', 0, 1);
insert into notes_details values ('2012-2013', 'SEM-7', 'Yannick Noel', 'EAO-34', 11.32, 3.0, 'A', 2, 2);
insert into notes_details values ('2012-2013', 'SEM-7', 'Yannick Noel', 'EAO-35', 11.32, 1.33, 'A', 0, 1);
insert into notes_details values ('2012-2013', 'SEM-7', 'Yannick Noel', 'EAO-35', 11.32, 1.0, 'A', 0, 2);
insert into contentieux values ('2012-2013', 'SEM-7', 'Yannick Noel', 'EAO-35');
insert into notes_details values ('2012-2013', 'SEM-7', 'Yannick Noel', 'LCI-3', 11.32, 2.0, 'A', 0, 1);
insert into notes_details values ('2012-2013', 'SEM-7', 'Yannick Noel', 'LCI-3', 11.32, 2.0, 'A', 3, 99);
insert into notes_details values ('2012-2013', 'SEM-7', 'Yannick Noel', 'MAT-3', 11.32, 1.0, 'A', 0, 1);
insert into notes_details values ('2012-2013', 'SEM-7', 'Yannick Noel', 'MAT-3', 11.32, 3.33, 'A', 3, 2);
insert into notes_details values ('2012-2013', 'SEM-7', 'Yannick Noel', 'MNG-3', 11.32, 1.33, 'A', 0, 1);
insert into notes_details values ('2012-2013', 'SEM-7', 'Yannick Noel', 'MNG-3', 11.32, 1.0, 'A', 0, 2);
insert into contentieux values ('2012-2013', 'SEM-7', 'Yannick Noel', 'MNG-3');
insert into notes_details values ('2012-2013', 'SEM-7', 'Yannick Noel', 'PJT-3', 11.32, 1.67, 'A', 0, 1);
insert into notes_details values ('2012-2013', 'SEM-7', 'Yannick Noel', 'PJT-3', 11.32, 1.33, 'A', 0, 2);
insert into contentieux values ('2012-2013', 'SEM-7', 'Yannick Noel', 'PJT-3');
insert into notes_details values ('2012-2013', 'SEM-7', 'Yannick Noel', 'STD-3', 11.32, 2.0, 'A', 0, 1);
insert into notes_details values ('2012-2013', 'SEM-7', 'Yannick Noel', 'STD-3', 11.32, 1.67, 'A', 0, 2);
insert into contentieux values ('2012-2013', 'SEM-7', 'Yannick Noel', 'STD-3');
insert into gpa values ('2011-2012', 'SEM-5', 'Yannick Noel', 2.98);
insert into gpa values ('2011-2012', 'SEM-6', 'Yannick Noel', 2.01);
insert into gpa values ('2012-2013', 'SEM-7', 'Yannick Noel', 3.51);
insert into eleves values ('Theo Sauve', 1, 'S', 'Tres bien', 'Etranger', null, 'tsauve');
insert into notes_details values ('2010-2011', 'SEM-5', 'Theo Sauve', 'ALG-1', 11.32, 1.0, 'A', 0, 1);
insert into notes_details values ('2010-2011', 'SEM-5', 'Theo Sauve', 'ALG-1', 11.32, 4.0, 'A', 3, 2);
insert into notes_details values ('2010-2011', 'SEM-5', 'Theo Sauve', 'DPP-1', 11.32, 2.67, 'A', 2, 1);
insert into notes_details values ('2010-2011', 'SEM-5', 'Theo Sauve', 'ELE-1', 11.32, 1.0, 'A', 0, 1);
insert into notes_details values ('2010-2011', 'SEM-5', 'Theo Sauve', 'ELE-1', 11.32, 3.33, 'A', 3, 2);
insert into notes_details values ('2010-2011', 'SEM-5', 'Theo Sauve', 'INP-1', 11.32, 1.0, 'A', 0, 1);
insert into notes_details values ('2010-2011', 'SEM-5', 'Theo Sauve', 'INP-1', 11.32, 3.67, 'A', 3, 2);
insert into notes_details values ('2010-2011', 'SEM-5', 'Theo Sauve', 'LCI-1', 11.32, 2.0, 'A', 0, 1);
insert into notes_details values ('2010-2011', 'SEM-5', 'Theo Sauve', 'LCI-1', 11.32, 4.0, 'A', 3, 2);
insert into notes_details values ('2010-2011', 'SEM-5', 'Theo Sauve', 'MAT-1', 11.32, 4.0, 'A', 3, 1);
insert into notes_details values ('2010-2011', 'SEM-5', 'Theo Sauve', 'MGP-1', 11.32, 1.67, 'A', 0, 1);
insert into notes_details values ('2010-2011', 'SEM-5', 'Theo Sauve', 'MGP-1', 11.32, 4.0, 'A', 4, 2);
insert into notes_details values ('2010-2011', 'SEM-5', 'Theo Sauve', 'PHO-1', 11.32, 4.0, 'A', 3, 1);
insert into notes_details values ('2010-2011', 'SEM-5', 'Theo Sauve', 'PHQ-1', 11.32, 2.67, 'A', 3, 1);
insert into notes_details values ('2010-2011', 'SEM-5', 'Theo Sauve', 'SPM-1', 11.32, 1.33, 'A', 0, 1);
insert into notes_details values ('2010-2011', 'SEM-5', 'Theo Sauve', 'SPM-1', 11.32, 3.0, 'A', 3, 2);
insert into notes_details values ('2010-2011', 'SEM-6', 'Theo Sauve', 'DPP-2', 11.32, 4.0, 'A', 1, 1);
insert into notes_details values ('2010-2011', 'SEM-6', 'Theo Sauve', 'EAO-2', 11.32, 3.0, 'A', 3, 1);
insert into notes_details values ('2010-2011', 'SEM-6', 'Theo Sauve', 'ECO-2', 11.32, 3.33, 'A', 3, 1);
insert into notes_details values ('2010-2011', 'SEM-6', 'Theo Sauve', 'LCI-2', 11.32, 3.0, 'A', 3, 1);
insert into notes_details values ('2010-2011', 'SEM-6', 'Theo Sauve', 'MAT-2', 11.32, 3.33, 'A', 2, 1);
insert into notes_details values ('2010-2011', 'SEM-6', 'Theo Sauve', 'MCO-2', 11.32, 2.0, 'A', 0, 1);
insert into notes_details values ('2010-2011', 'SEM-6', 'Theo Sauve', 'MCO-2', 11.32, 3.0, 'A', 2, 2);
insert into notes_details values ('2010-2011', 'SEM-6', 'Theo Sauve', 'MGP-2', 11.32, 3.0, 'A', 4, 1);
insert into notes_details values ('2010-2011', 'SEM-6', 'Theo Sauve', 'PHS-2', 11.32, 2.0, 'A', 0, 1);
insert into notes_details values ('2010-2011', 'SEM-6', 'Theo Sauve', 'PHS-2', 11.32, 3.33, 'A', 2, 2);
insert into notes_details values ('2010-2011', 'SEM-6', 'Theo Sauve', 'PJT-2', 11.32, 3.67, 'A', 1, 1);
insert into notes_details values ('2010-2011', 'SEM-6', 'Theo Sauve', 'RMS-2', 11.32, 1.67, 'A', 0, 1);
insert into notes_details values ('2010-2011', 'SEM-6', 'Theo Sauve', 'RMS-2', 11.32, 3.33, 'A', 4, 2);
insert into notes_details values ('2010-2011', 'SEM-6', 'Theo Sauve', 'STG-2', 11.32, 4.0, 'A', 2, 1);
insert into notes_details values ('2010-2011', 'SEM-6', 'Theo Sauve', 'THS-2', 11.32, 1.67, 'A', 0, 1);
insert into notes_details values ('2010-2011', 'SEM-6', 'Theo Sauve', 'THS-2', 11.32, 2.67, 'A', 3, 2);
insert into notes_details values ('2011-2012', 'SEM-7', 'Theo Sauve', 'ASL-3', 11.32, 1.33, 'A', 0, 1);
insert into notes_details values ('2011-2012', 'SEM-7', 'Theo Sauve', 'ASL-3', 11.32, 3.0, 'A', 2, 2);
insert into notes_details values ('2011-2012', 'SEM-7', 'Theo Sauve', 'DPP-3', 11.32, 1.67, 'A', 0, 1);
insert into notes_details values ('2011-2012', 'SEM-7', 'Theo Sauve', 'DPP-3', 11.32, 2.67, 'A', 2, 2);
insert into notes_details values ('2011-2012', 'SEM-7', 'Theo Sauve', 'EAO-31', 11.32, 1.67, 'A', 0, 1);
insert into notes_details values ('2011-2012', 'SEM-7', 'Theo Sauve', 'EAO-31', 11.32, 1.0, 'A', 0, 2);
insert into contentieux values ('2011-2012', 'SEM-7', 'Theo Sauve', 'EAO-31');
insert into notes_details values ('2011-2012', 'SEM-7', 'Theo Sauve', 'EAO-32', 11.32, 1.33, 'A', 0, 1);
insert into notes_details values ('2011-2012', 'SEM-7', 'Theo Sauve', 'EAO-32', 11.32, 2.67, 'A', 2, 2);
insert into notes_details values ('2011-2012', 'SEM-7', 'Theo Sauve', 'EAO-33', 11.32, 3.33, 'A', 2, 1);
insert into notes_details values ('2011-2012', 'SEM-7', 'Theo Sauve', 'EAO-34', 11.32, 3.0, 'A', 2, 1);
insert into notes_details values ('2011-2012', 'SEM-7', 'Theo Sauve', 'EAO-35', 11.32, 1.0, 'A', 0, 1);
insert into notes_details values ('2011-2012', 'SEM-7', 'Theo Sauve', 'EAO-35', 11.32, 4.0, 'A', 2, 2);
insert into notes_details values ('2011-2012', 'SEM-7', 'Theo Sauve', 'LCI-3', 11.32, 2.67, 'A', 3, 1);
insert into notes_details values ('2011-2012', 'SEM-7', 'Theo Sauve', 'MAT-3', 11.32, 4.0, 'A', 3, 1);
insert into notes_details values ('2011-2012', 'SEM-7', 'Theo Sauve', 'MNG-3', 11.32, 2.67, 'A', 3, 1);
insert into notes_details values ('2011-2012', 'SEM-7', 'Theo Sauve', 'PJT-3', 11.32, 3.0, 'A', 5, 1);
insert into notes_details values ('2011-2012', 'SEM-7', 'Theo Sauve', 'STD-3', 11.32, 3.67, 'A', 2, 1);
insert into gpa values ('2010-2011', 'SEM-5', 'Theo Sauve', 2.8);
insert into gpa values ('2010-2011', 'SEM-6', 'Theo Sauve', 3.74);
insert into gpa values ('2011-2012', 'SEM-7', 'Theo Sauve', 3.28);
insert into eleves values ('Victoria Etienne', 1, 'S', 'Tres bien', 'MP', null, 'vetienne');
insert into notes_details values ('2011-2012', 'SEM-5', 'Victoria Etienne', 'ALG-1', 11.32, 2.0, 'A', 0, 1);
insert into notes_details values ('2011-2012', 'SEM-5', 'Victoria Etienne', 'ALG-1', 11.32, 3.67, 'A', 3, 2);
insert into notes_details values ('2011-2012', 'SEM-5', 'Victoria Etienne', 'DPP-1', 11.32, 1.0, 'A', 0, 1);
insert into notes_details values ('2011-2012', 'SEM-5', 'Victoria Etienne', 'DPP-1', 11.32, 3.33, 'A', 2, 2);
insert into notes_details values ('2011-2012', 'SEM-5', 'Victoria Etienne', 'ELE-1', 11.32, 2.67, 'A', 3, 1);
insert into notes_details values ('2011-2012', 'SEM-5', 'Victoria Etienne', 'INP-1', 11.32, 1.0, 'A', 0, 1);
insert into notes_details values ('2011-2012', 'SEM-5', 'Victoria Etienne', 'INP-1', 11.32, 3.0, 'A', 3, 2);
insert into notes_details values ('2011-2012', 'SEM-5', 'Victoria Etienne', 'LCI-1', 11.32, 3.67, 'A', 3, 1);
insert into notes_details values ('2011-2012', 'SEM-5', 'Victoria Etienne', 'MAT-1', 11.32, 1.0, 'A', 0, 1);
insert into notes_details values ('2011-2012', 'SEM-5', 'Victoria Etienne', 'MAT-1', 11.32, 3.33, 'A', 3, 2);
insert into notes_details values ('2011-2012', 'SEM-5', 'Victoria Etienne', 'MGP-1', 11.32, 4.0, 'A', 4, 1);
insert into notes_details values ('2011-2012', 'SEM-5', 'Victoria Etienne', 'PHO-1', 11.32, 2.0, 'A', 0, 1);
insert into notes_details values ('2011-2012', 'SEM-5', 'Victoria Etienne', 'PHO-1', 11.32, 3.33, 'A', 3, 2);
insert into notes_details values ('2011-2012', 'SEM-5', 'Victoria Etienne', 'PHQ-1', 11.32, 3.33, 'A', 3, 1);
insert into notes_details values ('2011-2012', 'SEM-5', 'Victoria Etienne', 'SPM-1', 11.32, 2.0, 'A', 0, 1);
insert into notes_details values ('2011-2012', 'SEM-5', 'Victoria Etienne', 'SPM-1', 11.32, 3.0, 'A', 3, 2);
insert into notes_details values ('2011-2012', 'SEM-6', 'Victoria Etienne', 'DPP-2', 11.32, 1.33, 'A', 0, 1);
insert into notes_details values ('2011-2012', 'SEM-6', 'Victoria Etienne', 'DPP-2', 11.32, 4.0, 'A', 1, 2);
insert into notes_details values ('2011-2012', 'SEM-6', 'Victoria Etienne', 'EAO-2', 11.32, 3.33, 'A', 3, 1);
insert into notes_details values ('2011-2012', 'SEM-6', 'Victoria Etienne', 'ECO-2', 11.32, 1.0, 'A', 0, 1);
insert into notes_details values ('2011-2012', 'SEM-6', 'Victoria Etienne', 'ECO-2', 11.32, 4.0, 'A', 3, 2);
insert into notes_details values ('2011-2012', 'SEM-6', 'Victoria Etienne', 'LCI-2', 11.32, 4.0, 'A', 3, 1);
insert into notes_details values ('2011-2012', 'SEM-6', 'Victoria Etienne', 'MAT-2', 11.32, 3.33, 'A', 2, 1);
insert into notes_details values ('2011-2012', 'SEM-6', 'Victoria Etienne', 'MCO-2', 11.32, 2.33, 'A', 0, 1);
insert into notes_details values ('2011-2012', 'SEM-6', 'Victoria Etienne', 'MCO-2', 11.32, 3.67, 'A', 2, 2);
insert into notes_details values ('2011-2012', 'SEM-6', 'Victoria Etienne', 'MGP-2', 11.32, 3.33, 'A', 4, 1);
insert into notes_details values ('2011-2012', 'SEM-6', 'Victoria Etienne', 'PHS-2', 11.32, 1.0, 'A', 0, 1);
insert into notes_details values ('2011-2012', 'SEM-6', 'Victoria Etienne', 'PHS-2', 11.32, 2.67, 'A', 2, 2);
insert into notes_details values ('2011-2012', 'SEM-6', 'Victoria Etienne', 'PJT-2', 11.32, 4.0, 'A', 1, 1);
insert into notes_details values ('2011-2012', 'SEM-6', 'Victoria Etienne', 'RMS-2', 11.32, 3.0, 'A', 4, 1);
insert into notes_details values ('2011-2012', 'SEM-6', 'Victoria Etienne', 'STG-2', 11.32, 1.33, 'A', 0, 1);
insert into notes_details values ('2011-2012', 'SEM-6', 'Victoria Etienne', 'STG-2', 11.32, 2.67, 'A', 2, 2);
insert into notes_details values ('2011-2012', 'SEM-6', 'Victoria Etienne', 'THS-2', 11.32, 2.33, 'A', 0, 1);
insert into notes_details values ('2011-2012', 'SEM-6', 'Victoria Etienne', 'THS-2', 11.32, 4.0, 'A', 3, 2);
insert into notes_details values ('2012-2013', 'SEM-7', 'Victoria Etienne', 'ASL-3', 11.32, 2.0, 'A', 0, 1);
insert into notes_details values ('2012-2013', 'SEM-7', 'Victoria Etienne', 'ASL-3', 11.32, 4.0, 'A', 2, 2);
insert into notes_details values ('2012-2013', 'SEM-7', 'Victoria Etienne', 'DPP-3', 11.32, 2.33, 'A', 0, 1);
insert into notes_details values ('2012-2013', 'SEM-7', 'Victoria Etienne', 'DPP-3', 11.32, 2.33, 'A', 0, 2);
insert into contentieux values ('2012-2013', 'SEM-7', 'Victoria Etienne', 'DPP-3');
insert into notes_details values ('2012-2013', 'SEM-7', 'Victoria Etienne', 'EAO-31', 11.32, 3.33, 'A', 2, 1);
insert into notes_details values ('2012-2013', 'SEM-7', 'Victoria Etienne', 'EAO-32', 11.32, 3.67, 'A', 2, 1);
insert into notes_details values ('2012-2013', 'SEM-7', 'Victoria Etienne', 'EAO-33', 11.32, 1.0, 'A', 0, 1);
insert into notes_details values ('2012-2013', 'SEM-7', 'Victoria Etienne', 'EAO-33', 11.32, 2.33, 'A', 0, 2);
insert into contentieux values ('2012-2013', 'SEM-7', 'Victoria Etienne', 'EAO-33');
insert into notes_details values ('2012-2013', 'SEM-7', 'Victoria Etienne', 'EAO-34', 11.32, 2.67, 'A', 2, 1);
insert into notes_details values ('2012-2013', 'SEM-7', 'Victoria Etienne', 'EAO-35', 11.32, 1.0, 'A', 0, 1);
insert into notes_details values ('2012-2013', 'SEM-7', 'Victoria Etienne', 'EAO-35', 11.32, 2.33, 'A', 0, 2);
insert into contentieux values ('2012-2013', 'SEM-7', 'Victoria Etienne', 'EAO-35');
insert into notes_details values ('2012-2013', 'SEM-7', 'Victoria Etienne', 'LCI-3', 11.32, 3.67, 'A', 3, 1);
insert into notes_details values ('2012-2013', 'SEM-7', 'Victoria Etienne', 'MAT-3', 11.32, 2.33, 'A', 0, 1);
insert into notes_details values ('2012-2013', 'SEM-7', 'Victoria Etienne', 'MAT-3', 11.32, 2.33, 'A', 0, 2);
insert into contentieux values ('2012-2013', 'SEM-7', 'Victoria Etienne', 'MAT-3');
insert into notes_details values ('2012-2013', 'SEM-7', 'Victoria Etienne', 'MNG-3', 11.32, 3.67, 'A', 3, 1);
insert into notes_details values ('2012-2013', 'SEM-7', 'Victoria Etienne', 'PJT-3', 11.32, 3.0, 'A', 5, 1);
insert into notes_details values ('2012-2013', 'SEM-7', 'Victoria Etienne', 'STD-3', 11.32, 2.0, 'A', 0, 1);
insert into notes_details values ('2012-2013', 'SEM-7', 'Victoria Etienne', 'STD-3', 11.32, 3.33, 'A', 2, 2);
insert into gpa values ('2011-2012', 'SEM-5', 'Victoria Etienne', 3.68);
insert into gpa values ('2011-2012', 'SEM-6', 'Victoria Etienne', 3.64);
insert into gpa values ('2012-2013', 'SEM-7', 'Victoria Etienne', 3.32);
insert into eleves values ('Laurine Mallet', 1, 'S', 'Tres bien', 'Etranger', null, 'lmallet');
insert into notes_details values ('2010-2011', 'SEM-5', 'Laurine Mallet', 'ALG-1', 11.32, 1.33, 'A', 0, 1);
insert into notes_details values ('2010-2011', 'SEM-5', 'Laurine Mallet', 'ALG-1', 11.32, 3.0, 'A', 3, 2);
insert into notes_details values ('2010-2011', 'SEM-5', 'Laurine Mallet', 'DPP-1', 11.32, 1.0, 'A', 0, 1);
insert into notes_details values ('2010-2011', 'SEM-5', 'Laurine Mallet', 'DPP-1', 11.32, 4.0, 'A', 2, 2);
insert into notes_details values ('2010-2011', 'SEM-5', 'Laurine Mallet', 'ELE-1', 11.32, 4.0, 'A', 3, 1);
insert into notes_details values ('2010-2011', 'SEM-5', 'Laurine Mallet', 'INP-1', 11.32, 2.0, 'A', 0, 1);
insert into notes_details values ('2010-2011', 'SEM-5', 'Laurine Mallet', 'INP-1', 11.32, 3.67, 'A', 3, 2);
insert into notes_details values ('2010-2011', 'SEM-5', 'Laurine Mallet', 'LCI-1', 11.32, 1.33, 'A', 0, 1);
insert into notes_details values ('2010-2011', 'SEM-5', 'Laurine Mallet', 'LCI-1', 11.32, 2.67, 'A', 3, 2);
insert into notes_details values ('2010-2011', 'SEM-5', 'Laurine Mallet', 'MAT-1', 11.32, 2.33, 'A', 0, 1);
insert into notes_details values ('2010-2011', 'SEM-5', 'Laurine Mallet', 'MAT-1', 11.32, 4.0, 'A', 3, 2);
insert into notes_details values ('2010-2011', 'SEM-5', 'Laurine Mallet', 'MGP-1', 11.32, 2.67, 'A', 4, 1);
insert into notes_details values ('2010-2011', 'SEM-5', 'Laurine Mallet', 'PHO-1', 11.32, 1.0, 'A', 0, 1);
insert into notes_details values ('2010-2011', 'SEM-5', 'Laurine Mallet', 'PHO-1', 11.32, 2.0, 'A', 3, 99);
insert into notes_details values ('2010-2011', 'SEM-5', 'Laurine Mallet', 'PHQ-1', 11.32, 4.0, 'A', 3, 1);
insert into notes_details values ('2010-2011', 'SEM-5', 'Laurine Mallet', 'SPM-1', 11.32, 1.33, 'A', 0, 1);
insert into notes_details values ('2010-2011', 'SEM-5', 'Laurine Mallet', 'SPM-1', 11.32, 3.67, 'A', 3, 2);
insert into notes_details values ('2010-2011', 'SEM-6', 'Laurine Mallet', 'DPP-2', 11.32, 1.33, 'A', 0, 1);
insert into notes_details values ('2010-2011', 'SEM-6', 'Laurine Mallet', 'DPP-2', 11.32, 3.67, 'A', 1, 2);
insert into notes_details values ('2010-2011', 'SEM-6', 'Laurine Mallet', 'EAO-2', 11.32, 3.0, 'A', 3, 1);
insert into notes_details values ('2010-2011', 'SEM-6', 'Laurine Mallet', 'ECO-2', 11.32, 1.33, 'A', 0, 1);
insert into notes_details values ('2010-2011', 'SEM-6', 'Laurine Mallet', 'ECO-2', 11.32, 2.0, 'A', 3, 99);
insert into notes_details values ('2010-2011', 'SEM-6', 'Laurine Mallet', 'LCI-2', 11.32, 3.0, 'A', 3, 1);
insert into notes_details values ('2010-2011', 'SEM-6', 'Laurine Mallet', 'MAT-2', 11.32, 2.33, 'A', 0, 1);
insert into notes_details values ('2010-2011', 'SEM-6', 'Laurine Mallet', 'MAT-2', 11.32, 3.0, 'A', 2, 2);
insert into notes_details values ('2010-2011', 'SEM-6', 'Laurine Mallet', 'MCO-2', 11.32, 4.0, 'A', 2, 1);
insert into notes_details values ('2010-2011', 'SEM-6', 'Laurine Mallet', 'MGP-2', 11.32, 1.0, 'A', 0, 1);
insert into notes_details values ('2010-2011', 'SEM-6', 'Laurine Mallet', 'MGP-2', 11.32, 3.33, 'A', 4, 2);
insert into notes_details values ('2010-2011', 'SEM-6', 'Laurine Mallet', 'PHS-2', 11.32, 1.33, 'A', 0, 1);
insert into notes_details values ('2010-2011', 'SEM-6', 'Laurine Mallet', 'PHS-2', 11.32, 1.0, 'A', 2, 99);
insert into notes_details values ('2010-2011', 'SEM-6', 'Laurine Mallet', 'PJT-2', 11.32, 3.33, 'A', 1, 1);
insert into notes_details values ('2010-2011', 'SEM-6', 'Laurine Mallet', 'RMS-2', 11.32, 3.0, 'A', 4, 1);
insert into notes_details values ('2010-2011', 'SEM-6', 'Laurine Mallet', 'STG-2', 11.32, 3.67, 'A', 2, 1);
insert into notes_details values ('2010-2011', 'SEM-6', 'Laurine Mallet', 'THS-2', 11.32, 3.33, 'A', 3, 1);
insert into notes_details values ('2011-2012', 'SEM-7', 'Laurine Mallet', 'ASL-3', 11.32, 3.33, 'A', 2, 1);
insert into notes_details values ('2011-2012', 'SEM-7', 'Laurine Mallet', 'DPP-3', 11.32, 1.0, 'A', 0, 1);
insert into notes_details values ('2011-2012', 'SEM-7', 'Laurine Mallet', 'DPP-3', 11.32, 2.33, 'A', 0, 2);
insert into contentieux values ('2011-2012', 'SEM-7', 'Laurine Mallet', 'DPP-3');
insert into notes_details values ('2011-2012', 'SEM-7', 'Laurine Mallet', 'EAO-31', 11.32, 1.0, 'A', 0, 1);
insert into notes_details values ('2011-2012', 'SEM-7', 'Laurine Mallet', 'EAO-31', 11.32, 1.33, 'A', 2, 99);
insert into notes_details values ('2011-2012', 'SEM-7', 'Laurine Mallet', 'EAO-32', 11.32, 2.67, 'A', 2, 1);
insert into notes_details values ('2011-2012', 'SEM-7', 'Laurine Mallet', 'EAO-33', 11.32, 2.0, 'A', 0, 1);
insert into notes_details values ('2011-2012', 'SEM-7', 'Laurine Mallet', 'EAO-33', 11.32, 1.0, 'A', 0, 2);
insert into contentieux values ('2011-2012', 'SEM-7', 'Laurine Mallet', 'EAO-33');
insert into notes_details values ('2011-2012', 'SEM-7', 'Laurine Mallet', 'EAO-34', 11.32, 1.0, 'A', 0, 1);
insert into notes_details values ('2011-2012', 'SEM-7', 'Laurine Mallet', 'EAO-34', 11.32, 3.0, 'A', 2, 2);
insert into notes_details values ('2011-2012', 'SEM-7', 'Laurine Mallet', 'EAO-35', 11.32, 4.0, 'A', 2, 1);
insert into notes_details values ('2011-2012', 'SEM-7', 'Laurine Mallet', 'LCI-3', 11.32, 1.33, 'A', 0, 1);
insert into notes_details values ('2011-2012', 'SEM-7', 'Laurine Mallet', 'LCI-3', 11.32, 3.0, 'A', 3, 2);
insert into notes_details values ('2011-2012', 'SEM-7', 'Laurine Mallet', 'MAT-3', 11.32, 3.0, 'A', 3, 1);
insert into notes_details values ('2011-2012', 'SEM-7', 'Laurine Mallet', 'MNG-3', 11.32, 2.0, 'A', 0, 1);
insert into notes_details values ('2011-2012', 'SEM-7', 'Laurine Mallet', 'MNG-3', 11.32, 2.33, 'A', 0, 2);
insert into contentieux values ('2011-2012', 'SEM-7', 'Laurine Mallet', 'MNG-3');
insert into notes_details values ('2011-2012', 'SEM-7', 'Laurine Mallet', 'PJT-3', 11.32, 1.67, 'A', 0, 1);
insert into notes_details values ('2011-2012', 'SEM-7', 'Laurine Mallet', 'PJT-3', 11.32, 3.0, 'A', 5, 2);
insert into notes_details values ('2011-2012', 'SEM-7', 'Laurine Mallet', 'STD-3', 11.32, 1.0, 'A', 0, 1);
insert into notes_details values ('2011-2012', 'SEM-7', 'Laurine Mallet', 'STD-3', 11.32, 3.33, 'A', 2, 2);
insert into gpa values ('2010-2011', 'SEM-5', 'Laurine Mallet', 2.66);
insert into gpa values ('2010-2011', 'SEM-6', 'Laurine Mallet', 3.25);
insert into gpa values ('2011-2012', 'SEM-7', 'Laurine Mallet', 2.81);
insert into eleves values ('Camron Rivaldo', 1, 'S', 'Tres bien', 'Etranger', null, 'crivaldo');
insert into notes_details values ('2011-2012', 'SEM-5', 'Camron Rivaldo', 'ALG-1', 11.32, 3.0, 'A', 3, 1);
insert into notes_details values ('2011-2012', 'SEM-5', 'Camron Rivaldo', 'DPP-1', 11.32, 1.33, 'A', 0, 1);
insert into notes_details values ('2011-2012', 'SEM-5', 'Camron Rivaldo', 'DPP-1', 11.32, 1.67, 'A', 2, 99);
insert into notes_details values ('2011-2012', 'SEM-5', 'Camron Rivaldo', 'ELE-1', 11.32, 1.67, 'A', 0, 1);
insert into notes_details values ('2011-2012', 'SEM-5', 'Camron Rivaldo', 'ELE-1', 11.32, 3.33, 'A', 3, 2);
insert into notes_details values ('2011-2012', 'SEM-5', 'Camron Rivaldo', 'INP-1', 11.32, 3.0, 'A', 3, 1);
insert into notes_details values ('2011-2012', 'SEM-5', 'Camron Rivaldo', 'LCI-1', 11.32, 1.33, 'A', 0, 1);
insert into notes_details values ('2011-2012', 'SEM-5', 'Camron Rivaldo', 'LCI-1', 11.32, 3.33, 'A', 3, 2);
insert into notes_details values ('2011-2012', 'SEM-5', 'Camron Rivaldo', 'MAT-1', 11.32, 3.67, 'A', 3, 1);
insert into notes_details values ('2011-2012', 'SEM-5', 'Camron Rivaldo', 'MGP-1', 11.32, 3.0, 'A', 4, 1);
insert into notes_details values ('2011-2012', 'SEM-5', 'Camron Rivaldo', 'PHO-1', 11.32, 3.0, 'A', 3, 1);
insert into notes_details values ('2011-2012', 'SEM-5', 'Camron Rivaldo', 'PHQ-1', 11.32, 3.67, 'A', 3, 1);
insert into notes_details values ('2011-2012', 'SEM-5', 'Camron Rivaldo', 'SPM-1', 11.32, 2.33, 'A', 0, 1);
insert into notes_details values ('2011-2012', 'SEM-5', 'Camron Rivaldo', 'SPM-1', 11.32, 1.67, 'A', 3, 99);
insert into notes_details values ('2011-2012', 'SEM-6', 'Camron Rivaldo', 'DPP-2', 11.32, 2.33, 'A', 0, 1);
insert into notes_details values ('2011-2012', 'SEM-6', 'Camron Rivaldo', 'DPP-2', 11.32, 4.0, 'A', 1, 2);
insert into notes_details values ('2011-2012', 'SEM-6', 'Camron Rivaldo', 'EAO-2', 11.32, 1.0, 'A', 0, 1);
insert into notes_details values ('2011-2012', 'SEM-6', 'Camron Rivaldo', 'EAO-2', 11.32, 4.0, 'A', 3, 2);
insert into notes_details values ('2011-2012', 'SEM-6', 'Camron Rivaldo', 'ECO-2', 11.32, 3.0, 'A', 3, 1);
insert into notes_details values ('2011-2012', 'SEM-6', 'Camron Rivaldo', 'LCI-2', 11.32, 1.33, 'A', 0, 1);
insert into notes_details values ('2011-2012', 'SEM-6', 'Camron Rivaldo', 'LCI-2', 11.32, 3.33, 'A', 3, 2);
insert into notes_details values ('2011-2012', 'SEM-6', 'Camron Rivaldo', 'MAT-2', 11.32, 1.0, 'A', 0, 1);
insert into notes_details values ('2011-2012', 'SEM-6', 'Camron Rivaldo', 'MAT-2', 11.32, 3.0, 'A', 2, 2);
insert into notes_details values ('2011-2012', 'SEM-6', 'Camron Rivaldo', 'MCO-2', 11.32, 3.0, 'A', 2, 1);
insert into notes_details values ('2011-2012', 'SEM-6', 'Camron Rivaldo', 'MGP-2', 11.32, 3.67, 'A', 4, 1);
insert into notes_details values ('2011-2012', 'SEM-6', 'Camron Rivaldo', 'PHS-2', 11.32, 3.67, 'A', 2, 1);
insert into notes_details values ('2011-2012', 'SEM-6', 'Camron Rivaldo', 'PJT-2', 11.32, 3.67, 'A', 1, 1);
insert into notes_details values ('2011-2012', 'SEM-6', 'Camron Rivaldo', 'RMS-2', 11.32, 1.67, 'A', 0, 1);
insert into notes_details values ('2011-2012', 'SEM-6', 'Camron Rivaldo', 'RMS-2', 11.32, 3.67, 'A', 4, 2);
insert into notes_details values ('2011-2012', 'SEM-6', 'Camron Rivaldo', 'STG-2', 11.32, 4.0, 'A', 2, 1);
insert into notes_details values ('2011-2012', 'SEM-6', 'Camron Rivaldo', 'THS-2', 11.32, 3.67, 'A', 3, 1);
insert into notes_details values ('2012-2013', 'SEM-7', 'Camron Rivaldo', 'ASL-3', 11.32, 2.0, 'A', 0, 1);
insert into notes_details values ('2012-2013', 'SEM-7', 'Camron Rivaldo', 'ASL-3', 11.32, 4.0, 'A', 2, 2);
insert into notes_details values ('2012-2013', 'SEM-7', 'Camron Rivaldo', 'DPP-3', 11.32, 2.0, 'A', 0, 1);
insert into notes_details values ('2012-2013', 'SEM-7', 'Camron Rivaldo', 'DPP-3', 11.32, 3.67, 'A', 2, 2);
insert into notes_details values ('2012-2013', 'SEM-7', 'Camron Rivaldo', 'EAO-31', 11.32, 2.67, 'A', 2, 1);
insert into notes_details values ('2012-2013', 'SEM-7', 'Camron Rivaldo', 'EAO-32', 11.32, 3.67, 'A', 2, 1);
insert into notes_details values ('2012-2013', 'SEM-7', 'Camron Rivaldo', 'EAO-33', 11.32, 1.67, 'A', 0, 1);
insert into notes_details values ('2012-2013', 'SEM-7', 'Camron Rivaldo', 'EAO-33', 11.32, 2.33, 'A', 0, 2);
insert into contentieux values ('2012-2013', 'SEM-7', 'Camron Rivaldo', 'EAO-33');
insert into notes_details values ('2012-2013', 'SEM-7', 'Camron Rivaldo', 'EAO-34', 11.32, 3.67, 'A', 2, 1);
insert into notes_details values ('2012-2013', 'SEM-7', 'Camron Rivaldo', 'EAO-35', 11.32, 1.67, 'A', 0, 1);
insert into notes_details values ('2012-2013', 'SEM-7', 'Camron Rivaldo', 'EAO-35', 11.32, 3.67, 'A', 2, 2);
insert into notes_details values ('2012-2013', 'SEM-7', 'Camron Rivaldo', 'LCI-3', 11.32, 1.67, 'A', 0, 1);
insert into notes_details values ('2012-2013', 'SEM-7', 'Camron Rivaldo', 'LCI-3', 11.32, 1.67, 'A', 0, 2);
insert into contentieux values ('2012-2013', 'SEM-7', 'Camron Rivaldo', 'LCI-3');
insert into notes_details values ('2012-2013', 'SEM-7', 'Camron Rivaldo', 'MAT-3', 11.32, 2.33, 'A', 0, 1);
insert into notes_details values ('2012-2013', 'SEM-7', 'Camron Rivaldo', 'MAT-3', 11.32, 2.0, 'A', 0, 2);
insert into contentieux values ('2012-2013', 'SEM-7', 'Camron Rivaldo', 'MAT-3');
insert into notes_details values ('2012-2013', 'SEM-7', 'Camron Rivaldo', 'MNG-3', 11.32, 1.67, 'A', 0, 1);
insert into notes_details values ('2012-2013', 'SEM-7', 'Camron Rivaldo', 'MNG-3', 11.32, 1.33, 'A', 3, 99);
insert into notes_details values ('2012-2013', 'SEM-7', 'Camron Rivaldo', 'PJT-3', 11.32, 1.33, 'A', 0, 1);
insert into notes_details values ('2012-2013', 'SEM-7', 'Camron Rivaldo', 'PJT-3', 11.32, 3.0, 'A', 5, 2);
insert into notes_details values ('2012-2013', 'SEM-7', 'Camron Rivaldo', 'STD-3', 11.32, 1.0, 'A', 0, 1);
insert into notes_details values ('2012-2013', 'SEM-7', 'Camron Rivaldo', 'STD-3', 11.32, 1.33, 'A', 0, 2);
insert into contentieux values ('2012-2013', 'SEM-7', 'Camron Rivaldo', 'STD-3');
insert into gpa values ('2011-2012', 'SEM-5', 'Camron Rivaldo', 2.15);
insert into gpa values ('2011-2012', 'SEM-6', 'Camron Rivaldo', 2.11);
insert into gpa values ('2012-2013', 'SEM-7', 'Camron Rivaldo', 3.98);
insert into eleves values ('Victoire Klinsmann', 1, 'S', 'Tres bien', 'Credits', null, 'vklinsmann');
insert into notes_details values ('2010-2011', 'SEM-5', 'Victoire Klinsmann', 'ALG-1', 11.32, 1.67, 'A', 0, 1);
insert into notes_details values ('2010-2011', 'SEM-5', 'Victoire Klinsmann', 'ALG-1', 11.32, 3.33, 'A', 3, 2);
insert into notes_details values ('2010-2011', 'SEM-5', 'Victoire Klinsmann', 'DPP-1', 11.32, 1.33, 'A', 0, 1);
insert into notes_details values ('2010-2011', 'SEM-5', 'Victoire Klinsmann', 'DPP-1', 11.32, 3.67, 'A', 2, 2);
insert into notes_details values ('2010-2011', 'SEM-5', 'Victoire Klinsmann', 'ELE-1', 11.32, 2.67, 'A', 3, 1);
insert into notes_details values ('2010-2011', 'SEM-5', 'Victoire Klinsmann', 'INP-1', 11.32, 1.0, 'A', 0, 1);
insert into notes_details values ('2010-2011', 'SEM-5', 'Victoire Klinsmann', 'INP-1', 11.32, 1.33, 'A', 3, 99);
insert into notes_details values ('2010-2011', 'SEM-5', 'Victoire Klinsmann', 'LCI-1', 11.32, 3.67, 'A', 3, 1);
insert into notes_details values ('2010-2011', 'SEM-5', 'Victoire Klinsmann', 'MAT-1', 11.32, 3.0, 'A', 3, 1);
insert into notes_details values ('2010-2011', 'SEM-5', 'Victoire Klinsmann', 'MGP-1', 11.32, 2.33, 'A', 0, 1);
insert into notes_details values ('2010-2011', 'SEM-5', 'Victoire Klinsmann', 'MGP-1', 11.32, 2.67, 'A', 4, 2);
insert into notes_details values ('2010-2011', 'SEM-5', 'Victoire Klinsmann', 'PHO-1', 11.32, 3.67, 'A', 3, 1);
insert into notes_details values ('2010-2011', 'SEM-5', 'Victoire Klinsmann', 'PHQ-1', 11.32, 2.67, 'A', 3, 1);
insert into notes_details values ('2010-2011', 'SEM-5', 'Victoire Klinsmann', 'SPM-1', 11.32, 3.0, 'A', 3, 1);
insert into notes_details values ('2010-2011', 'SEM-6', 'Victoire Klinsmann', 'DPP-2', 11.32, 3.67, 'A', 1, 1);
insert into notes_details values ('2010-2011', 'SEM-6', 'Victoire Klinsmann', 'EAO-2', 11.32, 1.33, 'A', 0, 1);
insert into notes_details values ('2010-2011', 'SEM-6', 'Victoire Klinsmann', 'EAO-2', 11.32, 1.33, 'A', 3, 99);
insert into notes_details values ('2010-2011', 'SEM-6', 'Victoire Klinsmann', 'ECO-2', 11.32, 2.67, 'A', 3, 1);
insert into notes_details values ('2010-2011', 'SEM-6', 'Victoire Klinsmann', 'LCI-2', 11.32, 2.33, 'A', 0, 1);
insert into notes_details values ('2010-2011', 'SEM-6', 'Victoire Klinsmann', 'LCI-2', 11.32, 3.67, 'A', 3, 2);
insert into notes_details values ('2010-2011', 'SEM-6', 'Victoire Klinsmann', 'MAT-2', 11.32, 2.67, 'A', 2, 1);
insert into notes_details values ('2010-2011', 'SEM-6', 'Victoire Klinsmann', 'MCO-2', 11.32, 1.0, 'A', 0, 1);
insert into notes_details values ('2010-2011', 'SEM-6', 'Victoire Klinsmann', 'MCO-2', 11.32, 4.0, 'A', 2, 2);
insert into notes_details values ('2010-2011', 'SEM-6', 'Victoire Klinsmann', 'MGP-2', 11.32, 2.67, 'A', 4, 1);
insert into notes_details values ('2010-2011', 'SEM-6', 'Victoire Klinsmann', 'PHS-2', 11.32, 3.67, 'A', 2, 1);
insert into notes_details values ('2010-2011', 'SEM-6', 'Victoire Klinsmann', 'PJT-2', 11.32, 2.67, 'A', 1, 1);
insert into notes_details values ('2010-2011', 'SEM-6', 'Victoire Klinsmann', 'RMS-2', 11.32, 2.0, 'A', 0, 1);
insert into notes_details values ('2010-2011', 'SEM-6', 'Victoire Klinsmann', 'RMS-2', 11.32, 4.0, 'A', 4, 2);
insert into notes_details values ('2010-2011', 'SEM-6', 'Victoire Klinsmann', 'STG-2', 11.32, 2.67, 'A', 2, 1);
insert into notes_details values ('2010-2011', 'SEM-6', 'Victoire Klinsmann', 'THS-2', 11.32, 2.0, 'A', 0, 1);
insert into notes_details values ('2010-2011', 'SEM-6', 'Victoire Klinsmann', 'THS-2', 11.32, 4.0, 'A', 3, 2);
insert into notes_details values ('2011-2012', 'SEM-7', 'Victoire Klinsmann', 'ASL-3', 11.32, 3.0, 'A', 2, 1);
insert into notes_details values ('2011-2012', 'SEM-7', 'Victoire Klinsmann', 'DPP-3', 11.32, 2.67, 'A', 2, 1);
insert into notes_details values ('2011-2012', 'SEM-7', 'Victoire Klinsmann', 'EAO-31', 11.32, 2.67, 'A', 2, 1);
insert into notes_details values ('2011-2012', 'SEM-7', 'Victoire Klinsmann', 'EAO-32', 11.32, 3.0, 'A', 2, 1);
insert into notes_details values ('2011-2012', 'SEM-7', 'Victoire Klinsmann', 'EAO-33', 11.32, 1.67, 'A', 0, 1);
insert into notes_details values ('2011-2012', 'SEM-7', 'Victoire Klinsmann', 'EAO-33', 11.32, 1.0, 'A', 0, 2);
insert into contentieux values ('2011-2012', 'SEM-7', 'Victoire Klinsmann', 'EAO-33');
insert into notes_details values ('2011-2012', 'SEM-7', 'Victoire Klinsmann', 'EAO-34', 11.32, 1.0, 'A', 0, 1);
insert into notes_details values ('2011-2012', 'SEM-7', 'Victoire Klinsmann', 'EAO-34', 11.32, 3.33, 'A', 2, 2);
insert into notes_details values ('2011-2012', 'SEM-7', 'Victoire Klinsmann', 'EAO-35', 11.32, 2.33, 'A', 0, 1);
insert into notes_details values ('2011-2012', 'SEM-7', 'Victoire Klinsmann', 'EAO-35', 11.32, 1.0, 'A', 0, 2);
insert into contentieux values ('2011-2012', 'SEM-7', 'Victoire Klinsmann', 'EAO-35');
insert into notes_details values ('2011-2012', 'SEM-7', 'Victoire Klinsmann', 'LCI-3', 11.32, 1.67, 'A', 0, 1);
insert into notes_details values ('2011-2012', 'SEM-7', 'Victoire Klinsmann', 'LCI-3', 11.32, 2.0, 'A', 0, 2);
insert into contentieux values ('2011-2012', 'SEM-7', 'Victoire Klinsmann', 'LCI-3');
insert into notes_details values ('2011-2012', 'SEM-7', 'Victoire Klinsmann', 'MAT-3', 11.32, 2.33, 'A', 0, 1);
insert into notes_details values ('2011-2012', 'SEM-7', 'Victoire Klinsmann', 'MAT-3', 11.32, 1.33, 'A', 0, 2);
insert into contentieux values ('2011-2012', 'SEM-7', 'Victoire Klinsmann', 'MAT-3');
insert into notes_details values ('2011-2012', 'SEM-7', 'Victoire Klinsmann', 'MNG-3', 11.32, 1.67, 'A', 0, 1);
insert into notes_details values ('2011-2012', 'SEM-7', 'Victoire Klinsmann', 'MNG-3', 11.32, 4.0, 'A', 3, 2);
insert into notes_details values ('2011-2012', 'SEM-7', 'Victoire Klinsmann', 'PJT-3', 11.32, 1.33, 'A', 0, 1);
insert into notes_details values ('2011-2012', 'SEM-7', 'Victoire Klinsmann', 'PJT-3', 11.32, 4.0, 'A', 5, 2);
insert into notes_details values ('2011-2012', 'SEM-7', 'Victoire Klinsmann', 'STD-3', 11.32, 2.33, 'A', 0, 1);
insert into notes_details values ('2011-2012', 'SEM-7', 'Victoire Klinsmann', 'STD-3', 11.32, 1.33, 'A', 2, 99);
insert into gpa values ('2010-2011', 'SEM-5', 'Victoire Klinsmann', 2.88);
insert into gpa values ('2010-2011', 'SEM-6', 'Victoire Klinsmann', 2.04);
insert into gpa values ('2011-2012', 'SEM-7', 'Victoire Klinsmann', 2.34);
insert into eleves values ('Agathe Garnier', 1, 'S', 'Tres bien', 'MP', null, 'agarnier');
insert into notes_details values ('2011-2012', 'SEM-5', 'Agathe Garnier', 'ALG-1', 11.32, 3.33, 'A', 3, 1);
insert into notes_details values ('2011-2012', 'SEM-5', 'Agathe Garnier', 'DPP-1', 11.32, 4.0, 'A', 2, 1);
insert into notes_details values ('2011-2012', 'SEM-5', 'Agathe Garnier', 'ELE-1', 11.32, 3.0, 'A', 3, 1);
insert into notes_details values ('2011-2012', 'SEM-5', 'Agathe Garnier', 'INP-1', 11.32, 3.67, 'A', 3, 1);
insert into notes_details values ('2011-2012', 'SEM-5', 'Agathe Garnier', 'LCI-1', 11.32, 2.67, 'A', 3, 1);
insert into notes_details values ('2011-2012', 'SEM-5', 'Agathe Garnier', 'MAT-1', 11.32, 1.0, 'A', 0, 1);
insert into notes_details values ('2011-2012', 'SEM-5', 'Agathe Garnier', 'MAT-1', 11.32, 4.0, 'A', 3, 2);
insert into notes_details values ('2011-2012', 'SEM-5', 'Agathe Garnier', 'MGP-1', 11.32, 1.67, 'A', 0, 1);
insert into notes_details values ('2011-2012', 'SEM-5', 'Agathe Garnier', 'MGP-1', 11.32, 3.0, 'A', 4, 2);
insert into notes_details values ('2011-2012', 'SEM-5', 'Agathe Garnier', 'PHO-1', 11.32, 1.33, 'A', 0, 1);
insert into notes_details values ('2011-2012', 'SEM-5', 'Agathe Garnier', 'PHO-1', 11.32, 3.67, 'A', 3, 2);
insert into notes_details values ('2011-2012', 'SEM-5', 'Agathe Garnier', 'PHQ-1', 11.32, 3.33, 'A', 3, 1);
insert into notes_details values ('2011-2012', 'SEM-5', 'Agathe Garnier', 'SPM-1', 11.32, 3.33, 'A', 3, 1);
insert into notes_details values ('2011-2012', 'SEM-6', 'Agathe Garnier', 'DPP-2', 11.32, 2.0, 'A', 0, 1);
insert into notes_details values ('2011-2012', 'SEM-6', 'Agathe Garnier', 'DPP-2', 11.32, 3.67, 'A', 1, 2);
insert into notes_details values ('2011-2012', 'SEM-6', 'Agathe Garnier', 'EAO-2', 11.32, 2.67, 'A', 3, 1);
insert into notes_details values ('2011-2012', 'SEM-6', 'Agathe Garnier', 'ECO-2', 11.32, 1.33, 'A', 0, 1);
insert into notes_details values ('2011-2012', 'SEM-6', 'Agathe Garnier', 'ECO-2', 11.32, 4.0, 'A', 3, 2);
insert into notes_details values ('2011-2012', 'SEM-6', 'Agathe Garnier', 'LCI-2', 11.32, 2.67, 'A', 3, 1);
insert into notes_details values ('2011-2012', 'SEM-6', 'Agathe Garnier', 'MAT-2', 11.32, 2.0, 'A', 0, 1);
insert into notes_details values ('2011-2012', 'SEM-6', 'Agathe Garnier', 'MAT-2', 11.32, 3.33, 'A', 2, 2);
insert into notes_details values ('2011-2012', 'SEM-6', 'Agathe Garnier', 'MCO-2', 11.32, 3.0, 'A', 2, 1);
insert into notes_details values ('2011-2012', 'SEM-6', 'Agathe Garnier', 'MGP-2', 11.32, 1.0, 'A', 0, 1);
insert into notes_details values ('2011-2012', 'SEM-6', 'Agathe Garnier', 'MGP-2', 11.32, 3.0, 'A', 4, 2);
insert into notes_details values ('2011-2012', 'SEM-6', 'Agathe Garnier', 'PHS-2', 11.32, 3.67, 'A', 2, 1);
insert into notes_details values ('2011-2012', 'SEM-6', 'Agathe Garnier', 'PJT-2', 11.32, 4.0, 'A', 1, 1);
insert into notes_details values ('2011-2012', 'SEM-6', 'Agathe Garnier', 'RMS-2', 11.32, 2.33, 'A', 0, 1);
insert into notes_details values ('2011-2012', 'SEM-6', 'Agathe Garnier', 'RMS-2', 11.32, 1.67, 'A', 4, 99);
insert into notes_details values ('2011-2012', 'SEM-6', 'Agathe Garnier', 'STG-2', 11.32, 1.33, 'A', 0, 1);
insert into notes_details values ('2011-2012', 'SEM-6', 'Agathe Garnier', 'STG-2', 11.32, 2.67, 'A', 2, 2);
insert into notes_details values ('2011-2012', 'SEM-6', 'Agathe Garnier', 'THS-2', 11.32, 3.67, 'A', 3, 1);
insert into notes_details values ('2012-2013', 'SEM-7', 'Agathe Garnier', 'ASL-3', 11.32, 1.33, 'A', 0, 1);
insert into notes_details values ('2012-2013', 'SEM-7', 'Agathe Garnier', 'ASL-3', 11.32, 3.33, 'A', 2, 2);
insert into notes_details values ('2012-2013', 'SEM-7', 'Agathe Garnier', 'DPP-3', 11.32, 3.67, 'A', 2, 1);
insert into notes_details values ('2012-2013', 'SEM-7', 'Agathe Garnier', 'EAO-31', 11.32, 2.0, 'A', 0, 1);
insert into notes_details values ('2012-2013', 'SEM-7', 'Agathe Garnier', 'EAO-31', 11.32, 2.67, 'A', 2, 2);
insert into notes_details values ('2012-2013', 'SEM-7', 'Agathe Garnier', 'EAO-32', 11.32, 1.0, 'A', 0, 1);
insert into notes_details values ('2012-2013', 'SEM-7', 'Agathe Garnier', 'EAO-32', 11.32, 1.33, 'A', 0, 2);
insert into contentieux values ('2012-2013', 'SEM-7', 'Agathe Garnier', 'EAO-32');
insert into notes_details values ('2012-2013', 'SEM-7', 'Agathe Garnier', 'EAO-33', 11.32, 3.67, 'A', 2, 1);
insert into notes_details values ('2012-2013', 'SEM-7', 'Agathe Garnier', 'EAO-34', 11.32, 2.33, 'A', 0, 1);
insert into notes_details values ('2012-2013', 'SEM-7', 'Agathe Garnier', 'EAO-34', 11.32, 1.33, 'A', 0, 2);
insert into contentieux values ('2012-2013', 'SEM-7', 'Agathe Garnier', 'EAO-34');
insert into notes_details values ('2012-2013', 'SEM-7', 'Agathe Garnier', 'EAO-35', 11.32, 1.0, 'A', 0, 1);
insert into notes_details values ('2012-2013', 'SEM-7', 'Agathe Garnier', 'EAO-35', 11.32, 2.0, 'A', 2, 99);
insert into notes_details values ('2012-2013', 'SEM-7', 'Agathe Garnier', 'LCI-3', 11.32, 1.67, 'A', 0, 1);
insert into notes_details values ('2012-2013', 'SEM-7', 'Agathe Garnier', 'LCI-3', 11.32, 2.67, 'A', 3, 2);
insert into notes_details values ('2012-2013', 'SEM-7', 'Agathe Garnier', 'MAT-3', 11.32, 3.33, 'A', 3, 1);
insert into notes_details values ('2012-2013', 'SEM-7', 'Agathe Garnier', 'MNG-3', 11.32, 1.0, 'A', 0, 1);
insert into notes_details values ('2012-2013', 'SEM-7', 'Agathe Garnier', 'MNG-3', 11.32, 1.0, 'A', 3, 99);
insert into notes_details values ('2012-2013', 'SEM-7', 'Agathe Garnier', 'PJT-3', 11.32, 3.0, 'A', 5, 1);
insert into notes_details values ('2012-2013', 'SEM-7', 'Agathe Garnier', 'STD-3', 11.32, 3.33, 'A', 2, 1);
insert into gpa values ('2011-2012', 'SEM-5', 'Agathe Garnier', 3.95);
insert into gpa values ('2011-2012', 'SEM-6', 'Agathe Garnier', 2.03);
insert into gpa values ('2012-2013', 'SEM-7', 'Agathe Garnier', 2.44);
insert into eleves values ('Francois Joly', 1, 'S', 'Tres bien', 'MP', null, 'fjoly');
insert into notes_details values ('2010-2011', 'SEM-5', 'Francois Joly', 'ALG-1', 11.32, 4.0, 'A', 3, 1);
insert into notes_details values ('2010-2011', 'SEM-5', 'Francois Joly', 'DPP-1', 11.32, 2.67, 'A', 2, 1);
insert into notes_details values ('2010-2011', 'SEM-5', 'Francois Joly', 'ELE-1', 11.32, 1.67, 'A', 0, 1);
insert into notes_details values ('2010-2011', 'SEM-5', 'Francois Joly', 'ELE-1', 11.32, 2.67, 'A', 3, 2);
insert into notes_details values ('2010-2011', 'SEM-5', 'Francois Joly', 'INP-1', 11.32, 2.0, 'A', 0, 1);
insert into notes_details values ('2010-2011', 'SEM-5', 'Francois Joly', 'INP-1', 11.32, 3.67, 'A', 3, 2);
insert into notes_details values ('2010-2011', 'SEM-5', 'Francois Joly', 'LCI-1', 11.32, 2.33, 'A', 0, 1);
insert into notes_details values ('2010-2011', 'SEM-5', 'Francois Joly', 'LCI-1', 11.32, 4.0, 'A', 3, 2);
insert into notes_details values ('2010-2011', 'SEM-5', 'Francois Joly', 'MAT-1', 11.32, 4.0, 'A', 3, 1);
insert into notes_details values ('2010-2011', 'SEM-5', 'Francois Joly', 'MGP-1', 11.32, 1.33, 'A', 0, 1);
insert into notes_details values ('2010-2011', 'SEM-5', 'Francois Joly', 'MGP-1', 11.32, 3.0, 'A', 4, 2);
insert into notes_details values ('2010-2011', 'SEM-5', 'Francois Joly', 'PHO-1', 11.32, 3.33, 'A', 3, 1);
insert into notes_details values ('2010-2011', 'SEM-5', 'Francois Joly', 'PHQ-1', 11.32, 1.33, 'A', 0, 1);
insert into notes_details values ('2010-2011', 'SEM-5', 'Francois Joly', 'PHQ-1', 11.32, 3.0, 'A', 3, 2);
insert into notes_details values ('2010-2011', 'SEM-5', 'Francois Joly', 'SPM-1', 11.32, 2.0, 'A', 0, 1);
insert into notes_details values ('2010-2011', 'SEM-5', 'Francois Joly', 'SPM-1', 11.32, 3.33, 'A', 3, 2);
insert into notes_details values ('2010-2011', 'SEM-6', 'Francois Joly', 'DPP-2', 11.32, 2.0, 'A', 0, 1);
insert into notes_details values ('2010-2011', 'SEM-6', 'Francois Joly', 'DPP-2', 11.32, 3.0, 'A', 1, 2);
insert into notes_details values ('2010-2011', 'SEM-6', 'Francois Joly', 'EAO-2', 11.32, 3.0, 'A', 3, 1);
insert into notes_details values ('2010-2011', 'SEM-6', 'Francois Joly', 'ECO-2', 11.32, 1.0, 'A', 0, 1);
insert into notes_details values ('2010-2011', 'SEM-6', 'Francois Joly', 'ECO-2', 11.32, 3.67, 'A', 3, 2);
insert into notes_details values ('2010-2011', 'SEM-6', 'Francois Joly', 'LCI-2', 11.32, 3.0, 'A', 3, 1);
insert into notes_details values ('2010-2011', 'SEM-6', 'Francois Joly', 'MAT-2', 11.32, 1.33, 'A', 0, 1);
insert into notes_details values ('2010-2011', 'SEM-6', 'Francois Joly', 'MAT-2', 11.32, 2.67, 'A', 2, 2);
insert into notes_details values ('2010-2011', 'SEM-6', 'Francois Joly', 'MCO-2', 11.32, 4.0, 'A', 2, 1);
insert into notes_details values ('2010-2011', 'SEM-6', 'Francois Joly', 'MGP-2', 11.32, 1.67, 'A', 0, 1);
insert into notes_details values ('2010-2011', 'SEM-6', 'Francois Joly', 'MGP-2', 11.32, 4.0, 'A', 4, 2);
insert into notes_details values ('2010-2011', 'SEM-6', 'Francois Joly', 'PHS-2', 11.32, 2.67, 'A', 2, 1);
insert into notes_details values ('2010-2011', 'SEM-6', 'Francois Joly', 'PJT-2', 11.32, 3.0, 'A', 1, 1);
insert into notes_details values ('2010-2011', 'SEM-6', 'Francois Joly', 'RMS-2', 11.32, 3.0, 'A', 4, 1);
insert into notes_details values ('2010-2011', 'SEM-6', 'Francois Joly', 'STG-2', 11.32, 2.67, 'A', 2, 1);
insert into notes_details values ('2010-2011', 'SEM-6', 'Francois Joly', 'THS-2', 11.32, 3.33, 'A', 3, 1);
insert into notes_details values ('2011-2012', 'SEM-7', 'Francois Joly', 'ASL-3', 11.32, 3.0, 'A', 2, 1);
insert into notes_details values ('2011-2012', 'SEM-7', 'Francois Joly', 'DPP-3', 11.32, 2.33, 'A', 0, 1);
insert into notes_details values ('2011-2012', 'SEM-7', 'Francois Joly', 'DPP-3', 11.32, 1.33, 'A', 2, 99);
insert into notes_details values ('2011-2012', 'SEM-7', 'Francois Joly', 'EAO-31', 11.32, 1.33, 'A', 0, 1);
insert into notes_details values ('2011-2012', 'SEM-7', 'Francois Joly', 'EAO-31', 11.32, 2.67, 'A', 2, 2);
insert into notes_details values ('2011-2012', 'SEM-7', 'Francois Joly', 'EAO-32', 11.32, 3.0, 'A', 2, 1);
insert into notes_details values ('2011-2012', 'SEM-7', 'Francois Joly', 'EAO-33', 11.32, 1.67, 'A', 0, 1);
insert into notes_details values ('2011-2012', 'SEM-7', 'Francois Joly', 'EAO-33', 11.32, 4.0, 'A', 2, 2);
insert into notes_details values ('2011-2012', 'SEM-7', 'Francois Joly', 'EAO-34', 11.32, 1.67, 'A', 0, 1);
insert into notes_details values ('2011-2012', 'SEM-7', 'Francois Joly', 'EAO-34', 11.32, 4.0, 'A', 2, 2);
insert into notes_details values ('2011-2012', 'SEM-7', 'Francois Joly', 'EAO-35', 11.32, 3.0, 'A', 2, 1);
insert into notes_details values ('2011-2012', 'SEM-7', 'Francois Joly', 'LCI-3', 11.32, 2.0, 'A', 0, 1);
insert into notes_details values ('2011-2012', 'SEM-7', 'Francois Joly', 'LCI-3', 11.32, 2.0, 'A', 0, 2);
insert into contentieux values ('2011-2012', 'SEM-7', 'Francois Joly', 'LCI-3');
insert into notes_details values ('2011-2012', 'SEM-7', 'Francois Joly', 'MAT-3', 11.32, 2.33, 'A', 0, 1);
insert into notes_details values ('2011-2012', 'SEM-7', 'Francois Joly', 'MAT-3', 11.32, 1.0, 'A', 3, 99);
insert into notes_details values ('2011-2012', 'SEM-7', 'Francois Joly', 'MNG-3', 11.32, 1.0, 'A', 0, 1);
insert into notes_details values ('2011-2012', 'SEM-7', 'Francois Joly', 'MNG-3', 11.32, 3.67, 'A', 3, 2);
insert into notes_details values ('2011-2012', 'SEM-7', 'Francois Joly', 'PJT-3', 11.32, 1.33, 'A', 0, 1);
insert into notes_details values ('2011-2012', 'SEM-7', 'Francois Joly', 'PJT-3', 11.32, 2.67, 'A', 5, 2);
insert into notes_details values ('2011-2012', 'SEM-7', 'Francois Joly', 'STD-3', 11.32, 1.0, 'A', 0, 1);
insert into notes_details values ('2011-2012', 'SEM-7', 'Francois Joly', 'STD-3', 11.32, 3.67, 'A', 2, 2);
insert into gpa values ('2010-2011', 'SEM-5', 'Francois Joly', 2.84);
insert into gpa values ('2010-2011', 'SEM-6', 'Francois Joly', 3.43);
insert into gpa values ('2011-2012', 'SEM-7', 'Francois Joly', 2.38);
insert into eleves values ('Lucie Aleatoire', 1, 'S', 'Tres bien', 'MP', null, 'laleatoire');
insert into notes_details values ('2011-2012', 'SEM-5', 'Lucie Aleatoire', 'ALG-1', 11.32, 2.0, 'A', 0, 1);
insert into notes_details values ('2011-2012', 'SEM-5', 'Lucie Aleatoire', 'ALG-1', 11.32, 2.67, 'A', 3, 2);
insert into notes_details values ('2011-2012', 'SEM-5', 'Lucie Aleatoire', 'DPP-1', 11.32, 2.67, 'A', 2, 1);
insert into notes_details values ('2011-2012', 'SEM-5', 'Lucie Aleatoire', 'ELE-1', 11.32, 3.0, 'A', 3, 1);
insert into notes_details values ('2011-2012', 'SEM-5', 'Lucie Aleatoire', 'INP-1', 11.32, 3.0, 'A', 3, 1);
insert into notes_details values ('2011-2012', 'SEM-5', 'Lucie Aleatoire', 'LCI-1', 11.32, 1.0, 'A', 0, 1);
insert into notes_details values ('2011-2012', 'SEM-5', 'Lucie Aleatoire', 'LCI-1', 11.32, 2.0, 'A', 3, 99);
insert into notes_details values ('2011-2012', 'SEM-5', 'Lucie Aleatoire', 'MAT-1', 11.32, 3.67, 'A', 3, 1);
insert into notes_details values ('2011-2012', 'SEM-5', 'Lucie Aleatoire', 'MGP-1', 11.32, 2.67, 'A', 4, 1);
insert into notes_details values ('2011-2012', 'SEM-5', 'Lucie Aleatoire', 'PHO-1', 11.32, 2.67, 'A', 3, 1);
insert into notes_details values ('2011-2012', 'SEM-5', 'Lucie Aleatoire', 'PHQ-1', 11.32, 1.0, 'A', 0, 1);
insert into notes_details values ('2011-2012', 'SEM-5', 'Lucie Aleatoire', 'PHQ-1', 11.32, 3.67, 'A', 3, 2);
insert into notes_details values ('2011-2012', 'SEM-5', 'Lucie Aleatoire', 'SPM-1', 11.32, 2.67, 'A', 3, 1);
insert into notes_details values ('2011-2012', 'SEM-6', 'Lucie Aleatoire', 'DPP-2', 11.32, 3.67, 'A', 1, 1);
insert into notes_details values ('2011-2012', 'SEM-6', 'Lucie Aleatoire', 'EAO-2', 11.32, 1.0, 'A', 0, 1);
insert into notes_details values ('2011-2012', 'SEM-6', 'Lucie Aleatoire', 'EAO-2', 11.32, 4.0, 'A', 3, 2);
insert into notes_details values ('2011-2012', 'SEM-6', 'Lucie Aleatoire', 'ECO-2', 11.32, 2.0, 'A', 0, 1);
insert into notes_details values ('2011-2012', 'SEM-6', 'Lucie Aleatoire', 'ECO-2', 11.32, 3.67, 'A', 3, 2);
insert into notes_details values ('2011-2012', 'SEM-6', 'Lucie Aleatoire', 'LCI-2', 11.32, 2.0, 'A', 0, 1);
insert into notes_details values ('2011-2012', 'SEM-6', 'Lucie Aleatoire', 'LCI-2', 11.32, 4.0, 'A', 3, 2);
insert into notes_details values ('2011-2012', 'SEM-6', 'Lucie Aleatoire', 'MAT-2', 11.32, 3.0, 'A', 2, 1);
insert into notes_details values ('2011-2012', 'SEM-6', 'Lucie Aleatoire', 'MCO-2', 11.32, 4.0, 'A', 2, 1);
insert into notes_details values ('2011-2012', 'SEM-6', 'Lucie Aleatoire', 'MGP-2', 11.32, 2.0, 'A', 0, 1);
insert into notes_details values ('2011-2012', 'SEM-6', 'Lucie Aleatoire', 'MGP-2', 11.32, 3.33, 'A', 4, 2);
insert into notes_details values ('2011-2012', 'SEM-6', 'Lucie Aleatoire', 'PHS-2', 11.32, 1.0, 'A', 0, 1);
insert into notes_details values ('2011-2012', 'SEM-6', 'Lucie Aleatoire', 'PHS-2', 11.32, 2.33, 'A', 2, 99);
insert into notes_details values ('2011-2012', 'SEM-6', 'Lucie Aleatoire', 'PJT-2', 11.32, 1.67, 'A', 0, 1);
insert into notes_details values ('2011-2012', 'SEM-6', 'Lucie Aleatoire', 'PJT-2', 11.32, 3.33, 'A', 1, 2);
insert into notes_details values ('2011-2012', 'SEM-6', 'Lucie Aleatoire', 'RMS-2', 11.32, 3.67, 'A', 4, 1);
insert into notes_details values ('2011-2012', 'SEM-6', 'Lucie Aleatoire', 'STG-2', 11.32, 2.0, 'A', 0, 1);
insert into notes_details values ('2011-2012', 'SEM-6', 'Lucie Aleatoire', 'STG-2', 11.32, 1.0, 'A', 2, 99);
insert into notes_details values ('2011-2012', 'SEM-6', 'Lucie Aleatoire', 'THS-2', 11.32, 1.33, 'A', 0, 1);
insert into notes_details values ('2011-2012', 'SEM-6', 'Lucie Aleatoire', 'THS-2', 11.32, 1.67, 'A', 3, 99);
insert into notes_details values ('2012-2013', 'SEM-7', 'Lucie Aleatoire', 'ASL-3', 11.32, 1.67, 'A', 0, 1);
insert into notes_details values ('2012-2013', 'SEM-7', 'Lucie Aleatoire', 'ASL-3', 11.32, 2.0, 'A', 0, 2);
insert into contentieux values ('2012-2013', 'SEM-7', 'Lucie Aleatoire', 'ASL-3');
insert into notes_details values ('2012-2013', 'SEM-7', 'Lucie Aleatoire', 'DPP-3', 11.32, 2.0, 'A', 0, 1);
insert into notes_details values ('2012-2013', 'SEM-7', 'Lucie Aleatoire', 'DPP-3', 11.32, 3.33, 'A', 2, 2);
insert into notes_details values ('2012-2013', 'SEM-7', 'Lucie Aleatoire', 'EAO-31', 11.32, 2.33, 'A', 0, 1);
insert into notes_details values ('2012-2013', 'SEM-7', 'Lucie Aleatoire', 'EAO-31', 11.32, 2.0, 'A', 0, 2);
insert into contentieux values ('2012-2013', 'SEM-7', 'Lucie Aleatoire', 'EAO-31');
insert into notes_details values ('2012-2013', 'SEM-7', 'Lucie Aleatoire', 'EAO-32', 11.32, 1.0, 'A', 0, 1);
insert into notes_details values ('2012-2013', 'SEM-7', 'Lucie Aleatoire', 'EAO-32', 11.32, 3.0, 'A', 2, 2);
insert into notes_details values ('2012-2013', 'SEM-7', 'Lucie Aleatoire', 'EAO-33', 11.32, 1.0, 'A', 0, 1);
insert into notes_details values ('2012-2013', 'SEM-7', 'Lucie Aleatoire', 'EAO-33', 11.32, 1.0, 'A', 0, 2);
insert into contentieux values ('2012-2013', 'SEM-7', 'Lucie Aleatoire', 'EAO-33');
insert into notes_details values ('2012-2013', 'SEM-7', 'Lucie Aleatoire', 'EAO-34', 11.32, 2.33, 'A', 0, 1);
insert into notes_details values ('2012-2013', 'SEM-7', 'Lucie Aleatoire', 'EAO-34', 11.32, 3.67, 'A', 2, 2);
insert into notes_details values ('2012-2013', 'SEM-7', 'Lucie Aleatoire', 'EAO-35', 11.32, 1.33, 'A', 0, 1);
insert into notes_details values ('2012-2013', 'SEM-7', 'Lucie Aleatoire', 'EAO-35', 11.32, 3.67, 'A', 2, 2);
insert into notes_details values ('2012-2013', 'SEM-7', 'Lucie Aleatoire', 'LCI-3', 11.32, 4.0, 'A', 3, 1);
insert into notes_details values ('2012-2013', 'SEM-7', 'Lucie Aleatoire', 'MAT-3', 11.32, 2.67, 'A', 3, 1);
insert into notes_details values ('2012-2013', 'SEM-7', 'Lucie Aleatoire', 'MNG-3', 11.32, 2.33, 'A', 0, 1);
insert into notes_details values ('2012-2013', 'SEM-7', 'Lucie Aleatoire', 'MNG-3', 11.32, 3.33, 'A', 3, 2);
insert into notes_details values ('2012-2013', 'SEM-7', 'Lucie Aleatoire', 'PJT-3', 11.32, 1.33, 'A', 0, 1);
insert into notes_details values ('2012-2013', 'SEM-7', 'Lucie Aleatoire', 'PJT-3', 11.32, 2.67, 'A', 5, 2);
insert into notes_details values ('2012-2013', 'SEM-7', 'Lucie Aleatoire', 'STD-3', 11.32, 1.0, 'A', 0, 1);
insert into notes_details values ('2012-2013', 'SEM-7', 'Lucie Aleatoire', 'STD-3', 11.32, 1.0, 'A', 0, 2);
insert into contentieux values ('2012-2013', 'SEM-7', 'Lucie Aleatoire', 'STD-3');
insert into gpa values ('2011-2012', 'SEM-5', 'Lucie Aleatoire', 2.86);
insert into gpa values ('2011-2012', 'SEM-6', 'Lucie Aleatoire', 2.83);
insert into gpa values ('2012-2013', 'SEM-7', 'Lucie Aleatoire', 2.86);
insert into eleves values ('Andrei Makelele', 1, 'S', 'Tres bien', 'MP', null, 'amakelele');
insert into notes_details values ('2010-2011', 'SEM-5', 'Andrei Makelele', 'ALG-1', 11.32, 1.0, 'A', 0, 1);
insert into notes_details values ('2010-2011', 'SEM-5', 'Andrei Makelele', 'ALG-1', 11.32, 4.0, 'A', 3, 2);
insert into notes_details values ('2010-2011', 'SEM-5', 'Andrei Makelele', 'DPP-1', 11.32, 4.0, 'A', 2, 1);
insert into notes_details values ('2010-2011', 'SEM-5', 'Andrei Makelele', 'ELE-1', 11.32, 2.33, 'A', 0, 1);
insert into notes_details values ('2010-2011', 'SEM-5', 'Andrei Makelele', 'ELE-1', 11.32, 1.0, 'A', 3, 99);
insert into notes_details values ('2010-2011', 'SEM-5', 'Andrei Makelele', 'INP-1', 11.32, 1.0, 'A', 0, 1);
insert into notes_details values ('2010-2011', 'SEM-5', 'Andrei Makelele', 'INP-1', 11.32, 4.0, 'A', 3, 2);
insert into notes_details values ('2010-2011', 'SEM-5', 'Andrei Makelele', 'LCI-1', 11.32, 2.67, 'A', 3, 1);
insert into notes_details values ('2010-2011', 'SEM-5', 'Andrei Makelele', 'MAT-1', 11.32, 2.0, 'A', 0, 1);
insert into notes_details values ('2010-2011', 'SEM-5', 'Andrei Makelele', 'MAT-1', 11.32, 3.67, 'A', 3, 2);
insert into notes_details values ('2010-2011', 'SEM-5', 'Andrei Makelele', 'MGP-1', 11.32, 2.0, 'A', 0, 1);
insert into notes_details values ('2010-2011', 'SEM-5', 'Andrei Makelele', 'MGP-1', 11.32, 3.0, 'A', 4, 2);
insert into notes_details values ('2010-2011', 'SEM-5', 'Andrei Makelele', 'PHO-1', 11.32, 1.0, 'A', 0, 1);
insert into notes_details values ('2010-2011', 'SEM-5', 'Andrei Makelele', 'PHO-1', 11.32, 3.0, 'A', 3, 2);
insert into notes_details values ('2010-2011', 'SEM-5', 'Andrei Makelele', 'PHQ-1', 11.32, 4.0, 'A', 3, 1);
insert into notes_details values ('2010-2011', 'SEM-5', 'Andrei Makelele', 'SPM-1', 11.32, 2.0, 'A', 0, 1);
insert into notes_details values ('2010-2011', 'SEM-5', 'Andrei Makelele', 'SPM-1', 11.32, 4.0, 'A', 3, 2);
insert into notes_details values ('2010-2011', 'SEM-6', 'Andrei Makelele', 'DPP-2', 11.32, 2.0, 'A', 0, 1);
insert into notes_details values ('2010-2011', 'SEM-6', 'Andrei Makelele', 'DPP-2', 11.32, 3.33, 'A', 1, 2);
insert into notes_details values ('2010-2011', 'SEM-6', 'Andrei Makelele', 'EAO-2', 11.32, 3.33, 'A', 3, 1);
insert into notes_details values ('2010-2011', 'SEM-6', 'Andrei Makelele', 'ECO-2', 11.32, 1.33, 'A', 0, 1);
insert into notes_details values ('2010-2011', 'SEM-6', 'Andrei Makelele', 'ECO-2', 11.32, 2.0, 'A', 3, 99);
insert into notes_details values ('2010-2011', 'SEM-6', 'Andrei Makelele', 'LCI-2', 11.32, 2.0, 'A', 0, 1);
insert into notes_details values ('2010-2011', 'SEM-6', 'Andrei Makelele', 'LCI-2', 11.32, 1.0, 'A', 3, 99);
insert into notes_details values ('2010-2011', 'SEM-6', 'Andrei Makelele', 'MAT-2', 11.32, 1.67, 'A', 0, 1);
insert into notes_details values ('2010-2011', 'SEM-6', 'Andrei Makelele', 'MAT-2', 11.32, 3.33, 'A', 2, 2);
insert into notes_details values ('2010-2011', 'SEM-6', 'Andrei Makelele', 'MCO-2', 11.32, 3.33, 'A', 2, 1);
insert into notes_details values ('2010-2011', 'SEM-6', 'Andrei Makelele', 'MGP-2', 11.32, 3.0, 'A', 4, 1);
insert into notes_details values ('2010-2011', 'SEM-6', 'Andrei Makelele', 'PHS-2', 11.32, 1.67, 'A', 0, 1);
insert into notes_details values ('2010-2011', 'SEM-6', 'Andrei Makelele', 'PHS-2', 11.32, 4.0, 'A', 2, 2);
insert into notes_details values ('2010-2011', 'SEM-6', 'Andrei Makelele', 'PJT-2', 11.32, 2.0, 'A', 0, 1);
insert into notes_details values ('2010-2011', 'SEM-6', 'Andrei Makelele', 'PJT-2', 11.32, 3.0, 'A', 1, 2);
insert into notes_details values ('2010-2011', 'SEM-6', 'Andrei Makelele', 'RMS-2', 11.32, 3.33, 'A', 4, 1);
insert into notes_details values ('2010-2011', 'SEM-6', 'Andrei Makelele', 'STG-2', 11.32, 3.33, 'A', 2, 1);
insert into notes_details values ('2010-2011', 'SEM-6', 'Andrei Makelele', 'THS-2', 11.32, 3.0, 'A', 3, 1);
insert into notes_details values ('2011-2012', 'SEM-7', 'Andrei Makelele', 'ASL-3', 11.32, 3.0, 'A', 2, 1);
insert into notes_details values ('2011-2012', 'SEM-7', 'Andrei Makelele', 'DPP-3', 11.32, 3.0, 'A', 2, 1);
insert into notes_details values ('2011-2012', 'SEM-7', 'Andrei Makelele', 'EAO-31', 11.32, 1.33, 'A', 0, 1);
insert into notes_details values ('2011-2012', 'SEM-7', 'Andrei Makelele', 'EAO-31', 11.32, 3.0, 'A', 2, 2);
insert into notes_details values ('2011-2012', 'SEM-7', 'Andrei Makelele', 'EAO-32', 11.32, 3.33, 'A', 2, 1);
insert into notes_details values ('2011-2012', 'SEM-7', 'Andrei Makelele', 'EAO-33', 11.32, 2.67, 'A', 2, 1);
insert into notes_details values ('2011-2012', 'SEM-7', 'Andrei Makelele', 'EAO-34', 11.32, 2.67, 'A', 2, 1);
insert into notes_details values ('2011-2012', 'SEM-7', 'Andrei Makelele', 'EAO-35', 11.32, 4.0, 'A', 2, 1);
insert into notes_details values ('2011-2012', 'SEM-7', 'Andrei Makelele', 'LCI-3', 11.32, 2.33, 'A', 0, 1);
insert into notes_details values ('2011-2012', 'SEM-7', 'Andrei Makelele', 'LCI-3', 11.32, 1.0, 'A', 0, 2);
insert into contentieux values ('2011-2012', 'SEM-7', 'Andrei Makelele', 'LCI-3');
insert into notes_details values ('2011-2012', 'SEM-7', 'Andrei Makelele', 'MAT-3', 11.32, 2.33, 'A', 0, 1);
insert into notes_details values ('2011-2012', 'SEM-7', 'Andrei Makelele', 'MAT-3', 11.32, 1.0, 'A', 3, 99);
insert into notes_details values ('2011-2012', 'SEM-7', 'Andrei Makelele', 'MNG-3', 11.32, 3.67, 'A', 3, 1);
insert into notes_details values ('2011-2012', 'SEM-7', 'Andrei Makelele', 'PJT-3', 11.32, 3.0, 'A', 5, 1);
insert into notes_details values ('2011-2012', 'SEM-7', 'Andrei Makelele', 'STD-3', 11.32, 2.0, 'A', 0, 1);
insert into notes_details values ('2011-2012', 'SEM-7', 'Andrei Makelele', 'STD-3', 11.32, 1.67, 'A', 0, 2);
insert into contentieux values ('2011-2012', 'SEM-7', 'Andrei Makelele', 'STD-3');
insert into gpa values ('2010-2011', 'SEM-5', 'Andrei Makelele', 2.47);
insert into gpa values ('2010-2011', 'SEM-6', 'Andrei Makelele', 3.73);
insert into gpa values ('2011-2012', 'SEM-7', 'Andrei Makelele', 2.29);
insert into cesure values ('Andrei Makelele', 'CESURE');
insert into eleves values ('Senapus Vincent', 1, 'S', 'Tres bien', 'MP', null, 'svincent');
insert into notes_details values ('2011-2012', 'SEM-5', 'Senapus Vincent', 'ALG-1', 11.32, 2.0, 'A', 0, 1);
insert into notes_details values ('2011-2012', 'SEM-5', 'Senapus Vincent', 'ALG-1', 11.32, 3.67, 'A', 3, 2);
insert into notes_details values ('2011-2012', 'SEM-5', 'Senapus Vincent', 'DPP-1', 11.32, 1.0, 'A', 0, 1);
insert into notes_details values ('2011-2012', 'SEM-5', 'Senapus Vincent', 'DPP-1', 11.32, 3.0, 'A', 2, 2);
insert into notes_details values ('2011-2012', 'SEM-5', 'Senapus Vincent', 'ELE-1', 11.32, 4.0, 'A', 3, 1);
insert into notes_details values ('2011-2012', 'SEM-5', 'Senapus Vincent', 'INP-1', 11.32, 2.33, 'A', 0, 1);
insert into notes_details values ('2011-2012', 'SEM-5', 'Senapus Vincent', 'INP-1', 11.32, 2.67, 'A', 3, 2);
insert into notes_details values ('2011-2012', 'SEM-5', 'Senapus Vincent', 'LCI-1', 11.32, 2.33, 'A', 0, 1);
insert into notes_details values ('2011-2012', 'SEM-5', 'Senapus Vincent', 'LCI-1', 11.32, 3.33, 'A', 3, 2);
insert into notes_details values ('2011-2012', 'SEM-5', 'Senapus Vincent', 'MAT-1', 11.32, 4.0, 'A', 3, 1);
insert into notes_details values ('2011-2012', 'SEM-5', 'Senapus Vincent', 'MGP-1', 11.32, 3.0, 'A', 4, 1);
insert into notes_details values ('2011-2012', 'SEM-5', 'Senapus Vincent', 'PHO-1', 11.32, 3.67, 'A', 3, 1);
insert into notes_details values ('2011-2012', 'SEM-5', 'Senapus Vincent', 'PHQ-1', 11.32, 4.0, 'A', 3, 1);
insert into notes_details values ('2011-2012', 'SEM-5', 'Senapus Vincent', 'SPM-1', 11.32, 3.0, 'A', 3, 1);
insert into notes_details values ('2011-2012', 'SEM-6', 'Senapus Vincent', 'DPP-2', 11.32, 3.67, 'A', 1, 1);
insert into notes_details values ('2011-2012', 'SEM-6', 'Senapus Vincent', 'EAO-2', 11.32, 3.0, 'A', 3, 1);
insert into notes_details values ('2011-2012', 'SEM-6', 'Senapus Vincent', 'ECO-2', 11.32, 3.0, 'A', 3, 1);
insert into notes_details values ('2011-2012', 'SEM-6', 'Senapus Vincent', 'LCI-2', 11.32, 4.0, 'A', 3, 1);
insert into notes_details values ('2011-2012', 'SEM-6', 'Senapus Vincent', 'MAT-2', 11.32, 2.0, 'A', 0, 1);
insert into notes_details values ('2011-2012', 'SEM-6', 'Senapus Vincent', 'MAT-2', 11.32, 2.33, 'A', 2, 99);
insert into notes_details values ('2011-2012', 'SEM-6', 'Senapus Vincent', 'MCO-2', 11.32, 3.0, 'A', 2, 1);
insert into notes_details values ('2011-2012', 'SEM-6', 'Senapus Vincent', 'MGP-2', 11.32, 2.0, 'A', 0, 1);
insert into notes_details values ('2011-2012', 'SEM-6', 'Senapus Vincent', 'MGP-2', 11.32, 3.0, 'A', 4, 2);
insert into notes_details values ('2011-2012', 'SEM-6', 'Senapus Vincent', 'PHS-2', 11.32, 2.0, 'A', 0, 1);
insert into notes_details values ('2011-2012', 'SEM-6', 'Senapus Vincent', 'PHS-2', 11.32, 3.0, 'A', 2, 2);
insert into notes_details values ('2011-2012', 'SEM-6', 'Senapus Vincent', 'PJT-2', 11.32, 3.33, 'A', 1, 1);
insert into notes_details values ('2011-2012', 'SEM-6', 'Senapus Vincent', 'RMS-2', 11.32, 2.33, 'A', 0, 1);
insert into notes_details values ('2011-2012', 'SEM-6', 'Senapus Vincent', 'RMS-2', 11.32, 1.0, 'A', 4, 99);
insert into notes_details values ('2011-2012', 'SEM-6', 'Senapus Vincent', 'STG-2', 11.32, 3.33, 'A', 2, 1);
insert into notes_details values ('2011-2012', 'SEM-6', 'Senapus Vincent', 'THS-2', 11.32, 3.67, 'A', 3, 1);
insert into notes_details values ('2012-2013', 'SEM-7', 'Senapus Vincent', 'ASL-3', 11.32, 3.33, 'A', 2, 1);
insert into notes_details values ('2012-2013', 'SEM-7', 'Senapus Vincent', 'DPP-3', 11.32, 2.33, 'A', 0, 1);
insert into notes_details values ('2012-2013', 'SEM-7', 'Senapus Vincent', 'DPP-3', 11.32, 2.0, 'A', 2, 99);
insert into notes_details values ('2012-2013', 'SEM-7', 'Senapus Vincent', 'EAO-31', 11.32, 1.67, 'A', 0, 1);
insert into notes_details values ('2012-2013', 'SEM-7', 'Senapus Vincent', 'EAO-31', 11.32, 3.33, 'A', 2, 2);
insert into notes_details values ('2012-2013', 'SEM-7', 'Senapus Vincent', 'EAO-32', 11.32, 1.33, 'A', 0, 1);
insert into notes_details values ('2012-2013', 'SEM-7', 'Senapus Vincent', 'EAO-32', 11.32, 1.33, 'A', 0, 2);
insert into contentieux values ('2012-2013', 'SEM-7', 'Senapus Vincent', 'EAO-32');
insert into notes_details values ('2012-2013', 'SEM-7', 'Senapus Vincent', 'EAO-33', 11.32, 1.67, 'A', 0, 1);
insert into notes_details values ('2012-2013', 'SEM-7', 'Senapus Vincent', 'EAO-33', 11.32, 2.67, 'A', 2, 2);
insert into notes_details values ('2012-2013', 'SEM-7', 'Senapus Vincent', 'EAO-34', 11.32, 1.33, 'A', 0, 1);
insert into notes_details values ('2012-2013', 'SEM-7', 'Senapus Vincent', 'EAO-34', 11.32, 4.0, 'A', 2, 2);
insert into notes_details values ('2012-2013', 'SEM-7', 'Senapus Vincent', 'EAO-35', 11.32, 3.33, 'A', 2, 1);
insert into notes_details values ('2012-2013', 'SEM-7', 'Senapus Vincent', 'LCI-3', 11.32, 3.67, 'A', 3, 1);
insert into notes_details values ('2012-2013', 'SEM-7', 'Senapus Vincent', 'MAT-3', 11.32, 3.33, 'A', 3, 1);
insert into notes_details values ('2012-2013', 'SEM-7', 'Senapus Vincent', 'MNG-3', 11.32, 3.67, 'A', 3, 1);
insert into notes_details values ('2012-2013', 'SEM-7', 'Senapus Vincent', 'PJT-3', 11.32, 3.67, 'A', 5, 1);
insert into notes_details values ('2012-2013', 'SEM-7', 'Senapus Vincent', 'STD-3', 11.32, 2.67, 'A', 2, 1);
insert into gpa values ('2011-2012', 'SEM-5', 'Senapus Vincent', 2.05);
insert into gpa values ('2011-2012', 'SEM-6', 'Senapus Vincent', 3.99);
insert into gpa values ('2012-2013', 'SEM-7', 'Senapus Vincent', 2.74);
insert into eleves values ('Franck Hubert', 1, 'S', 'Tres bien', 'MP', null, 'fhubert');
insert into notes_details values ('2010-2011', 'SEM-5', 'Franck Hubert', 'ALG-1', 11.32, 3.67, 'A', 3, 1);
insert into notes_details values ('2010-2011', 'SEM-5', 'Franck Hubert', 'DPP-1', 11.32, 3.67, 'A', 2, 1);
insert into notes_details values ('2010-2011', 'SEM-5', 'Franck Hubert', 'ELE-1', 11.32, 1.33, 'A', 0, 1);
insert into notes_details values ('2010-2011', 'SEM-5', 'Franck Hubert', 'ELE-1', 11.32, 4.0, 'A', 3, 2);
insert into notes_details values ('2010-2011', 'SEM-5', 'Franck Hubert', 'INP-1', 11.32, 1.0, 'A', 0, 1);
insert into notes_details values ('2010-2011', 'SEM-5', 'Franck Hubert', 'INP-1', 11.32, 2.0, 'A', 3, 99);
insert into notes_details values ('2010-2011', 'SEM-5', 'Franck Hubert', 'LCI-1', 11.32, 1.67, 'A', 0, 1);
insert into notes_details values ('2010-2011', 'SEM-5', 'Franck Hubert', 'LCI-1', 11.32, 2.0, 'A', 3, 99);
insert into notes_details values ('2010-2011', 'SEM-5', 'Franck Hubert', 'MAT-1', 11.32, 1.0, 'A', 0, 1);
insert into notes_details values ('2010-2011', 'SEM-5', 'Franck Hubert', 'MAT-1', 11.32, 3.0, 'A', 3, 2);
insert into notes_details values ('2010-2011', 'SEM-5', 'Franck Hubert', 'MGP-1', 11.32, 1.67, 'A', 0, 1);
insert into notes_details values ('2010-2011', 'SEM-5', 'Franck Hubert', 'MGP-1', 11.32, 3.67, 'A', 4, 2);
insert into notes_details values ('2010-2011', 'SEM-5', 'Franck Hubert', 'PHO-1', 11.32, 2.0, 'A', 0, 1);
insert into notes_details values ('2010-2011', 'SEM-5', 'Franck Hubert', 'PHO-1', 11.32, 3.0, 'A', 3, 2);
insert into notes_details values ('2010-2011', 'SEM-5', 'Franck Hubert', 'PHQ-1', 11.32, 1.0, 'A', 0, 1);
insert into notes_details values ('2010-2011', 'SEM-5', 'Franck Hubert', 'PHQ-1', 11.32, 3.33, 'A', 3, 2);
insert into notes_details values ('2010-2011', 'SEM-5', 'Franck Hubert', 'SPM-1', 11.32, 3.33, 'A', 3, 1);
insert into notes_details values ('2010-2011', 'SEM-6', 'Franck Hubert', 'DPP-2', 11.32, 4.0, 'A', 1, 1);
insert into notes_details values ('2010-2011', 'SEM-6', 'Franck Hubert', 'EAO-2', 11.32, 1.33, 'A', 0, 1);
insert into notes_details values ('2010-2011', 'SEM-6', 'Franck Hubert', 'EAO-2', 11.32, 4.0, 'A', 3, 2);
insert into notes_details values ('2010-2011', 'SEM-6', 'Franck Hubert', 'ECO-2', 11.32, 1.0, 'A', 0, 1);
insert into notes_details values ('2010-2011', 'SEM-6', 'Franck Hubert', 'ECO-2', 11.32, 3.33, 'A', 3, 2);
insert into notes_details values ('2010-2011', 'SEM-6', 'Franck Hubert', 'LCI-2', 11.32, 1.33, 'A', 0, 1);
insert into notes_details values ('2010-2011', 'SEM-6', 'Franck Hubert', 'LCI-2', 11.32, 3.0, 'A', 3, 2);
insert into notes_details values ('2010-2011', 'SEM-6', 'Franck Hubert', 'MAT-2', 11.32, 3.67, 'A', 2, 1);
insert into notes_details values ('2010-2011', 'SEM-6', 'Franck Hubert', 'MCO-2', 11.32, 4.0, 'A', 2, 1);
insert into notes_details values ('2010-2011', 'SEM-6', 'Franck Hubert', 'MGP-2', 11.32, 1.67, 'A', 0, 1);
insert into notes_details values ('2010-2011', 'SEM-6', 'Franck Hubert', 'MGP-2', 11.32, 2.67, 'A', 4, 2);
insert into notes_details values ('2010-2011', 'SEM-6', 'Franck Hubert', 'PHS-2', 11.32, 4.0, 'A', 2, 1);
insert into notes_details values ('2010-2011', 'SEM-6', 'Franck Hubert', 'PJT-2', 11.32, 3.67, 'A', 1, 1);
insert into notes_details values ('2010-2011', 'SEM-6', 'Franck Hubert', 'RMS-2', 11.32, 3.33, 'A', 4, 1);
insert into notes_details values ('2010-2011', 'SEM-6', 'Franck Hubert', 'STG-2', 11.32, 3.67, 'A', 2, 1);
insert into notes_details values ('2010-2011', 'SEM-6', 'Franck Hubert', 'THS-2', 11.32, 3.0, 'A', 3, 1);
insert into notes_details values ('2011-2012', 'SEM-7', 'Franck Hubert', 'ASL-3', 11.32, 1.0, 'A', 0, 1);
insert into notes_details values ('2011-2012', 'SEM-7', 'Franck Hubert', 'ASL-3', 11.32, 2.67, 'A', 2, 2);
insert into notes_details values ('2011-2012', 'SEM-7', 'Franck Hubert', 'DPP-3', 11.32, 2.33, 'A', 0, 1);
insert into notes_details values ('2011-2012', 'SEM-7', 'Franck Hubert', 'DPP-3', 11.32, 3.67, 'A', 2, 2);
insert into notes_details values ('2011-2012', 'SEM-7', 'Franck Hubert', 'EAO-31', 11.32, 4.0, 'A', 2, 1);
insert into notes_details values ('2011-2012', 'SEM-7', 'Franck Hubert', 'EAO-32', 11.32, 3.0, 'A', 2, 1);
insert into notes_details values ('2011-2012', 'SEM-7', 'Franck Hubert', 'EAO-33', 11.32, 1.67, 'A', 0, 1);
insert into notes_details values ('2011-2012', 'SEM-7', 'Franck Hubert', 'EAO-33', 11.32, 1.67, 'A', 0, 2);
insert into contentieux values ('2011-2012', 'SEM-7', 'Franck Hubert', 'EAO-33');
insert into notes_details values ('2011-2012', 'SEM-7', 'Franck Hubert', 'EAO-34', 11.32, 2.33, 'A', 0, 1);
insert into notes_details values ('2011-2012', 'SEM-7', 'Franck Hubert', 'EAO-34', 11.32, 3.67, 'A', 2, 2);
insert into notes_details values ('2011-2012', 'SEM-7', 'Franck Hubert', 'EAO-35', 11.32, 1.0, 'A', 0, 1);
insert into notes_details values ('2011-2012', 'SEM-7', 'Franck Hubert', 'EAO-35', 11.32, 2.33, 'A', 0, 2);
insert into contentieux values ('2011-2012', 'SEM-7', 'Franck Hubert', 'EAO-35');
insert into notes_details values ('2011-2012', 'SEM-7', 'Franck Hubert', 'LCI-3', 11.32, 2.67, 'A', 3, 1);
insert into notes_details values ('2011-2012', 'SEM-7', 'Franck Hubert', 'MAT-3', 11.32, 4.0, 'A', 3, 1);
insert into notes_details values ('2011-2012', 'SEM-7', 'Franck Hubert', 'MNG-3', 11.32, 3.67, 'A', 3, 1);
insert into notes_details values ('2011-2012', 'SEM-7', 'Franck Hubert', 'PJT-3', 11.32, 1.67, 'A', 0, 1);
insert into notes_details values ('2011-2012', 'SEM-7', 'Franck Hubert', 'PJT-3', 11.32, 4.0, 'A', 5, 2);
insert into notes_details values ('2011-2012', 'SEM-7', 'Franck Hubert', 'STD-3', 11.32, 2.33, 'A', 0, 1);
insert into notes_details values ('2011-2012', 'SEM-7', 'Franck Hubert', 'STD-3', 11.32, 2.0, 'A', 0, 2);
insert into contentieux values ('2011-2012', 'SEM-7', 'Franck Hubert', 'STD-3');
insert into gpa values ('2010-2011', 'SEM-5', 'Franck Hubert', 2.28);
insert into gpa values ('2010-2011', 'SEM-6', 'Franck Hubert', 2.56);
insert into gpa values ('2011-2012', 'SEM-7', 'Franck Hubert', 3.18);
insert into eleves values ('Zacharis Fontaine', 1, 'S', 'Tres bien', 'MP', null, 'zfontaine');
insert into notes_details values ('2011-2012', 'SEM-5', 'Zacharis Fontaine', 'ALG-1', 11.32, 1.67, 'A', 0, 1);
insert into notes_details values ('2011-2012', 'SEM-5', 'Zacharis Fontaine', 'ALG-1', 11.32, 1.67, 'A', 3, 99);
insert into notes_details values ('2011-2012', 'SEM-5', 'Zacharis Fontaine', 'DPP-1', 11.32, 4.0, 'A', 2, 1);
insert into notes_details values ('2011-2012', 'SEM-5', 'Zacharis Fontaine', 'ELE-1', 11.32, 2.33, 'A', 0, 1);
insert into notes_details values ('2011-2012', 'SEM-5', 'Zacharis Fontaine', 'ELE-1', 11.32, 2.67, 'A', 3, 2);
insert into notes_details values ('2011-2012', 'SEM-5', 'Zacharis Fontaine', 'INP-1', 11.32, 4.0, 'A', 3, 1);
insert into notes_details values ('2011-2012', 'SEM-5', 'Zacharis Fontaine', 'LCI-1', 11.32, 3.0, 'A', 3, 1);
insert into notes_details values ('2011-2012', 'SEM-5', 'Zacharis Fontaine', 'MAT-1', 11.32, 3.0, 'A', 3, 1);
insert into notes_details values ('2011-2012', 'SEM-5', 'Zacharis Fontaine', 'MGP-1', 11.32, 2.0, 'A', 0, 1);
insert into notes_details values ('2011-2012', 'SEM-5', 'Zacharis Fontaine', 'MGP-1', 11.32, 3.33, 'A', 4, 2);
insert into notes_details values ('2011-2012', 'SEM-5', 'Zacharis Fontaine', 'PHO-1', 11.32, 1.67, 'A', 0, 1);
insert into notes_details values ('2011-2012', 'SEM-5', 'Zacharis Fontaine', 'PHO-1', 11.32, 4.0, 'A', 3, 2);
insert into notes_details values ('2011-2012', 'SEM-5', 'Zacharis Fontaine', 'PHQ-1', 11.32, 2.67, 'A', 3, 1);
insert into notes_details values ('2011-2012', 'SEM-5', 'Zacharis Fontaine', 'SPM-1', 11.32, 1.67, 'A', 0, 1);
insert into notes_details values ('2011-2012', 'SEM-5', 'Zacharis Fontaine', 'SPM-1', 11.32, 2.67, 'A', 3, 2);
insert into notes_details values ('2011-2012', 'SEM-6', 'Zacharis Fontaine', 'DPP-2', 11.32, 3.0, 'A', 1, 1);
insert into notes_details values ('2011-2012', 'SEM-6', 'Zacharis Fontaine', 'EAO-2', 11.32, 4.0, 'A', 3, 1);
insert into notes_details values ('2011-2012', 'SEM-6', 'Zacharis Fontaine', 'ECO-2', 11.32, 4.0, 'A', 3, 1);
insert into notes_details values ('2011-2012', 'SEM-6', 'Zacharis Fontaine', 'LCI-2', 11.32, 1.33, 'A', 0, 1);
insert into notes_details values ('2011-2012', 'SEM-6', 'Zacharis Fontaine', 'LCI-2', 11.32, 3.67, 'A', 3, 2);
insert into notes_details values ('2011-2012', 'SEM-6', 'Zacharis Fontaine', 'MAT-2', 11.32, 2.67, 'A', 2, 1);
insert into notes_details values ('2011-2012', 'SEM-6', 'Zacharis Fontaine', 'MCO-2', 11.32, 2.0, 'A', 0, 1);
insert into notes_details values ('2011-2012', 'SEM-6', 'Zacharis Fontaine', 'MCO-2', 11.32, 3.67, 'A', 2, 2);
insert into notes_details values ('2011-2012', 'SEM-6', 'Zacharis Fontaine', 'MGP-2', 11.32, 2.33, 'A', 0, 1);
insert into notes_details values ('2011-2012', 'SEM-6', 'Zacharis Fontaine', 'MGP-2', 11.32, 3.67, 'A', 4, 2);
insert into notes_details values ('2011-2012', 'SEM-6', 'Zacharis Fontaine', 'PHS-2', 11.32, 4.0, 'A', 2, 1);
insert into notes_details values ('2011-2012', 'SEM-6', 'Zacharis Fontaine', 'PJT-2', 11.32, 3.0, 'A', 1, 1);
insert into notes_details values ('2011-2012', 'SEM-6', 'Zacharis Fontaine', 'RMS-2', 11.32, 1.33, 'A', 0, 1);
insert into notes_details values ('2011-2012', 'SEM-6', 'Zacharis Fontaine', 'RMS-2', 11.32, 3.0, 'A', 4, 2);
insert into notes_details values ('2011-2012', 'SEM-6', 'Zacharis Fontaine', 'STG-2', 11.32, 4.0, 'A', 2, 1);
insert into notes_details values ('2011-2012', 'SEM-6', 'Zacharis Fontaine', 'THS-2', 11.32, 2.33, 'A', 0, 1);
insert into notes_details values ('2011-2012', 'SEM-6', 'Zacharis Fontaine', 'THS-2', 11.32, 3.0, 'A', 3, 2);
insert into notes_details values ('2012-2013', 'SEM-7', 'Zacharis Fontaine', 'ASL-3', 11.32, 2.0, 'A', 0, 1);
insert into notes_details values ('2012-2013', 'SEM-7', 'Zacharis Fontaine', 'ASL-3', 11.32, 1.67, 'A', 0, 2);
insert into contentieux values ('2012-2013', 'SEM-7', 'Zacharis Fontaine', 'ASL-3');
insert into notes_details values ('2012-2013', 'SEM-7', 'Zacharis Fontaine', 'DPP-3', 11.32, 3.0, 'A', 2, 1);
insert into notes_details values ('2012-2013', 'SEM-7', 'Zacharis Fontaine', 'EAO-31', 11.32, 4.0, 'A', 2, 1);
insert into notes_details values ('2012-2013', 'SEM-7', 'Zacharis Fontaine', 'EAO-32', 11.32, 4.0, 'A', 2, 1);
insert into notes_details values ('2012-2013', 'SEM-7', 'Zacharis Fontaine', 'EAO-33', 11.32, 2.67, 'A', 2, 1);
insert into notes_details values ('2012-2013', 'SEM-7', 'Zacharis Fontaine', 'EAO-34', 11.32, 3.0, 'A', 2, 1);
insert into notes_details values ('2012-2013', 'SEM-7', 'Zacharis Fontaine', 'EAO-35', 11.32, 1.33, 'A', 0, 1);
insert into notes_details values ('2012-2013', 'SEM-7', 'Zacharis Fontaine', 'EAO-35', 11.32, 3.67, 'A', 2, 2);
insert into notes_details values ('2012-2013', 'SEM-7', 'Zacharis Fontaine', 'LCI-3', 11.32, 1.67, 'A', 0, 1);
insert into notes_details values ('2012-2013', 'SEM-7', 'Zacharis Fontaine', 'LCI-3', 11.32, 1.33, 'A', 0, 2);
insert into contentieux values ('2012-2013', 'SEM-7', 'Zacharis Fontaine', 'LCI-3');
insert into notes_details values ('2012-2013', 'SEM-7', 'Zacharis Fontaine', 'MAT-3', 11.32, 3.67, 'A', 3, 1);
insert into notes_details values ('2012-2013', 'SEM-7', 'Zacharis Fontaine', 'MNG-3', 11.32, 1.33, 'A', 0, 1);
insert into notes_details values ('2012-2013', 'SEM-7', 'Zacharis Fontaine', 'MNG-3', 11.32, 2.67, 'A', 3, 2);
insert into notes_details values ('2012-2013', 'SEM-7', 'Zacharis Fontaine', 'PJT-3', 11.32, 2.0, 'A', 0, 1);
insert into notes_details values ('2012-2013', 'SEM-7', 'Zacharis Fontaine', 'PJT-3', 11.32, 3.67, 'A', 5, 2);
insert into notes_details values ('2012-2013', 'SEM-7', 'Zacharis Fontaine', 'STD-3', 11.32, 1.0, 'A', 0, 1);
insert into notes_details values ('2012-2013', 'SEM-7', 'Zacharis Fontaine', 'STD-3', 11.32, 2.67, 'A', 2, 2);
insert into gpa values ('2011-2012', 'SEM-5', 'Zacharis Fontaine', 3.96);
insert into gpa values ('2011-2012', 'SEM-6', 'Zacharis Fontaine', 3.06);
insert into gpa values ('2012-2013', 'SEM-7', 'Zacharis Fontaine', 2.48);
insert into eleves values ('Paul Nedved', 1, 'S', 'Tres bien', 'MP', null, 'pnedved');
insert into notes_details values ('2010-2011', 'SEM-5', 'Paul Nedved', 'ALG-1', 11.32, 1.0, 'A', 0, 1);
insert into notes_details values ('2010-2011', 'SEM-5', 'Paul Nedved', 'ALG-1', 11.32, 2.67, 'A', 3, 2);
insert into notes_details values ('2010-2011', 'SEM-5', 'Paul Nedved', 'DPP-1', 11.32, 4.0, 'A', 2, 1);
insert into notes_details values ('2010-2011', 'SEM-5', 'Paul Nedved', 'ELE-1', 11.32, 3.67, 'A', 3, 1);
insert into notes_details values ('2010-2011', 'SEM-5', 'Paul Nedved', 'INP-1', 11.32, 1.33, 'A', 0, 1);
insert into notes_details values ('2010-2011', 'SEM-5', 'Paul Nedved', 'INP-1', 11.32, 3.33, 'A', 3, 2);
insert into notes_details values ('2010-2011', 'SEM-5', 'Paul Nedved', 'LCI-1', 11.32, 1.0, 'A', 0, 1);
insert into notes_details values ('2010-2011', 'SEM-5', 'Paul Nedved', 'LCI-1', 11.32, 3.0, 'A', 3, 2);
insert into notes_details values ('2010-2011', 'SEM-5', 'Paul Nedved', 'MAT-1', 11.32, 2.33, 'A', 0, 1);
insert into notes_details values ('2010-2011', 'SEM-5', 'Paul Nedved', 'MAT-1', 11.32, 3.33, 'A', 3, 2);
insert into notes_details values ('2010-2011', 'SEM-5', 'Paul Nedved', 'MGP-1', 11.32, 3.0, 'A', 4, 1);
insert into notes_details values ('2010-2011', 'SEM-5', 'Paul Nedved', 'PHO-1', 11.32, 3.0, 'A', 3, 1);
insert into notes_details values ('2010-2011', 'SEM-5', 'Paul Nedved', 'PHQ-1', 11.32, 2.0, 'A', 0, 1);
insert into notes_details values ('2010-2011', 'SEM-5', 'Paul Nedved', 'PHQ-1', 11.32, 2.67, 'A', 3, 2);
insert into notes_details values ('2010-2011', 'SEM-5', 'Paul Nedved', 'SPM-1', 11.32, 3.0, 'A', 3, 1);
insert into notes_details values ('2010-2011', 'SEM-6', 'Paul Nedved', 'DPP-2', 11.32, 3.33, 'A', 1, 1);
insert into notes_details values ('2010-2011', 'SEM-6', 'Paul Nedved', 'EAO-2', 11.32, 3.67, 'A', 3, 1);
insert into notes_details values ('2010-2011', 'SEM-6', 'Paul Nedved', 'ECO-2', 11.32, 3.0, 'A', 3, 1);
insert into notes_details values ('2010-2011', 'SEM-6', 'Paul Nedved', 'LCI-2', 11.32, 4.0, 'A', 3, 1);
insert into notes_details values ('2010-2011', 'SEM-6', 'Paul Nedved', 'MAT-2', 11.32, 2.67, 'A', 2, 1);
insert into notes_details values ('2010-2011', 'SEM-6', 'Paul Nedved', 'MCO-2', 11.32, 2.33, 'A', 0, 1);
insert into notes_details values ('2010-2011', 'SEM-6', 'Paul Nedved', 'MCO-2', 11.32, 3.67, 'A', 2, 2);
insert into notes_details values ('2010-2011', 'SEM-6', 'Paul Nedved', 'MGP-2', 11.32, 3.0, 'A', 4, 1);
insert into notes_details values ('2010-2011', 'SEM-6', 'Paul Nedved', 'PHS-2', 11.32, 2.0, 'A', 0, 1);
insert into notes_details values ('2010-2011', 'SEM-6', 'Paul Nedved', 'PHS-2', 11.32, 2.67, 'A', 2, 2);
insert into notes_details values ('2010-2011', 'SEM-6', 'Paul Nedved', 'PJT-2', 11.32, 3.33, 'A', 1, 1);
insert into notes_details values ('2010-2011', 'SEM-6', 'Paul Nedved', 'RMS-2', 11.32, 2.67, 'A', 4, 1);
insert into notes_details values ('2010-2011', 'SEM-6', 'Paul Nedved', 'STG-2', 11.32, 3.33, 'A', 2, 1);
insert into notes_details values ('2010-2011', 'SEM-6', 'Paul Nedved', 'THS-2', 11.32, 3.33, 'A', 3, 1);
insert into notes_details values ('2011-2012', 'SEM-7', 'Paul Nedved', 'ASL-3', 11.32, 2.33, 'A', 0, 1);
insert into notes_details values ('2011-2012', 'SEM-7', 'Paul Nedved', 'ASL-3', 11.32, 3.0, 'A', 2, 2);
insert into notes_details values ('2011-2012', 'SEM-7', 'Paul Nedved', 'DPP-3', 11.32, 4.0, 'A', 2, 1);
insert into notes_details values ('2011-2012', 'SEM-7', 'Paul Nedved', 'EAO-31', 11.32, 3.0, 'A', 2, 1);
insert into notes_details values ('2011-2012', 'SEM-7', 'Paul Nedved', 'EAO-32', 11.32, 1.0, 'A', 0, 1);
insert into notes_details values ('2011-2012', 'SEM-7', 'Paul Nedved', 'EAO-32', 11.32, 2.0, 'A', 0, 2);
insert into contentieux values ('2011-2012', 'SEM-7', 'Paul Nedved', 'EAO-32');
insert into notes_details values ('2011-2012', 'SEM-7', 'Paul Nedved', 'EAO-33', 11.32, 3.33, 'A', 2, 1);
insert into notes_details values ('2011-2012', 'SEM-7', 'Paul Nedved', 'EAO-34', 11.32, 1.67, 'A', 0, 1);
insert into notes_details values ('2011-2012', 'SEM-7', 'Paul Nedved', 'EAO-34', 11.32, 3.67, 'A', 2, 2);
insert into notes_details values ('2011-2012', 'SEM-7', 'Paul Nedved', 'EAO-35', 11.32, 2.67, 'A', 2, 1);
insert into notes_details values ('2011-2012', 'SEM-7', 'Paul Nedved', 'LCI-3', 11.32, 2.67, 'A', 3, 1);
insert into notes_details values ('2011-2012', 'SEM-7', 'Paul Nedved', 'MAT-3', 11.32, 3.67, 'A', 3, 1);
insert into notes_details values ('2011-2012', 'SEM-7', 'Paul Nedved', 'MNG-3', 11.32, 3.33, 'A', 3, 1);
insert into notes_details values ('2011-2012', 'SEM-7', 'Paul Nedved', 'PJT-3', 11.32, 1.33, 'A', 0, 1);
insert into notes_details values ('2011-2012', 'SEM-7', 'Paul Nedved', 'PJT-3', 11.32, 1.33, 'A', 0, 2);
insert into contentieux values ('2011-2012', 'SEM-7', 'Paul Nedved', 'PJT-3');
insert into notes_details values ('2011-2012', 'SEM-7', 'Paul Nedved', 'STD-3', 11.32, 1.33, 'A', 0, 1);
insert into notes_details values ('2011-2012', 'SEM-7', 'Paul Nedved', 'STD-3', 11.32, 1.67, 'A', 0, 2);
insert into contentieux values ('2011-2012', 'SEM-7', 'Paul Nedved', 'STD-3');
insert into gpa values ('2010-2011', 'SEM-5', 'Paul Nedved', 2.49);
insert into gpa values ('2010-2011', 'SEM-6', 'Paul Nedved', 2.88);
insert into gpa values ('2011-2012', 'SEM-7', 'Paul Nedved', 2.68);
insert into cesure values ('Paul Nedved', 'CESURE');
insert into eleves values ('Ludovic Leblanc', 1, 'S', 'Tres bien', 'MP', null, 'lleblanc');
insert into notes_details values ('2011-2012', 'SEM-5', 'Ludovic Leblanc', 'ALG-1', 11.32, 1.0, 'A', 0, 1);
insert into notes_details values ('2011-2012', 'SEM-5', 'Ludovic Leblanc', 'ALG-1', 11.32, 1.33, 'A', 3, 99);
insert into notes_details values ('2011-2012', 'SEM-5', 'Ludovic Leblanc', 'DPP-1', 11.32, 1.33, 'A', 0, 1);
insert into notes_details values ('2011-2012', 'SEM-5', 'Ludovic Leblanc', 'DPP-1', 11.32, 3.0, 'A', 2, 2);
insert into notes_details values ('2011-2012', 'SEM-5', 'Ludovic Leblanc', 'ELE-1', 11.32, 3.67, 'A', 3, 1);
insert into notes_details values ('2011-2012', 'SEM-5', 'Ludovic Leblanc', 'INP-1', 11.32, 1.67, 'A', 0, 1);
insert into notes_details values ('2011-2012', 'SEM-5', 'Ludovic Leblanc', 'INP-1', 11.32, 4.0, 'A', 3, 2);
insert into notes_details values ('2011-2012', 'SEM-5', 'Ludovic Leblanc', 'LCI-1', 11.32, 3.67, 'A', 3, 1);
insert into notes_details values ('2011-2012', 'SEM-5', 'Ludovic Leblanc', 'MAT-1', 11.32, 3.33, 'A', 3, 1);
insert into notes_details values ('2011-2012', 'SEM-5', 'Ludovic Leblanc', 'MGP-1', 11.32, 4.0, 'A', 4, 1);
insert into notes_details values ('2011-2012', 'SEM-5', 'Ludovic Leblanc', 'PHO-1', 11.32, 3.0, 'A', 3, 1);
insert into notes_details values ('2011-2012', 'SEM-5', 'Ludovic Leblanc', 'PHQ-1', 11.32, 4.0, 'A', 3, 1);
insert into notes_details values ('2011-2012', 'SEM-5', 'Ludovic Leblanc', 'SPM-1', 11.32, 1.33, 'A', 0, 1);
insert into notes_details values ('2011-2012', 'SEM-5', 'Ludovic Leblanc', 'SPM-1', 11.32, 1.33, 'A', 3, 99);
insert into notes_details values ('2011-2012', 'SEM-6', 'Ludovic Leblanc', 'DPP-2', 11.32, 3.67, 'A', 1, 1);
insert into notes_details values ('2011-2012', 'SEM-6', 'Ludovic Leblanc', 'EAO-2', 11.32, 2.0, 'A', 0, 1);
insert into notes_details values ('2011-2012', 'SEM-6', 'Ludovic Leblanc', 'EAO-2', 11.32, 2.67, 'A', 3, 2);
insert into notes_details values ('2011-2012', 'SEM-6', 'Ludovic Leblanc', 'ECO-2', 11.32, 1.0, 'A', 0, 1);
insert into notes_details values ('2011-2012', 'SEM-6', 'Ludovic Leblanc', 'ECO-2', 11.32, 1.67, 'A', 3, 99);
insert into notes_details values ('2011-2012', 'SEM-6', 'Ludovic Leblanc', 'LCI-2', 11.32, 2.67, 'A', 3, 1);
insert into notes_details values ('2011-2012', 'SEM-6', 'Ludovic Leblanc', 'MAT-2', 11.32, 3.33, 'A', 2, 1);
insert into notes_details values ('2011-2012', 'SEM-6', 'Ludovic Leblanc', 'MCO-2', 11.32, 4.0, 'A', 2, 1);
insert into notes_details values ('2011-2012', 'SEM-6', 'Ludovic Leblanc', 'MGP-2', 11.32, 2.0, 'A', 0, 1);
insert into notes_details values ('2011-2012', 'SEM-6', 'Ludovic Leblanc', 'MGP-2', 11.32, 4.0, 'A', 4, 2);
insert into notes_details values ('2011-2012', 'SEM-6', 'Ludovic Leblanc', 'PHS-2', 11.32, 2.0, 'A', 0, 1);
insert into notes_details values ('2011-2012', 'SEM-6', 'Ludovic Leblanc', 'PHS-2', 11.32, 3.0, 'A', 2, 2);
insert into notes_details values ('2011-2012', 'SEM-6', 'Ludovic Leblanc', 'PJT-2', 11.32, 3.0, 'A', 1, 1);
insert into notes_details values ('2011-2012', 'SEM-6', 'Ludovic Leblanc', 'RMS-2', 11.32, 2.33, 'A', 0, 1);
insert into notes_details values ('2011-2012', 'SEM-6', 'Ludovic Leblanc', 'RMS-2', 11.32, 2.67, 'A', 4, 2);
insert into notes_details values ('2011-2012', 'SEM-6', 'Ludovic Leblanc', 'STG-2', 11.32, 2.0, 'A', 0, 1);
insert into notes_details values ('2011-2012', 'SEM-6', 'Ludovic Leblanc', 'STG-2', 11.32, 3.0, 'A', 2, 2);
insert into notes_details values ('2011-2012', 'SEM-6', 'Ludovic Leblanc', 'THS-2', 11.32, 2.0, 'A', 0, 1);
insert into notes_details values ('2011-2012', 'SEM-6', 'Ludovic Leblanc', 'THS-2', 11.32, 3.0, 'A', 3, 2);
insert into notes_details values ('2012-2013', 'SEM-7', 'Ludovic Leblanc', 'ASL-3', 11.32, 3.67, 'A', 2, 1);
insert into notes_details values ('2012-2013', 'SEM-7', 'Ludovic Leblanc', 'DPP-3', 11.32, 1.67, 'A', 0, 1);
insert into notes_details values ('2012-2013', 'SEM-7', 'Ludovic Leblanc', 'DPP-3', 11.32, 2.0, 'A', 0, 2);
insert into contentieux values ('2012-2013', 'SEM-7', 'Ludovic Leblanc', 'DPP-3');
insert into notes_details values ('2012-2013', 'SEM-7', 'Ludovic Leblanc', 'EAO-31', 11.32, 2.33, 'A', 0, 1);
insert into notes_details values ('2012-2013', 'SEM-7', 'Ludovic Leblanc', 'EAO-31', 11.32, 1.33, 'A', 2, 99);
insert into notes_details values ('2012-2013', 'SEM-7', 'Ludovic Leblanc', 'EAO-32', 11.32, 2.33, 'A', 0, 1);
insert into notes_details values ('2012-2013', 'SEM-7', 'Ludovic Leblanc', 'EAO-32', 11.32, 2.33, 'A', 0, 2);
insert into contentieux values ('2012-2013', 'SEM-7', 'Ludovic Leblanc', 'EAO-32');
insert into notes_details values ('2012-2013', 'SEM-7', 'Ludovic Leblanc', 'EAO-33', 11.32, 2.33, 'A', 0, 1);
insert into notes_details values ('2012-2013', 'SEM-7', 'Ludovic Leblanc', 'EAO-33', 11.32, 3.0, 'A', 2, 2);
insert into notes_details values ('2012-2013', 'SEM-7', 'Ludovic Leblanc', 'EAO-34', 11.32, 1.0, 'A', 0, 1);
insert into notes_details values ('2012-2013', 'SEM-7', 'Ludovic Leblanc', 'EAO-34', 11.32, 1.0, 'A', 2, 99);
insert into notes_details values ('2012-2013', 'SEM-7', 'Ludovic Leblanc', 'EAO-35', 11.32, 1.67, 'A', 0, 1);
insert into notes_details values ('2012-2013', 'SEM-7', 'Ludovic Leblanc', 'EAO-35', 11.32, 3.67, 'A', 2, 2);
insert into notes_details values ('2012-2013', 'SEM-7', 'Ludovic Leblanc', 'LCI-3', 11.32, 1.67, 'A', 0, 1);
insert into notes_details values ('2012-2013', 'SEM-7', 'Ludovic Leblanc', 'LCI-3', 11.32, 1.33, 'A', 0, 2);
insert into contentieux values ('2012-2013', 'SEM-7', 'Ludovic Leblanc', 'LCI-3');
insert into notes_details values ('2012-2013', 'SEM-7', 'Ludovic Leblanc', 'MAT-3', 11.32, 1.0, 'A', 0, 1);
insert into notes_details values ('2012-2013', 'SEM-7', 'Ludovic Leblanc', 'MAT-3', 11.32, 3.33, 'A', 3, 2);
insert into notes_details values ('2012-2013', 'SEM-7', 'Ludovic Leblanc', 'MNG-3', 11.32, 1.67, 'A', 0, 1);
insert into notes_details values ('2012-2013', 'SEM-7', 'Ludovic Leblanc', 'MNG-3', 11.32, 4.0, 'A', 3, 2);
insert into notes_details values ('2012-2013', 'SEM-7', 'Ludovic Leblanc', 'PJT-3', 11.32, 3.0, 'A', 5, 1);
insert into notes_details values ('2012-2013', 'SEM-7', 'Ludovic Leblanc', 'STD-3', 11.32, 4.0, 'A', 2, 1);
insert into gpa values ('2011-2012', 'SEM-5', 'Ludovic Leblanc', 2.64);
insert into gpa values ('2011-2012', 'SEM-6', 'Ludovic Leblanc', 3.57);
insert into gpa values ('2012-2013', 'SEM-7', 'Ludovic Leblanc', 2.01);
insert into eleves values ('Kevin Noel', 1, 'S', 'Tres bien', 'MP', null, 'knoel');
insert into notes_details values ('2010-2011', 'SEM-5', 'Kevin Noel', 'ALG-1', 11.32, 2.67, 'A', 3, 1);
insert into notes_details values ('2010-2011', 'SEM-5', 'Kevin Noel', 'DPP-1', 11.32, 1.0, 'A', 0, 1);
insert into notes_details values ('2010-2011', 'SEM-5', 'Kevin Noel', 'DPP-1', 11.32, 3.0, 'A', 2, 2);
insert into notes_details values ('2010-2011', 'SEM-5', 'Kevin Noel', 'ELE-1', 11.32, 3.33, 'A', 3, 1);
insert into notes_details values ('2010-2011', 'SEM-5', 'Kevin Noel', 'INP-1', 11.32, 2.0, 'A', 0, 1);
insert into notes_details values ('2010-2011', 'SEM-5', 'Kevin Noel', 'INP-1', 11.32, 3.33, 'A', 3, 2);
insert into notes_details values ('2010-2011', 'SEM-5', 'Kevin Noel', 'LCI-1', 11.32, 2.67, 'A', 3, 1);
insert into notes_details values ('2010-2011', 'SEM-5', 'Kevin Noel', 'MAT-1', 11.32, 1.33, 'A', 0, 1);
insert into notes_details values ('2010-2011', 'SEM-5', 'Kevin Noel', 'MAT-1', 11.32, 3.33, 'A', 3, 2);
insert into notes_details values ('2010-2011', 'SEM-5', 'Kevin Noel', 'MGP-1', 11.32, 1.67, 'A', 0, 1);
insert into notes_details values ('2010-2011', 'SEM-5', 'Kevin Noel', 'MGP-1', 11.32, 2.67, 'A', 4, 2);
insert into notes_details values ('2010-2011', 'SEM-5', 'Kevin Noel', 'PHO-1', 11.32, 1.33, 'A', 0, 1);
insert into notes_details values ('2010-2011', 'SEM-5', 'Kevin Noel', 'PHO-1', 11.32, 1.33, 'A', 3, 99);
insert into notes_details values ('2010-2011', 'SEM-5', 'Kevin Noel', 'PHQ-1', 11.32, 3.33, 'A', 3, 1);
insert into notes_details values ('2010-2011', 'SEM-5', 'Kevin Noel', 'SPM-1', 11.32, 1.67, 'A', 0, 1);
insert into notes_details values ('2010-2011', 'SEM-5', 'Kevin Noel', 'SPM-1', 11.32, 3.67, 'A', 3, 2);
insert into notes_details values ('2010-2011', 'SEM-6', 'Kevin Noel', 'DPP-2', 11.32, 1.67, 'A', 0, 1);
insert into notes_details values ('2010-2011', 'SEM-6', 'Kevin Noel', 'DPP-2', 11.32, 1.67, 'A', 1, 99);
insert into notes_details values ('2010-2011', 'SEM-6', 'Kevin Noel', 'EAO-2', 11.32, 3.67, 'A', 3, 1);
insert into notes_details values ('2010-2011', 'SEM-6', 'Kevin Noel', 'ECO-2', 11.32, 1.0, 'A', 0, 1);
insert into notes_details values ('2010-2011', 'SEM-6', 'Kevin Noel', 'ECO-2', 11.32, 4.0, 'A', 3, 2);
insert into notes_details values ('2010-2011', 'SEM-6', 'Kevin Noel', 'LCI-2', 11.32, 3.33, 'A', 3, 1);
insert into notes_details values ('2010-2011', 'SEM-6', 'Kevin Noel', 'MAT-2', 11.32, 3.33, 'A', 2, 1);
insert into notes_details values ('2010-2011', 'SEM-6', 'Kevin Noel', 'MCO-2', 11.32, 1.33, 'A', 0, 1);
insert into notes_details values ('2010-2011', 'SEM-6', 'Kevin Noel', 'MCO-2', 11.32, 3.67, 'A', 2, 2);
insert into notes_details values ('2010-2011', 'SEM-6', 'Kevin Noel', 'MGP-2', 11.32, 1.0, 'A', 0, 1);
insert into notes_details values ('2010-2011', 'SEM-6', 'Kevin Noel', 'MGP-2', 11.32, 3.33, 'A', 4, 2);
insert into notes_details values ('2010-2011', 'SEM-6', 'Kevin Noel', 'PHS-2', 11.32, 3.0, 'A', 2, 1);
insert into notes_details values ('2010-2011', 'SEM-6', 'Kevin Noel', 'PJT-2', 11.32, 2.0, 'A', 0, 1);
insert into notes_details values ('2010-2011', 'SEM-6', 'Kevin Noel', 'PJT-2', 11.32, 3.0, 'A', 1, 2);
insert into notes_details values ('2010-2011', 'SEM-6', 'Kevin Noel', 'RMS-2', 11.32, 2.67, 'A', 4, 1);
insert into notes_details values ('2010-2011', 'SEM-6', 'Kevin Noel', 'STG-2', 11.32, 2.67, 'A', 2, 1);
insert into notes_details values ('2010-2011', 'SEM-6', 'Kevin Noel', 'THS-2', 11.32, 3.33, 'A', 3, 1);
insert into notes_details values ('2011-2012', 'SEM-7', 'Kevin Noel', 'ASL-3', 11.32, 3.33, 'A', 2, 1);
insert into notes_details values ('2011-2012', 'SEM-7', 'Kevin Noel', 'DPP-3', 11.32, 1.0, 'A', 0, 1);
insert into notes_details values ('2011-2012', 'SEM-7', 'Kevin Noel', 'DPP-3', 11.32, 3.33, 'A', 2, 2);
insert into notes_details values ('2011-2012', 'SEM-7', 'Kevin Noel', 'EAO-31', 11.32, 1.0, 'A', 0, 1);
insert into notes_details values ('2011-2012', 'SEM-7', 'Kevin Noel', 'EAO-31', 11.32, 1.0, 'A', 2, 99);
insert into notes_details values ('2011-2012', 'SEM-7', 'Kevin Noel', 'EAO-32', 11.32, 3.33, 'A', 2, 1);
insert into notes_details values ('2011-2012', 'SEM-7', 'Kevin Noel', 'EAO-33', 11.32, 1.0, 'A', 0, 1);
insert into notes_details values ('2011-2012', 'SEM-7', 'Kevin Noel', 'EAO-33', 11.32, 1.33, 'A', 0, 2);
insert into contentieux values ('2011-2012', 'SEM-7', 'Kevin Noel', 'EAO-33');
insert into notes_details values ('2011-2012', 'SEM-7', 'Kevin Noel', 'EAO-34', 11.32, 1.33, 'A', 0, 1);
insert into notes_details values ('2011-2012', 'SEM-7', 'Kevin Noel', 'EAO-34', 11.32, 1.0, 'A', 0, 2);
insert into contentieux values ('2011-2012', 'SEM-7', 'Kevin Noel', 'EAO-34');
insert into notes_details values ('2011-2012', 'SEM-7', 'Kevin Noel', 'EAO-35', 11.32, 1.0, 'A', 0, 1);
insert into notes_details values ('2011-2012', 'SEM-7', 'Kevin Noel', 'EAO-35', 11.32, 2.0, 'A', 0, 2);
insert into contentieux values ('2011-2012', 'SEM-7', 'Kevin Noel', 'EAO-35');
insert into notes_details values ('2011-2012', 'SEM-7', 'Kevin Noel', 'LCI-3', 11.32, 3.0, 'A', 3, 1);
insert into notes_details values ('2011-2012', 'SEM-7', 'Kevin Noel', 'MAT-3', 11.32, 1.0, 'A', 0, 1);
insert into notes_details values ('2011-2012', 'SEM-7', 'Kevin Noel', 'MAT-3', 11.32, 3.0, 'A', 3, 2);
insert into notes_details values ('2011-2012', 'SEM-7', 'Kevin Noel', 'MNG-3', 11.32, 2.0, 'A', 0, 1);
insert into notes_details values ('2011-2012', 'SEM-7', 'Kevin Noel', 'MNG-3', 11.32, 2.33, 'A', 0, 2);
insert into contentieux values ('2011-2012', 'SEM-7', 'Kevin Noel', 'MNG-3');
insert into notes_details values ('2011-2012', 'SEM-7', 'Kevin Noel', 'PJT-3', 11.32, 3.0, 'A', 5, 1);
insert into notes_details values ('2011-2012', 'SEM-7', 'Kevin Noel', 'STD-3', 11.32, 2.33, 'A', 0, 1);
insert into notes_details values ('2011-2012', 'SEM-7', 'Kevin Noel', 'STD-3', 11.32, 1.0, 'A', 0, 2);
insert into contentieux values ('2011-2012', 'SEM-7', 'Kevin Noel', 'STD-3');
insert into gpa values ('2010-2011', 'SEM-5', 'Kevin Noel', 2.72);
insert into gpa values ('2010-2011', 'SEM-6', 'Kevin Noel', 2.27);
insert into gpa values ('2011-2012', 'SEM-7', 'Kevin Noel', 2.91);
insert into cesure values ('Kevin Noel', 'CESURE');
insert into eleves values ('Florent Jacob', 1, 'S', 'Tres bien', 'MP', null, 'fjacob');
insert into notes_details values ('2011-2012', 'SEM-5', 'Florent Jacob', 'ALG-1', 11.32, 3.33, 'A', 3, 1);
insert into notes_details values ('2011-2012', 'SEM-5', 'Florent Jacob', 'DPP-1', 11.32, 2.33, 'A', 0, 1);
insert into notes_details values ('2011-2012', 'SEM-5', 'Florent Jacob', 'DPP-1', 11.32, 2.67, 'A', 2, 2);
insert into notes_details values ('2011-2012', 'SEM-5', 'Florent Jacob', 'ELE-1', 11.32, 4.0, 'A', 3, 1);
insert into notes_details values ('2011-2012', 'SEM-5', 'Florent Jacob', 'INP-1', 11.32, 2.33, 'A', 0, 1);
insert into notes_details values ('2011-2012', 'SEM-5', 'Florent Jacob', 'INP-1', 11.32, 3.0, 'A', 3, 2);
insert into notes_details values ('2011-2012', 'SEM-5', 'Florent Jacob', 'LCI-1', 11.32, 4.0, 'A', 3, 1);
insert into notes_details values ('2011-2012', 'SEM-5', 'Florent Jacob', 'MAT-1', 11.32, 3.0, 'A', 3, 1);
insert into notes_details values ('2011-2012', 'SEM-5', 'Florent Jacob', 'MGP-1', 11.32, 3.33, 'A', 4, 1);
insert into notes_details values ('2011-2012', 'SEM-5', 'Florent Jacob', 'PHO-1', 11.32, 2.0, 'A', 0, 1);
insert into notes_details values ('2011-2012', 'SEM-5', 'Florent Jacob', 'PHO-1', 11.32, 1.67, 'A', 3, 99);
insert into notes_details values ('2011-2012', 'SEM-5', 'Florent Jacob', 'PHQ-1', 11.32, 1.33, 'A', 0, 1);
insert into notes_details values ('2011-2012', 'SEM-5', 'Florent Jacob', 'PHQ-1', 11.32, 2.67, 'A', 3, 2);
insert into notes_details values ('2011-2012', 'SEM-5', 'Florent Jacob', 'SPM-1', 11.32, 3.0, 'A', 3, 1);
insert into notes_details values ('2011-2012', 'SEM-6', 'Florent Jacob', 'DPP-2', 11.32, 3.67, 'A', 1, 1);
insert into notes_details values ('2011-2012', 'SEM-6', 'Florent Jacob', 'EAO-2', 11.32, 3.33, 'A', 3, 1);
insert into notes_details values ('2011-2012', 'SEM-6', 'Florent Jacob', 'ECO-2', 11.32, 4.0, 'A', 3, 1);
insert into notes_details values ('2011-2012', 'SEM-6', 'Florent Jacob', 'LCI-2', 11.32, 3.67, 'A', 3, 1);
insert into notes_details values ('2011-2012', 'SEM-6', 'Florent Jacob', 'MAT-2', 11.32, 2.33, 'A', 0, 1);
insert into notes_details values ('2011-2012', 'SEM-6', 'Florent Jacob', 'MAT-2', 11.32, 3.0, 'A', 2, 2);
insert into notes_details values ('2011-2012', 'SEM-6', 'Florent Jacob', 'MCO-2', 11.32, 1.0, 'A', 0, 1);
insert into notes_details values ('2011-2012', 'SEM-6', 'Florent Jacob', 'MCO-2', 11.32, 3.33, 'A', 2, 2);
insert into notes_details values ('2011-2012', 'SEM-6', 'Florent Jacob', 'MGP-2', 11.32, 2.67, 'A', 4, 1);
insert into notes_details values ('2011-2012', 'SEM-6', 'Florent Jacob', 'PHS-2', 11.32, 1.33, 'A', 0, 1);
insert into notes_details values ('2011-2012', 'SEM-6', 'Florent Jacob', 'PHS-2', 11.32, 2.67, 'A', 2, 2);
insert into notes_details values ('2011-2012', 'SEM-6', 'Florent Jacob', 'PJT-2', 11.32, 2.33, 'A', 0, 1);
insert into notes_details values ('2011-2012', 'SEM-6', 'Florent Jacob', 'PJT-2', 11.32, 2.0, 'A', 1, 99);
insert into notes_details values ('2011-2012', 'SEM-6', 'Florent Jacob', 'RMS-2', 11.32, 3.67, 'A', 4, 1);
insert into notes_details values ('2011-2012', 'SEM-6', 'Florent Jacob', 'STG-2', 11.32, 1.33, 'A', 0, 1);
insert into notes_details values ('2011-2012', 'SEM-6', 'Florent Jacob', 'STG-2', 11.32, 1.33, 'A', 2, 99);
insert into notes_details values ('2011-2012', 'SEM-6', 'Florent Jacob', 'THS-2', 11.32, 1.0, 'A', 0, 1);
insert into notes_details values ('2011-2012', 'SEM-6', 'Florent Jacob', 'THS-2', 11.32, 1.33, 'A', 3, 99);
insert into notes_details values ('2012-2013', 'SEM-7', 'Florent Jacob', 'ASL-3', 11.32, 2.0, 'A', 0, 1);
insert into notes_details values ('2012-2013', 'SEM-7', 'Florent Jacob', 'ASL-3', 11.32, 4.0, 'A', 2, 2);
insert into notes_details values ('2012-2013', 'SEM-7', 'Florent Jacob', 'DPP-3', 11.32, 1.33, 'A', 0, 1);
insert into notes_details values ('2012-2013', 'SEM-7', 'Florent Jacob', 'DPP-3', 11.32, 1.33, 'A', 2, 99);
insert into notes_details values ('2012-2013', 'SEM-7', 'Florent Jacob', 'EAO-31', 11.32, 4.0, 'A', 2, 1);
insert into notes_details values ('2012-2013', 'SEM-7', 'Florent Jacob', 'EAO-32', 11.32, 1.0, 'A', 0, 1);
insert into notes_details values ('2012-2013', 'SEM-7', 'Florent Jacob', 'EAO-32', 11.32, 2.33, 'A', 0, 2);
insert into contentieux values ('2012-2013', 'SEM-7', 'Florent Jacob', 'EAO-32');
insert into notes_details values ('2012-2013', 'SEM-7', 'Florent Jacob', 'EAO-33', 11.32, 2.0, 'A', 0, 1);
insert into notes_details values ('2012-2013', 'SEM-7', 'Florent Jacob', 'EAO-33', 11.32, 2.33, 'A', 0, 2);
insert into contentieux values ('2012-2013', 'SEM-7', 'Florent Jacob', 'EAO-33');
insert into notes_details values ('2012-2013', 'SEM-7', 'Florent Jacob', 'EAO-34', 11.32, 2.0, 'A', 0, 1);
insert into notes_details values ('2012-2013', 'SEM-7', 'Florent Jacob', 'EAO-34', 11.32, 3.0, 'A', 2, 2);
insert into notes_details values ('2012-2013', 'SEM-7', 'Florent Jacob', 'EAO-35', 11.32, 4.0, 'A', 2, 1);
insert into notes_details values ('2012-2013', 'SEM-7', 'Florent Jacob', 'LCI-3', 11.32, 1.67, 'A', 0, 1);
insert into notes_details values ('2012-2013', 'SEM-7', 'Florent Jacob', 'LCI-3', 11.32, 1.0, 'A', 0, 2);
insert into contentieux values ('2012-2013', 'SEM-7', 'Florent Jacob', 'LCI-3');
insert into notes_details values ('2012-2013', 'SEM-7', 'Florent Jacob', 'MAT-3', 11.32, 1.67, 'A', 0, 1);
insert into notes_details values ('2012-2013', 'SEM-7', 'Florent Jacob', 'MAT-3', 11.32, 4.0, 'A', 3, 2);
insert into notes_details values ('2012-2013', 'SEM-7', 'Florent Jacob', 'MNG-3', 11.32, 3.67, 'A', 3, 1);
insert into notes_details values ('2012-2013', 'SEM-7', 'Florent Jacob', 'PJT-3', 11.32, 2.33, 'A', 0, 1);
insert into notes_details values ('2012-2013', 'SEM-7', 'Florent Jacob', 'PJT-3', 11.32, 1.33, 'A', 0, 2);
insert into contentieux values ('2012-2013', 'SEM-7', 'Florent Jacob', 'PJT-3');
insert into notes_details values ('2012-2013', 'SEM-7', 'Florent Jacob', 'STD-3', 11.32, 3.67, 'A', 2, 1);
insert into gpa values ('2011-2012', 'SEM-5', 'Florent Jacob', 3.76);
insert into gpa values ('2011-2012', 'SEM-6', 'Florent Jacob', 2.01);
insert into gpa values ('2012-2013', 'SEM-7', 'Florent Jacob', 3.26);
insert into eleves values ('Johann Platini', 1, 'S', 'Tres bien', 'MP', null, 'jplatini');
insert into notes_details values ('2010-2011', 'SEM-5', 'Johann Platini', 'ALG-1', 11.32, 2.0, 'A', 0, 1);
insert into notes_details values ('2010-2011', 'SEM-5', 'Johann Platini', 'ALG-1', 11.32, 2.67, 'A', 3, 2);
insert into notes_details values ('2010-2011', 'SEM-5', 'Johann Platini', 'DPP-1', 11.32, 1.0, 'A', 0, 1);
insert into notes_details values ('2010-2011', 'SEM-5', 'Johann Platini', 'DPP-1', 11.32, 3.67, 'A', 2, 2);
insert into notes_details values ('2010-2011', 'SEM-5', 'Johann Platini', 'ELE-1', 11.32, 2.67, 'A', 3, 1);
insert into notes_details values ('2010-2011', 'SEM-5', 'Johann Platini', 'INP-1', 11.32, 2.33, 'A', 0, 1);
insert into notes_details values ('2010-2011', 'SEM-5', 'Johann Platini', 'INP-1', 11.32, 2.67, 'A', 3, 2);
insert into notes_details values ('2010-2011', 'SEM-5', 'Johann Platini', 'LCI-1', 11.32, 3.0, 'A', 3, 1);
insert into notes_details values ('2010-2011', 'SEM-5', 'Johann Platini', 'MAT-1', 11.32, 4.0, 'A', 3, 1);
insert into notes_details values ('2010-2011', 'SEM-5', 'Johann Platini', 'MGP-1', 11.32, 1.0, 'A', 0, 1);
insert into notes_details values ('2010-2011', 'SEM-5', 'Johann Platini', 'MGP-1', 11.32, 1.0, 'A', 4, 99);
insert into notes_details values ('2010-2011', 'SEM-5', 'Johann Platini', 'PHO-1', 11.32, 2.0, 'A', 0, 1);
insert into notes_details values ('2010-2011', 'SEM-5', 'Johann Platini', 'PHO-1', 11.32, 4.0, 'A', 3, 2);
insert into notes_details values ('2010-2011', 'SEM-5', 'Johann Platini', 'PHQ-1', 11.32, 3.0, 'A', 3, 1);
insert into notes_details values ('2010-2011', 'SEM-5', 'Johann Platini', 'SPM-1', 11.32, 3.0, 'A', 3, 1);
insert into notes_details values ('2010-2011', 'SEM-6', 'Johann Platini', 'DPP-2', 11.32, 4.0, 'A', 1, 1);
insert into notes_details values ('2010-2011', 'SEM-6', 'Johann Platini', 'EAO-2', 11.32, 3.67, 'A', 3, 1);
insert into notes_details values ('2010-2011', 'SEM-6', 'Johann Platini', 'ECO-2', 11.32, 2.0, 'A', 0, 1);
insert into notes_details values ('2010-2011', 'SEM-6', 'Johann Platini', 'ECO-2', 11.32, 2.67, 'A', 3, 2);
insert into notes_details values ('2010-2011', 'SEM-6', 'Johann Platini', 'LCI-2', 11.32, 4.0, 'A', 3, 1);
insert into notes_details values ('2010-2011', 'SEM-6', 'Johann Platini', 'MAT-2', 11.32, 2.0, 'A', 0, 1);
insert into notes_details values ('2010-2011', 'SEM-6', 'Johann Platini', 'MAT-2', 11.32, 3.0, 'A', 2, 2);
insert into notes_details values ('2010-2011', 'SEM-6', 'Johann Platini', 'MCO-2', 11.32, 3.33, 'A', 2, 1);
insert into notes_details values ('2010-2011', 'SEM-6', 'Johann Platini', 'MGP-2', 11.32, 2.67, 'A', 4, 1);
insert into notes_details values ('2010-2011', 'SEM-6', 'Johann Platini', 'PHS-2', 11.32, 1.0, 'A', 0, 1);
insert into notes_details values ('2010-2011', 'SEM-6', 'Johann Platini', 'PHS-2', 11.32, 2.33, 'A', 2, 99);
insert into notes_details values ('2010-2011', 'SEM-6', 'Johann Platini', 'PJT-2', 11.32, 4.0, 'A', 1, 1);
insert into notes_details values ('2010-2011', 'SEM-6', 'Johann Platini', 'RMS-2', 11.32, 2.67, 'A', 4, 1);
insert into notes_details values ('2010-2011', 'SEM-6', 'Johann Platini', 'STG-2', 11.32, 2.33, 'A', 0, 1);
insert into notes_details values ('2010-2011', 'SEM-6', 'Johann Platini', 'STG-2', 11.32, 3.67, 'A', 2, 2);
insert into notes_details values ('2010-2011', 'SEM-6', 'Johann Platini', 'THS-2', 11.32, 4.0, 'A', 3, 1);
insert into notes_details values ('2011-2012', 'SEM-7', 'Johann Platini', 'ASL-3', 11.32, 2.33, 'A', 0, 1);
insert into notes_details values ('2011-2012', 'SEM-7', 'Johann Platini', 'ASL-3', 11.32, 1.67, 'A', 0, 2);
insert into contentieux values ('2011-2012', 'SEM-7', 'Johann Platini', 'ASL-3');
insert into notes_details values ('2011-2012', 'SEM-7', 'Johann Platini', 'DPP-3', 11.32, 3.33, 'A', 2, 1);
insert into notes_details values ('2011-2012', 'SEM-7', 'Johann Platini', 'EAO-31', 11.32, 1.0, 'A', 0, 1);
insert into notes_details values ('2011-2012', 'SEM-7', 'Johann Platini', 'EAO-31', 11.32, 2.0, 'A', 0, 2);
insert into contentieux values ('2011-2012', 'SEM-7', 'Johann Platini', 'EAO-31');
insert into notes_details values ('2011-2012', 'SEM-7', 'Johann Platini', 'EAO-32', 11.32, 1.0, 'A', 0, 1);
insert into notes_details values ('2011-2012', 'SEM-7', 'Johann Platini', 'EAO-32', 11.32, 3.0, 'A', 2, 2);
insert into notes_details values ('2011-2012', 'SEM-7', 'Johann Platini', 'EAO-33', 11.32, 1.33, 'A', 0, 1);
insert into notes_details values ('2011-2012', 'SEM-7', 'Johann Platini', 'EAO-33', 11.32, 3.33, 'A', 2, 2);
insert into notes_details values ('2011-2012', 'SEM-7', 'Johann Platini', 'EAO-34', 11.32, 2.33, 'A', 0, 1);
insert into notes_details values ('2011-2012', 'SEM-7', 'Johann Platini', 'EAO-34', 11.32, 1.33, 'A', 0, 2);
insert into contentieux values ('2011-2012', 'SEM-7', 'Johann Platini', 'EAO-34');
insert into notes_details values ('2011-2012', 'SEM-7', 'Johann Platini', 'EAO-35', 11.32, 4.0, 'A', 2, 1);
insert into notes_details values ('2011-2012', 'SEM-7', 'Johann Platini', 'LCI-3', 11.32, 2.33, 'A', 0, 1);
insert into notes_details values ('2011-2012', 'SEM-7', 'Johann Platini', 'LCI-3', 11.32, 1.0, 'A', 3, 99);
insert into notes_details values ('2011-2012', 'SEM-7', 'Johann Platini', 'MAT-3', 11.32, 1.67, 'A', 0, 1);
insert into notes_details values ('2011-2012', 'SEM-7', 'Johann Platini', 'MAT-3', 11.32, 3.0, 'A', 3, 2);
insert into notes_details values ('2011-2012', 'SEM-7', 'Johann Platini', 'MNG-3', 11.32, 3.67, 'A', 3, 1);
insert into notes_details values ('2011-2012', 'SEM-7', 'Johann Platini', 'PJT-3', 11.32, 3.67, 'A', 5, 1);
insert into notes_details values ('2011-2012', 'SEM-7', 'Johann Platini', 'STD-3', 11.32, 3.33, 'A', 2, 1);
insert into gpa values ('2010-2011', 'SEM-5', 'Johann Platini', 2.37);
insert into gpa values ('2010-2011', 'SEM-6', 'Johann Platini', 2.08);
insert into gpa values ('2011-2012', 'SEM-7', 'Johann Platini', 3.87);
insert into eleves values ('Iliane Pelletier', 1, 'S', 'Tres bien', 'MP', null, 'ipelletier');
insert into notes_details values ('2011-2012', 'SEM-5', 'Iliane Pelletier', 'ALG-1', 11.32, 2.33, 'A', 0, 1);
insert into notes_details values ('2011-2012', 'SEM-5', 'Iliane Pelletier', 'ALG-1', 11.32, 4.0, 'A', 3, 2);
insert into notes_details values ('2011-2012', 'SEM-5', 'Iliane Pelletier', 'DPP-1', 11.32, 3.67, 'A', 2, 1);
insert into notes_details values ('2011-2012', 'SEM-5', 'Iliane Pelletier', 'ELE-1', 11.32, 4.0, 'A', 3, 1);
insert into notes_details values ('2011-2012', 'SEM-5', 'Iliane Pelletier', 'INP-1', 11.32, 2.0, 'A', 0, 1);
insert into notes_details values ('2011-2012', 'SEM-5', 'Iliane Pelletier', 'INP-1', 11.32, 3.33, 'A', 3, 2);
insert into notes_details values ('2011-2012', 'SEM-5', 'Iliane Pelletier', 'LCI-1', 11.32, 3.33, 'A', 3, 1);
insert into notes_details values ('2011-2012', 'SEM-5', 'Iliane Pelletier', 'MAT-1', 11.32, 1.33, 'A', 0, 1);
insert into notes_details values ('2011-2012', 'SEM-5', 'Iliane Pelletier', 'MAT-1', 11.32, 3.33, 'A', 3, 2);
insert into notes_details values ('2011-2012', 'SEM-5', 'Iliane Pelletier', 'MGP-1', 11.32, 1.67, 'A', 0, 1);
insert into notes_details values ('2011-2012', 'SEM-5', 'Iliane Pelletier', 'MGP-1', 11.32, 2.67, 'A', 4, 2);
insert into notes_details values ('2011-2012', 'SEM-5', 'Iliane Pelletier', 'PHO-1', 11.32, 2.33, 'A', 0, 1);
insert into notes_details values ('2011-2012', 'SEM-5', 'Iliane Pelletier', 'PHO-1', 11.32, 4.0, 'A', 3, 2);
insert into notes_details values ('2011-2012', 'SEM-5', 'Iliane Pelletier', 'PHQ-1', 11.32, 3.33, 'A', 3, 1);
insert into notes_details values ('2011-2012', 'SEM-5', 'Iliane Pelletier', 'SPM-1', 11.32, 3.33, 'A', 3, 1);
insert into notes_details values ('2011-2012', 'SEM-6', 'Iliane Pelletier', 'DPP-2', 11.32, 2.0, 'A', 0, 1);
insert into notes_details values ('2011-2012', 'SEM-6', 'Iliane Pelletier', 'DPP-2', 11.32, 4.0, 'A', 1, 2);
insert into notes_details values ('2011-2012', 'SEM-6', 'Iliane Pelletier', 'EAO-2', 11.32, 1.33, 'A', 0, 1);
insert into notes_details values ('2011-2012', 'SEM-6', 'Iliane Pelletier', 'EAO-2', 11.32, 3.33, 'A', 3, 2);
insert into notes_details values ('2011-2012', 'SEM-6', 'Iliane Pelletier', 'ECO-2', 11.32, 2.33, 'A', 0, 1);
insert into notes_details values ('2011-2012', 'SEM-6', 'Iliane Pelletier', 'ECO-2', 11.32, 3.0, 'A', 3, 2);
insert into notes_details values ('2011-2012', 'SEM-6', 'Iliane Pelletier', 'LCI-2', 11.32, 3.33, 'A', 3, 1);
insert into notes_details values ('2011-2012', 'SEM-6', 'Iliane Pelletier', 'MAT-2', 11.32, 3.0, 'A', 2, 1);
insert into notes_details values ('2011-2012', 'SEM-6', 'Iliane Pelletier', 'MCO-2', 11.32, 1.67, 'A', 0, 1);
insert into notes_details values ('2011-2012', 'SEM-6', 'Iliane Pelletier', 'MCO-2', 11.32, 3.33, 'A', 2, 2);
insert into notes_details values ('2011-2012', 'SEM-6', 'Iliane Pelletier', 'MGP-2', 11.32, 3.67, 'A', 4, 1);
insert into notes_details values ('2011-2012', 'SEM-6', 'Iliane Pelletier', 'PHS-2', 11.32, 3.33, 'A', 2, 1);
insert into notes_details values ('2011-2012', 'SEM-6', 'Iliane Pelletier', 'PJT-2', 11.32, 3.67, 'A', 1, 1);
insert into notes_details values ('2011-2012', 'SEM-6', 'Iliane Pelletier', 'RMS-2', 11.32, 2.33, 'A', 0, 1);
insert into notes_details values ('2011-2012', 'SEM-6', 'Iliane Pelletier', 'RMS-2', 11.32, 1.33, 'A', 4, 99);
insert into notes_details values ('2011-2012', 'SEM-6', 'Iliane Pelletier', 'STG-2', 11.32, 2.67, 'A', 2, 1);
insert into notes_details values ('2011-2012', 'SEM-6', 'Iliane Pelletier', 'THS-2', 11.32, 2.67, 'A', 3, 1);
insert into notes_details values ('2012-2013', 'SEM-7', 'Iliane Pelletier', 'ASL-3', 11.32, 2.67, 'A', 2, 1);
insert into notes_details values ('2012-2013', 'SEM-7', 'Iliane Pelletier', 'DPP-3', 11.32, 3.0, 'A', 2, 1);
insert into notes_details values ('2012-2013', 'SEM-7', 'Iliane Pelletier', 'EAO-31', 11.32, 3.0, 'A', 2, 1);
insert into notes_details values ('2012-2013', 'SEM-7', 'Iliane Pelletier', 'EAO-32', 11.32, 1.67, 'A', 0, 1);
insert into notes_details values ('2012-2013', 'SEM-7', 'Iliane Pelletier', 'EAO-32', 11.32, 1.0, 'A', 0, 2);
insert into contentieux values ('2012-2013', 'SEM-7', 'Iliane Pelletier', 'EAO-32');
insert into notes_details values ('2012-2013', 'SEM-7', 'Iliane Pelletier', 'EAO-33', 11.32, 1.67, 'A', 0, 1);
insert into notes_details values ('2012-2013', 'SEM-7', 'Iliane Pelletier', 'EAO-33', 11.32, 1.33, 'A', 0, 2);
insert into contentieux values ('2012-2013', 'SEM-7', 'Iliane Pelletier', 'EAO-33');
insert into notes_details values ('2012-2013', 'SEM-7', 'Iliane Pelletier', 'EAO-34', 11.32, 2.67, 'A', 2, 1);
insert into notes_details values ('2012-2013', 'SEM-7', 'Iliane Pelletier', 'EAO-35', 11.32, 2.33, 'A', 0, 1);
insert into notes_details values ('2012-2013', 'SEM-7', 'Iliane Pelletier', 'EAO-35', 11.32, 2.0, 'A', 0, 2);
insert into contentieux values ('2012-2013', 'SEM-7', 'Iliane Pelletier', 'EAO-35');
insert into notes_details values ('2012-2013', 'SEM-7', 'Iliane Pelletier', 'LCI-3', 11.32, 1.0, 'A', 0, 1);
insert into notes_details values ('2012-2013', 'SEM-7', 'Iliane Pelletier', 'LCI-3', 11.32, 3.33, 'A', 3, 2);
insert into notes_details values ('2012-2013', 'SEM-7', 'Iliane Pelletier', 'MAT-3', 11.32, 3.0, 'A', 3, 1);
insert into notes_details values ('2012-2013', 'SEM-7', 'Iliane Pelletier', 'MNG-3', 11.32, 2.33, 'A', 0, 1);
insert into notes_details values ('2012-2013', 'SEM-7', 'Iliane Pelletier', 'MNG-3', 11.32, 2.67, 'A', 3, 2);
insert into notes_details values ('2012-2013', 'SEM-7', 'Iliane Pelletier', 'PJT-3', 11.32, 2.33, 'A', 0, 1);
insert into notes_details values ('2012-2013', 'SEM-7', 'Iliane Pelletier', 'PJT-3', 11.32, 3.0, 'A', 5, 2);
insert into notes_details values ('2012-2013', 'SEM-7', 'Iliane Pelletier', 'STD-3', 11.32, 1.67, 'A', 0, 1);
insert into notes_details values ('2012-2013', 'SEM-7', 'Iliane Pelletier', 'STD-3', 11.32, 3.33, 'A', 2, 2);
insert into gpa values ('2011-2012', 'SEM-5', 'Iliane Pelletier', 2.07);
insert into gpa values ('2011-2012', 'SEM-6', 'Iliane Pelletier', 3.34);
insert into gpa values ('2012-2013', 'SEM-7', 'Iliane Pelletier', 3.75);
insert into eleves values ('Ray Leroy', 1, 'S', 'Tres bien', 'MP', null, 'rleroy');
insert into notes_details values ('2010-2011', 'SEM-5', 'Ray Leroy', 'ALG-1', 11.32, 3.67, 'A', 3, 1);
insert into notes_details values ('2010-2011', 'SEM-5', 'Ray Leroy', 'DPP-1', 11.32, 3.0, 'A', 2, 1);
insert into notes_details values ('2010-2011', 'SEM-5', 'Ray Leroy', 'ELE-1', 11.32, 3.33, 'A', 3, 1);
insert into notes_details values ('2010-2011', 'SEM-5', 'Ray Leroy', 'INP-1', 11.32, 3.0, 'A', 3, 1);
insert into notes_details values ('2010-2011', 'SEM-5', 'Ray Leroy', 'LCI-1', 11.32, 1.67, 'A', 0, 1);
insert into notes_details values ('2010-2011', 'SEM-5', 'Ray Leroy', 'LCI-1', 11.32, 3.67, 'A', 3, 2);
insert into notes_details values ('2010-2011', 'SEM-5', 'Ray Leroy', 'MAT-1', 11.32, 1.67, 'A', 0, 1);
insert into notes_details values ('2010-2011', 'SEM-5', 'Ray Leroy', 'MAT-1', 11.32, 3.67, 'A', 3, 2);
insert into notes_details values ('2010-2011', 'SEM-5', 'Ray Leroy', 'MGP-1', 11.32, 2.33, 'A', 0, 1);
insert into notes_details values ('2010-2011', 'SEM-5', 'Ray Leroy', 'MGP-1', 11.32, 3.33, 'A', 4, 2);
insert into notes_details values ('2010-2011', 'SEM-5', 'Ray Leroy', 'PHO-1', 11.32, 2.0, 'A', 0, 1);
insert into notes_details values ('2010-2011', 'SEM-5', 'Ray Leroy', 'PHO-1', 11.32, 1.67, 'A', 3, 99);
insert into notes_details values ('2010-2011', 'SEM-5', 'Ray Leroy', 'PHQ-1', 11.32, 4.0, 'A', 3, 1);
insert into notes_details values ('2010-2011', 'SEM-5', 'Ray Leroy', 'SPM-1', 11.32, 3.33, 'A', 3, 1);
insert into notes_details values ('2010-2011', 'SEM-6', 'Ray Leroy', 'DPP-2', 11.32, 3.67, 'A', 1, 1);
insert into notes_details values ('2010-2011', 'SEM-6', 'Ray Leroy', 'EAO-2', 11.32, 1.33, 'A', 0, 1);
insert into notes_details values ('2010-2011', 'SEM-6', 'Ray Leroy', 'EAO-2', 11.32, 3.0, 'A', 3, 2);
insert into notes_details values ('2010-2011', 'SEM-6', 'Ray Leroy', 'ECO-2', 11.32, 3.67, 'A', 3, 1);
insert into notes_details values ('2010-2011', 'SEM-6', 'Ray Leroy', 'LCI-2', 11.32, 3.67, 'A', 3, 1);
insert into notes_details values ('2010-2011', 'SEM-6', 'Ray Leroy', 'MAT-2', 11.32, 1.33, 'A', 0, 1);
insert into notes_details values ('2010-2011', 'SEM-6', 'Ray Leroy', 'MAT-2', 11.32, 4.0, 'A', 2, 2);
insert into notes_details values ('2010-2011', 'SEM-6', 'Ray Leroy', 'MCO-2', 11.32, 2.33, 'A', 0, 1);
insert into notes_details values ('2010-2011', 'SEM-6', 'Ray Leroy', 'MCO-2', 11.32, 3.33, 'A', 2, 2);
insert into notes_details values ('2010-2011', 'SEM-6', 'Ray Leroy', 'MGP-2', 11.32, 4.0, 'A', 4, 1);
insert into notes_details values ('2010-2011', 'SEM-6', 'Ray Leroy', 'PHS-2', 11.32, 1.0, 'A', 0, 1);
insert into notes_details values ('2010-2011', 'SEM-6', 'Ray Leroy', 'PHS-2', 11.32, 3.33, 'A', 2, 2);
insert into notes_details values ('2010-2011', 'SEM-6', 'Ray Leroy', 'PJT-2', 11.32, 1.33, 'A', 0, 1);
insert into notes_details values ('2010-2011', 'SEM-6', 'Ray Leroy', 'PJT-2', 11.32, 3.0, 'A', 1, 2);
insert into notes_details values ('2010-2011', 'SEM-6', 'Ray Leroy', 'RMS-2', 11.32, 2.67, 'A', 4, 1);
insert into notes_details values ('2010-2011', 'SEM-6', 'Ray Leroy', 'STG-2', 11.32, 4.0, 'A', 2, 1);
insert into notes_details values ('2010-2011', 'SEM-6', 'Ray Leroy', 'THS-2', 11.32, 2.67, 'A', 3, 1);
insert into notes_details values ('2011-2012', 'SEM-7', 'Ray Leroy', 'ASL-3', 11.32, 1.67, 'A', 0, 1);
insert into notes_details values ('2011-2012', 'SEM-7', 'Ray Leroy', 'ASL-3', 11.32, 2.67, 'A', 2, 2);
insert into notes_details values ('2011-2012', 'SEM-7', 'Ray Leroy', 'DPP-3', 11.32, 1.0, 'A', 0, 1);
insert into notes_details values ('2011-2012', 'SEM-7', 'Ray Leroy', 'DPP-3', 11.32, 3.0, 'A', 2, 2);
insert into notes_details values ('2011-2012', 'SEM-7', 'Ray Leroy', 'EAO-31', 11.32, 1.0, 'A', 0, 1);
insert into notes_details values ('2011-2012', 'SEM-7', 'Ray Leroy', 'EAO-31', 11.32, 3.33, 'A', 2, 2);
insert into notes_details values ('2011-2012', 'SEM-7', 'Ray Leroy', 'EAO-32', 11.32, 2.67, 'A', 2, 1);
insert into notes_details values ('2011-2012', 'SEM-7', 'Ray Leroy', 'EAO-33', 11.32, 3.67, 'A', 2, 1);
insert into notes_details values ('2011-2012', 'SEM-7', 'Ray Leroy', 'EAO-34', 11.32, 2.67, 'A', 2, 1);
insert into notes_details values ('2011-2012', 'SEM-7', 'Ray Leroy', 'EAO-35', 11.32, 1.67, 'A', 0, 1);
insert into notes_details values ('2011-2012', 'SEM-7', 'Ray Leroy', 'EAO-35', 11.32, 1.33, 'A', 0, 2);
insert into contentieux values ('2011-2012', 'SEM-7', 'Ray Leroy', 'EAO-35');
insert into notes_details values ('2011-2012', 'SEM-7', 'Ray Leroy', 'LCI-3', 11.32, 1.33, 'A', 0, 1);
insert into notes_details values ('2011-2012', 'SEM-7', 'Ray Leroy', 'LCI-3', 11.32, 1.67, 'A', 0, 2);
insert into contentieux values ('2011-2012', 'SEM-7', 'Ray Leroy', 'LCI-3');
insert into notes_details values ('2011-2012', 'SEM-7', 'Ray Leroy', 'MAT-3', 11.32, 2.0, 'A', 0, 1);
insert into notes_details values ('2011-2012', 'SEM-7', 'Ray Leroy', 'MAT-3', 11.32, 2.0, 'A', 0, 2);
insert into contentieux values ('2011-2012', 'SEM-7', 'Ray Leroy', 'MAT-3');
insert into notes_details values ('2011-2012', 'SEM-7', 'Ray Leroy', 'MNG-3', 11.32, 2.0, 'A', 0, 1);
insert into notes_details values ('2011-2012', 'SEM-7', 'Ray Leroy', 'MNG-3', 11.32, 1.0, 'A', 0, 2);
insert into contentieux values ('2011-2012', 'SEM-7', 'Ray Leroy', 'MNG-3');
insert into notes_details values ('2011-2012', 'SEM-7', 'Ray Leroy', 'PJT-3', 11.32, 3.67, 'A', 5, 1);
insert into notes_details values ('2011-2012', 'SEM-7', 'Ray Leroy', 'STD-3', 11.32, 1.0, 'A', 0, 1);
insert into notes_details values ('2011-2012', 'SEM-7', 'Ray Leroy', 'STD-3', 11.32, 2.33, 'A', 0, 2);
insert into contentieux values ('2011-2012', 'SEM-7', 'Ray Leroy', 'STD-3');
insert into gpa values ('2010-2011', 'SEM-5', 'Ray Leroy', 3.65);
insert into gpa values ('2010-2011', 'SEM-6', 'Ray Leroy', 3.93);
insert into gpa values ('2011-2012', 'SEM-7', 'Ray Leroy', 2.98);
insert into eleves values ('Dexter Dickinson', 1, 'S', 'Tres bien', 'Credits', null, 'ddickinson');
insert into notes_details values ('2011-2012', 'SEM-5', 'Dexter Dickinson', 'ALG-1', 11.32, 1.0, 'A', 0, 1);
insert into notes_details values ('2011-2012', 'SEM-5', 'Dexter Dickinson', 'ALG-1', 11.32, 3.0, 'A', 3, 2);
insert into notes_details values ('2011-2012', 'SEM-5', 'Dexter Dickinson', 'DPP-1', 11.32, 1.33, 'A', 0, 1);
insert into notes_details values ('2011-2012', 'SEM-5', 'Dexter Dickinson', 'DPP-1', 11.32, 3.0, 'A', 2, 2);
insert into notes_details values ('2011-2012', 'SEM-5', 'Dexter Dickinson', 'ELE-1', 11.32, 1.33, 'A', 0, 1);
insert into notes_details values ('2011-2012', 'SEM-5', 'Dexter Dickinson', 'ELE-1', 11.32, 3.0, 'A', 3, 2);
insert into notes_details values ('2011-2012', 'SEM-5', 'Dexter Dickinson', 'INP-1', 11.32, 4.0, 'A', 3, 1);
insert into notes_details values ('2011-2012', 'SEM-5', 'Dexter Dickinson', 'LCI-1', 11.32, 3.67, 'A', 3, 1);
insert into notes_details values ('2011-2012', 'SEM-5', 'Dexter Dickinson', 'MAT-1', 11.32, 4.0, 'A', 3, 1);
insert into notes_details values ('2011-2012', 'SEM-5', 'Dexter Dickinson', 'MGP-1', 11.32, 2.33, 'A', 0, 1);
insert into notes_details values ('2011-2012', 'SEM-5', 'Dexter Dickinson', 'MGP-1', 11.32, 2.0, 'A', 4, 99);
insert into notes_details values ('2011-2012', 'SEM-5', 'Dexter Dickinson', 'PHO-1', 11.32, 1.0, 'A', 0, 1);
insert into notes_details values ('2011-2012', 'SEM-5', 'Dexter Dickinson', 'PHO-1', 11.32, 4.0, 'A', 3, 2);
insert into notes_details values ('2011-2012', 'SEM-5', 'Dexter Dickinson', 'PHQ-1', 11.32, 3.67, 'A', 3, 1);
insert into notes_details values ('2011-2012', 'SEM-5', 'Dexter Dickinson', 'SPM-1', 11.32, 2.33, 'A', 0, 1);
insert into notes_details values ('2011-2012', 'SEM-5', 'Dexter Dickinson', 'SPM-1', 11.32, 4.0, 'A', 3, 2);
insert into notes_details values ('2011-2012', 'SEM-6', 'Dexter Dickinson', 'DPP-2', 11.32, 2.33, 'A', 0, 1);
insert into notes_details values ('2011-2012', 'SEM-6', 'Dexter Dickinson', 'DPP-2', 11.32, 3.33, 'A', 1, 2);
insert into notes_details values ('2011-2012', 'SEM-6', 'Dexter Dickinson', 'EAO-2', 11.32, 2.67, 'A', 3, 1);
insert into notes_details values ('2011-2012', 'SEM-6', 'Dexter Dickinson', 'ECO-2', 11.32, 3.0, 'A', 3, 1);
insert into notes_details values ('2011-2012', 'SEM-6', 'Dexter Dickinson', 'LCI-2', 11.32, 2.33, 'A', 0, 1);
insert into notes_details values ('2011-2012', 'SEM-6', 'Dexter Dickinson', 'LCI-2', 11.32, 3.67, 'A', 3, 2);
insert into notes_details values ('2011-2012', 'SEM-6', 'Dexter Dickinson', 'MAT-2', 11.32, 1.0, 'A', 0, 1);
insert into notes_details values ('2011-2012', 'SEM-6', 'Dexter Dickinson', 'MAT-2', 11.32, 2.33, 'A', 2, 99);
insert into notes_details values ('2011-2012', 'SEM-6', 'Dexter Dickinson', 'MCO-2', 11.32, 2.33, 'A', 0, 1);
insert into notes_details values ('2011-2012', 'SEM-6', 'Dexter Dickinson', 'MCO-2', 11.32, 2.67, 'A', 2, 2);
insert into notes_details values ('2011-2012', 'SEM-6', 'Dexter Dickinson', 'MGP-2', 11.32, 3.67, 'A', 4, 1);
insert into notes_details values ('2011-2012', 'SEM-6', 'Dexter Dickinson', 'PHS-2', 11.32, 1.0, 'A', 0, 1);
insert into notes_details values ('2011-2012', 'SEM-6', 'Dexter Dickinson', 'PHS-2', 11.32, 2.33, 'A', 2, 99);
insert into notes_details values ('2011-2012', 'SEM-6', 'Dexter Dickinson', 'PJT-2', 11.32, 2.67, 'A', 1, 1);
insert into notes_details values ('2011-2012', 'SEM-6', 'Dexter Dickinson', 'RMS-2', 11.32, 3.0, 'A', 4, 1);
insert into notes_details values ('2011-2012', 'SEM-6', 'Dexter Dickinson', 'STG-2', 11.32, 1.67, 'A', 0, 1);
insert into notes_details values ('2011-2012', 'SEM-6', 'Dexter Dickinson', 'STG-2', 11.32, 4.0, 'A', 2, 2);
insert into notes_details values ('2011-2012', 'SEM-6', 'Dexter Dickinson', 'THS-2', 11.32, 2.67, 'A', 3, 1);
insert into notes_details values ('2012-2013', 'SEM-7', 'Dexter Dickinson', 'ASL-3', 11.32, 2.0, 'A', 0, 1);
insert into notes_details values ('2012-2013', 'SEM-7', 'Dexter Dickinson', 'ASL-3', 11.32, 3.0, 'A', 2, 2);
insert into notes_details values ('2012-2013', 'SEM-7', 'Dexter Dickinson', 'DPP-3', 11.32, 2.33, 'A', 0, 1);
insert into notes_details values ('2012-2013', 'SEM-7', 'Dexter Dickinson', 'DPP-3', 11.32, 1.33, 'A', 0, 2);
insert into contentieux values ('2012-2013', 'SEM-7', 'Dexter Dickinson', 'DPP-3');
insert into notes_details values ('2012-2013', 'SEM-7', 'Dexter Dickinson', 'EAO-31', 11.32, 1.33, 'A', 0, 1);
insert into notes_details values ('2012-2013', 'SEM-7', 'Dexter Dickinson', 'EAO-31', 11.32, 3.33, 'A', 2, 2);
insert into notes_details values ('2012-2013', 'SEM-7', 'Dexter Dickinson', 'EAO-32', 11.32, 2.67, 'A', 2, 1);
insert into notes_details values ('2012-2013', 'SEM-7', 'Dexter Dickinson', 'EAO-33', 11.32, 3.67, 'A', 2, 1);
insert into notes_details values ('2012-2013', 'SEM-7', 'Dexter Dickinson', 'EAO-34', 11.32, 1.0, 'A', 0, 1);
insert into notes_details values ('2012-2013', 'SEM-7', 'Dexter Dickinson', 'EAO-34', 11.32, 1.0, 'A', 0, 2);
insert into contentieux values ('2012-2013', 'SEM-7', 'Dexter Dickinson', 'EAO-34');
insert into notes_details values ('2012-2013', 'SEM-7', 'Dexter Dickinson', 'EAO-35', 11.32, 3.0, 'A', 2, 1);
insert into notes_details values ('2012-2013', 'SEM-7', 'Dexter Dickinson', 'LCI-3', 11.32, 3.33, 'A', 3, 1);
insert into notes_details values ('2012-2013', 'SEM-7', 'Dexter Dickinson', 'MAT-3', 11.32, 3.0, 'A', 3, 1);
insert into notes_details values ('2012-2013', 'SEM-7', 'Dexter Dickinson', 'MNG-3', 11.32, 1.33, 'A', 0, 1);
insert into notes_details values ('2012-2013', 'SEM-7', 'Dexter Dickinson', 'MNG-3', 11.32, 2.67, 'A', 3, 2);
insert into notes_details values ('2012-2013', 'SEM-7', 'Dexter Dickinson', 'PJT-3', 11.32, 2.33, 'A', 0, 1);
insert into notes_details values ('2012-2013', 'SEM-7', 'Dexter Dickinson', 'PJT-3', 11.32, 1.0, 'A', 0, 2);
insert into contentieux values ('2012-2013', 'SEM-7', 'Dexter Dickinson', 'PJT-3');
insert into notes_details values ('2012-2013', 'SEM-7', 'Dexter Dickinson', 'STD-3', 11.32, 4.0, 'A', 2, 1);
insert into gpa values ('2011-2012', 'SEM-5', 'Dexter Dickinson', 3.36);
insert into gpa values ('2011-2012', 'SEM-6', 'Dexter Dickinson', 2.43);
insert into gpa values ('2012-2013', 'SEM-7', 'Dexter Dickinson', 2.6);
insert into eleves values ('Francois Butler', 1, 'S', 'Tres bien', 'Etranger', null, 'fbutler');
insert into notes_details values ('2010-2011', 'SEM-5', 'Francois Butler', 'ALG-1', 11.32, 1.33, 'A', 0, 1);
insert into notes_details values ('2010-2011', 'SEM-5', 'Francois Butler', 'ALG-1', 11.32, 2.67, 'A', 3, 2);
insert into notes_details values ('2010-2011', 'SEM-5', 'Francois Butler', 'DPP-1', 11.32, 4.0, 'A', 2, 1);
insert into notes_details values ('2010-2011', 'SEM-5', 'Francois Butler', 'ELE-1', 11.32, 1.67, 'A', 0, 1);
insert into notes_details values ('2010-2011', 'SEM-5', 'Francois Butler', 'ELE-1', 11.32, 3.33, 'A', 3, 2);
insert into notes_details values ('2010-2011', 'SEM-5', 'Francois Butler', 'INP-1', 11.32, 3.67, 'A', 3, 1);
insert into notes_details values ('2010-2011', 'SEM-5', 'Francois Butler', 'LCI-1', 11.32, 2.0, 'A', 0, 1);
insert into notes_details values ('2010-2011', 'SEM-5', 'Francois Butler', 'LCI-1', 11.32, 3.33, 'A', 3, 2);
insert into notes_details values ('2010-2011', 'SEM-5', 'Francois Butler', 'MAT-1', 11.32, 2.33, 'A', 0, 1);
insert into notes_details values ('2010-2011', 'SEM-5', 'Francois Butler', 'MAT-1', 11.32, 3.0, 'A', 3, 2);
insert into notes_details values ('2010-2011', 'SEM-5', 'Francois Butler', 'MGP-1', 11.32, 1.0, 'A', 0, 1);
insert into notes_details values ('2010-2011', 'SEM-5', 'Francois Butler', 'MGP-1', 11.32, 3.67, 'A', 4, 2);
insert into notes_details values ('2010-2011', 'SEM-5', 'Francois Butler', 'PHO-1', 11.32, 2.33, 'A', 0, 1);
insert into notes_details values ('2010-2011', 'SEM-5', 'Francois Butler', 'PHO-1', 11.32, 2.67, 'A', 3, 2);
insert into notes_details values ('2010-2011', 'SEM-5', 'Francois Butler', 'PHQ-1', 11.32, 1.67, 'A', 0, 1);
insert into notes_details values ('2010-2011', 'SEM-5', 'Francois Butler', 'PHQ-1', 11.32, 2.67, 'A', 3, 2);
insert into notes_details values ('2010-2011', 'SEM-5', 'Francois Butler', 'SPM-1', 11.32, 2.67, 'A', 3, 1);
insert into notes_details values ('2010-2011', 'SEM-6', 'Francois Butler', 'DPP-2', 11.32, 3.33, 'A', 1, 1);
insert into notes_details values ('2010-2011', 'SEM-6', 'Francois Butler', 'EAO-2', 11.32, 2.33, 'A', 0, 1);
insert into notes_details values ('2010-2011', 'SEM-6', 'Francois Butler', 'EAO-2', 11.32, 2.67, 'A', 3, 2);
insert into notes_details values ('2010-2011', 'SEM-6', 'Francois Butler', 'ECO-2', 11.32, 1.33, 'A', 0, 1);
insert into notes_details values ('2010-2011', 'SEM-6', 'Francois Butler', 'ECO-2', 11.32, 4.0, 'A', 3, 2);
insert into notes_details values ('2010-2011', 'SEM-6', 'Francois Butler', 'LCI-2', 11.32, 3.67, 'A', 3, 1);
insert into notes_details values ('2010-2011', 'SEM-6', 'Francois Butler', 'MAT-2', 11.32, 1.0, 'A', 0, 1);
insert into notes_details values ('2010-2011', 'SEM-6', 'Francois Butler', 'MAT-2', 11.32, 3.67, 'A', 2, 2);
insert into notes_details values ('2010-2011', 'SEM-6', 'Francois Butler', 'MCO-2', 11.32, 3.67, 'A', 2, 1);
insert into notes_details values ('2010-2011', 'SEM-6', 'Francois Butler', 'MGP-2', 11.32, 3.67, 'A', 4, 1);
insert into notes_details values ('2010-2011', 'SEM-6', 'Francois Butler', 'PHS-2', 11.32, 3.33, 'A', 2, 1);
insert into notes_details values ('2010-2011', 'SEM-6', 'Francois Butler', 'PJT-2', 11.32, 1.67, 'A', 0, 1);
insert into notes_details values ('2010-2011', 'SEM-6', 'Francois Butler', 'PJT-2', 11.32, 2.67, 'A', 1, 2);
insert into notes_details values ('2010-2011', 'SEM-6', 'Francois Butler', 'RMS-2', 11.32, 2.0, 'A', 0, 1);
insert into notes_details values ('2010-2011', 'SEM-6', 'Francois Butler', 'RMS-2', 11.32, 2.67, 'A', 4, 2);
insert into notes_details values ('2010-2011', 'SEM-6', 'Francois Butler', 'STG-2', 11.32, 3.33, 'A', 2, 1);
insert into notes_details values ('2010-2011', 'SEM-6', 'Francois Butler', 'THS-2', 11.32, 2.0, 'A', 0, 1);
insert into notes_details values ('2010-2011', 'SEM-6', 'Francois Butler', 'THS-2', 11.32, 3.67, 'A', 3, 2);
insert into notes_details values ('2011-2012', 'SEM-7', 'Francois Butler', 'ASL-3', 11.32, 2.0, 'A', 0, 1);
insert into notes_details values ('2011-2012', 'SEM-7', 'Francois Butler', 'ASL-3', 11.32, 1.0, 'A', 0, 2);
insert into contentieux values ('2011-2012', 'SEM-7', 'Francois Butler', 'ASL-3');
insert into notes_details values ('2011-2012', 'SEM-7', 'Francois Butler', 'DPP-3', 11.32, 3.0, 'A', 2, 1);
insert into notes_details values ('2011-2012', 'SEM-7', 'Francois Butler', 'EAO-31', 11.32, 1.33, 'A', 0, 1);
insert into notes_details values ('2011-2012', 'SEM-7', 'Francois Butler', 'EAO-31', 11.32, 2.0, 'A', 0, 2);
insert into contentieux values ('2011-2012', 'SEM-7', 'Francois Butler', 'EAO-31');
insert into notes_details values ('2011-2012', 'SEM-7', 'Francois Butler', 'EAO-32', 11.32, 2.33, 'A', 0, 1);
insert into notes_details values ('2011-2012', 'SEM-7', 'Francois Butler', 'EAO-32', 11.32, 2.67, 'A', 2, 2);
insert into notes_details values ('2011-2012', 'SEM-7', 'Francois Butler', 'EAO-33', 11.32, 3.67, 'A', 2, 1);
insert into notes_details values ('2011-2012', 'SEM-7', 'Francois Butler', 'EAO-34', 11.32, 1.0, 'A', 0, 1);
insert into notes_details values ('2011-2012', 'SEM-7', 'Francois Butler', 'EAO-34', 11.32, 4.0, 'A', 2, 2);
insert into notes_details values ('2011-2012', 'SEM-7', 'Francois Butler', 'EAO-35', 11.32, 2.33, 'A', 0, 1);
insert into notes_details values ('2011-2012', 'SEM-7', 'Francois Butler', 'EAO-35', 11.32, 1.67, 'A', 0, 2);
insert into contentieux values ('2011-2012', 'SEM-7', 'Francois Butler', 'EAO-35');
insert into notes_details values ('2011-2012', 'SEM-7', 'Francois Butler', 'LCI-3', 11.32, 1.33, 'A', 0, 1);
insert into notes_details values ('2011-2012', 'SEM-7', 'Francois Butler', 'LCI-3', 11.32, 2.67, 'A', 3, 2);
insert into notes_details values ('2011-2012', 'SEM-7', 'Francois Butler', 'MAT-3', 11.32, 1.67, 'A', 0, 1);
insert into notes_details values ('2011-2012', 'SEM-7', 'Francois Butler', 'MAT-3', 11.32, 3.0, 'A', 3, 2);
insert into notes_details values ('2011-2012', 'SEM-7', 'Francois Butler', 'MNG-3', 11.32, 1.67, 'A', 0, 1);
insert into notes_details values ('2011-2012', 'SEM-7', 'Francois Butler', 'MNG-3', 11.32, 1.33, 'A', 0, 2);
insert into contentieux values ('2011-2012', 'SEM-7', 'Francois Butler', 'MNG-3');
insert into notes_details values ('2011-2012', 'SEM-7', 'Francois Butler', 'PJT-3', 11.32, 1.67, 'A', 0, 1);
insert into notes_details values ('2011-2012', 'SEM-7', 'Francois Butler', 'PJT-3', 11.32, 2.33, 'A', 0, 2);
insert into contentieux values ('2011-2012', 'SEM-7', 'Francois Butler', 'PJT-3');
insert into notes_details values ('2011-2012', 'SEM-7', 'Francois Butler', 'STD-3', 11.32, 2.0, 'A', 0, 1);
insert into notes_details values ('2011-2012', 'SEM-7', 'Francois Butler', 'STD-3', 11.32, 1.0, 'A', 0, 2);
insert into contentieux values ('2011-2012', 'SEM-7', 'Francois Butler', 'STD-3');
insert into gpa values ('2010-2011', 'SEM-5', 'Francois Butler', 3.26);
insert into gpa values ('2010-2011', 'SEM-6', 'Francois Butler', 3.68);
insert into gpa values ('2011-2012', 'SEM-7', 'Francois Butler', 2.93);
insert into cesure values ('Francois Butler', 'CESURE');
insert into eleves values ('Merlin Leclercq', 1, 'S', 'Tres bien', 'MP', null, 'mleclercq');
insert into notes_details values ('2011-2012', 'SEM-5', 'Merlin Leclercq', 'ALG-1', 11.32, 2.0, 'A', 0, 1);
insert into notes_details values ('2011-2012', 'SEM-5', 'Merlin Leclercq', 'ALG-1', 11.32, 4.0, 'A', 3, 2);
insert into notes_details values ('2011-2012', 'SEM-5', 'Merlin Leclercq', 'DPP-1', 11.32, 1.0, 'A', 0, 1);
insert into notes_details values ('2011-2012', 'SEM-5', 'Merlin Leclercq', 'DPP-1', 11.32, 2.67, 'A', 2, 2);
insert into notes_details values ('2011-2012', 'SEM-5', 'Merlin Leclercq', 'ELE-1', 11.32, 4.0, 'A', 3, 1);
insert into notes_details values ('2011-2012', 'SEM-5', 'Merlin Leclercq', 'INP-1', 11.32, 3.33, 'A', 3, 1);
insert into notes_details values ('2011-2012', 'SEM-5', 'Merlin Leclercq', 'LCI-1', 11.32, 3.0, 'A', 3, 1);
insert into notes_details values ('2011-2012', 'SEM-5', 'Merlin Leclercq', 'MAT-1', 11.32, 1.67, 'A', 0, 1);
insert into notes_details values ('2011-2012', 'SEM-5', 'Merlin Leclercq', 'MAT-1', 11.32, 2.33, 'A', 3, 99);
insert into notes_details values ('2011-2012', 'SEM-5', 'Merlin Leclercq', 'MGP-1', 11.32, 2.0, 'A', 0, 1);
insert into notes_details values ('2011-2012', 'SEM-5', 'Merlin Leclercq', 'MGP-1', 11.32, 2.67, 'A', 4, 2);
insert into notes_details values ('2011-2012', 'SEM-5', 'Merlin Leclercq', 'PHO-1', 11.32, 2.33, 'A', 0, 1);
insert into notes_details values ('2011-2012', 'SEM-5', 'Merlin Leclercq', 'PHO-1', 11.32, 2.67, 'A', 3, 2);
insert into notes_details values ('2011-2012', 'SEM-5', 'Merlin Leclercq', 'PHQ-1', 11.32, 1.0, 'A', 0, 1);
insert into notes_details values ('2011-2012', 'SEM-5', 'Merlin Leclercq', 'PHQ-1', 11.32, 2.67, 'A', 3, 2);
insert into notes_details values ('2011-2012', 'SEM-5', 'Merlin Leclercq', 'SPM-1', 11.32, 1.33, 'A', 0, 1);
insert into notes_details values ('2011-2012', 'SEM-5', 'Merlin Leclercq', 'SPM-1', 11.32, 3.67, 'A', 3, 2);
insert into notes_details values ('2011-2012', 'SEM-6', 'Merlin Leclercq', 'DPP-2', 11.32, 1.33, 'A', 0, 1);
insert into notes_details values ('2011-2012', 'SEM-6', 'Merlin Leclercq', 'DPP-2', 11.32, 2.0, 'A', 1, 99);
insert into notes_details values ('2011-2012', 'SEM-6', 'Merlin Leclercq', 'EAO-2', 11.32, 2.67, 'A', 3, 1);
insert into notes_details values ('2011-2012', 'SEM-6', 'Merlin Leclercq', 'ECO-2', 11.32, 1.33, 'A', 0, 1);
insert into notes_details values ('2011-2012', 'SEM-6', 'Merlin Leclercq', 'ECO-2', 11.32, 2.33, 'A', 3, 99);
insert into notes_details values ('2011-2012', 'SEM-6', 'Merlin Leclercq', 'LCI-2', 11.32, 3.67, 'A', 3, 1);
insert into notes_details values ('2011-2012', 'SEM-6', 'Merlin Leclercq', 'MAT-2', 11.32, 1.67, 'A', 0, 1);
insert into notes_details values ('2011-2012', 'SEM-6', 'Merlin Leclercq', 'MAT-2', 11.32, 3.0, 'A', 2, 2);
insert into notes_details values ('2011-2012', 'SEM-6', 'Merlin Leclercq', 'MCO-2', 11.32, 2.33, 'A', 0, 1);
insert into notes_details values ('2011-2012', 'SEM-6', 'Merlin Leclercq', 'MCO-2', 11.32, 3.33, 'A', 2, 2);
insert into notes_details values ('2011-2012', 'SEM-6', 'Merlin Leclercq', 'MGP-2', 11.32, 4.0, 'A', 4, 1);
insert into notes_details values ('2011-2012', 'SEM-6', 'Merlin Leclercq', 'PHS-2', 11.32, 1.0, 'A', 0, 1);
insert into notes_details values ('2011-2012', 'SEM-6', 'Merlin Leclercq', 'PHS-2', 11.32, 4.0, 'A', 2, 2);
insert into notes_details values ('2011-2012', 'SEM-6', 'Merlin Leclercq', 'PJT-2', 11.32, 1.33, 'A', 0, 1);
insert into notes_details values ('2011-2012', 'SEM-6', 'Merlin Leclercq', 'PJT-2', 11.32, 3.0, 'A', 1, 2);
insert into notes_details values ('2011-2012', 'SEM-6', 'Merlin Leclercq', 'RMS-2', 11.32, 3.33, 'A', 4, 1);
insert into notes_details values ('2011-2012', 'SEM-6', 'Merlin Leclercq', 'STG-2', 11.32, 1.67, 'A', 0, 1);
insert into notes_details values ('2011-2012', 'SEM-6', 'Merlin Leclercq', 'STG-2', 11.32, 1.0, 'A', 2, 99);
insert into notes_details values ('2011-2012', 'SEM-6', 'Merlin Leclercq', 'THS-2', 11.32, 1.33, 'A', 0, 1);
insert into notes_details values ('2011-2012', 'SEM-6', 'Merlin Leclercq', 'THS-2', 11.32, 3.67, 'A', 3, 2);
insert into notes_details values ('2012-2013', 'SEM-7', 'Merlin Leclercq', 'ASL-3', 11.32, 1.33, 'A', 0, 1);
insert into notes_details values ('2012-2013', 'SEM-7', 'Merlin Leclercq', 'ASL-3', 11.32, 2.0, 'A', 0, 2);
insert into contentieux values ('2012-2013', 'SEM-7', 'Merlin Leclercq', 'ASL-3');
insert into notes_details values ('2012-2013', 'SEM-7', 'Merlin Leclercq', 'DPP-3', 11.32, 4.0, 'A', 2, 1);
insert into notes_details values ('2012-2013', 'SEM-7', 'Merlin Leclercq', 'EAO-31', 11.32, 1.67, 'A', 0, 1);
insert into notes_details values ('2012-2013', 'SEM-7', 'Merlin Leclercq', 'EAO-31', 11.32, 3.67, 'A', 2, 2);
insert into notes_details values ('2012-2013', 'SEM-7', 'Merlin Leclercq', 'EAO-32', 11.32, 1.67, 'A', 0, 1);
insert into notes_details values ('2012-2013', 'SEM-7', 'Merlin Leclercq', 'EAO-32', 11.32, 1.33, 'A', 2, 99);
insert into notes_details values ('2012-2013', 'SEM-7', 'Merlin Leclercq', 'EAO-33', 11.32, 2.67, 'A', 2, 1);
insert into notes_details values ('2012-2013', 'SEM-7', 'Merlin Leclercq', 'EAO-34', 11.32, 3.0, 'A', 2, 1);
insert into notes_details values ('2012-2013', 'SEM-7', 'Merlin Leclercq', 'EAO-35', 11.32, 1.67, 'A', 0, 1);
insert into notes_details values ('2012-2013', 'SEM-7', 'Merlin Leclercq', 'EAO-35', 11.32, 2.67, 'A', 2, 2);
insert into notes_details values ('2012-2013', 'SEM-7', 'Merlin Leclercq', 'LCI-3', 11.32, 4.0, 'A', 3, 1);
insert into notes_details values ('2012-2013', 'SEM-7', 'Merlin Leclercq', 'MAT-3', 11.32, 4.0, 'A', 3, 1);
insert into notes_details values ('2012-2013', 'SEM-7', 'Merlin Leclercq', 'MNG-3', 11.32, 3.0, 'A', 3, 1);
insert into notes_details values ('2012-2013', 'SEM-7', 'Merlin Leclercq', 'PJT-3', 11.32, 2.67, 'A', 5, 1);
insert into notes_details values ('2012-2013', 'SEM-7', 'Merlin Leclercq', 'STD-3', 11.32, 2.0, 'A', 0, 1);
insert into notes_details values ('2012-2013', 'SEM-7', 'Merlin Leclercq', 'STD-3', 11.32, 2.0, 'A', 0, 2);
insert into contentieux values ('2012-2013', 'SEM-7', 'Merlin Leclercq', 'STD-3');
insert into gpa values ('2011-2012', 'SEM-5', 'Merlin Leclercq', 3.31);
insert into gpa values ('2011-2012', 'SEM-6', 'Merlin Leclercq', 2.67);
insert into gpa values ('2012-2013', 'SEM-7', 'Merlin Leclercq', 2.81);
insert into eleves values ('Josephine Philippe', 1, 'S', 'Tres bien', 'MP', null, 'jphilippe');
insert into notes_details values ('2010-2011', 'SEM-5', 'Josephine Philippe', 'ALG-1', 11.32, 3.0, 'A', 3, 1);
insert into notes_details values ('2010-2011', 'SEM-5', 'Josephine Philippe', 'DPP-1', 11.32, 3.0, 'A', 2, 1);
insert into notes_details values ('2010-2011', 'SEM-5', 'Josephine Philippe', 'ELE-1', 11.32, 2.67, 'A', 3, 1);
insert into notes_details values ('2010-2011', 'SEM-5', 'Josephine Philippe', 'INP-1', 11.32, 1.67, 'A', 0, 1);
insert into notes_details values ('2010-2011', 'SEM-5', 'Josephine Philippe', 'INP-1', 11.32, 2.67, 'A', 3, 2);
insert into notes_details values ('2010-2011', 'SEM-5', 'Josephine Philippe', 'LCI-1', 11.32, 2.33, 'A', 0, 1);
insert into notes_details values ('2010-2011', 'SEM-5', 'Josephine Philippe', 'LCI-1', 11.32, 3.33, 'A', 3, 2);
insert into notes_details values ('2010-2011', 'SEM-5', 'Josephine Philippe', 'MAT-1', 11.32, 2.33, 'A', 0, 1);
insert into notes_details values ('2010-2011', 'SEM-5', 'Josephine Philippe', 'MAT-1', 11.32, 2.0, 'A', 3, 99);
insert into notes_details values ('2010-2011', 'SEM-5', 'Josephine Philippe', 'MGP-1', 11.32, 2.67, 'A', 4, 1);
insert into notes_details values ('2010-2011', 'SEM-5', 'Josephine Philippe', 'PHO-1', 11.32, 1.67, 'A', 0, 1);
insert into notes_details values ('2010-2011', 'SEM-5', 'Josephine Philippe', 'PHO-1', 11.32, 3.0, 'A', 3, 2);
insert into notes_details values ('2010-2011', 'SEM-5', 'Josephine Philippe', 'PHQ-1', 11.32, 1.33, 'A', 0, 1);
insert into notes_details values ('2010-2011', 'SEM-5', 'Josephine Philippe', 'PHQ-1', 11.32, 1.67, 'A', 3, 99);
insert into notes_details values ('2010-2011', 'SEM-5', 'Josephine Philippe', 'SPM-1', 11.32, 1.33, 'A', 0, 1);
insert into notes_details values ('2010-2011', 'SEM-5', 'Josephine Philippe', 'SPM-1', 11.32, 4.0, 'A', 3, 2);
insert into notes_details values ('2010-2011', 'SEM-6', 'Josephine Philippe', 'DPP-2', 11.32, 3.67, 'A', 1, 1);
insert into notes_details values ('2010-2011', 'SEM-6', 'Josephine Philippe', 'EAO-2', 11.32, 2.33, 'A', 0, 1);
insert into notes_details values ('2010-2011', 'SEM-6', 'Josephine Philippe', 'EAO-2', 11.32, 3.67, 'A', 3, 2);
insert into notes_details values ('2010-2011', 'SEM-6', 'Josephine Philippe', 'ECO-2', 11.32, 2.0, 'A', 0, 1);
insert into notes_details values ('2010-2011', 'SEM-6', 'Josephine Philippe', 'ECO-2', 11.32, 3.0, 'A', 3, 2);
insert into notes_details values ('2010-2011', 'SEM-6', 'Josephine Philippe', 'LCI-2', 11.32, 4.0, 'A', 3, 1);
insert into notes_details values ('2010-2011', 'SEM-6', 'Josephine Philippe', 'MAT-2', 11.32, 2.33, 'A', 0, 1);
insert into notes_details values ('2010-2011', 'SEM-6', 'Josephine Philippe', 'MAT-2', 11.32, 3.33, 'A', 2, 2);
insert into notes_details values ('2010-2011', 'SEM-6', 'Josephine Philippe', 'MCO-2', 11.32, 1.0, 'A', 0, 1);
insert into notes_details values ('2010-2011', 'SEM-6', 'Josephine Philippe', 'MCO-2', 11.32, 1.33, 'A', 2, 99);
insert into notes_details values ('2010-2011', 'SEM-6', 'Josephine Philippe', 'MGP-2', 11.32, 3.33, 'A', 4, 1);
insert into notes_details values ('2010-2011', 'SEM-6', 'Josephine Philippe', 'PHS-2', 11.32, 2.67, 'A', 2, 1);
insert into notes_details values ('2010-2011', 'SEM-6', 'Josephine Philippe', 'PJT-2', 11.32, 3.0, 'A', 1, 1);
insert into notes_details values ('2010-2011', 'SEM-6', 'Josephine Philippe', 'RMS-2', 11.32, 4.0, 'A', 4, 1);
insert into notes_details values ('2010-2011', 'SEM-6', 'Josephine Philippe', 'STG-2', 11.32, 1.67, 'A', 0, 1);
insert into notes_details values ('2010-2011', 'SEM-6', 'Josephine Philippe', 'STG-2', 11.32, 4.0, 'A', 2, 2);
insert into notes_details values ('2010-2011', 'SEM-6', 'Josephine Philippe', 'THS-2', 11.32, 2.0, 'A', 0, 1);
insert into notes_details values ('2010-2011', 'SEM-6', 'Josephine Philippe', 'THS-2', 11.32, 3.0, 'A', 3, 2);
insert into notes_details values ('2011-2012', 'SEM-7', 'Josephine Philippe', 'ASL-3', 11.32, 2.0, 'A', 0, 1);
insert into notes_details values ('2011-2012', 'SEM-7', 'Josephine Philippe', 'ASL-3', 11.32, 3.33, 'A', 2, 2);
insert into notes_details values ('2011-2012', 'SEM-7', 'Josephine Philippe', 'DPP-3', 11.32, 2.33, 'A', 0, 1);
insert into notes_details values ('2011-2012', 'SEM-7', 'Josephine Philippe', 'DPP-3', 11.32, 1.67, 'A', 0, 2);
insert into contentieux values ('2011-2012', 'SEM-7', 'Josephine Philippe', 'DPP-3');
insert into notes_details values ('2011-2012', 'SEM-7', 'Josephine Philippe', 'EAO-31', 11.32, 1.0, 'A', 0, 1);
insert into notes_details values ('2011-2012', 'SEM-7', 'Josephine Philippe', 'EAO-31', 11.32, 2.0, 'A', 0, 2);
insert into contentieux values ('2011-2012', 'SEM-7', 'Josephine Philippe', 'EAO-31');
insert into notes_details values ('2011-2012', 'SEM-7', 'Josephine Philippe', 'EAO-32', 11.32, 2.0, 'A', 0, 1);
insert into notes_details values ('2011-2012', 'SEM-7', 'Josephine Philippe', 'EAO-32', 11.32, 2.33, 'A', 0, 2);
insert into contentieux values ('2011-2012', 'SEM-7', 'Josephine Philippe', 'EAO-32');
insert into notes_details values ('2011-2012', 'SEM-7', 'Josephine Philippe', 'EAO-33', 11.32, 1.0, 'A', 0, 1);
insert into notes_details values ('2011-2012', 'SEM-7', 'Josephine Philippe', 'EAO-33', 11.32, 1.67, 'A', 2, 99);
insert into notes_details values ('2011-2012', 'SEM-7', 'Josephine Philippe', 'EAO-34', 11.32, 2.33, 'A', 0, 1);
insert into notes_details values ('2011-2012', 'SEM-7', 'Josephine Philippe', 'EAO-34', 11.32, 1.0, 'A', 0, 2);
insert into contentieux values ('2011-2012', 'SEM-7', 'Josephine Philippe', 'EAO-34');
insert into notes_details values ('2011-2012', 'SEM-7', 'Josephine Philippe', 'EAO-35', 11.32, 3.0, 'A', 2, 1);
insert into notes_details values ('2011-2012', 'SEM-7', 'Josephine Philippe', 'LCI-3', 11.32, 1.67, 'A', 0, 1);
insert into notes_details values ('2011-2012', 'SEM-7', 'Josephine Philippe', 'LCI-3', 11.32, 2.33, 'A', 3, 99);
insert into notes_details values ('2011-2012', 'SEM-7', 'Josephine Philippe', 'MAT-3', 11.32, 2.0, 'A', 0, 1);
insert into notes_details values ('2011-2012', 'SEM-7', 'Josephine Philippe', 'MAT-3', 11.32, 2.67, 'A', 3, 2);
insert into notes_details values ('2011-2012', 'SEM-7', 'Josephine Philippe', 'MNG-3', 11.32, 1.33, 'A', 0, 1);
insert into notes_details values ('2011-2012', 'SEM-7', 'Josephine Philippe', 'MNG-3', 11.32, 1.33, 'A', 3, 99);
insert into notes_details values ('2011-2012', 'SEM-7', 'Josephine Philippe', 'PJT-3', 11.32, 1.0, 'A', 0, 1);
insert into notes_details values ('2011-2012', 'SEM-7', 'Josephine Philippe', 'PJT-3', 11.32, 2.0, 'A', 0, 2);
insert into contentieux values ('2011-2012', 'SEM-7', 'Josephine Philippe', 'PJT-3');
insert into notes_details values ('2011-2012', 'SEM-7', 'Josephine Philippe', 'STD-3', 11.32, 2.0, 'A', 0, 1);
insert into notes_details values ('2011-2012', 'SEM-7', 'Josephine Philippe', 'STD-3', 11.32, 3.67, 'A', 2, 2);
insert into gpa values ('2010-2011', 'SEM-5', 'Josephine Philippe', 3.26);
insert into gpa values ('2010-2011', 'SEM-6', 'Josephine Philippe', 2.75);
insert into gpa values ('2011-2012', 'SEM-7', 'Josephine Philippe', 2.01);
insert into eleves values ('Alphonse Da Silva', 1, 'S', 'Tres bien', 'MP', null, 'ada silva');
insert into notes_details values ('2011-2012', 'SEM-5', 'Alphonse Da Silva', 'ALG-1', 11.32, 3.33, 'A', 3, 1);
insert into notes_details values ('2011-2012', 'SEM-5', 'Alphonse Da Silva', 'DPP-1', 11.32, 3.33, 'A', 2, 1);
insert into notes_details values ('2011-2012', 'SEM-5', 'Alphonse Da Silva', 'ELE-1', 11.32, 2.67, 'A', 3, 1);
insert into notes_details values ('2011-2012', 'SEM-5', 'Alphonse Da Silva', 'INP-1', 11.32, 3.0, 'A', 3, 1);
insert into notes_details values ('2011-2012', 'SEM-5', 'Alphonse Da Silva', 'LCI-1', 11.32, 1.33, 'A', 0, 1);
insert into notes_details values ('2011-2012', 'SEM-5', 'Alphonse Da Silva', 'LCI-1', 11.32, 2.67, 'A', 3, 2);
insert into notes_details values ('2011-2012', 'SEM-5', 'Alphonse Da Silva', 'MAT-1', 11.32, 1.0, 'A', 0, 1);
insert into notes_details values ('2011-2012', 'SEM-5', 'Alphonse Da Silva', 'MAT-1', 11.32, 3.0, 'A', 3, 2);
insert into notes_details values ('2011-2012', 'SEM-5', 'Alphonse Da Silva', 'MGP-1', 11.32, 3.67, 'A', 4, 1);
insert into notes_details values ('2011-2012', 'SEM-5', 'Alphonse Da Silva', 'PHO-1', 11.32, 3.0, 'A', 3, 1);
insert into notes_details values ('2011-2012', 'SEM-5', 'Alphonse Da Silva', 'PHQ-1', 11.32, 2.33, 'A', 0, 1);
insert into notes_details values ('2011-2012', 'SEM-5', 'Alphonse Da Silva', 'PHQ-1', 11.32, 3.33, 'A', 3, 2);
insert into notes_details values ('2011-2012', 'SEM-5', 'Alphonse Da Silva', 'SPM-1', 11.32, 1.0, 'A', 0, 1);
insert into notes_details values ('2011-2012', 'SEM-5', 'Alphonse Da Silva', 'SPM-1', 11.32, 1.67, 'A', 3, 99);
insert into notes_details values ('2011-2012', 'SEM-6', 'Alphonse Da Silva', 'DPP-2', 11.32, 1.0, 'A', 0, 1);
insert into notes_details values ('2011-2012', 'SEM-6', 'Alphonse Da Silva', 'DPP-2', 11.32, 3.0, 'A', 1, 2);
insert into notes_details values ('2011-2012', 'SEM-6', 'Alphonse Da Silva', 'EAO-2', 11.32, 3.0, 'A', 3, 1);
insert into notes_details values ('2011-2012', 'SEM-6', 'Alphonse Da Silva', 'ECO-2', 11.32, 2.33, 'A', 0, 1);
insert into notes_details values ('2011-2012', 'SEM-6', 'Alphonse Da Silva', 'ECO-2', 11.32, 3.0, 'A', 3, 2);
insert into notes_details values ('2011-2012', 'SEM-6', 'Alphonse Da Silva', 'LCI-2', 11.32, 3.67, 'A', 3, 1);
insert into notes_details values ('2011-2012', 'SEM-6', 'Alphonse Da Silva', 'MAT-2', 11.32, 2.0, 'A', 0, 1);
insert into notes_details values ('2011-2012', 'SEM-6', 'Alphonse Da Silva', 'MAT-2', 11.32, 2.67, 'A', 2, 2);
insert into notes_details values ('2011-2012', 'SEM-6', 'Alphonse Da Silva', 'MCO-2', 11.32, 2.67, 'A', 2, 1);
insert into notes_details values ('2011-2012', 'SEM-6', 'Alphonse Da Silva', 'MGP-2', 11.32, 1.0, 'A', 0, 1);
insert into notes_details values ('2011-2012', 'SEM-6', 'Alphonse Da Silva', 'MGP-2', 11.32, 2.0, 'A', 4, 99);
insert into notes_details values ('2011-2012', 'SEM-6', 'Alphonse Da Silva', 'PHS-2', 11.32, 4.0, 'A', 2, 1);
insert into notes_details values ('2011-2012', 'SEM-6', 'Alphonse Da Silva', 'PJT-2', 11.32, 4.0, 'A', 1, 1);
insert into notes_details values ('2011-2012', 'SEM-6', 'Alphonse Da Silva', 'RMS-2', 11.32, 3.67, 'A', 4, 1);
insert into notes_details values ('2011-2012', 'SEM-6', 'Alphonse Da Silva', 'STG-2', 11.32, 4.0, 'A', 2, 1);
insert into notes_details values ('2011-2012', 'SEM-6', 'Alphonse Da Silva', 'THS-2', 11.32, 3.0, 'A', 3, 1);
insert into notes_details values ('2012-2013', 'SEM-7', 'Alphonse Da Silva', 'ASL-3', 11.32, 4.0, 'A', 2, 1);
insert into notes_details values ('2012-2013', 'SEM-7', 'Alphonse Da Silva', 'DPP-3', 11.32, 3.33, 'A', 2, 1);
insert into notes_details values ('2012-2013', 'SEM-7', 'Alphonse Da Silva', 'EAO-31', 11.32, 3.33, 'A', 2, 1);
insert into notes_details values ('2012-2013', 'SEM-7', 'Alphonse Da Silva', 'EAO-32', 11.32, 4.0, 'A', 2, 1);
insert into notes_details values ('2012-2013', 'SEM-7', 'Alphonse Da Silva', 'EAO-33', 11.32, 2.0, 'A', 0, 1);
insert into notes_details values ('2012-2013', 'SEM-7', 'Alphonse Da Silva', 'EAO-33', 11.32, 4.0, 'A', 2, 2);
insert into notes_details values ('2012-2013', 'SEM-7', 'Alphonse Da Silva', 'EAO-34', 11.32, 2.33, 'A', 0, 1);
insert into notes_details values ('2012-2013', 'SEM-7', 'Alphonse Da Silva', 'EAO-34', 11.32, 2.0, 'A', 0, 2);
insert into contentieux values ('2012-2013', 'SEM-7', 'Alphonse Da Silva', 'EAO-34');
insert into notes_details values ('2012-2013', 'SEM-7', 'Alphonse Da Silva', 'EAO-35', 11.32, 2.0, 'A', 0, 1);
insert into notes_details values ('2012-2013', 'SEM-7', 'Alphonse Da Silva', 'EAO-35', 11.32, 2.0, 'A', 0, 2);
insert into contentieux values ('2012-2013', 'SEM-7', 'Alphonse Da Silva', 'EAO-35');
insert into notes_details values ('2012-2013', 'SEM-7', 'Alphonse Da Silva', 'LCI-3', 11.32, 2.67, 'A', 3, 1);
insert into notes_details values ('2012-2013', 'SEM-7', 'Alphonse Da Silva', 'MAT-3', 11.32, 1.67, 'A', 0, 1);
insert into notes_details values ('2012-2013', 'SEM-7', 'Alphonse Da Silva', 'MAT-3', 11.32, 4.0, 'A', 3, 2);
insert into notes_details values ('2012-2013', 'SEM-7', 'Alphonse Da Silva', 'MNG-3', 11.32, 1.67, 'A', 0, 1);
insert into notes_details values ('2012-2013', 'SEM-7', 'Alphonse Da Silva', 'MNG-3', 11.32, 1.0, 'A', 3, 99);
insert into notes_details values ('2012-2013', 'SEM-7', 'Alphonse Da Silva', 'PJT-3', 11.32, 1.0, 'A', 0, 1);
insert into notes_details values ('2012-2013', 'SEM-7', 'Alphonse Da Silva', 'PJT-3', 11.32, 3.0, 'A', 5, 2);
insert into notes_details values ('2012-2013', 'SEM-7', 'Alphonse Da Silva', 'STD-3', 11.32, 3.67, 'A', 2, 1);
insert into gpa values ('2011-2012', 'SEM-5', 'Alphonse Da Silva', 3.8);
insert into gpa values ('2011-2012', 'SEM-6', 'Alphonse Da Silva', 2.84);
insert into gpa values ('2012-2013', 'SEM-7', 'Alphonse Da Silva', 3.45);
insert into eleves values ('Solene Leveque', 1, 'S', 'Tres bien', 'MP', null, 'sleveque');
insert into notes_details values ('2010-2011', 'SEM-5', 'Solene Leveque', 'ALG-1', 11.32, 2.67, 'A', 3, 1);
insert into notes_details values ('2010-2011', 'SEM-5', 'Solene Leveque', 'DPP-1', 11.32, 3.0, 'A', 2, 1);
insert into notes_details values ('2010-2011', 'SEM-5', 'Solene Leveque', 'ELE-1', 11.32, 3.67, 'A', 3, 1);
insert into notes_details values ('2010-2011', 'SEM-5', 'Solene Leveque', 'INP-1', 11.32, 1.67, 'A', 0, 1);
insert into notes_details values ('2010-2011', 'SEM-5', 'Solene Leveque', 'INP-1', 11.32, 4.0, 'A', 3, 2);
insert into notes_details values ('2010-2011', 'SEM-5', 'Solene Leveque', 'LCI-1', 11.32, 1.0, 'A', 0, 1);
insert into notes_details values ('2010-2011', 'SEM-5', 'Solene Leveque', 'LCI-1', 11.32, 3.33, 'A', 3, 2);
insert into notes_details values ('2010-2011', 'SEM-5', 'Solene Leveque', 'MAT-1', 11.32, 2.67, 'A', 3, 1);
insert into notes_details values ('2010-2011', 'SEM-5', 'Solene Leveque', 'MGP-1', 11.32, 2.33, 'A', 0, 1);
insert into notes_details values ('2010-2011', 'SEM-5', 'Solene Leveque', 'MGP-1', 11.32, 1.0, 'A', 4, 99);
insert into notes_details values ('2010-2011', 'SEM-5', 'Solene Leveque', 'PHO-1', 11.32, 2.67, 'A', 3, 1);
insert into notes_details values ('2010-2011', 'SEM-5', 'Solene Leveque', 'PHQ-1', 11.32, 3.67, 'A', 3, 1);
insert into notes_details values ('2010-2011', 'SEM-5', 'Solene Leveque', 'SPM-1', 11.32, 4.0, 'A', 3, 1);
insert into notes_details values ('2010-2011', 'SEM-6', 'Solene Leveque', 'DPP-2', 11.32, 3.67, 'A', 1, 1);
insert into notes_details values ('2010-2011', 'SEM-6', 'Solene Leveque', 'EAO-2', 11.32, 2.33, 'A', 0, 1);
insert into notes_details values ('2010-2011', 'SEM-6', 'Solene Leveque', 'EAO-2', 11.32, 3.0, 'A', 3, 2);
insert into notes_details values ('2010-2011', 'SEM-6', 'Solene Leveque', 'ECO-2', 11.32, 2.33, 'A', 0, 1);
insert into notes_details values ('2010-2011', 'SEM-6', 'Solene Leveque', 'ECO-2', 11.32, 4.0, 'A', 3, 2);
insert into notes_details values ('2010-2011', 'SEM-6', 'Solene Leveque', 'LCI-2', 11.32, 3.33, 'A', 3, 1);
insert into notes_details values ('2010-2011', 'SEM-6', 'Solene Leveque', 'MAT-2', 11.32, 2.0, 'A', 0, 1);
insert into notes_details values ('2010-2011', 'SEM-6', 'Solene Leveque', 'MAT-2', 11.32, 3.0, 'A', 2, 2);
insert into notes_details values ('2010-2011', 'SEM-6', 'Solene Leveque', 'MCO-2', 11.32, 1.0, 'A', 0, 1);
insert into notes_details values ('2010-2011', 'SEM-6', 'Solene Leveque', 'MCO-2', 11.32, 2.67, 'A', 2, 2);
insert into notes_details values ('2010-2011', 'SEM-6', 'Solene Leveque', 'MGP-2', 11.32, 3.0, 'A', 4, 1);
insert into notes_details values ('2010-2011', 'SEM-6', 'Solene Leveque', 'PHS-2', 11.32, 2.0, 'A', 0, 1);
insert into notes_details values ('2010-2011', 'SEM-6', 'Solene Leveque', 'PHS-2', 11.32, 3.67, 'A', 2, 2);
insert into notes_details values ('2010-2011', 'SEM-6', 'Solene Leveque', 'PJT-2', 11.32, 1.33, 'A', 0, 1);
insert into notes_details values ('2010-2011', 'SEM-6', 'Solene Leveque', 'PJT-2', 11.32, 4.0, 'A', 1, 2);
insert into notes_details values ('2010-2011', 'SEM-6', 'Solene Leveque', 'RMS-2', 11.32, 3.0, 'A', 4, 1);
insert into notes_details values ('2010-2011', 'SEM-6', 'Solene Leveque', 'STG-2', 11.32, 1.67, 'A', 0, 1);
insert into notes_details values ('2010-2011', 'SEM-6', 'Solene Leveque', 'STG-2', 11.32, 1.33, 'A', 2, 99);
insert into notes_details values ('2010-2011', 'SEM-6', 'Solene Leveque', 'THS-2', 11.32, 3.0, 'A', 3, 1);
insert into notes_details values ('2011-2012', 'SEM-7', 'Solene Leveque', 'ASL-3', 11.32, 3.0, 'A', 2, 1);
insert into notes_details values ('2011-2012', 'SEM-7', 'Solene Leveque', 'DPP-3', 11.32, 4.0, 'A', 2, 1);
insert into notes_details values ('2011-2012', 'SEM-7', 'Solene Leveque', 'EAO-31', 11.32, 2.33, 'A', 0, 1);
insert into notes_details values ('2011-2012', 'SEM-7', 'Solene Leveque', 'EAO-31', 11.32, 2.33, 'A', 0, 2);
insert into contentieux values ('2011-2012', 'SEM-7', 'Solene Leveque', 'EAO-31');
insert into notes_details values ('2011-2012', 'SEM-7', 'Solene Leveque', 'EAO-32', 11.32, 1.67, 'A', 0, 1);
insert into notes_details values ('2011-2012', 'SEM-7', 'Solene Leveque', 'EAO-32', 11.32, 2.0, 'A', 0, 2);
insert into contentieux values ('2011-2012', 'SEM-7', 'Solene Leveque', 'EAO-32');
insert into notes_details values ('2011-2012', 'SEM-7', 'Solene Leveque', 'EAO-33', 11.32, 2.33, 'A', 0, 1);
insert into notes_details values ('2011-2012', 'SEM-7', 'Solene Leveque', 'EAO-33', 11.32, 3.67, 'A', 2, 2);
insert into notes_details values ('2011-2012', 'SEM-7', 'Solene Leveque', 'EAO-34', 11.32, 4.0, 'A', 2, 1);
insert into notes_details values ('2011-2012', 'SEM-7', 'Solene Leveque', 'EAO-35', 11.32, 2.0, 'A', 0, 1);
insert into notes_details values ('2011-2012', 'SEM-7', 'Solene Leveque', 'EAO-35', 11.32, 2.0, 'A', 0, 2);
insert into contentieux values ('2011-2012', 'SEM-7', 'Solene Leveque', 'EAO-35');
insert into notes_details values ('2011-2012', 'SEM-7', 'Solene Leveque', 'LCI-3', 11.32, 1.0, 'A', 0, 1);
insert into notes_details values ('2011-2012', 'SEM-7', 'Solene Leveque', 'LCI-3', 11.32, 2.33, 'A', 0, 2);
insert into contentieux values ('2011-2012', 'SEM-7', 'Solene Leveque', 'LCI-3');
insert into notes_details values ('2011-2012', 'SEM-7', 'Solene Leveque', 'MAT-3', 11.32, 1.67, 'A', 0, 1);
insert into notes_details values ('2011-2012', 'SEM-7', 'Solene Leveque', 'MAT-3', 11.32, 4.0, 'A', 3, 2);
insert into notes_details values ('2011-2012', 'SEM-7', 'Solene Leveque', 'MNG-3', 11.32, 2.0, 'A', 0, 1);
insert into notes_details values ('2011-2012', 'SEM-7', 'Solene Leveque', 'MNG-3', 11.32, 1.67, 'A', 0, 2);
insert into contentieux values ('2011-2012', 'SEM-7', 'Solene Leveque', 'MNG-3');
insert into notes_details values ('2011-2012', 'SEM-7', 'Solene Leveque', 'PJT-3', 11.32, 2.33, 'A', 0, 1);
insert into notes_details values ('2011-2012', 'SEM-7', 'Solene Leveque', 'PJT-3', 11.32, 1.67, 'A', 5, 99);
insert into notes_details values ('2011-2012', 'SEM-7', 'Solene Leveque', 'STD-3', 11.32, 1.67, 'A', 0, 1);
insert into notes_details values ('2011-2012', 'SEM-7', 'Solene Leveque', 'STD-3', 11.32, 3.67, 'A', 2, 2);
insert into gpa values ('2010-2011', 'SEM-5', 'Solene Leveque', 3.21);
insert into gpa values ('2010-2011', 'SEM-6', 'Solene Leveque', 2.75);
insert into gpa values ('2011-2012', 'SEM-7', 'Solene Leveque', 3.19);
insert into eleves values ('William Dimecco', 1, 'S', 'Tres bien', 'MP', null, 'wdimecco');
insert into notes_details values ('2011-2012', 'SEM-5', 'William Dimecco', 'ALG-1', 11.32, 1.67, 'A', 0, 1);
insert into notes_details values ('2011-2012', 'SEM-5', 'William Dimecco', 'ALG-1', 11.32, 3.33, 'A', 3, 2);
insert into notes_details values ('2011-2012', 'SEM-5', 'William Dimecco', 'DPP-1', 11.32, 3.0, 'A', 2, 1);
insert into notes_details values ('2011-2012', 'SEM-5', 'William Dimecco', 'ELE-1', 11.32, 3.0, 'A', 3, 1);
insert into notes_details values ('2011-2012', 'SEM-5', 'William Dimecco', 'INP-1', 11.32, 4.0, 'A', 3, 1);
insert into notes_details values ('2011-2012', 'SEM-5', 'William Dimecco', 'LCI-1', 11.32, 3.67, 'A', 3, 1);
insert into notes_details values ('2011-2012', 'SEM-5', 'William Dimecco', 'MAT-1', 11.32, 2.67, 'A', 3, 1);
insert into notes_details values ('2011-2012', 'SEM-5', 'William Dimecco', 'MGP-1', 11.32, 1.33, 'A', 0, 1);
insert into notes_details values ('2011-2012', 'SEM-5', 'William Dimecco', 'MGP-1', 11.32, 3.67, 'A', 4, 2);
insert into notes_details values ('2011-2012', 'SEM-5', 'William Dimecco', 'PHO-1', 11.32, 2.33, 'A', 0, 1);
insert into notes_details values ('2011-2012', 'SEM-5', 'William Dimecco', 'PHO-1', 11.32, 2.33, 'A', 3, 99);
insert into notes_details values ('2011-2012', 'SEM-5', 'William Dimecco', 'PHQ-1', 11.32, 3.33, 'A', 3, 1);
insert into notes_details values ('2011-2012', 'SEM-5', 'William Dimecco', 'SPM-1', 11.32, 4.0, 'A', 3, 1);
insert into notes_details values ('2011-2012', 'SEM-6', 'William Dimecco', 'DPP-2', 11.32, 3.67, 'A', 1, 1);
insert into notes_details values ('2011-2012', 'SEM-6', 'William Dimecco', 'EAO-2', 11.32, 1.0, 'A', 0, 1);
insert into notes_details values ('2011-2012', 'SEM-6', 'William Dimecco', 'EAO-2', 11.32, 2.33, 'A', 3, 99);
insert into notes_details values ('2011-2012', 'SEM-6', 'William Dimecco', 'ECO-2', 11.32, 3.33, 'A', 3, 1);
insert into notes_details values ('2011-2012', 'SEM-6', 'William Dimecco', 'LCI-2', 11.32, 2.67, 'A', 3, 1);
insert into notes_details values ('2011-2012', 'SEM-6', 'William Dimecco', 'MAT-2', 11.32, 3.33, 'A', 2, 1);
insert into notes_details values ('2011-2012', 'SEM-6', 'William Dimecco', 'MCO-2', 11.32, 3.0, 'A', 2, 1);
insert into notes_details values ('2011-2012', 'SEM-6', 'William Dimecco', 'MGP-2', 11.32, 2.0, 'A', 0, 1);
insert into notes_details values ('2011-2012', 'SEM-6', 'William Dimecco', 'MGP-2', 11.32, 1.67, 'A', 4, 99);
insert into notes_details values ('2011-2012', 'SEM-6', 'William Dimecco', 'PHS-2', 11.32, 4.0, 'A', 2, 1);
insert into notes_details values ('2011-2012', 'SEM-6', 'William Dimecco', 'PJT-2', 11.32, 1.33, 'A', 0, 1);
insert into notes_details values ('2011-2012', 'SEM-6', 'William Dimecco', 'PJT-2', 11.32, 1.67, 'A', 1, 99);
insert into notes_details values ('2011-2012', 'SEM-6', 'William Dimecco', 'RMS-2', 11.32, 2.67, 'A', 4, 1);
insert into notes_details values ('2011-2012', 'SEM-6', 'William Dimecco', 'STG-2', 11.32, 2.67, 'A', 2, 1);
insert into notes_details values ('2011-2012', 'SEM-6', 'William Dimecco', 'THS-2', 11.32, 1.0, 'A', 0, 1);
insert into notes_details values ('2011-2012', 'SEM-6', 'William Dimecco', 'THS-2', 11.32, 3.0, 'A', 3, 2);
insert into notes_details values ('2012-2013', 'SEM-7', 'William Dimecco', 'ASL-3', 11.32, 1.0, 'A', 0, 1);
insert into notes_details values ('2012-2013', 'SEM-7', 'William Dimecco', 'ASL-3', 11.32, 1.0, 'A', 2, 99);
insert into notes_details values ('2012-2013', 'SEM-7', 'William Dimecco', 'DPP-3', 11.32, 1.33, 'A', 0, 1);
insert into notes_details values ('2012-2013', 'SEM-7', 'William Dimecco', 'DPP-3', 11.32, 3.67, 'A', 2, 2);
insert into notes_details values ('2012-2013', 'SEM-7', 'William Dimecco', 'EAO-31', 11.32, 2.0, 'A', 0, 1);
insert into notes_details values ('2012-2013', 'SEM-7', 'William Dimecco', 'EAO-31', 11.32, 1.67, 'A', 0, 2);
insert into contentieux values ('2012-2013', 'SEM-7', 'William Dimecco', 'EAO-31');
insert into notes_details values ('2012-2013', 'SEM-7', 'William Dimecco', 'EAO-32', 11.32, 2.33, 'A', 0, 1);
insert into notes_details values ('2012-2013', 'SEM-7', 'William Dimecco', 'EAO-32', 11.32, 2.0, 'A', 0, 2);
insert into contentieux values ('2012-2013', 'SEM-7', 'William Dimecco', 'EAO-32');
insert into notes_details values ('2012-2013', 'SEM-7', 'William Dimecco', 'EAO-33', 11.32, 1.0, 'A', 0, 1);
insert into notes_details values ('2012-2013', 'SEM-7', 'William Dimecco', 'EAO-33', 11.32, 1.33, 'A', 0, 2);
insert into contentieux values ('2012-2013', 'SEM-7', 'William Dimecco', 'EAO-33');
insert into notes_details values ('2012-2013', 'SEM-7', 'William Dimecco', 'EAO-34', 11.32, 3.67, 'A', 2, 1);
insert into notes_details values ('2012-2013', 'SEM-7', 'William Dimecco', 'EAO-35', 11.32, 1.33, 'A', 0, 1);
insert into notes_details values ('2012-2013', 'SEM-7', 'William Dimecco', 'EAO-35', 11.32, 1.33, 'A', 0, 2);
insert into contentieux values ('2012-2013', 'SEM-7', 'William Dimecco', 'EAO-35');
insert into notes_details values ('2012-2013', 'SEM-7', 'William Dimecco', 'LCI-3', 11.32, 3.0, 'A', 3, 1);
insert into notes_details values ('2012-2013', 'SEM-7', 'William Dimecco', 'MAT-3', 11.32, 1.0, 'A', 0, 1);
insert into notes_details values ('2012-2013', 'SEM-7', 'William Dimecco', 'MAT-3', 11.32, 1.67, 'A', 3, 99);
insert into notes_details values ('2012-2013', 'SEM-7', 'William Dimecco', 'MNG-3', 11.32, 2.67, 'A', 3, 1);
insert into notes_details values ('2012-2013', 'SEM-7', 'William Dimecco', 'PJT-3', 11.32, 1.67, 'A', 0, 1);
insert into notes_details values ('2012-2013', 'SEM-7', 'William Dimecco', 'PJT-3', 11.32, 2.67, 'A', 5, 2);
insert into notes_details values ('2012-2013', 'SEM-7', 'William Dimecco', 'STD-3', 11.32, 1.0, 'A', 0, 1);
insert into notes_details values ('2012-2013', 'SEM-7', 'William Dimecco', 'STD-3', 11.32, 3.0, 'A', 2, 2);
insert into gpa values ('2011-2012', 'SEM-5', 'William Dimecco', 3.98);
insert into gpa values ('2011-2012', 'SEM-6', 'William Dimecco', 3.44);
insert into gpa values ('2012-2013', 'SEM-7', 'William Dimecco', 2.5);
insert into eleves values ('Jordan Doiron', 1, 'S', 'Tres bien', 'MP', null, 'jdoiron');
insert into notes_details values ('2010-2011', 'SEM-5', 'Jordan Doiron', 'ALG-1', 11.32, 3.67, 'A', 3, 1);
insert into notes_details values ('2010-2011', 'SEM-5', 'Jordan Doiron', 'DPP-1', 11.32, 2.0, 'A', 0, 1);
insert into notes_details values ('2010-2011', 'SEM-5', 'Jordan Doiron', 'DPP-1', 11.32, 3.33, 'A', 2, 2);
insert into notes_details values ('2010-2011', 'SEM-5', 'Jordan Doiron', 'ELE-1', 11.32, 1.0, 'A', 0, 1);
insert into notes_details values ('2010-2011', 'SEM-5', 'Jordan Doiron', 'ELE-1', 11.32, 3.67, 'A', 3, 2);
insert into notes_details values ('2010-2011', 'SEM-5', 'Jordan Doiron', 'INP-1', 11.32, 4.0, 'A', 3, 1);
insert into notes_details values ('2010-2011', 'SEM-5', 'Jordan Doiron', 'LCI-1', 11.32, 4.0, 'A', 3, 1);
insert into notes_details values ('2010-2011', 'SEM-5', 'Jordan Doiron', 'MAT-1', 11.32, 3.67, 'A', 3, 1);
insert into notes_details values ('2010-2011', 'SEM-5', 'Jordan Doiron', 'MGP-1', 11.32, 1.33, 'A', 0, 1);
insert into notes_details values ('2010-2011', 'SEM-5', 'Jordan Doiron', 'MGP-1', 11.32, 1.67, 'A', 4, 99);
insert into notes_details values ('2010-2011', 'SEM-5', 'Jordan Doiron', 'PHO-1', 11.32, 1.0, 'A', 0, 1);
insert into notes_details values ('2010-2011', 'SEM-5', 'Jordan Doiron', 'PHO-1', 11.32, 2.67, 'A', 3, 2);
insert into notes_details values ('2010-2011', 'SEM-5', 'Jordan Doiron', 'PHQ-1', 11.32, 1.67, 'A', 0, 1);
insert into notes_details values ('2010-2011', 'SEM-5', 'Jordan Doiron', 'PHQ-1', 11.32, 3.67, 'A', 3, 2);
insert into notes_details values ('2010-2011', 'SEM-5', 'Jordan Doiron', 'SPM-1', 11.32, 2.33, 'A', 0, 1);
insert into notes_details values ('2010-2011', 'SEM-5', 'Jordan Doiron', 'SPM-1', 11.32, 3.0, 'A', 3, 2);
insert into notes_details values ('2010-2011', 'SEM-6', 'Jordan Doiron', 'DPP-2', 11.32, 1.67, 'A', 0, 1);
insert into notes_details values ('2010-2011', 'SEM-6', 'Jordan Doiron', 'DPP-2', 11.32, 1.67, 'A', 1, 99);
insert into notes_details values ('2010-2011', 'SEM-6', 'Jordan Doiron', 'EAO-2', 11.32, 3.0, 'A', 3, 1);
insert into notes_details values ('2010-2011', 'SEM-6', 'Jordan Doiron', 'ECO-2', 11.32, 2.67, 'A', 3, 1);
insert into notes_details values ('2010-2011', 'SEM-6', 'Jordan Doiron', 'LCI-2', 11.32, 3.67, 'A', 3, 1);
insert into notes_details values ('2010-2011', 'SEM-6', 'Jordan Doiron', 'MAT-2', 11.32, 3.67, 'A', 2, 1);
insert into notes_details values ('2010-2011', 'SEM-6', 'Jordan Doiron', 'MCO-2', 11.32, 2.0, 'A', 0, 1);
insert into notes_details values ('2010-2011', 'SEM-6', 'Jordan Doiron', 'MCO-2', 11.32, 1.67, 'A', 2, 99);
insert into notes_details values ('2010-2011', 'SEM-6', 'Jordan Doiron', 'MGP-2', 11.32, 3.0, 'A', 4, 1);
insert into notes_details values ('2010-2011', 'SEM-6', 'Jordan Doiron', 'PHS-2', 11.32, 1.67, 'A', 0, 1);
insert into notes_details values ('2010-2011', 'SEM-6', 'Jordan Doiron', 'PHS-2', 11.32, 3.67, 'A', 2, 2);
insert into notes_details values ('2010-2011', 'SEM-6', 'Jordan Doiron', 'PJT-2', 11.32, 3.0, 'A', 1, 1);
insert into notes_details values ('2010-2011', 'SEM-6', 'Jordan Doiron', 'RMS-2', 11.32, 4.0, 'A', 4, 1);
insert into notes_details values ('2010-2011', 'SEM-6', 'Jordan Doiron', 'STG-2', 11.32, 4.0, 'A', 2, 1);
insert into notes_details values ('2010-2011', 'SEM-6', 'Jordan Doiron', 'THS-2', 11.32, 2.33, 'A', 0, 1);
insert into notes_details values ('2010-2011', 'SEM-6', 'Jordan Doiron', 'THS-2', 11.32, 3.0, 'A', 3, 2);
insert into notes_details values ('2011-2012', 'SEM-7', 'Jordan Doiron', 'ASL-3', 11.32, 3.33, 'A', 2, 1);
insert into notes_details values ('2011-2012', 'SEM-7', 'Jordan Doiron', 'DPP-3', 11.32, 2.0, 'A', 0, 1);
insert into notes_details values ('2011-2012', 'SEM-7', 'Jordan Doiron', 'DPP-3', 11.32, 2.33, 'A', 0, 2);
insert into contentieux values ('2011-2012', 'SEM-7', 'Jordan Doiron', 'DPP-3');
insert into notes_details values ('2011-2012', 'SEM-7', 'Jordan Doiron', 'EAO-31', 11.32, 1.33, 'A', 0, 1);
insert into notes_details values ('2011-2012', 'SEM-7', 'Jordan Doiron', 'EAO-31', 11.32, 2.0, 'A', 0, 2);
insert into contentieux values ('2011-2012', 'SEM-7', 'Jordan Doiron', 'EAO-31');
insert into notes_details values ('2011-2012', 'SEM-7', 'Jordan Doiron', 'EAO-32', 11.32, 1.33, 'A', 0, 1);
insert into notes_details values ('2011-2012', 'SEM-7', 'Jordan Doiron', 'EAO-32', 11.32, 3.33, 'A', 2, 2);
insert into notes_details values ('2011-2012', 'SEM-7', 'Jordan Doiron', 'EAO-33', 11.32, 3.0, 'A', 2, 1);
insert into notes_details values ('2011-2012', 'SEM-7', 'Jordan Doiron', 'EAO-34', 11.32, 2.67, 'A', 2, 1);
insert into notes_details values ('2011-2012', 'SEM-7', 'Jordan Doiron', 'EAO-35', 11.32, 1.0, 'A', 0, 1);
insert into notes_details values ('2011-2012', 'SEM-7', 'Jordan Doiron', 'EAO-35', 11.32, 1.67, 'A', 2, 99);
insert into notes_details values ('2011-2012', 'SEM-7', 'Jordan Doiron', 'LCI-3', 11.32, 1.0, 'A', 0, 1);
insert into notes_details values ('2011-2012', 'SEM-7', 'Jordan Doiron', 'LCI-3', 11.32, 1.67, 'A', 0, 2);
insert into contentieux values ('2011-2012', 'SEM-7', 'Jordan Doiron', 'LCI-3');
insert into notes_details values ('2011-2012', 'SEM-7', 'Jordan Doiron', 'MAT-3', 11.32, 1.0, 'A', 0, 1);
insert into notes_details values ('2011-2012', 'SEM-7', 'Jordan Doiron', 'MAT-3', 11.32, 4.0, 'A', 3, 2);
insert into notes_details values ('2011-2012', 'SEM-7', 'Jordan Doiron', 'MNG-3', 11.32, 2.33, 'A', 0, 1);
insert into notes_details values ('2011-2012', 'SEM-7', 'Jordan Doiron', 'MNG-3', 11.32, 1.0, 'A', 0, 2);
insert into contentieux values ('2011-2012', 'SEM-7', 'Jordan Doiron', 'MNG-3');
insert into notes_details values ('2011-2012', 'SEM-7', 'Jordan Doiron', 'PJT-3', 11.32, 3.0, 'A', 5, 1);
insert into notes_details values ('2011-2012', 'SEM-7', 'Jordan Doiron', 'STD-3', 11.32, 2.0, 'A', 0, 1);
insert into notes_details values ('2011-2012', 'SEM-7', 'Jordan Doiron', 'STD-3', 11.32, 3.33, 'A', 2, 2);
insert into gpa values ('2010-2011', 'SEM-5', 'Jordan Doiron', 2.61);
insert into gpa values ('2010-2011', 'SEM-6', 'Jordan Doiron', 2.16);
insert into gpa values ('2011-2012', 'SEM-7', 'Jordan Doiron', 3.6);
insert into eleves values ('Rafael Durand', 1, 'S', 'Tres bien', 'MP', null, 'rdurand');
insert into notes_details values ('2011-2012', 'SEM-5', 'Rafael Durand', 'ALG-1', 11.32, 1.33, 'A', 0, 1);
insert into notes_details values ('2011-2012', 'SEM-5', 'Rafael Durand', 'ALG-1', 11.32, 2.33, 'A', 3, 99);
insert into notes_details values ('2011-2012', 'SEM-5', 'Rafael Durand', 'DPP-1', 11.32, 1.67, 'A', 0, 1);
insert into notes_details values ('2011-2012', 'SEM-5', 'Rafael Durand', 'DPP-1', 11.32, 3.67, 'A', 2, 2);
insert into notes_details values ('2011-2012', 'SEM-5', 'Rafael Durand', 'ELE-1', 11.32, 3.67, 'A', 3, 1);
insert into notes_details values ('2011-2012', 'SEM-5', 'Rafael Durand', 'INP-1', 11.32, 3.67, 'A', 3, 1);
insert into notes_details values ('2011-2012', 'SEM-5', 'Rafael Durand', 'LCI-1', 11.32, 3.67, 'A', 3, 1);
insert into notes_details values ('2011-2012', 'SEM-5', 'Rafael Durand', 'MAT-1', 11.32, 3.67, 'A', 3, 1);
insert into notes_details values ('2011-2012', 'SEM-5', 'Rafael Durand', 'MGP-1', 11.32, 2.67, 'A', 4, 1);
insert into notes_details values ('2011-2012', 'SEM-5', 'Rafael Durand', 'PHO-1', 11.32, 2.33, 'A', 0, 1);
insert into notes_details values ('2011-2012', 'SEM-5', 'Rafael Durand', 'PHO-1', 11.32, 4.0, 'A', 3, 2);
insert into notes_details values ('2011-2012', 'SEM-5', 'Rafael Durand', 'PHQ-1', 11.32, 1.0, 'A', 0, 1);
insert into notes_details values ('2011-2012', 'SEM-5', 'Rafael Durand', 'PHQ-1', 11.32, 4.0, 'A', 3, 2);
insert into notes_details values ('2011-2012', 'SEM-5', 'Rafael Durand', 'SPM-1', 11.32, 3.33, 'A', 3, 1);
insert into notes_details values ('2011-2012', 'SEM-6', 'Rafael Durand', 'DPP-2', 11.32, 1.33, 'A', 0, 1);
insert into notes_details values ('2011-2012', 'SEM-6', 'Rafael Durand', 'DPP-2', 11.32, 1.33, 'A', 1, 99);
insert into notes_details values ('2011-2012', 'SEM-6', 'Rafael Durand', 'EAO-2', 11.32, 2.33, 'A', 0, 1);
insert into notes_details values ('2011-2012', 'SEM-6', 'Rafael Durand', 'EAO-2', 11.32, 1.0, 'A', 3, 99);
insert into notes_details values ('2011-2012', 'SEM-6', 'Rafael Durand', 'ECO-2', 11.32, 4.0, 'A', 3, 1);
insert into notes_details values ('2011-2012', 'SEM-6', 'Rafael Durand', 'LCI-2', 11.32, 2.67, 'A', 3, 1);
insert into notes_details values ('2011-2012', 'SEM-6', 'Rafael Durand', 'MAT-2', 11.32, 3.33, 'A', 2, 1);
insert into notes_details values ('2011-2012', 'SEM-6', 'Rafael Durand', 'MCO-2', 11.32, 1.67, 'A', 0, 1);
insert into notes_details values ('2011-2012', 'SEM-6', 'Rafael Durand', 'MCO-2', 11.32, 3.0, 'A', 2, 2);
insert into notes_details values ('2011-2012', 'SEM-6', 'Rafael Durand', 'MGP-2', 11.32, 1.33, 'A', 0, 1);
insert into notes_details values ('2011-2012', 'SEM-6', 'Rafael Durand', 'MGP-2', 11.32, 3.0, 'A', 4, 2);
insert into notes_details values ('2011-2012', 'SEM-6', 'Rafael Durand', 'PHS-2', 11.32, 3.67, 'A', 2, 1);
insert into notes_details values ('2011-2012', 'SEM-6', 'Rafael Durand', 'PJT-2', 11.32, 2.33, 'A', 0, 1);
insert into notes_details values ('2011-2012', 'SEM-6', 'Rafael Durand', 'PJT-2', 11.32, 3.0, 'A', 1, 2);
insert into notes_details values ('2011-2012', 'SEM-6', 'Rafael Durand', 'RMS-2', 11.32, 3.0, 'A', 4, 1);
insert into notes_details values ('2011-2012', 'SEM-6', 'Rafael Durand', 'STG-2', 11.32, 2.67, 'A', 2, 1);
insert into notes_details values ('2011-2012', 'SEM-6', 'Rafael Durand', 'THS-2', 11.32, 2.33, 'A', 0, 1);
insert into notes_details values ('2011-2012', 'SEM-6', 'Rafael Durand', 'THS-2', 11.32, 3.33, 'A', 3, 2);
insert into notes_details values ('2012-2013', 'SEM-7', 'Rafael Durand', 'ASL-3', 11.32, 2.0, 'A', 0, 1);
insert into notes_details values ('2012-2013', 'SEM-7', 'Rafael Durand', 'ASL-3', 11.32, 3.0, 'A', 2, 2);
insert into notes_details values ('2012-2013', 'SEM-7', 'Rafael Durand', 'DPP-3', 11.32, 1.33, 'A', 0, 1);
insert into notes_details values ('2012-2013', 'SEM-7', 'Rafael Durand', 'DPP-3', 11.32, 2.33, 'A', 0, 2);
insert into contentieux values ('2012-2013', 'SEM-7', 'Rafael Durand', 'DPP-3');
insert into notes_details values ('2012-2013', 'SEM-7', 'Rafael Durand', 'EAO-31', 11.32, 2.0, 'A', 0, 1);
insert into notes_details values ('2012-2013', 'SEM-7', 'Rafael Durand', 'EAO-31', 11.32, 1.33, 'A', 0, 2);
insert into contentieux values ('2012-2013', 'SEM-7', 'Rafael Durand', 'EAO-31');
insert into notes_details values ('2012-2013', 'SEM-7', 'Rafael Durand', 'EAO-32', 11.32, 2.0, 'A', 0, 1);
insert into notes_details values ('2012-2013', 'SEM-7', 'Rafael Durand', 'EAO-32', 11.32, 3.33, 'A', 2, 2);
insert into notes_details values ('2012-2013', 'SEM-7', 'Rafael Durand', 'EAO-33', 11.32, 1.0, 'A', 0, 1);
insert into notes_details values ('2012-2013', 'SEM-7', 'Rafael Durand', 'EAO-33', 11.32, 2.33, 'A', 0, 2);
insert into contentieux values ('2012-2013', 'SEM-7', 'Rafael Durand', 'EAO-33');
insert into notes_details values ('2012-2013', 'SEM-7', 'Rafael Durand', 'EAO-34', 11.32, 2.33, 'A', 0, 1);
insert into notes_details values ('2012-2013', 'SEM-7', 'Rafael Durand', 'EAO-34', 11.32, 3.67, 'A', 2, 2);
insert into notes_details values ('2012-2013', 'SEM-7', 'Rafael Durand', 'EAO-35', 11.32, 3.33, 'A', 2, 1);
insert into notes_details values ('2012-2013', 'SEM-7', 'Rafael Durand', 'LCI-3', 11.32, 1.0, 'A', 0, 1);
insert into notes_details values ('2012-2013', 'SEM-7', 'Rafael Durand', 'LCI-3', 11.32, 3.33, 'A', 3, 2);
insert into notes_details values ('2012-2013', 'SEM-7', 'Rafael Durand', 'MAT-3', 11.32, 1.33, 'A', 0, 1);
insert into notes_details values ('2012-2013', 'SEM-7', 'Rafael Durand', 'MAT-3', 11.32, 1.0, 'A', 0, 2);
insert into contentieux values ('2012-2013', 'SEM-7', 'Rafael Durand', 'MAT-3');
insert into notes_details values ('2012-2013', 'SEM-7', 'Rafael Durand', 'MNG-3', 11.32, 2.0, 'A', 0, 1);
insert into notes_details values ('2012-2013', 'SEM-7', 'Rafael Durand', 'MNG-3', 11.32, 1.67, 'A', 0, 2);
insert into contentieux values ('2012-2013', 'SEM-7', 'Rafael Durand', 'MNG-3');
insert into notes_details values ('2012-2013', 'SEM-7', 'Rafael Durand', 'PJT-3', 11.32, 1.0, 'A', 0, 1);
insert into notes_details values ('2012-2013', 'SEM-7', 'Rafael Durand', 'PJT-3', 11.32, 1.67, 'A', 0, 2);
insert into contentieux values ('2012-2013', 'SEM-7', 'Rafael Durand', 'PJT-3');
insert into notes_details values ('2012-2013', 'SEM-7', 'Rafael Durand', 'STD-3', 11.32, 2.0, 'A', 0, 1);
insert into notes_details values ('2012-2013', 'SEM-7', 'Rafael Durand', 'STD-3', 11.32, 2.67, 'A', 2, 2);
insert into gpa values ('2011-2012', 'SEM-5', 'Rafael Durand', 3.01);
insert into gpa values ('2011-2012', 'SEM-6', 'Rafael Durand', 2.99);
insert into gpa values ('2012-2013', 'SEM-7', 'Rafael Durand', 3.88);
insert into eleves values ('Kate Damico', 1, 'S', 'Tres bien', 'MP', null, 'kdamico');
insert into notes_details values ('2010-2011', 'SEM-5', 'Kate Damico', 'ALG-1', 11.32, 1.0, 'A', 0, 1);
insert into notes_details values ('2010-2011', 'SEM-5', 'Kate Damico', 'ALG-1', 11.32, 3.0, 'A', 3, 2);
insert into notes_details values ('2010-2011', 'SEM-5', 'Kate Damico', 'DPP-1', 11.32, 2.33, 'A', 0, 1);
insert into notes_details values ('2010-2011', 'SEM-5', 'Kate Damico', 'DPP-1', 11.32, 1.33, 'A', 2, 99);
insert into notes_details values ('2010-2011', 'SEM-5', 'Kate Damico', 'ELE-1', 11.32, 1.33, 'A', 0, 1);
insert into notes_details values ('2010-2011', 'SEM-5', 'Kate Damico', 'ELE-1', 11.32, 3.67, 'A', 3, 2);
insert into notes_details values ('2010-2011', 'SEM-5', 'Kate Damico', 'INP-1', 11.32, 1.33, 'A', 0, 1);
insert into notes_details values ('2010-2011', 'SEM-5', 'Kate Damico', 'INP-1', 11.32, 1.67, 'A', 3, 99);
insert into notes_details values ('2010-2011', 'SEM-5', 'Kate Damico', 'LCI-1', 11.32, 1.0, 'A', 0, 1);
insert into notes_details values ('2010-2011', 'SEM-5', 'Kate Damico', 'LCI-1', 11.32, 4.0, 'A', 3, 2);
insert into notes_details values ('2010-2011', 'SEM-5', 'Kate Damico', 'MAT-1', 11.32, 2.67, 'A', 3, 1);
insert into notes_details values ('2010-2011', 'SEM-5', 'Kate Damico', 'MGP-1', 11.32, 3.0, 'A', 4, 1);
insert into notes_details values ('2010-2011', 'SEM-5', 'Kate Damico', 'PHO-1', 11.32, 1.67, 'A', 0, 1);
insert into notes_details values ('2010-2011', 'SEM-5', 'Kate Damico', 'PHO-1', 11.32, 3.67, 'A', 3, 2);
insert into notes_details values ('2010-2011', 'SEM-5', 'Kate Damico', 'PHQ-1', 11.32, 1.67, 'A', 0, 1);
insert into notes_details values ('2010-2011', 'SEM-5', 'Kate Damico', 'PHQ-1', 11.32, 1.33, 'A', 3, 99);
insert into notes_details values ('2010-2011', 'SEM-5', 'Kate Damico', 'SPM-1', 11.32, 3.33, 'A', 3, 1);
insert into notes_details values ('2010-2011', 'SEM-6', 'Kate Damico', 'DPP-2', 11.32, 3.33, 'A', 1, 1);
insert into notes_details values ('2010-2011', 'SEM-6', 'Kate Damico', 'EAO-2', 11.32, 2.0, 'A', 0, 1);
insert into notes_details values ('2010-2011', 'SEM-6', 'Kate Damico', 'EAO-2', 11.32, 3.0, 'A', 3, 2);
insert into notes_details values ('2010-2011', 'SEM-6', 'Kate Damico', 'ECO-2', 11.32, 3.67, 'A', 3, 1);
insert into notes_details values ('2010-2011', 'SEM-6', 'Kate Damico', 'LCI-2', 11.32, 3.67, 'A', 3, 1);
insert into notes_details values ('2010-2011', 'SEM-6', 'Kate Damico', 'MAT-2', 11.32, 4.0, 'A', 2, 1);
insert into notes_details values ('2010-2011', 'SEM-6', 'Kate Damico', 'MCO-2', 11.32, 3.67, 'A', 2, 1);
insert into notes_details values ('2010-2011', 'SEM-6', 'Kate Damico', 'MGP-2', 11.32, 2.0, 'A', 0, 1);
insert into notes_details values ('2010-2011', 'SEM-6', 'Kate Damico', 'MGP-2', 11.32, 4.0, 'A', 4, 2);
insert into notes_details values ('2010-2011', 'SEM-6', 'Kate Damico', 'PHS-2', 11.32, 1.67, 'A', 0, 1);
insert into notes_details values ('2010-2011', 'SEM-6', 'Kate Damico', 'PHS-2', 11.32, 2.0, 'A', 2, 99);
insert into notes_details values ('2010-2011', 'SEM-6', 'Kate Damico', 'PJT-2', 11.32, 3.67, 'A', 1, 1);
insert into notes_details values ('2010-2011', 'SEM-6', 'Kate Damico', 'RMS-2', 11.32, 1.0, 'A', 0, 1);
insert into notes_details values ('2010-2011', 'SEM-6', 'Kate Damico', 'RMS-2', 11.32, 4.0, 'A', 4, 2);
insert into notes_details values ('2010-2011', 'SEM-6', 'Kate Damico', 'STG-2', 11.32, 2.0, 'A', 0, 1);
insert into notes_details values ('2010-2011', 'SEM-6', 'Kate Damico', 'STG-2', 11.32, 2.67, 'A', 2, 2);
insert into notes_details values ('2010-2011', 'SEM-6', 'Kate Damico', 'THS-2', 11.32, 3.0, 'A', 3, 1);
insert into notes_details values ('2011-2012', 'SEM-7', 'Kate Damico', 'ASL-3', 11.32, 2.33, 'A', 0, 1);
insert into notes_details values ('2011-2012', 'SEM-7', 'Kate Damico', 'ASL-3', 11.32, 3.0, 'A', 2, 2);
insert into notes_details values ('2011-2012', 'SEM-7', 'Kate Damico', 'DPP-3', 11.32, 4.0, 'A', 2, 1);
insert into notes_details values ('2011-2012', 'SEM-7', 'Kate Damico', 'EAO-31', 11.32, 3.33, 'A', 2, 1);
insert into notes_details values ('2011-2012', 'SEM-7', 'Kate Damico', 'EAO-32', 11.32, 1.67, 'A', 0, 1);
insert into notes_details values ('2011-2012', 'SEM-7', 'Kate Damico', 'EAO-32', 11.32, 1.67, 'A', 0, 2);
insert into contentieux values ('2011-2012', 'SEM-7', 'Kate Damico', 'EAO-32');
insert into notes_details values ('2011-2012', 'SEM-7', 'Kate Damico', 'EAO-33', 11.32, 1.67, 'A', 0, 1);
insert into notes_details values ('2011-2012', 'SEM-7', 'Kate Damico', 'EAO-33', 11.32, 2.33, 'A', 0, 2);
insert into contentieux values ('2011-2012', 'SEM-7', 'Kate Damico', 'EAO-33');
insert into notes_details values ('2011-2012', 'SEM-7', 'Kate Damico', 'EAO-34', 11.32, 2.33, 'A', 0, 1);
insert into notes_details values ('2011-2012', 'SEM-7', 'Kate Damico', 'EAO-34', 11.32, 1.33, 'A', 0, 2);
insert into contentieux values ('2011-2012', 'SEM-7', 'Kate Damico', 'EAO-34');
insert into notes_details values ('2011-2012', 'SEM-7', 'Kate Damico', 'EAO-35', 11.32, 1.33, 'A', 0, 1);
insert into notes_details values ('2011-2012', 'SEM-7', 'Kate Damico', 'EAO-35', 11.32, 1.67, 'A', 0, 2);
insert into contentieux values ('2011-2012', 'SEM-7', 'Kate Damico', 'EAO-35');
insert into notes_details values ('2011-2012', 'SEM-7', 'Kate Damico', 'LCI-3', 11.32, 3.0, 'A', 3, 1);
insert into notes_details values ('2011-2012', 'SEM-7', 'Kate Damico', 'MAT-3', 11.32, 1.67, 'A', 0, 1);
insert into notes_details values ('2011-2012', 'SEM-7', 'Kate Damico', 'MAT-3', 11.32, 1.0, 'A', 3, 99);
insert into notes_details values ('2011-2012', 'SEM-7', 'Kate Damico', 'MNG-3', 11.32, 3.67, 'A', 3, 1);
insert into notes_details values ('2011-2012', 'SEM-7', 'Kate Damico', 'PJT-3', 11.32, 2.67, 'A', 5, 1);
insert into notes_details values ('2011-2012', 'SEM-7', 'Kate Damico', 'STD-3', 11.32, 3.67, 'A', 2, 1);
insert into gpa values ('2010-2011', 'SEM-5', 'Kate Damico', 3.02);
insert into gpa values ('2010-2011', 'SEM-6', 'Kate Damico', 3.21);
insert into gpa values ('2011-2012', 'SEM-7', 'Kate Damico', 2.65);
insert into cesure values ('Kate Damico', 'CESURE');
insert into eleves values ('Zelda Clavette', 1, 'S', 'Tres bien', 'Etranger', null, 'zclavette');
insert into notes_details values ('2011-2012', 'SEM-5', 'Zelda Clavette', 'ALG-1', 11.32, 3.67, 'A', 3, 1);
insert into notes_details values ('2011-2012', 'SEM-5', 'Zelda Clavette', 'DPP-1', 11.32, 1.67, 'A', 0, 1);
insert into notes_details values ('2011-2012', 'SEM-5', 'Zelda Clavette', 'DPP-1', 11.32, 2.33, 'A', 2, 99);
insert into notes_details values ('2011-2012', 'SEM-5', 'Zelda Clavette', 'ELE-1', 11.32, 3.67, 'A', 3, 1);
insert into notes_details values ('2011-2012', 'SEM-5', 'Zelda Clavette', 'INP-1', 11.32, 4.0, 'A', 3, 1);
insert into notes_details values ('2011-2012', 'SEM-5', 'Zelda Clavette', 'LCI-1', 11.32, 3.33, 'A', 3, 1);
insert into notes_details values ('2011-2012', 'SEM-5', 'Zelda Clavette', 'MAT-1', 11.32, 1.67, 'A', 0, 1);
insert into notes_details values ('2011-2012', 'SEM-5', 'Zelda Clavette', 'MAT-1', 11.32, 2.67, 'A', 3, 2);
insert into notes_details values ('2011-2012', 'SEM-5', 'Zelda Clavette', 'MGP-1', 11.32, 3.67, 'A', 4, 1);
insert into notes_details values ('2011-2012', 'SEM-5', 'Zelda Clavette', 'PHO-1', 11.32, 2.0, 'A', 0, 1);
insert into notes_details values ('2011-2012', 'SEM-5', 'Zelda Clavette', 'PHO-1', 11.32, 3.33, 'A', 3, 2);
insert into notes_details values ('2011-2012', 'SEM-5', 'Zelda Clavette', 'PHQ-1', 11.32, 2.33, 'A', 0, 1);
insert into notes_details values ('2011-2012', 'SEM-5', 'Zelda Clavette', 'PHQ-1', 11.32, 3.67, 'A', 3, 2);
insert into notes_details values ('2011-2012', 'SEM-5', 'Zelda Clavette', 'SPM-1', 11.32, 1.0, 'A', 0, 1);
insert into notes_details values ('2011-2012', 'SEM-5', 'Zelda Clavette', 'SPM-1', 11.32, 3.0, 'A', 3, 2);
insert into notes_details values ('2011-2012', 'SEM-6', 'Zelda Clavette', 'DPP-2', 11.32, 3.67, 'A', 1, 1);
insert into notes_details values ('2011-2012', 'SEM-6', 'Zelda Clavette', 'EAO-2', 11.32, 1.33, 'A', 0, 1);
insert into notes_details values ('2011-2012', 'SEM-6', 'Zelda Clavette', 'EAO-2', 11.32, 4.0, 'A', 3, 2);
insert into notes_details values ('2011-2012', 'SEM-6', 'Zelda Clavette', 'ECO-2', 11.32, 2.33, 'A', 0, 1);
insert into notes_details values ('2011-2012', 'SEM-6', 'Zelda Clavette', 'ECO-2', 11.32, 1.33, 'A', 3, 99);
insert into notes_details values ('2011-2012', 'SEM-6', 'Zelda Clavette', 'LCI-2', 11.32, 2.0, 'A', 0, 1);
insert into notes_details values ('2011-2012', 'SEM-6', 'Zelda Clavette', 'LCI-2', 11.32, 3.33, 'A', 3, 2);
insert into notes_details values ('2011-2012', 'SEM-6', 'Zelda Clavette', 'MAT-2', 11.32, 1.67, 'A', 0, 1);
insert into notes_details values ('2011-2012', 'SEM-6', 'Zelda Clavette', 'MAT-2', 11.32, 2.67, 'A', 2, 2);
insert into notes_details values ('2011-2012', 'SEM-6', 'Zelda Clavette', 'MCO-2', 11.32, 1.33, 'A', 0, 1);
insert into notes_details values ('2011-2012', 'SEM-6', 'Zelda Clavette', 'MCO-2', 11.32, 2.67, 'A', 2, 2);
insert into notes_details values ('2011-2012', 'SEM-6', 'Zelda Clavette', 'MGP-2', 11.32, 3.33, 'A', 4, 1);
insert into notes_details values ('2011-2012', 'SEM-6', 'Zelda Clavette', 'PHS-2', 11.32, 3.33, 'A', 2, 1);
insert into notes_details values ('2011-2012', 'SEM-6', 'Zelda Clavette', 'PJT-2', 11.32, 3.33, 'A', 1, 1);
insert into notes_details values ('2011-2012', 'SEM-6', 'Zelda Clavette', 'RMS-2', 11.32, 2.33, 'A', 0, 1);
insert into notes_details values ('2011-2012', 'SEM-6', 'Zelda Clavette', 'RMS-2', 11.32, 4.0, 'A', 4, 2);
insert into notes_details values ('2011-2012', 'SEM-6', 'Zelda Clavette', 'STG-2', 11.32, 3.33, 'A', 2, 1);
insert into notes_details values ('2011-2012', 'SEM-6', 'Zelda Clavette', 'THS-2', 11.32, 4.0, 'A', 3, 1);
insert into notes_details values ('2012-2013', 'SEM-7', 'Zelda Clavette', 'ASL-3', 11.32, 1.67, 'A', 0, 1);
insert into notes_details values ('2012-2013', 'SEM-7', 'Zelda Clavette', 'ASL-3', 11.32, 3.33, 'A', 2, 2);
insert into notes_details values ('2012-2013', 'SEM-7', 'Zelda Clavette', 'DPP-3', 11.32, 3.67, 'A', 2, 1);
insert into notes_details values ('2012-2013', 'SEM-7', 'Zelda Clavette', 'EAO-31', 11.32, 2.33, 'A', 0, 1);
insert into notes_details values ('2012-2013', 'SEM-7', 'Zelda Clavette', 'EAO-31', 11.32, 1.33, 'A', 2, 99);
insert into notes_details values ('2012-2013', 'SEM-7', 'Zelda Clavette', 'EAO-32', 11.32, 2.33, 'A', 0, 1);
insert into notes_details values ('2012-2013', 'SEM-7', 'Zelda Clavette', 'EAO-32', 11.32, 4.0, 'A', 2, 2);
insert into notes_details values ('2012-2013', 'SEM-7', 'Zelda Clavette', 'EAO-33', 11.32, 1.0, 'A', 0, 1);
insert into notes_details values ('2012-2013', 'SEM-7', 'Zelda Clavette', 'EAO-33', 11.32, 3.0, 'A', 2, 2);
insert into notes_details values ('2012-2013', 'SEM-7', 'Zelda Clavette', 'EAO-34', 11.32, 3.67, 'A', 2, 1);
insert into notes_details values ('2012-2013', 'SEM-7', 'Zelda Clavette', 'EAO-35', 11.32, 2.0, 'A', 0, 1);
insert into notes_details values ('2012-2013', 'SEM-7', 'Zelda Clavette', 'EAO-35', 11.32, 1.67, 'A', 0, 2);
insert into contentieux values ('2012-2013', 'SEM-7', 'Zelda Clavette', 'EAO-35');
insert into notes_details values ('2012-2013', 'SEM-7', 'Zelda Clavette', 'LCI-3', 11.32, 1.67, 'A', 0, 1);
insert into notes_details values ('2012-2013', 'SEM-7', 'Zelda Clavette', 'LCI-3', 11.32, 2.67, 'A', 3, 2);
insert into notes_details values ('2012-2013', 'SEM-7', 'Zelda Clavette', 'MAT-3', 11.32, 1.67, 'A', 0, 1);
insert into notes_details values ('2012-2013', 'SEM-7', 'Zelda Clavette', 'MAT-3', 11.32, 3.0, 'A', 3, 2);
insert into notes_details values ('2012-2013', 'SEM-7', 'Zelda Clavette', 'MNG-3', 11.32, 2.33, 'A', 0, 1);
insert into notes_details values ('2012-2013', 'SEM-7', 'Zelda Clavette', 'MNG-3', 11.32, 1.33, 'A', 3, 99);
insert into notes_details values ('2012-2013', 'SEM-7', 'Zelda Clavette', 'PJT-3', 11.32, 2.0, 'A', 0, 1);
insert into notes_details values ('2012-2013', 'SEM-7', 'Zelda Clavette', 'PJT-3', 11.32, 2.67, 'A', 5, 2);
insert into notes_details values ('2012-2013', 'SEM-7', 'Zelda Clavette', 'STD-3', 11.32, 2.67, 'A', 2, 1);
insert into gpa values ('2011-2012', 'SEM-5', 'Zelda Clavette', 2.49);
insert into gpa values ('2011-2012', 'SEM-6', 'Zelda Clavette', 3.43);
insert into gpa values ('2012-2013', 'SEM-7', 'Zelda Clavette', 2.14);
insert into eleves values ('Kate Marques', 1, 'S', 'Tres bien', 'MP', null, 'kmarques');
insert into notes_details values ('2010-2011', 'SEM-5', 'Kate Marques', 'ALG-1', 11.32, 2.33, 'A', 0, 1);
insert into notes_details values ('2010-2011', 'SEM-5', 'Kate Marques', 'ALG-1', 11.32, 3.0, 'A', 3, 2);
insert into notes_details values ('2010-2011', 'SEM-5', 'Kate Marques', 'DPP-1', 11.32, 3.0, 'A', 2, 1);
insert into notes_details values ('2010-2011', 'SEM-5', 'Kate Marques', 'ELE-1', 11.32, 2.0, 'A', 0, 1);
insert into notes_details values ('2010-2011', 'SEM-5', 'Kate Marques', 'ELE-1', 11.32, 3.33, 'A', 3, 2);
insert into notes_details values ('2010-2011', 'SEM-5', 'Kate Marques', 'INP-1', 11.32, 2.33, 'A', 0, 1);
insert into notes_details values ('2010-2011', 'SEM-5', 'Kate Marques', 'INP-1', 11.32, 3.67, 'A', 3, 2);
insert into notes_details values ('2010-2011', 'SEM-5', 'Kate Marques', 'LCI-1', 11.32, 2.67, 'A', 3, 1);
insert into notes_details values ('2010-2011', 'SEM-5', 'Kate Marques', 'MAT-1', 11.32, 2.0, 'A', 0, 1);
insert into notes_details values ('2010-2011', 'SEM-5', 'Kate Marques', 'MAT-1', 11.32, 3.33, 'A', 3, 2);
insert into notes_details values ('2010-2011', 'SEM-5', 'Kate Marques', 'MGP-1', 11.32, 1.0, 'A', 0, 1);
insert into notes_details values ('2010-2011', 'SEM-5', 'Kate Marques', 'MGP-1', 11.32, 3.33, 'A', 4, 2);
insert into notes_details values ('2010-2011', 'SEM-5', 'Kate Marques', 'PHO-1', 11.32, 1.0, 'A', 0, 1);
insert into notes_details values ('2010-2011', 'SEM-5', 'Kate Marques', 'PHO-1', 11.32, 3.67, 'A', 3, 2);
insert into notes_details values ('2010-2011', 'SEM-5', 'Kate Marques', 'PHQ-1', 11.32, 2.33, 'A', 0, 1);
insert into notes_details values ('2010-2011', 'SEM-5', 'Kate Marques', 'PHQ-1', 11.32, 3.0, 'A', 3, 2);
insert into notes_details values ('2010-2011', 'SEM-5', 'Kate Marques', 'SPM-1', 11.32, 2.33, 'A', 0, 1);
insert into notes_details values ('2010-2011', 'SEM-5', 'Kate Marques', 'SPM-1', 11.32, 2.67, 'A', 3, 2);
insert into notes_details values ('2010-2011', 'SEM-6', 'Kate Marques', 'DPP-2', 11.32, 2.0, 'A', 0, 1);
insert into notes_details values ('2010-2011', 'SEM-6', 'Kate Marques', 'DPP-2', 11.32, 4.0, 'A', 1, 2);
insert into notes_details values ('2010-2011', 'SEM-6', 'Kate Marques', 'EAO-2', 11.32, 3.33, 'A', 3, 1);
insert into notes_details values ('2010-2011', 'SEM-6', 'Kate Marques', 'ECO-2', 11.32, 1.67, 'A', 0, 1);
insert into notes_details values ('2010-2011', 'SEM-6', 'Kate Marques', 'ECO-2', 11.32, 2.0, 'A', 3, 99);
insert into notes_details values ('2010-2011', 'SEM-6', 'Kate Marques', 'LCI-2', 11.32, 4.0, 'A', 3, 1);
insert into notes_details values ('2010-2011', 'SEM-6', 'Kate Marques', 'MAT-2', 11.32, 2.67, 'A', 2, 1);
insert into notes_details values ('2010-2011', 'SEM-6', 'Kate Marques', 'MCO-2', 11.32, 2.0, 'A', 0, 1);
insert into notes_details values ('2010-2011', 'SEM-6', 'Kate Marques', 'MCO-2', 11.32, 3.0, 'A', 2, 2);
insert into notes_details values ('2010-2011', 'SEM-6', 'Kate Marques', 'MGP-2', 11.32, 1.67, 'A', 0, 1);
insert into notes_details values ('2010-2011', 'SEM-6', 'Kate Marques', 'MGP-2', 11.32, 3.33, 'A', 4, 2);
insert into notes_details values ('2010-2011', 'SEM-6', 'Kate Marques', 'PHS-2', 11.32, 2.33, 'A', 0, 1);
insert into notes_details values ('2010-2011', 'SEM-6', 'Kate Marques', 'PHS-2', 11.32, 1.67, 'A', 2, 99);
insert into notes_details values ('2010-2011', 'SEM-6', 'Kate Marques', 'PJT-2', 11.32, 2.33, 'A', 0, 1);
insert into notes_details values ('2010-2011', 'SEM-6', 'Kate Marques', 'PJT-2', 11.32, 4.0, 'A', 1, 2);
insert into notes_details values ('2010-2011', 'SEM-6', 'Kate Marques', 'RMS-2', 11.32, 2.0, 'A', 0, 1);
insert into notes_details values ('2010-2011', 'SEM-6', 'Kate Marques', 'RMS-2', 11.32, 3.67, 'A', 4, 2);
insert into notes_details values ('2010-2011', 'SEM-6', 'Kate Marques', 'STG-2', 11.32, 3.67, 'A', 2, 1);
insert into notes_details values ('2010-2011', 'SEM-6', 'Kate Marques', 'THS-2', 11.32, 1.33, 'A', 0, 1);
insert into notes_details values ('2010-2011', 'SEM-6', 'Kate Marques', 'THS-2', 11.32, 2.67, 'A', 3, 2);
insert into notes_details values ('2011-2012', 'SEM-7', 'Kate Marques', 'ASL-3', 11.32, 3.0, 'A', 2, 1);
insert into notes_details values ('2011-2012', 'SEM-7', 'Kate Marques', 'DPP-3', 11.32, 1.0, 'A', 0, 1);
insert into notes_details values ('2011-2012', 'SEM-7', 'Kate Marques', 'DPP-3', 11.32, 3.0, 'A', 2, 2);
insert into notes_details values ('2011-2012', 'SEM-7', 'Kate Marques', 'EAO-31', 11.32, 2.33, 'A', 0, 1);
insert into notes_details values ('2011-2012', 'SEM-7', 'Kate Marques', 'EAO-31', 11.32, 2.67, 'A', 2, 2);
insert into notes_details values ('2011-2012', 'SEM-7', 'Kate Marques', 'EAO-32', 11.32, 2.33, 'A', 0, 1);
insert into notes_details values ('2011-2012', 'SEM-7', 'Kate Marques', 'EAO-32', 11.32, 3.0, 'A', 2, 2);
insert into notes_details values ('2011-2012', 'SEM-7', 'Kate Marques', 'EAO-33', 11.32, 2.33, 'A', 0, 1);
insert into notes_details values ('2011-2012', 'SEM-7', 'Kate Marques', 'EAO-33', 11.32, 1.67, 'A', 0, 2);
insert into contentieux values ('2011-2012', 'SEM-7', 'Kate Marques', 'EAO-33');
insert into notes_details values ('2011-2012', 'SEM-7', 'Kate Marques', 'EAO-34', 11.32, 1.67, 'A', 0, 1);
insert into notes_details values ('2011-2012', 'SEM-7', 'Kate Marques', 'EAO-34', 11.32, 1.67, 'A', 0, 2);
insert into contentieux values ('2011-2012', 'SEM-7', 'Kate Marques', 'EAO-34');
insert into notes_details values ('2011-2012', 'SEM-7', 'Kate Marques', 'EAO-35', 11.32, 3.33, 'A', 2, 1);
insert into notes_details values ('2011-2012', 'SEM-7', 'Kate Marques', 'LCI-3', 11.32, 1.33, 'A', 0, 1);
insert into notes_details values ('2011-2012', 'SEM-7', 'Kate Marques', 'LCI-3', 11.32, 1.33, 'A', 3, 99);
insert into notes_details values ('2011-2012', 'SEM-7', 'Kate Marques', 'MAT-3', 11.32, 1.33, 'A', 0, 1);
insert into notes_details values ('2011-2012', 'SEM-7', 'Kate Marques', 'MAT-3', 11.32, 1.0, 'A', 0, 2);
insert into contentieux values ('2011-2012', 'SEM-7', 'Kate Marques', 'MAT-3');
insert into notes_details values ('2011-2012', 'SEM-7', 'Kate Marques', 'MNG-3', 11.32, 2.67, 'A', 3, 1);
insert into notes_details values ('2011-2012', 'SEM-7', 'Kate Marques', 'PJT-3', 11.32, 2.67, 'A', 5, 1);
insert into notes_details values ('2011-2012', 'SEM-7', 'Kate Marques', 'STD-3', 11.32, 2.0, 'A', 0, 1);
insert into notes_details values ('2011-2012', 'SEM-7', 'Kate Marques', 'STD-3', 11.32, 4.0, 'A', 2, 2);
insert into gpa values ('2010-2011', 'SEM-5', 'Kate Marques', 3.35);
insert into gpa values ('2010-2011', 'SEM-6', 'Kate Marques', 3.23);
insert into gpa values ('2011-2012', 'SEM-7', 'Kate Marques', 3.33);
insert into eleves values ('Zacharis Blacnhard', 1, 'S', 'Tres bien', 'MP', null, 'zblacnhard');
insert into notes_details values ('2011-2012', 'SEM-5', 'Zacharis Blacnhard', 'ALG-1', 11.32, 1.33, 'A', 0, 1);
insert into notes_details values ('2011-2012', 'SEM-5', 'Zacharis Blacnhard', 'ALG-1', 11.32, 2.67, 'A', 3, 2);
insert into notes_details values ('2011-2012', 'SEM-5', 'Zacharis Blacnhard', 'DPP-1', 11.32, 2.33, 'A', 0, 1);
insert into notes_details values ('2011-2012', 'SEM-5', 'Zacharis Blacnhard', 'DPP-1', 11.32, 3.0, 'A', 2, 2);
insert into notes_details values ('2011-2012', 'SEM-5', 'Zacharis Blacnhard', 'ELE-1', 11.32, 3.0, 'A', 3, 1);
insert into notes_details values ('2011-2012', 'SEM-5', 'Zacharis Blacnhard', 'INP-1', 11.32, 1.67, 'A', 0, 1);
insert into notes_details values ('2011-2012', 'SEM-5', 'Zacharis Blacnhard', 'INP-1', 11.32, 3.67, 'A', 3, 2);
insert into notes_details values ('2011-2012', 'SEM-5', 'Zacharis Blacnhard', 'LCI-1', 11.32, 2.0, 'A', 0, 1);
insert into notes_details values ('2011-2012', 'SEM-5', 'Zacharis Blacnhard', 'LCI-1', 11.32, 2.33, 'A', 3, 99);
insert into notes_details values ('2011-2012', 'SEM-5', 'Zacharis Blacnhard', 'MAT-1', 11.32, 4.0, 'A', 3, 1);
insert into notes_details values ('2011-2012', 'SEM-5', 'Zacharis Blacnhard', 'MGP-1', 11.32, 1.33, 'A', 0, 1);
insert into notes_details values ('2011-2012', 'SEM-5', 'Zacharis Blacnhard', 'MGP-1', 11.32, 4.0, 'A', 4, 2);
insert into notes_details values ('2011-2012', 'SEM-5', 'Zacharis Blacnhard', 'PHO-1', 11.32, 3.33, 'A', 3, 1);
insert into notes_details values ('2011-2012', 'SEM-5', 'Zacharis Blacnhard', 'PHQ-1', 11.32, 1.0, 'A', 0, 1);
insert into notes_details values ('2011-2012', 'SEM-5', 'Zacharis Blacnhard', 'PHQ-1', 11.32, 3.67, 'A', 3, 2);
insert into notes_details values ('2011-2012', 'SEM-5', 'Zacharis Blacnhard', 'SPM-1', 11.32, 2.67, 'A', 3, 1);
insert into notes_details values ('2011-2012', 'SEM-6', 'Zacharis Blacnhard', 'DPP-2', 11.32, 3.33, 'A', 1, 1);
insert into notes_details values ('2011-2012', 'SEM-6', 'Zacharis Blacnhard', 'EAO-2', 11.32, 2.33, 'A', 0, 1);
insert into notes_details values ('2011-2012', 'SEM-6', 'Zacharis Blacnhard', 'EAO-2', 11.32, 2.33, 'A', 3, 99);
insert into notes_details values ('2011-2012', 'SEM-6', 'Zacharis Blacnhard', 'ECO-2', 11.32, 1.0, 'A', 0, 1);
insert into notes_details values ('2011-2012', 'SEM-6', 'Zacharis Blacnhard', 'ECO-2', 11.32, 3.33, 'A', 3, 2);
insert into notes_details values ('2011-2012', 'SEM-6', 'Zacharis Blacnhard', 'LCI-2', 11.32, 2.0, 'A', 0, 1);
insert into notes_details values ('2011-2012', 'SEM-6', 'Zacharis Blacnhard', 'LCI-2', 11.32, 3.67, 'A', 3, 2);
insert into notes_details values ('2011-2012', 'SEM-6', 'Zacharis Blacnhard', 'MAT-2', 11.32, 2.67, 'A', 2, 1);
insert into notes_details values ('2011-2012', 'SEM-6', 'Zacharis Blacnhard', 'MCO-2', 11.32, 4.0, 'A', 2, 1);
insert into notes_details values ('2011-2012', 'SEM-6', 'Zacharis Blacnhard', 'MGP-2', 11.32, 1.33, 'A', 0, 1);
insert into notes_details values ('2011-2012', 'SEM-6', 'Zacharis Blacnhard', 'MGP-2', 11.32, 3.0, 'A', 4, 2);
insert into notes_details values ('2011-2012', 'SEM-6', 'Zacharis Blacnhard', 'PHS-2', 11.32, 1.0, 'A', 0, 1);
insert into notes_details values ('2011-2012', 'SEM-6', 'Zacharis Blacnhard', 'PHS-2', 11.32, 2.67, 'A', 2, 2);
insert into notes_details values ('2011-2012', 'SEM-6', 'Zacharis Blacnhard', 'PJT-2', 11.32, 1.0, 'A', 0, 1);
insert into notes_details values ('2011-2012', 'SEM-6', 'Zacharis Blacnhard', 'PJT-2', 11.32, 3.0, 'A', 1, 2);
insert into notes_details values ('2011-2012', 'SEM-6', 'Zacharis Blacnhard', 'RMS-2', 11.32, 2.0, 'A', 0, 1);
insert into notes_details values ('2011-2012', 'SEM-6', 'Zacharis Blacnhard', 'RMS-2', 11.32, 4.0, 'A', 4, 2);
insert into notes_details values ('2011-2012', 'SEM-6', 'Zacharis Blacnhard', 'STG-2', 11.32, 2.67, 'A', 2, 1);
insert into notes_details values ('2011-2012', 'SEM-6', 'Zacharis Blacnhard', 'THS-2', 11.32, 3.67, 'A', 3, 1);
insert into notes_details values ('2012-2013', 'SEM-7', 'Zacharis Blacnhard', 'ASL-3', 11.32, 3.0, 'A', 2, 1);
insert into notes_details values ('2012-2013', 'SEM-7', 'Zacharis Blacnhard', 'DPP-3', 11.32, 3.33, 'A', 2, 1);
insert into notes_details values ('2012-2013', 'SEM-7', 'Zacharis Blacnhard', 'EAO-31', 11.32, 3.67, 'A', 2, 1);
insert into notes_details values ('2012-2013', 'SEM-7', 'Zacharis Blacnhard', 'EAO-32', 11.32, 2.33, 'A', 0, 1);
insert into notes_details values ('2012-2013', 'SEM-7', 'Zacharis Blacnhard', 'EAO-32', 11.32, 1.33, 'A', 0, 2);
insert into contentieux values ('2012-2013', 'SEM-7', 'Zacharis Blacnhard', 'EAO-32');
insert into notes_details values ('2012-2013', 'SEM-7', 'Zacharis Blacnhard', 'EAO-33', 11.32, 1.67, 'A', 0, 1);
insert into notes_details values ('2012-2013', 'SEM-7', 'Zacharis Blacnhard', 'EAO-33', 11.32, 2.33, 'A', 0, 2);
insert into contentieux values ('2012-2013', 'SEM-7', 'Zacharis Blacnhard', 'EAO-33');
insert into notes_details values ('2012-2013', 'SEM-7', 'Zacharis Blacnhard', 'EAO-34', 11.32, 2.33, 'A', 0, 1);
insert into notes_details values ('2012-2013', 'SEM-7', 'Zacharis Blacnhard', 'EAO-34', 11.32, 1.67, 'A', 0, 2);
insert into contentieux values ('2012-2013', 'SEM-7', 'Zacharis Blacnhard', 'EAO-34');
insert into notes_details values ('2012-2013', 'SEM-7', 'Zacharis Blacnhard', 'EAO-35', 11.32, 2.67, 'A', 2, 1);
insert into notes_details values ('2012-2013', 'SEM-7', 'Zacharis Blacnhard', 'LCI-3', 11.32, 4.0, 'A', 3, 1);
insert into notes_details values ('2012-2013', 'SEM-7', 'Zacharis Blacnhard', 'MAT-3', 11.32, 3.33, 'A', 3, 1);
insert into notes_details values ('2012-2013', 'SEM-7', 'Zacharis Blacnhard', 'MNG-3', 11.32, 2.33, 'A', 0, 1);
insert into notes_details values ('2012-2013', 'SEM-7', 'Zacharis Blacnhard', 'MNG-3', 11.32, 1.33, 'A', 0, 2);
insert into contentieux values ('2012-2013', 'SEM-7', 'Zacharis Blacnhard', 'MNG-3');
insert into notes_details values ('2012-2013', 'SEM-7', 'Zacharis Blacnhard', 'PJT-3', 11.32, 3.67, 'A', 5, 1);
insert into notes_details values ('2012-2013', 'SEM-7', 'Zacharis Blacnhard', 'STD-3', 11.32, 3.67, 'A', 2, 1);
insert into gpa values ('2011-2012', 'SEM-5', 'Zacharis Blacnhard', 3.13);
insert into gpa values ('2011-2012', 'SEM-6', 'Zacharis Blacnhard', 2.4);
insert into gpa values ('2012-2013', 'SEM-7', 'Zacharis Blacnhard', 2.17);
insert into eleves values ('Maurice Guerin', 1, 'S', 'Tres bien', 'Etranger', null, 'mguerin');
insert into notes_details values ('2010-2011', 'SEM-5', 'Maurice Guerin', 'ALG-1', 11.32, 1.0, 'A', 0, 1);
insert into notes_details values ('2010-2011', 'SEM-5', 'Maurice Guerin', 'ALG-1', 11.32, 3.33, 'A', 3, 2);
insert into notes_details values ('2010-2011', 'SEM-5', 'Maurice Guerin', 'DPP-1', 11.32, 1.0, 'A', 0, 1);
insert into notes_details values ('2010-2011', 'SEM-5', 'Maurice Guerin', 'DPP-1', 11.32, 3.33, 'A', 2, 2);
insert into notes_details values ('2010-2011', 'SEM-5', 'Maurice Guerin', 'ELE-1', 11.32, 2.33, 'A', 0, 1);
insert into notes_details values ('2010-2011', 'SEM-5', 'Maurice Guerin', 'ELE-1', 11.32, 3.67, 'A', 3, 2);
insert into notes_details values ('2010-2011', 'SEM-5', 'Maurice Guerin', 'INP-1', 11.32, 3.67, 'A', 3, 1);
insert into notes_details values ('2010-2011', 'SEM-5', 'Maurice Guerin', 'LCI-1', 11.32, 1.33, 'A', 0, 1);
insert into notes_details values ('2010-2011', 'SEM-5', 'Maurice Guerin', 'LCI-1', 11.32, 1.67, 'A', 3, 99);
insert into notes_details values ('2010-2011', 'SEM-5', 'Maurice Guerin', 'MAT-1', 11.32, 2.33, 'A', 0, 1);
insert into notes_details values ('2010-2011', 'SEM-5', 'Maurice Guerin', 'MAT-1', 11.32, 2.67, 'A', 3, 2);
insert into notes_details values ('2010-2011', 'SEM-5', 'Maurice Guerin', 'MGP-1', 11.32, 2.0, 'A', 0, 1);
insert into notes_details values ('2010-2011', 'SEM-5', 'Maurice Guerin', 'MGP-1', 11.32, 3.67, 'A', 4, 2);
insert into notes_details values ('2010-2011', 'SEM-5', 'Maurice Guerin', 'PHO-1', 11.32, 2.33, 'A', 0, 1);
insert into notes_details values ('2010-2011', 'SEM-5', 'Maurice Guerin', 'PHO-1', 11.32, 3.67, 'A', 3, 2);
insert into notes_details values ('2010-2011', 'SEM-5', 'Maurice Guerin', 'PHQ-1', 11.32, 4.0, 'A', 3, 1);
insert into notes_details values ('2010-2011', 'SEM-5', 'Maurice Guerin', 'SPM-1', 11.32, 4.0, 'A', 3, 1);
insert into notes_details values ('2010-2011', 'SEM-6', 'Maurice Guerin', 'DPP-2', 11.32, 1.0, 'A', 0, 1);
insert into notes_details values ('2010-2011', 'SEM-6', 'Maurice Guerin', 'DPP-2', 11.32, 4.0, 'A', 1, 2);
insert into notes_details values ('2010-2011', 'SEM-6', 'Maurice Guerin', 'EAO-2', 11.32, 3.67, 'A', 3, 1);
insert into notes_details values ('2010-2011', 'SEM-6', 'Maurice Guerin', 'ECO-2', 11.32, 1.67, 'A', 0, 1);
insert into notes_details values ('2010-2011', 'SEM-6', 'Maurice Guerin', 'ECO-2', 11.32, 4.0, 'A', 3, 2);
insert into notes_details values ('2010-2011', 'SEM-6', 'Maurice Guerin', 'LCI-2', 11.32, 3.33, 'A', 3, 1);
insert into notes_details values ('2010-2011', 'SEM-6', 'Maurice Guerin', 'MAT-2', 11.32, 3.33, 'A', 2, 1);
insert into notes_details values ('2010-2011', 'SEM-6', 'Maurice Guerin', 'MCO-2', 11.32, 3.33, 'A', 2, 1);
insert into notes_details values ('2010-2011', 'SEM-6', 'Maurice Guerin', 'MGP-2', 11.32, 1.67, 'A', 0, 1);
insert into notes_details values ('2010-2011', 'SEM-6', 'Maurice Guerin', 'MGP-2', 11.32, 1.67, 'A', 4, 99);
insert into notes_details values ('2010-2011', 'SEM-6', 'Maurice Guerin', 'PHS-2', 11.32, 2.67, 'A', 2, 1);
insert into notes_details values ('2010-2011', 'SEM-6', 'Maurice Guerin', 'PJT-2', 11.32, 3.67, 'A', 1, 1);
insert into notes_details values ('2010-2011', 'SEM-6', 'Maurice Guerin', 'RMS-2', 11.32, 2.67, 'A', 4, 1);
insert into notes_details values ('2010-2011', 'SEM-6', 'Maurice Guerin', 'STG-2', 11.32, 3.0, 'A', 2, 1);
insert into notes_details values ('2010-2011', 'SEM-6', 'Maurice Guerin', 'THS-2', 11.32, 1.33, 'A', 0, 1);
insert into notes_details values ('2010-2011', 'SEM-6', 'Maurice Guerin', 'THS-2', 11.32, 4.0, 'A', 3, 2);
insert into notes_details values ('2011-2012', 'SEM-7', 'Maurice Guerin', 'ASL-3', 11.32, 1.0, 'A', 0, 1);
insert into notes_details values ('2011-2012', 'SEM-7', 'Maurice Guerin', 'ASL-3', 11.32, 4.0, 'A', 2, 2);
insert into notes_details values ('2011-2012', 'SEM-7', 'Maurice Guerin', 'DPP-3', 11.32, 2.0, 'A', 0, 1);
insert into notes_details values ('2011-2012', 'SEM-7', 'Maurice Guerin', 'DPP-3', 11.32, 4.0, 'A', 2, 2);
insert into notes_details values ('2011-2012', 'SEM-7', 'Maurice Guerin', 'EAO-31', 11.32, 1.33, 'A', 0, 1);
insert into notes_details values ('2011-2012', 'SEM-7', 'Maurice Guerin', 'EAO-31', 11.32, 1.33, 'A', 0, 2);
insert into contentieux values ('2011-2012', 'SEM-7', 'Maurice Guerin', 'EAO-31');
insert into notes_details values ('2011-2012', 'SEM-7', 'Maurice Guerin', 'EAO-32', 11.32, 2.0, 'A', 0, 1);
insert into notes_details values ('2011-2012', 'SEM-7', 'Maurice Guerin', 'EAO-32', 11.32, 3.0, 'A', 2, 2);
insert into notes_details values ('2011-2012', 'SEM-7', 'Maurice Guerin', 'EAO-33', 11.32, 2.67, 'A', 2, 1);
insert into notes_details values ('2011-2012', 'SEM-7', 'Maurice Guerin', 'EAO-34', 11.32, 1.0, 'A', 0, 1);
insert into notes_details values ('2011-2012', 'SEM-7', 'Maurice Guerin', 'EAO-34', 11.32, 2.33, 'A', 0, 2);
insert into contentieux values ('2011-2012', 'SEM-7', 'Maurice Guerin', 'EAO-34');
insert into notes_details values ('2011-2012', 'SEM-7', 'Maurice Guerin', 'EAO-35', 11.32, 1.0, 'A', 0, 1);
insert into notes_details values ('2011-2012', 'SEM-7', 'Maurice Guerin', 'EAO-35', 11.32, 1.33, 'A', 2, 99);
insert into notes_details values ('2011-2012', 'SEM-7', 'Maurice Guerin', 'LCI-3', 11.32, 3.0, 'A', 3, 1);
insert into notes_details values ('2011-2012', 'SEM-7', 'Maurice Guerin', 'MAT-3', 11.32, 1.33, 'A', 0, 1);
insert into notes_details values ('2011-2012', 'SEM-7', 'Maurice Guerin', 'MAT-3', 11.32, 1.33, 'A', 0, 2);
insert into contentieux values ('2011-2012', 'SEM-7', 'Maurice Guerin', 'MAT-3');
insert into notes_details values ('2011-2012', 'SEM-7', 'Maurice Guerin', 'MNG-3', 11.32, 1.33, 'A', 0, 1);
insert into notes_details values ('2011-2012', 'SEM-7', 'Maurice Guerin', 'MNG-3', 11.32, 2.67, 'A', 3, 2);
insert into notes_details values ('2011-2012', 'SEM-7', 'Maurice Guerin', 'PJT-3', 11.32, 3.33, 'A', 5, 1);
insert into notes_details values ('2011-2012', 'SEM-7', 'Maurice Guerin', 'STD-3', 11.32, 1.67, 'A', 0, 1);
insert into notes_details values ('2011-2012', 'SEM-7', 'Maurice Guerin', 'STD-3', 11.32, 3.67, 'A', 2, 2);
insert into gpa values ('2010-2011', 'SEM-5', 'Maurice Guerin', 2.35);
insert into gpa values ('2010-2011', 'SEM-6', 'Maurice Guerin', 3.76);
insert into gpa values ('2011-2012', 'SEM-7', 'Maurice Guerin', 3.69);
insert into eleves values ('Gabriel Marchal', 1, 'S', 'Tres bien', 'MP', null, 'gmarchal');
insert into notes_details values ('2011-2012', 'SEM-5', 'Gabriel Marchal', 'ALG-1', 11.32, 1.33, 'A', 0, 1);
insert into notes_details values ('2011-2012', 'SEM-5', 'Gabriel Marchal', 'ALG-1', 11.32, 3.67, 'A', 3, 2);
insert into notes_details values ('2011-2012', 'SEM-5', 'Gabriel Marchal', 'DPP-1', 11.32, 3.67, 'A', 2, 1);
insert into notes_details values ('2011-2012', 'SEM-5', 'Gabriel Marchal', 'ELE-1', 11.32, 1.67, 'A', 0, 1);
insert into notes_details values ('2011-2012', 'SEM-5', 'Gabriel Marchal', 'ELE-1', 11.32, 2.67, 'A', 3, 2);
insert into notes_details values ('2011-2012', 'SEM-5', 'Gabriel Marchal', 'INP-1', 11.32, 3.0, 'A', 3, 1);
insert into notes_details values ('2011-2012', 'SEM-5', 'Gabriel Marchal', 'LCI-1', 11.32, 2.0, 'A', 0, 1);
insert into notes_details values ('2011-2012', 'SEM-5', 'Gabriel Marchal', 'LCI-1', 11.32, 3.67, 'A', 3, 2);
insert into notes_details values ('2011-2012', 'SEM-5', 'Gabriel Marchal', 'MAT-1', 11.32, 2.67, 'A', 3, 1);
insert into notes_details values ('2011-2012', 'SEM-5', 'Gabriel Marchal', 'MGP-1', 11.32, 4.0, 'A', 4, 1);
insert into notes_details values ('2011-2012', 'SEM-5', 'Gabriel Marchal', 'PHO-1', 11.32, 3.67, 'A', 3, 1);
insert into notes_details values ('2011-2012', 'SEM-5', 'Gabriel Marchal', 'PHQ-1', 11.32, 1.0, 'A', 0, 1);
insert into notes_details values ('2011-2012', 'SEM-5', 'Gabriel Marchal', 'PHQ-1', 11.32, 2.33, 'A', 3, 99);
insert into notes_details values ('2011-2012', 'SEM-5', 'Gabriel Marchal', 'SPM-1', 11.32, 1.67, 'A', 0, 1);
insert into notes_details values ('2011-2012', 'SEM-5', 'Gabriel Marchal', 'SPM-1', 11.32, 4.0, 'A', 3, 2);
insert into notes_details values ('2011-2012', 'SEM-6', 'Gabriel Marchal', 'DPP-2', 11.32, 1.67, 'A', 0, 1);
insert into notes_details values ('2011-2012', 'SEM-6', 'Gabriel Marchal', 'DPP-2', 11.32, 2.67, 'A', 1, 2);
insert into notes_details values ('2011-2012', 'SEM-6', 'Gabriel Marchal', 'EAO-2', 11.32, 3.67, 'A', 3, 1);
insert into notes_details values ('2011-2012', 'SEM-6', 'Gabriel Marchal', 'ECO-2', 11.32, 3.33, 'A', 3, 1);
insert into notes_details values ('2011-2012', 'SEM-6', 'Gabriel Marchal', 'LCI-2', 11.32, 2.0, 'A', 0, 1);
insert into notes_details values ('2011-2012', 'SEM-6', 'Gabriel Marchal', 'LCI-2', 11.32, 2.67, 'A', 3, 2);
insert into notes_details values ('2011-2012', 'SEM-6', 'Gabriel Marchal', 'MAT-2', 11.32, 2.67, 'A', 2, 1);
insert into notes_details values ('2011-2012', 'SEM-6', 'Gabriel Marchal', 'MCO-2', 11.32, 1.33, 'A', 0, 1);
insert into notes_details values ('2011-2012', 'SEM-6', 'Gabriel Marchal', 'MCO-2', 11.32, 4.0, 'A', 2, 2);
insert into notes_details values ('2011-2012', 'SEM-6', 'Gabriel Marchal', 'MGP-2', 11.32, 3.0, 'A', 4, 1);
insert into notes_details values ('2011-2012', 'SEM-6', 'Gabriel Marchal', 'PHS-2', 11.32, 2.0, 'A', 0, 1);
insert into notes_details values ('2011-2012', 'SEM-6', 'Gabriel Marchal', 'PHS-2', 11.32, 2.67, 'A', 2, 2);
insert into notes_details values ('2011-2012', 'SEM-6', 'Gabriel Marchal', 'PJT-2', 11.32, 1.33, 'A', 0, 1);
insert into notes_details values ('2011-2012', 'SEM-6', 'Gabriel Marchal', 'PJT-2', 11.32, 3.0, 'A', 1, 2);
insert into notes_details values ('2011-2012', 'SEM-6', 'Gabriel Marchal', 'RMS-2', 11.32, 3.33, 'A', 4, 1);
insert into notes_details values ('2011-2012', 'SEM-6', 'Gabriel Marchal', 'STG-2', 11.32, 2.67, 'A', 2, 1);
insert into notes_details values ('2011-2012', 'SEM-6', 'Gabriel Marchal', 'THS-2', 11.32, 3.67, 'A', 3, 1);
insert into notes_details values ('2012-2013', 'SEM-7', 'Gabriel Marchal', 'ASL-3', 11.32, 3.0, 'A', 2, 1);
insert into notes_details values ('2012-2013', 'SEM-7', 'Gabriel Marchal', 'DPP-3', 11.32, 2.0, 'A', 0, 1);
insert into notes_details values ('2012-2013', 'SEM-7', 'Gabriel Marchal', 'DPP-3', 11.32, 4.0, 'A', 2, 2);
insert into notes_details values ('2012-2013', 'SEM-7', 'Gabriel Marchal', 'EAO-31', 11.32, 3.67, 'A', 2, 1);
insert into notes_details values ('2012-2013', 'SEM-7', 'Gabriel Marchal', 'EAO-32', 11.32, 3.67, 'A', 2, 1);
insert into notes_details values ('2012-2013', 'SEM-7', 'Gabriel Marchal', 'EAO-33', 11.32, 2.33, 'A', 0, 1);
insert into notes_details values ('2012-2013', 'SEM-7', 'Gabriel Marchal', 'EAO-33', 11.32, 2.33, 'A', 0, 2);
insert into contentieux values ('2012-2013', 'SEM-7', 'Gabriel Marchal', 'EAO-33');
insert into notes_details values ('2012-2013', 'SEM-7', 'Gabriel Marchal', 'EAO-34', 11.32, 1.33, 'A', 0, 1);
insert into notes_details values ('2012-2013', 'SEM-7', 'Gabriel Marchal', 'EAO-34', 11.32, 1.33, 'A', 0, 2);
insert into contentieux values ('2012-2013', 'SEM-7', 'Gabriel Marchal', 'EAO-34');
insert into notes_details values ('2012-2013', 'SEM-7', 'Gabriel Marchal', 'EAO-35', 11.32, 3.67, 'A', 2, 1);
insert into notes_details values ('2012-2013', 'SEM-7', 'Gabriel Marchal', 'LCI-3', 11.32, 2.0, 'A', 0, 1);
insert into notes_details values ('2012-2013', 'SEM-7', 'Gabriel Marchal', 'LCI-3', 11.32, 1.0, 'A', 0, 2);
insert into contentieux values ('2012-2013', 'SEM-7', 'Gabriel Marchal', 'LCI-3');
insert into notes_details values ('2012-2013', 'SEM-7', 'Gabriel Marchal', 'MAT-3', 11.32, 3.33, 'A', 3, 1);
insert into notes_details values ('2012-2013', 'SEM-7', 'Gabriel Marchal', 'MNG-3', 11.32, 2.67, 'A', 3, 1);
insert into notes_details values ('2012-2013', 'SEM-7', 'Gabriel Marchal', 'PJT-3', 11.32, 1.67, 'A', 0, 1);
insert into notes_details values ('2012-2013', 'SEM-7', 'Gabriel Marchal', 'PJT-3', 11.32, 2.0, 'A', 0, 2);
insert into contentieux values ('2012-2013', 'SEM-7', 'Gabriel Marchal', 'PJT-3');
insert into notes_details values ('2012-2013', 'SEM-7', 'Gabriel Marchal', 'STD-3', 11.32, 2.67, 'A', 2, 1);
insert into gpa values ('2011-2012', 'SEM-5', 'Gabriel Marchal', 2.34);
insert into gpa values ('2011-2012', 'SEM-6', 'Gabriel Marchal', 2.38);
insert into gpa values ('2012-2013', 'SEM-7', 'Gabriel Marchal', 3.18);
insert into eleves values ('Laly Giguere', 1, 'S', 'Tres bien', 'MP', null, 'lgiguere');
insert into notes_details values ('2010-2011', 'SEM-5', 'Laly Giguere', 'ALG-1', 11.32, 2.67, 'A', 3, 1);
insert into notes_details values ('2010-2011', 'SEM-5', 'Laly Giguere', 'DPP-1', 11.32, 1.67, 'A', 0, 1);
insert into notes_details values ('2010-2011', 'SEM-5', 'Laly Giguere', 'DPP-1', 11.32, 4.0, 'A', 2, 2);
insert into notes_details values ('2010-2011', 'SEM-5', 'Laly Giguere', 'ELE-1', 11.32, 1.0, 'A', 0, 1);
insert into notes_details values ('2010-2011', 'SEM-5', 'Laly Giguere', 'ELE-1', 11.32, 1.0, 'A', 3, 99);
insert into notes_details values ('2010-2011', 'SEM-5', 'Laly Giguere', 'INP-1', 11.32, 2.33, 'A', 0, 1);
insert into notes_details values ('2010-2011', 'SEM-5', 'Laly Giguere', 'INP-1', 11.32, 4.0, 'A', 3, 2);
insert into notes_details values ('2010-2011', 'SEM-5', 'Laly Giguere', 'LCI-1', 11.32, 1.33, 'A', 0, 1);
insert into notes_details values ('2010-2011', 'SEM-5', 'Laly Giguere', 'LCI-1', 11.32, 3.0, 'A', 3, 2);
insert into notes_details values ('2010-2011', 'SEM-5', 'Laly Giguere', 'MAT-1', 11.32, 4.0, 'A', 3, 1);
insert into notes_details values ('2010-2011', 'SEM-5', 'Laly Giguere', 'MGP-1', 11.32, 4.0, 'A', 4, 1);
insert into notes_details values ('2010-2011', 'SEM-5', 'Laly Giguere', 'PHO-1', 11.32, 3.67, 'A', 3, 1);
insert into notes_details values ('2010-2011', 'SEM-5', 'Laly Giguere', 'PHQ-1', 11.32, 2.67, 'A', 3, 1);
insert into notes_details values ('2010-2011', 'SEM-5', 'Laly Giguere', 'SPM-1', 11.32, 2.0, 'A', 0, 1);
insert into notes_details values ('2010-2011', 'SEM-5', 'Laly Giguere', 'SPM-1', 11.32, 1.67, 'A', 3, 99);
insert into notes_details values ('2010-2011', 'SEM-6', 'Laly Giguere', 'DPP-2', 11.32, 3.67, 'A', 1, 1);
insert into notes_details values ('2010-2011', 'SEM-6', 'Laly Giguere', 'EAO-2', 11.32, 1.33, 'A', 0, 1);
insert into notes_details values ('2010-2011', 'SEM-6', 'Laly Giguere', 'EAO-2', 11.32, 3.0, 'A', 3, 2);
insert into notes_details values ('2010-2011', 'SEM-6', 'Laly Giguere', 'ECO-2', 11.32, 1.33, 'A', 0, 1);
insert into notes_details values ('2010-2011', 'SEM-6', 'Laly Giguere', 'ECO-2', 11.32, 3.0, 'A', 3, 2);
insert into notes_details values ('2010-2011', 'SEM-6', 'Laly Giguere', 'LCI-2', 11.32, 2.67, 'A', 3, 1);
insert into notes_details values ('2010-2011', 'SEM-6', 'Laly Giguere', 'MAT-2', 11.32, 1.0, 'A', 0, 1);
insert into notes_details values ('2010-2011', 'SEM-6', 'Laly Giguere', 'MAT-2', 11.32, 3.33, 'A', 2, 2);
insert into notes_details values ('2010-2011', 'SEM-6', 'Laly Giguere', 'MCO-2', 11.32, 2.67, 'A', 2, 1);
insert into notes_details values ('2010-2011', 'SEM-6', 'Laly Giguere', 'MGP-2', 11.32, 3.67, 'A', 4, 1);
insert into notes_details values ('2010-2011', 'SEM-6', 'Laly Giguere', 'PHS-2', 11.32, 1.0, 'A', 0, 1);
insert into notes_details values ('2010-2011', 'SEM-6', 'Laly Giguere', 'PHS-2', 11.32, 2.0, 'A', 2, 99);
insert into notes_details values ('2010-2011', 'SEM-6', 'Laly Giguere', 'PJT-2', 11.32, 3.33, 'A', 1, 1);
insert into notes_details values ('2010-2011', 'SEM-6', 'Laly Giguere', 'RMS-2', 11.32, 1.33, 'A', 0, 1);
insert into notes_details values ('2010-2011', 'SEM-6', 'Laly Giguere', 'RMS-2', 11.32, 3.67, 'A', 4, 2);
insert into notes_details values ('2010-2011', 'SEM-6', 'Laly Giguere', 'STG-2', 11.32, 2.67, 'A', 2, 1);
insert into notes_details values ('2010-2011', 'SEM-6', 'Laly Giguere', 'THS-2', 11.32, 3.67, 'A', 3, 1);
insert into notes_details values ('2011-2012', 'SEM-7', 'Laly Giguere', 'ASL-3', 11.32, 3.67, 'A', 2, 1);
insert into notes_details values ('2011-2012', 'SEM-7', 'Laly Giguere', 'DPP-3', 11.32, 1.33, 'A', 0, 1);
insert into notes_details values ('2011-2012', 'SEM-7', 'Laly Giguere', 'DPP-3', 11.32, 3.33, 'A', 2, 2);
insert into notes_details values ('2011-2012', 'SEM-7', 'Laly Giguere', 'EAO-31', 11.32, 4.0, 'A', 2, 1);
insert into notes_details values ('2011-2012', 'SEM-7', 'Laly Giguere', 'EAO-32', 11.32, 1.33, 'A', 0, 1);
insert into notes_details values ('2011-2012', 'SEM-7', 'Laly Giguere', 'EAO-32', 11.32, 3.33, 'A', 2, 2);
insert into notes_details values ('2011-2012', 'SEM-7', 'Laly Giguere', 'EAO-33', 11.32, 2.67, 'A', 2, 1);
insert into notes_details values ('2011-2012', 'SEM-7', 'Laly Giguere', 'EAO-34', 11.32, 3.0, 'A', 2, 1);
insert into notes_details values ('2011-2012', 'SEM-7', 'Laly Giguere', 'EAO-35', 11.32, 1.33, 'A', 0, 1);
insert into notes_details values ('2011-2012', 'SEM-7', 'Laly Giguere', 'EAO-35', 11.32, 2.33, 'A', 2, 99);
insert into notes_details values ('2011-2012', 'SEM-7', 'Laly Giguere', 'LCI-3', 11.32, 2.67, 'A', 3, 1);
insert into notes_details values ('2011-2012', 'SEM-7', 'Laly Giguere', 'MAT-3', 11.32, 2.0, 'A', 0, 1);
insert into notes_details values ('2011-2012', 'SEM-7', 'Laly Giguere', 'MAT-3', 11.32, 3.0, 'A', 3, 2);
insert into notes_details values ('2011-2012', 'SEM-7', 'Laly Giguere', 'MNG-3', 11.32, 2.33, 'A', 0, 1);
insert into notes_details values ('2011-2012', 'SEM-7', 'Laly Giguere', 'MNG-3', 11.32, 2.33, 'A', 0, 2);
insert into contentieux values ('2011-2012', 'SEM-7', 'Laly Giguere', 'MNG-3');
insert into notes_details values ('2011-2012', 'SEM-7', 'Laly Giguere', 'PJT-3', 11.32, 1.33, 'A', 0, 1);
insert into notes_details values ('2011-2012', 'SEM-7', 'Laly Giguere', 'PJT-3', 11.32, 1.33, 'A', 0, 2);
insert into contentieux values ('2011-2012', 'SEM-7', 'Laly Giguere', 'PJT-3');
insert into notes_details values ('2011-2012', 'SEM-7', 'Laly Giguere', 'STD-3', 11.32, 2.0, 'A', 0, 1);
insert into notes_details values ('2011-2012', 'SEM-7', 'Laly Giguere', 'STD-3', 11.32, 2.33, 'A', 0, 2);
insert into contentieux values ('2011-2012', 'SEM-7', 'Laly Giguere', 'STD-3');
insert into gpa values ('2010-2011', 'SEM-5', 'Laly Giguere', 3.69);
insert into gpa values ('2010-2011', 'SEM-6', 'Laly Giguere', 2.51);
insert into gpa values ('2011-2012', 'SEM-7', 'Laly Giguere', 3.19);
insert into eleves values ('Stanley Robinson', 1, 'S', 'Tres bien', 'MP', null, 'srobinson');
insert into notes_details values ('2011-2012', 'SEM-5', 'Stanley Robinson', 'ALG-1', 11.32, 3.0, 'A', 3, 1);
insert into notes_details values ('2011-2012', 'SEM-5', 'Stanley Robinson', 'DPP-1', 11.32, 3.67, 'A', 2, 1);
insert into notes_details values ('2011-2012', 'SEM-5', 'Stanley Robinson', 'ELE-1', 11.32, 2.33, 'A', 0, 1);
insert into notes_details values ('2011-2012', 'SEM-5', 'Stanley Robinson', 'ELE-1', 11.32, 3.0, 'A', 3, 2);
insert into notes_details values ('2011-2012', 'SEM-5', 'Stanley Robinson', 'INP-1', 11.32, 1.67, 'A', 0, 1);
insert into notes_details values ('2011-2012', 'SEM-5', 'Stanley Robinson', 'INP-1', 11.32, 3.33, 'A', 3, 2);
insert into notes_details values ('2011-2012', 'SEM-5', 'Stanley Robinson', 'LCI-1', 11.32, 1.67, 'A', 0, 1);
insert into notes_details values ('2011-2012', 'SEM-5', 'Stanley Robinson', 'LCI-1', 11.32, 2.67, 'A', 3, 2);
insert into notes_details values ('2011-2012', 'SEM-5', 'Stanley Robinson', 'MAT-1', 11.32, 3.67, 'A', 3, 1);
insert into notes_details values ('2011-2012', 'SEM-5', 'Stanley Robinson', 'MGP-1', 11.32, 4.0, 'A', 4, 1);
insert into notes_details values ('2011-2012', 'SEM-5', 'Stanley Robinson', 'PHO-1', 11.32, 3.33, 'A', 3, 1);
insert into notes_details values ('2011-2012', 'SEM-5', 'Stanley Robinson', 'PHQ-1', 11.32, 1.33, 'A', 0, 1);
insert into notes_details values ('2011-2012', 'SEM-5', 'Stanley Robinson', 'PHQ-1', 11.32, 2.67, 'A', 3, 2);
insert into notes_details values ('2011-2012', 'SEM-5', 'Stanley Robinson', 'SPM-1', 11.32, 2.33, 'A', 0, 1);
insert into notes_details values ('2011-2012', 'SEM-5', 'Stanley Robinson', 'SPM-1', 11.32, 1.67, 'A', 3, 99);
insert into notes_details values ('2011-2012', 'SEM-6', 'Stanley Robinson', 'DPP-2', 11.32, 3.33, 'A', 1, 1);
insert into notes_details values ('2011-2012', 'SEM-6', 'Stanley Robinson', 'EAO-2', 11.32, 3.33, 'A', 3, 1);
insert into notes_details values ('2011-2012', 'SEM-6', 'Stanley Robinson', 'ECO-2', 11.32, 3.67, 'A', 3, 1);
insert into notes_details values ('2011-2012', 'SEM-6', 'Stanley Robinson', 'LCI-2', 11.32, 3.33, 'A', 3, 1);
insert into notes_details values ('2011-2012', 'SEM-6', 'Stanley Robinson', 'MAT-2', 11.32, 1.33, 'A', 0, 1);
insert into notes_details values ('2011-2012', 'SEM-6', 'Stanley Robinson', 'MAT-2', 11.32, 3.0, 'A', 2, 2);
insert into notes_details values ('2011-2012', 'SEM-6', 'Stanley Robinson', 'MCO-2', 11.32, 3.0, 'A', 2, 1);
insert into notes_details values ('2011-2012', 'SEM-6', 'Stanley Robinson', 'MGP-2', 11.32, 1.0, 'A', 0, 1);
insert into notes_details values ('2011-2012', 'SEM-6', 'Stanley Robinson', 'MGP-2', 11.32, 2.33, 'A', 4, 99);
insert into notes_details values ('2011-2012', 'SEM-6', 'Stanley Robinson', 'PHS-2', 11.32, 3.67, 'A', 2, 1);
insert into notes_details values ('2011-2012', 'SEM-6', 'Stanley Robinson', 'PJT-2', 11.32, 3.33, 'A', 1, 1);
insert into notes_details values ('2011-2012', 'SEM-6', 'Stanley Robinson', 'RMS-2', 11.32, 1.0, 'A', 0, 1);
insert into notes_details values ('2011-2012', 'SEM-6', 'Stanley Robinson', 'RMS-2', 11.32, 2.67, 'A', 4, 2);
insert into notes_details values ('2011-2012', 'SEM-6', 'Stanley Robinson', 'STG-2', 11.32, 2.0, 'A', 0, 1);
insert into notes_details values ('2011-2012', 'SEM-6', 'Stanley Robinson', 'STG-2', 11.32, 3.67, 'A', 2, 2);
insert into notes_details values ('2011-2012', 'SEM-6', 'Stanley Robinson', 'THS-2', 11.32, 1.67, 'A', 0, 1);
insert into notes_details values ('2011-2012', 'SEM-6', 'Stanley Robinson', 'THS-2', 11.32, 3.67, 'A', 3, 2);
insert into notes_details values ('2012-2013', 'SEM-7', 'Stanley Robinson', 'ASL-3', 11.32, 2.0, 'A', 0, 1);
insert into notes_details values ('2012-2013', 'SEM-7', 'Stanley Robinson', 'ASL-3', 11.32, 2.67, 'A', 2, 2);
insert into notes_details values ('2012-2013', 'SEM-7', 'Stanley Robinson', 'DPP-3', 11.32, 1.33, 'A', 0, 1);
insert into notes_details values ('2012-2013', 'SEM-7', 'Stanley Robinson', 'DPP-3', 11.32, 1.67, 'A', 0, 2);
insert into contentieux values ('2012-2013', 'SEM-7', 'Stanley Robinson', 'DPP-3');
insert into notes_details values ('2012-2013', 'SEM-7', 'Stanley Robinson', 'EAO-31', 11.32, 1.33, 'A', 0, 1);
insert into notes_details values ('2012-2013', 'SEM-7', 'Stanley Robinson', 'EAO-31', 11.32, 3.67, 'A', 2, 2);
insert into notes_details values ('2012-2013', 'SEM-7', 'Stanley Robinson', 'EAO-32', 11.32, 3.33, 'A', 2, 1);
insert into notes_details values ('2012-2013', 'SEM-7', 'Stanley Robinson', 'EAO-33', 11.32, 3.0, 'A', 2, 1);
insert into notes_details values ('2012-2013', 'SEM-7', 'Stanley Robinson', 'EAO-34', 11.32, 4.0, 'A', 2, 1);
insert into notes_details values ('2012-2013', 'SEM-7', 'Stanley Robinson', 'EAO-35', 11.32, 1.67, 'A', 0, 1);
insert into notes_details values ('2012-2013', 'SEM-7', 'Stanley Robinson', 'EAO-35', 11.32, 2.33, 'A', 0, 2);
insert into contentieux values ('2012-2013', 'SEM-7', 'Stanley Robinson', 'EAO-35');
insert into notes_details values ('2012-2013', 'SEM-7', 'Stanley Robinson', 'LCI-3', 11.32, 2.67, 'A', 3, 1);
insert into notes_details values ('2012-2013', 'SEM-7', 'Stanley Robinson', 'MAT-3', 11.32, 1.33, 'A', 0, 1);
insert into notes_details values ('2012-2013', 'SEM-7', 'Stanley Robinson', 'MAT-3', 11.32, 1.33, 'A', 0, 2);
insert into contentieux values ('2012-2013', 'SEM-7', 'Stanley Robinson', 'MAT-3');
insert into notes_details values ('2012-2013', 'SEM-7', 'Stanley Robinson', 'MNG-3', 11.32, 3.33, 'A', 3, 1);
insert into notes_details values ('2012-2013', 'SEM-7', 'Stanley Robinson', 'PJT-3', 11.32, 2.0, 'A', 0, 1);
insert into notes_details values ('2012-2013', 'SEM-7', 'Stanley Robinson', 'PJT-3', 11.32, 4.0, 'A', 5, 2);
insert into notes_details values ('2012-2013', 'SEM-7', 'Stanley Robinson', 'STD-3', 11.32, 1.33, 'A', 0, 1);
insert into notes_details values ('2012-2013', 'SEM-7', 'Stanley Robinson', 'STD-3', 11.32, 3.67, 'A', 2, 2);
insert into gpa values ('2011-2012', 'SEM-5', 'Stanley Robinson', 2.13);
insert into gpa values ('2011-2012', 'SEM-6', 'Stanley Robinson', 2.13);
insert into gpa values ('2012-2013', 'SEM-7', 'Stanley Robinson', 3.93);
insert into eleves values ('Pascalle Robert', 1, 'S', 'Tres bien', 'MP', null, 'probert');
insert into notes_details values ('2010-2011', 'SEM-5', 'Pascalle Robert', 'ALG-1', 11.32, 1.0, 'A', 0, 1);
insert into notes_details values ('2010-2011', 'SEM-5', 'Pascalle Robert', 'ALG-1', 11.32, 3.33, 'A', 3, 2);
insert into notes_details values ('2010-2011', 'SEM-5', 'Pascalle Robert', 'DPP-1', 11.32, 3.0, 'A', 2, 1);
insert into notes_details values ('2010-2011', 'SEM-5', 'Pascalle Robert', 'ELE-1', 11.32, 4.0, 'A', 3, 1);
insert into notes_details values ('2010-2011', 'SEM-5', 'Pascalle Robert', 'INP-1', 11.32, 2.33, 'A', 0, 1);
insert into notes_details values ('2010-2011', 'SEM-5', 'Pascalle Robert', 'INP-1', 11.32, 2.33, 'A', 3, 99);
insert into notes_details values ('2010-2011', 'SEM-5', 'Pascalle Robert', 'LCI-1', 11.32, 2.67, 'A', 3, 1);
insert into notes_details values ('2010-2011', 'SEM-5', 'Pascalle Robert', 'MAT-1', 11.32, 1.33, 'A', 0, 1);
insert into notes_details values ('2010-2011', 'SEM-5', 'Pascalle Robert', 'MAT-1', 11.32, 3.67, 'A', 3, 2);
insert into notes_details values ('2010-2011', 'SEM-5', 'Pascalle Robert', 'MGP-1', 11.32, 3.67, 'A', 4, 1);
insert into notes_details values ('2010-2011', 'SEM-5', 'Pascalle Robert', 'PHO-1', 11.32, 3.0, 'A', 3, 1);
insert into notes_details values ('2010-2011', 'SEM-5', 'Pascalle Robert', 'PHQ-1', 11.32, 1.67, 'A', 0, 1);
insert into notes_details values ('2010-2011', 'SEM-5', 'Pascalle Robert', 'PHQ-1', 11.32, 3.0, 'A', 3, 2);
insert into notes_details values ('2010-2011', 'SEM-5', 'Pascalle Robert', 'SPM-1', 11.32, 3.0, 'A', 3, 1);
insert into notes_details values ('2010-2011', 'SEM-6', 'Pascalle Robert', 'DPP-2', 11.32, 3.0, 'A', 1, 1);
insert into notes_details values ('2010-2011', 'SEM-6', 'Pascalle Robert', 'EAO-2', 11.32, 4.0, 'A', 3, 1);
insert into notes_details values ('2010-2011', 'SEM-6', 'Pascalle Robert', 'ECO-2', 11.32, 1.33, 'A', 0, 1);
insert into notes_details values ('2010-2011', 'SEM-6', 'Pascalle Robert', 'ECO-2', 11.32, 3.33, 'A', 3, 2);
insert into notes_details values ('2010-2011', 'SEM-6', 'Pascalle Robert', 'LCI-2', 11.32, 4.0, 'A', 3, 1);
insert into notes_details values ('2010-2011', 'SEM-6', 'Pascalle Robert', 'MAT-2', 11.32, 1.0, 'A', 0, 1);
insert into notes_details values ('2010-2011', 'SEM-6', 'Pascalle Robert', 'MAT-2', 11.32, 2.0, 'A', 2, 99);
insert into notes_details values ('2010-2011', 'SEM-6', 'Pascalle Robert', 'MCO-2', 11.32, 2.0, 'A', 0, 1);
insert into notes_details values ('2010-2011', 'SEM-6', 'Pascalle Robert', 'MCO-2', 11.32, 4.0, 'A', 2, 2);
insert into notes_details values ('2010-2011', 'SEM-6', 'Pascalle Robert', 'MGP-2', 11.32, 1.0, 'A', 0, 1);
insert into notes_details values ('2010-2011', 'SEM-6', 'Pascalle Robert', 'MGP-2', 11.32, 3.0, 'A', 4, 2);
insert into notes_details values ('2010-2011', 'SEM-6', 'Pascalle Robert', 'PHS-2', 11.32, 2.0, 'A', 0, 1);
insert into notes_details values ('2010-2011', 'SEM-6', 'Pascalle Robert', 'PHS-2', 11.32, 3.0, 'A', 2, 2);
insert into notes_details values ('2010-2011', 'SEM-6', 'Pascalle Robert', 'PJT-2', 11.32, 2.67, 'A', 1, 1);
insert into notes_details values ('2010-2011', 'SEM-6', 'Pascalle Robert', 'RMS-2', 11.32, 1.0, 'A', 0, 1);
insert into notes_details values ('2010-2011', 'SEM-6', 'Pascalle Robert', 'RMS-2', 11.32, 4.0, 'A', 4, 2);
insert into notes_details values ('2010-2011', 'SEM-6', 'Pascalle Robert', 'STG-2', 11.32, 2.67, 'A', 2, 1);
insert into notes_details values ('2010-2011', 'SEM-6', 'Pascalle Robert', 'THS-2', 11.32, 2.67, 'A', 3, 1);
insert into notes_details values ('2011-2012', 'SEM-7', 'Pascalle Robert', 'ASL-3', 11.32, 4.0, 'A', 2, 1);
insert into notes_details values ('2011-2012', 'SEM-7', 'Pascalle Robert', 'DPP-3', 11.32, 1.0, 'A', 0, 1);
insert into notes_details values ('2011-2012', 'SEM-7', 'Pascalle Robert', 'DPP-3', 11.32, 1.67, 'A', 0, 2);
insert into contentieux values ('2011-2012', 'SEM-7', 'Pascalle Robert', 'DPP-3');
insert into notes_details values ('2011-2012', 'SEM-7', 'Pascalle Robert', 'EAO-31', 11.32, 3.33, 'A', 2, 1);
insert into notes_details values ('2011-2012', 'SEM-7', 'Pascalle Robert', 'EAO-32', 11.32, 3.33, 'A', 2, 1);
insert into notes_details values ('2011-2012', 'SEM-7', 'Pascalle Robert', 'EAO-33', 11.32, 2.33, 'A', 0, 1);
insert into notes_details values ('2011-2012', 'SEM-7', 'Pascalle Robert', 'EAO-33', 11.32, 4.0, 'A', 2, 2);
insert into notes_details values ('2011-2012', 'SEM-7', 'Pascalle Robert', 'EAO-34', 11.32, 2.33, 'A', 0, 1);
insert into notes_details values ('2011-2012', 'SEM-7', 'Pascalle Robert', 'EAO-34', 11.32, 2.0, 'A', 2, 99);
insert into notes_details values ('2011-2012', 'SEM-7', 'Pascalle Robert', 'EAO-35', 11.32, 3.67, 'A', 2, 1);
insert into notes_details values ('2011-2012', 'SEM-7', 'Pascalle Robert', 'LCI-3', 11.32, 1.33, 'A', 0, 1);
insert into notes_details values ('2011-2012', 'SEM-7', 'Pascalle Robert', 'LCI-3', 11.32, 3.0, 'A', 3, 2);
insert into notes_details values ('2011-2012', 'SEM-7', 'Pascalle Robert', 'MAT-3', 11.32, 2.33, 'A', 0, 1);
insert into notes_details values ('2011-2012', 'SEM-7', 'Pascalle Robert', 'MAT-3', 11.32, 2.33, 'A', 0, 2);
insert into contentieux values ('2011-2012', 'SEM-7', 'Pascalle Robert', 'MAT-3');
insert into notes_details values ('2011-2012', 'SEM-7', 'Pascalle Robert', 'MNG-3', 11.32, 1.67, 'A', 0, 1);
insert into notes_details values ('2011-2012', 'SEM-7', 'Pascalle Robert', 'MNG-3', 11.32, 1.67, 'A', 0, 2);
insert into contentieux values ('2011-2012', 'SEM-7', 'Pascalle Robert', 'MNG-3');
insert into notes_details values ('2011-2012', 'SEM-7', 'Pascalle Robert', 'PJT-3', 11.32, 3.33, 'A', 5, 1);
insert into notes_details values ('2011-2012', 'SEM-7', 'Pascalle Robert', 'STD-3', 11.32, 4.0, 'A', 2, 1);
insert into gpa values ('2010-2011', 'SEM-5', 'Pascalle Robert', 2.29);
insert into gpa values ('2010-2011', 'SEM-6', 'Pascalle Robert', 3.9);
insert into gpa values ('2011-2012', 'SEM-7', 'Pascalle Robert', 2.01);
insert into eleves values ('Baldric Rivaldo', 1, 'S', 'Tres bien', 'MP', null, 'brivaldo');
insert into notes_details values ('2011-2012', 'SEM-5', 'Baldric Rivaldo', 'ALG-1', 11.32, 4.0, 'A', 3, 1);
insert into notes_details values ('2011-2012', 'SEM-5', 'Baldric Rivaldo', 'DPP-1', 11.32, 2.67, 'A', 2, 1);
insert into notes_details values ('2011-2012', 'SEM-5', 'Baldric Rivaldo', 'ELE-1', 11.32, 1.33, 'A', 0, 1);
insert into notes_details values ('2011-2012', 'SEM-5', 'Baldric Rivaldo', 'ELE-1', 11.32, 2.33, 'A', 3, 99);
insert into notes_details values ('2011-2012', 'SEM-5', 'Baldric Rivaldo', 'INP-1', 11.32, 1.67, 'A', 0, 1);
insert into notes_details values ('2011-2012', 'SEM-5', 'Baldric Rivaldo', 'INP-1', 11.32, 3.67, 'A', 3, 2);
insert into notes_details values ('2011-2012', 'SEM-5', 'Baldric Rivaldo', 'LCI-1', 11.32, 3.67, 'A', 3, 1);
insert into notes_details values ('2011-2012', 'SEM-5', 'Baldric Rivaldo', 'MAT-1', 11.32, 4.0, 'A', 3, 1);
insert into notes_details values ('2011-2012', 'SEM-5', 'Baldric Rivaldo', 'MGP-1', 11.32, 4.0, 'A', 4, 1);
insert into notes_details values ('2011-2012', 'SEM-5', 'Baldric Rivaldo', 'PHO-1', 11.32, 3.0, 'A', 3, 1);
insert into notes_details values ('2011-2012', 'SEM-5', 'Baldric Rivaldo', 'PHQ-1', 11.32, 1.67, 'A', 0, 1);
insert into notes_details values ('2011-2012', 'SEM-5', 'Baldric Rivaldo', 'PHQ-1', 11.32, 2.67, 'A', 3, 2);
insert into notes_details values ('2011-2012', 'SEM-5', 'Baldric Rivaldo', 'SPM-1', 11.32, 3.67, 'A', 3, 1);
insert into notes_details values ('2011-2012', 'SEM-6', 'Baldric Rivaldo', 'DPP-2', 11.32, 4.0, 'A', 1, 1);
insert into notes_details values ('2011-2012', 'SEM-6', 'Baldric Rivaldo', 'EAO-2', 11.32, 2.67, 'A', 3, 1);
insert into notes_details values ('2011-2012', 'SEM-6', 'Baldric Rivaldo', 'ECO-2', 11.32, 1.67, 'A', 0, 1);
insert into notes_details values ('2011-2012', 'SEM-6', 'Baldric Rivaldo', 'ECO-2', 11.32, 2.67, 'A', 3, 2);
insert into notes_details values ('2011-2012', 'SEM-6', 'Baldric Rivaldo', 'LCI-2', 11.32, 2.0, 'A', 0, 1);
insert into notes_details values ('2011-2012', 'SEM-6', 'Baldric Rivaldo', 'LCI-2', 11.32, 1.67, 'A', 3, 99);
insert into notes_details values ('2011-2012', 'SEM-6', 'Baldric Rivaldo', 'MAT-2', 11.32, 2.0, 'A', 0, 1);
insert into notes_details values ('2011-2012', 'SEM-6', 'Baldric Rivaldo', 'MAT-2', 11.32, 2.67, 'A', 2, 2);
insert into notes_details values ('2011-2012', 'SEM-6', 'Baldric Rivaldo', 'MCO-2', 11.32, 1.0, 'A', 0, 1);
insert into notes_details values ('2011-2012', 'SEM-6', 'Baldric Rivaldo', 'MCO-2', 11.32, 2.67, 'A', 2, 2);
insert into notes_details values ('2011-2012', 'SEM-6', 'Baldric Rivaldo', 'MGP-2', 11.32, 3.67, 'A', 4, 1);
insert into notes_details values ('2011-2012', 'SEM-6', 'Baldric Rivaldo', 'PHS-2', 11.32, 3.0, 'A', 2, 1);
insert into notes_details values ('2011-2012', 'SEM-6', 'Baldric Rivaldo', 'PJT-2', 11.32, 1.67, 'A', 0, 1);
insert into notes_details values ('2011-2012', 'SEM-6', 'Baldric Rivaldo', 'PJT-2', 11.32, 3.0, 'A', 1, 2);
insert into notes_details values ('2011-2012', 'SEM-6', 'Baldric Rivaldo', 'RMS-2', 11.32, 3.67, 'A', 4, 1);
insert into notes_details values ('2011-2012', 'SEM-6', 'Baldric Rivaldo', 'STG-2', 11.32, 1.33, 'A', 0, 1);
insert into notes_details values ('2011-2012', 'SEM-6', 'Baldric Rivaldo', 'STG-2', 11.32, 4.0, 'A', 2, 2);
insert into notes_details values ('2011-2012', 'SEM-6', 'Baldric Rivaldo', 'THS-2', 11.32, 1.33, 'A', 0, 1);
insert into notes_details values ('2011-2012', 'SEM-6', 'Baldric Rivaldo', 'THS-2', 11.32, 4.0, 'A', 3, 2);
insert into notes_details values ('2012-2013', 'SEM-7', 'Baldric Rivaldo', 'ASL-3', 11.32, 1.0, 'A', 0, 1);
insert into notes_details values ('2012-2013', 'SEM-7', 'Baldric Rivaldo', 'ASL-3', 11.32, 3.67, 'A', 2, 2);
insert into notes_details values ('2012-2013', 'SEM-7', 'Baldric Rivaldo', 'DPP-3', 11.32, 2.0, 'A', 0, 1);
insert into notes_details values ('2012-2013', 'SEM-7', 'Baldric Rivaldo', 'DPP-3', 11.32, 2.33, 'A', 0, 2);
insert into contentieux values ('2012-2013', 'SEM-7', 'Baldric Rivaldo', 'DPP-3');
insert into notes_details values ('2012-2013', 'SEM-7', 'Baldric Rivaldo', 'EAO-31', 11.32, 1.67, 'A', 0, 1);
insert into notes_details values ('2012-2013', 'SEM-7', 'Baldric Rivaldo', 'EAO-31', 11.32, 1.0, 'A', 0, 2);
insert into contentieux values ('2012-2013', 'SEM-7', 'Baldric Rivaldo', 'EAO-31');
insert into notes_details values ('2012-2013', 'SEM-7', 'Baldric Rivaldo', 'EAO-32', 11.32, 2.33, 'A', 0, 1);
insert into notes_details values ('2012-2013', 'SEM-7', 'Baldric Rivaldo', 'EAO-32', 11.32, 3.67, 'A', 2, 2);
insert into notes_details values ('2012-2013', 'SEM-7', 'Baldric Rivaldo', 'EAO-33', 11.32, 1.33, 'A', 0, 1);
insert into notes_details values ('2012-2013', 'SEM-7', 'Baldric Rivaldo', 'EAO-33', 11.32, 2.67, 'A', 2, 2);
insert into notes_details values ('2012-2013', 'SEM-7', 'Baldric Rivaldo', 'EAO-34', 11.32, 1.67, 'A', 0, 1);
insert into notes_details values ('2012-2013', 'SEM-7', 'Baldric Rivaldo', 'EAO-34', 11.32, 3.33, 'A', 2, 2);
insert into notes_details values ('2012-2013', 'SEM-7', 'Baldric Rivaldo', 'EAO-35', 11.32, 1.67, 'A', 0, 1);
insert into notes_details values ('2012-2013', 'SEM-7', 'Baldric Rivaldo', 'EAO-35', 11.32, 3.67, 'A', 2, 2);
insert into notes_details values ('2012-2013', 'SEM-7', 'Baldric Rivaldo', 'LCI-3', 11.32, 2.0, 'A', 0, 1);
insert into notes_details values ('2012-2013', 'SEM-7', 'Baldric Rivaldo', 'LCI-3', 11.32, 3.0, 'A', 3, 2);
insert into notes_details values ('2012-2013', 'SEM-7', 'Baldric Rivaldo', 'MAT-3', 11.32, 2.0, 'A', 0, 1);
insert into notes_details values ('2012-2013', 'SEM-7', 'Baldric Rivaldo', 'MAT-3', 11.32, 3.0, 'A', 3, 2);
insert into notes_details values ('2012-2013', 'SEM-7', 'Baldric Rivaldo', 'MNG-3', 11.32, 2.33, 'A', 0, 1);
insert into notes_details values ('2012-2013', 'SEM-7', 'Baldric Rivaldo', 'MNG-3', 11.32, 3.33, 'A', 3, 2);
insert into notes_details values ('2012-2013', 'SEM-7', 'Baldric Rivaldo', 'PJT-3', 11.32, 3.67, 'A', 5, 1);
insert into notes_details values ('2012-2013', 'SEM-7', 'Baldric Rivaldo', 'STD-3', 11.32, 3.33, 'A', 2, 1);
insert into gpa values ('2011-2012', 'SEM-5', 'Baldric Rivaldo', 2.05);
insert into gpa values ('2011-2012', 'SEM-6', 'Baldric Rivaldo', 3.94);
insert into gpa values ('2012-2013', 'SEM-7', 'Baldric Rivaldo', 2.83);
insert into eleves values ('Chloe Le Gall', 1, 'S', 'Tres bien', 'MP', null, 'cle gall');
insert into notes_details values ('2010-2011', 'SEM-5', 'Chloe Le Gall', 'ALG-1', 11.32, 2.33, 'A', 0, 1);
insert into notes_details values ('2010-2011', 'SEM-5', 'Chloe Le Gall', 'ALG-1', 11.32, 2.67, 'A', 3, 2);
insert into notes_details values ('2010-2011', 'SEM-5', 'Chloe Le Gall', 'DPP-1', 11.32, 3.33, 'A', 2, 1);
insert into notes_details values ('2010-2011', 'SEM-5', 'Chloe Le Gall', 'ELE-1', 11.32, 1.0, 'A', 0, 1);
insert into notes_details values ('2010-2011', 'SEM-5', 'Chloe Le Gall', 'ELE-1', 11.32, 3.67, 'A', 3, 2);
insert into notes_details values ('2010-2011', 'SEM-5', 'Chloe Le Gall', 'INP-1', 11.32, 1.33, 'A', 0, 1);
insert into notes_details values ('2010-2011', 'SEM-5', 'Chloe Le Gall', 'INP-1', 11.32, 4.0, 'A', 3, 2);
insert into notes_details values ('2010-2011', 'SEM-5', 'Chloe Le Gall', 'LCI-1', 11.32, 4.0, 'A', 3, 1);
insert into notes_details values ('2010-2011', 'SEM-5', 'Chloe Le Gall', 'MAT-1', 11.32, 1.0, 'A', 0, 1);
insert into notes_details values ('2010-2011', 'SEM-5', 'Chloe Le Gall', 'MAT-1', 11.32, 3.33, 'A', 3, 2);
insert into notes_details values ('2010-2011', 'SEM-5', 'Chloe Le Gall', 'MGP-1', 11.32, 1.67, 'A', 0, 1);
insert into notes_details values ('2010-2011', 'SEM-5', 'Chloe Le Gall', 'MGP-1', 11.32, 3.67, 'A', 4, 2);
insert into notes_details values ('2010-2011', 'SEM-5', 'Chloe Le Gall', 'PHO-1', 11.32, 3.67, 'A', 3, 1);
insert into notes_details values ('2010-2011', 'SEM-5', 'Chloe Le Gall', 'PHQ-1', 11.32, 1.0, 'A', 0, 1);
insert into notes_details values ('2010-2011', 'SEM-5', 'Chloe Le Gall', 'PHQ-1', 11.32, 4.0, 'A', 3, 2);
insert into notes_details values ('2010-2011', 'SEM-5', 'Chloe Le Gall', 'SPM-1', 11.32, 1.67, 'A', 0, 1);
insert into notes_details values ('2010-2011', 'SEM-5', 'Chloe Le Gall', 'SPM-1', 11.32, 2.67, 'A', 3, 2);
insert into notes_details values ('2010-2011', 'SEM-6', 'Chloe Le Gall', 'DPP-2', 11.32, 1.33, 'A', 0, 1);
insert into notes_details values ('2010-2011', 'SEM-6', 'Chloe Le Gall', 'DPP-2', 11.32, 3.33, 'A', 1, 2);
insert into notes_details values ('2010-2011', 'SEM-6', 'Chloe Le Gall', 'EAO-2', 11.32, 4.0, 'A', 3, 1);
insert into notes_details values ('2010-2011', 'SEM-6', 'Chloe Le Gall', 'ECO-2', 11.32, 1.67, 'A', 0, 1);
insert into notes_details values ('2010-2011', 'SEM-6', 'Chloe Le Gall', 'ECO-2', 11.32, 1.33, 'A', 3, 99);
insert into notes_details values ('2010-2011', 'SEM-6', 'Chloe Le Gall', 'LCI-2', 11.32, 1.0, 'A', 0, 1);
insert into notes_details values ('2010-2011', 'SEM-6', 'Chloe Le Gall', 'LCI-2', 11.32, 3.0, 'A', 3, 2);
insert into notes_details values ('2010-2011', 'SEM-6', 'Chloe Le Gall', 'MAT-2', 11.32, 1.0, 'A', 0, 1);
insert into notes_details values ('2010-2011', 'SEM-6', 'Chloe Le Gall', 'MAT-2', 11.32, 3.0, 'A', 2, 2);
insert into notes_details values ('2010-2011', 'SEM-6', 'Chloe Le Gall', 'MCO-2', 11.32, 3.0, 'A', 2, 1);
insert into notes_details values ('2010-2011', 'SEM-6', 'Chloe Le Gall', 'MGP-2', 11.32, 3.0, 'A', 4, 1);
insert into notes_details values ('2010-2011', 'SEM-6', 'Chloe Le Gall', 'PHS-2', 11.32, 2.0, 'A', 0, 1);
insert into notes_details values ('2010-2011', 'SEM-6', 'Chloe Le Gall', 'PHS-2', 11.32, 2.67, 'A', 2, 2);
insert into notes_details values ('2010-2011', 'SEM-6', 'Chloe Le Gall', 'PJT-2', 11.32, 2.67, 'A', 1, 1);
insert into notes_details values ('2010-2011', 'SEM-6', 'Chloe Le Gall', 'RMS-2', 11.32, 3.67, 'A', 4, 1);
insert into notes_details values ('2010-2011', 'SEM-6', 'Chloe Le Gall', 'STG-2', 11.32, 3.33, 'A', 2, 1);
insert into notes_details values ('2010-2011', 'SEM-6', 'Chloe Le Gall', 'THS-2', 11.32, 3.0, 'A', 3, 1);
insert into notes_details values ('2011-2012', 'SEM-7', 'Chloe Le Gall', 'ASL-3', 11.32, 3.67, 'A', 2, 1);
insert into notes_details values ('2011-2012', 'SEM-7', 'Chloe Le Gall', 'DPP-3', 11.32, 1.0, 'A', 0, 1);
insert into notes_details values ('2011-2012', 'SEM-7', 'Chloe Le Gall', 'DPP-3', 11.32, 2.33, 'A', 0, 2);
insert into contentieux values ('2011-2012', 'SEM-7', 'Chloe Le Gall', 'DPP-3');
insert into notes_details values ('2011-2012', 'SEM-7', 'Chloe Le Gall', 'EAO-31', 11.32, 2.33, 'A', 0, 1);
insert into notes_details values ('2011-2012', 'SEM-7', 'Chloe Le Gall', 'EAO-31', 11.32, 3.0, 'A', 2, 2);
insert into notes_details values ('2011-2012', 'SEM-7', 'Chloe Le Gall', 'EAO-32', 11.32, 1.33, 'A', 0, 1);
insert into notes_details values ('2011-2012', 'SEM-7', 'Chloe Le Gall', 'EAO-32', 11.32, 1.67, 'A', 0, 2);
insert into contentieux values ('2011-2012', 'SEM-7', 'Chloe Le Gall', 'EAO-32');
insert into notes_details values ('2011-2012', 'SEM-7', 'Chloe Le Gall', 'EAO-33', 11.32, 2.0, 'A', 0, 1);
insert into notes_details values ('2011-2012', 'SEM-7', 'Chloe Le Gall', 'EAO-33', 11.32, 4.0, 'A', 2, 2);
insert into notes_details values ('2011-2012', 'SEM-7', 'Chloe Le Gall', 'EAO-34', 11.32, 2.0, 'A', 0, 1);
insert into notes_details values ('2011-2012', 'SEM-7', 'Chloe Le Gall', 'EAO-34', 11.32, 1.0, 'A', 2, 99);
insert into notes_details values ('2011-2012', 'SEM-7', 'Chloe Le Gall', 'EAO-35', 11.32, 2.0, 'A', 0, 1);
insert into notes_details values ('2011-2012', 'SEM-7', 'Chloe Le Gall', 'EAO-35', 11.32, 1.33, 'A', 0, 2);
insert into contentieux values ('2011-2012', 'SEM-7', 'Chloe Le Gall', 'EAO-35');
insert into notes_details values ('2011-2012', 'SEM-7', 'Chloe Le Gall', 'LCI-3', 11.32, 1.67, 'A', 0, 1);
insert into notes_details values ('2011-2012', 'SEM-7', 'Chloe Le Gall', 'LCI-3', 11.32, 3.33, 'A', 3, 2);
insert into notes_details values ('2011-2012', 'SEM-7', 'Chloe Le Gall', 'MAT-3', 11.32, 4.0, 'A', 3, 1);
insert into notes_details values ('2011-2012', 'SEM-7', 'Chloe Le Gall', 'MNG-3', 11.32, 1.0, 'A', 0, 1);
insert into notes_details values ('2011-2012', 'SEM-7', 'Chloe Le Gall', 'MNG-3', 11.32, 2.0, 'A', 0, 2);
insert into contentieux values ('2011-2012', 'SEM-7', 'Chloe Le Gall', 'MNG-3');
insert into notes_details values ('2011-2012', 'SEM-7', 'Chloe Le Gall', 'PJT-3', 11.32, 2.33, 'A', 0, 1);
insert into notes_details values ('2011-2012', 'SEM-7', 'Chloe Le Gall', 'PJT-3', 11.32, 4.0, 'A', 5, 2);
insert into notes_details values ('2011-2012', 'SEM-7', 'Chloe Le Gall', 'STD-3', 11.32, 1.67, 'A', 0, 1);
insert into notes_details values ('2011-2012', 'SEM-7', 'Chloe Le Gall', 'STD-3', 11.32, 3.0, 'A', 2, 2);
insert into gpa values ('2010-2011', 'SEM-5', 'Chloe Le Gall', 3.36);
insert into gpa values ('2010-2011', 'SEM-6', 'Chloe Le Gall', 3.96);
insert into gpa values ('2011-2012', 'SEM-7', 'Chloe Le Gall', 3.65);
insert into eleves values ('Martin Dufresnes', 1, 'S', 'Tres bien', 'MP', null, 'mdufresnes');
insert into notes_details values ('2011-2012', 'SEM-5', 'Martin Dufresnes', 'ALG-1', 11.32, 2.67, 'A', 3, 1);
insert into notes_details values ('2011-2012', 'SEM-5', 'Martin Dufresnes', 'DPP-1', 11.32, 1.33, 'A', 0, 1);
insert into notes_details values ('2011-2012', 'SEM-5', 'Martin Dufresnes', 'DPP-1', 11.32, 3.0, 'A', 2, 2);
insert into notes_details values ('2011-2012', 'SEM-5', 'Martin Dufresnes', 'ELE-1', 11.32, 1.67, 'A', 0, 1);
insert into notes_details values ('2011-2012', 'SEM-5', 'Martin Dufresnes', 'ELE-1', 11.32, 3.0, 'A', 3, 2);
insert into notes_details values ('2011-2012', 'SEM-5', 'Martin Dufresnes', 'INP-1', 11.32, 2.67, 'A', 3, 1);
insert into notes_details values ('2011-2012', 'SEM-5', 'Martin Dufresnes', 'LCI-1', 11.32, 1.33, 'A', 0, 1);
insert into notes_details values ('2011-2012', 'SEM-5', 'Martin Dufresnes', 'LCI-1', 11.32, 1.67, 'A', 3, 99);
insert into notes_details values ('2011-2012', 'SEM-5', 'Martin Dufresnes', 'MAT-1', 11.32, 2.67, 'A', 3, 1);
insert into notes_details values ('2011-2012', 'SEM-5', 'Martin Dufresnes', 'MGP-1', 11.32, 1.0, 'A', 0, 1);
insert into notes_details values ('2011-2012', 'SEM-5', 'Martin Dufresnes', 'MGP-1', 11.32, 3.0, 'A', 4, 2);
insert into notes_details values ('2011-2012', 'SEM-5', 'Martin Dufresnes', 'PHO-1', 11.32, 3.0, 'A', 3, 1);
insert into notes_details values ('2011-2012', 'SEM-5', 'Martin Dufresnes', 'PHQ-1', 11.32, 1.67, 'A', 0, 1);
insert into notes_details values ('2011-2012', 'SEM-5', 'Martin Dufresnes', 'PHQ-1', 11.32, 2.33, 'A', 3, 99);
insert into notes_details values ('2011-2012', 'SEM-5', 'Martin Dufresnes', 'SPM-1', 11.32, 4.0, 'A', 3, 1);
insert into notes_details values ('2011-2012', 'SEM-6', 'Martin Dufresnes', 'DPP-2', 11.32, 2.33, 'A', 0, 1);
insert into notes_details values ('2011-2012', 'SEM-6', 'Martin Dufresnes', 'DPP-2', 11.32, 1.67, 'A', 1, 99);
insert into notes_details values ('2011-2012', 'SEM-6', 'Martin Dufresnes', 'EAO-2', 11.32, 4.0, 'A', 3, 1);
insert into notes_details values ('2011-2012', 'SEM-6', 'Martin Dufresnes', 'ECO-2', 11.32, 4.0, 'A', 3, 1);
insert into notes_details values ('2011-2012', 'SEM-6', 'Martin Dufresnes', 'LCI-2', 11.32, 3.67, 'A', 3, 1);
insert into notes_details values ('2011-2012', 'SEM-6', 'Martin Dufresnes', 'MAT-2', 11.32, 1.67, 'A', 0, 1);
insert into notes_details values ('2011-2012', 'SEM-6', 'Martin Dufresnes', 'MAT-2', 11.32, 4.0, 'A', 2, 2);
insert into notes_details values ('2011-2012', 'SEM-6', 'Martin Dufresnes', 'MCO-2', 11.32, 2.0, 'A', 0, 1);
insert into notes_details values ('2011-2012', 'SEM-6', 'Martin Dufresnes', 'MCO-2', 11.32, 3.67, 'A', 2, 2);
insert into notes_details values ('2011-2012', 'SEM-6', 'Martin Dufresnes', 'MGP-2', 11.32, 3.0, 'A', 4, 1);
insert into notes_details values ('2011-2012', 'SEM-6', 'Martin Dufresnes', 'PHS-2', 11.32, 3.0, 'A', 2, 1);
insert into notes_details values ('2011-2012', 'SEM-6', 'Martin Dufresnes', 'PJT-2', 11.32, 1.67, 'A', 0, 1);
insert into notes_details values ('2011-2012', 'SEM-6', 'Martin Dufresnes', 'PJT-2', 11.32, 3.0, 'A', 1, 2);
insert into notes_details values ('2011-2012', 'SEM-6', 'Martin Dufresnes', 'RMS-2', 11.32, 1.0, 'A', 0, 1);
insert into notes_details values ('2011-2012', 'SEM-6', 'Martin Dufresnes', 'RMS-2', 11.32, 3.0, 'A', 4, 2);
insert into notes_details values ('2011-2012', 'SEM-6', 'Martin Dufresnes', 'STG-2', 11.32, 2.67, 'A', 2, 1);
insert into notes_details values ('2011-2012', 'SEM-6', 'Martin Dufresnes', 'THS-2', 11.32, 3.33, 'A', 3, 1);
insert into notes_details values ('2012-2013', 'SEM-7', 'Martin Dufresnes', 'ASL-3', 11.32, 1.67, 'A', 0, 1);
insert into notes_details values ('2012-2013', 'SEM-7', 'Martin Dufresnes', 'ASL-3', 11.32, 4.0, 'A', 2, 2);
insert into notes_details values ('2012-2013', 'SEM-7', 'Martin Dufresnes', 'DPP-3', 11.32, 1.33, 'A', 0, 1);
insert into notes_details values ('2012-2013', 'SEM-7', 'Martin Dufresnes', 'DPP-3', 11.32, 2.0, 'A', 0, 2);
insert into contentieux values ('2012-2013', 'SEM-7', 'Martin Dufresnes', 'DPP-3');
insert into notes_details values ('2012-2013', 'SEM-7', 'Martin Dufresnes', 'EAO-31', 11.32, 2.0, 'A', 0, 1);
insert into notes_details values ('2012-2013', 'SEM-7', 'Martin Dufresnes', 'EAO-31', 11.32, 1.67, 'A', 0, 2);
insert into contentieux values ('2012-2013', 'SEM-7', 'Martin Dufresnes', 'EAO-31');
insert into notes_details values ('2012-2013', 'SEM-7', 'Martin Dufresnes', 'EAO-32', 11.32, 2.33, 'A', 0, 1);
insert into notes_details values ('2012-2013', 'SEM-7', 'Martin Dufresnes', 'EAO-32', 11.32, 1.33, 'A', 0, 2);
insert into contentieux values ('2012-2013', 'SEM-7', 'Martin Dufresnes', 'EAO-32');
insert into notes_details values ('2012-2013', 'SEM-7', 'Martin Dufresnes', 'EAO-33', 11.32, 2.33, 'A', 0, 1);
insert into notes_details values ('2012-2013', 'SEM-7', 'Martin Dufresnes', 'EAO-33', 11.32, 1.33, 'A', 0, 2);
insert into contentieux values ('2012-2013', 'SEM-7', 'Martin Dufresnes', 'EAO-33');
insert into notes_details values ('2012-2013', 'SEM-7', 'Martin Dufresnes', 'EAO-34', 11.32, 2.33, 'A', 0, 1);
insert into notes_details values ('2012-2013', 'SEM-7', 'Martin Dufresnes', 'EAO-34', 11.32, 1.0, 'A', 0, 2);
insert into contentieux values ('2012-2013', 'SEM-7', 'Martin Dufresnes', 'EAO-34');
insert into notes_details values ('2012-2013', 'SEM-7', 'Martin Dufresnes', 'EAO-35', 11.32, 2.0, 'A', 0, 1);
insert into notes_details values ('2012-2013', 'SEM-7', 'Martin Dufresnes', 'EAO-35', 11.32, 1.67, 'A', 0, 2);
insert into contentieux values ('2012-2013', 'SEM-7', 'Martin Dufresnes', 'EAO-35');
insert into notes_details values ('2012-2013', 'SEM-7', 'Martin Dufresnes', 'LCI-3', 11.32, 4.0, 'A', 3, 1);
insert into notes_details values ('2012-2013', 'SEM-7', 'Martin Dufresnes', 'MAT-3', 11.32, 2.33, 'A', 0, 1);
insert into notes_details values ('2012-2013', 'SEM-7', 'Martin Dufresnes', 'MAT-3', 11.32, 1.0, 'A', 0, 2);
insert into contentieux values ('2012-2013', 'SEM-7', 'Martin Dufresnes', 'MAT-3');
insert into notes_details values ('2012-2013', 'SEM-7', 'Martin Dufresnes', 'MNG-3', 11.32, 2.67, 'A', 3, 1);
insert into notes_details values ('2012-2013', 'SEM-7', 'Martin Dufresnes', 'PJT-3', 11.32, 3.33, 'A', 5, 1);
insert into notes_details values ('2012-2013', 'SEM-7', 'Martin Dufresnes', 'STD-3', 11.32, 1.33, 'A', 0, 1);
insert into notes_details values ('2012-2013', 'SEM-7', 'Martin Dufresnes', 'STD-3', 11.32, 2.33, 'A', 2, 99);
insert into gpa values ('2011-2012', 'SEM-5', 'Martin Dufresnes', 3.99);
insert into gpa values ('2011-2012', 'SEM-6', 'Martin Dufresnes', 3.93);
insert into gpa values ('2012-2013', 'SEM-7', 'Martin Dufresnes', 2.53);
insert into eleves values ('Huette Makelele', 1, 'S', 'Tres bien', 'MP', null, 'hmakelele');
insert into notes_details values ('2010-2011', 'SEM-5', 'Huette Makelele', 'ALG-1', 11.32, 2.33, 'A', 0, 1);
insert into notes_details values ('2010-2011', 'SEM-5', 'Huette Makelele', 'ALG-1', 11.32, 1.33, 'A', 3, 99);
insert into notes_details values ('2010-2011', 'SEM-5', 'Huette Makelele', 'DPP-1', 11.32, 2.67, 'A', 2, 1);
insert into notes_details values ('2010-2011', 'SEM-5', 'Huette Makelele', 'ELE-1', 11.32, 2.0, 'A', 0, 1);
insert into notes_details values ('2010-2011', 'SEM-5', 'Huette Makelele', 'ELE-1', 11.32, 4.0, 'A', 3, 2);
insert into notes_details values ('2010-2011', 'SEM-5', 'Huette Makelele', 'INP-1', 11.32, 4.0, 'A', 3, 1);
insert into notes_details values ('2010-2011', 'SEM-5', 'Huette Makelele', 'LCI-1', 11.32, 2.67, 'A', 3, 1);
insert into notes_details values ('2010-2011', 'SEM-5', 'Huette Makelele', 'MAT-1', 11.32, 1.0, 'A', 0, 1);
insert into notes_details values ('2010-2011', 'SEM-5', 'Huette Makelele', 'MAT-1', 11.32, 4.0, 'A', 3, 2);
insert into notes_details values ('2010-2011', 'SEM-5', 'Huette Makelele', 'MGP-1', 11.32, 3.67, 'A', 4, 1);
insert into notes_details values ('2010-2011', 'SEM-5', 'Huette Makelele', 'PHO-1', 11.32, 3.0, 'A', 3, 1);
insert into notes_details values ('2010-2011', 'SEM-5', 'Huette Makelele', 'PHQ-1', 11.32, 3.67, 'A', 3, 1);
insert into notes_details values ('2010-2011', 'SEM-5', 'Huette Makelele', 'SPM-1', 11.32, 3.67, 'A', 3, 1);
insert into notes_details values ('2010-2011', 'SEM-6', 'Huette Makelele', 'DPP-2', 11.32, 1.0, 'A', 0, 1);
insert into notes_details values ('2010-2011', 'SEM-6', 'Huette Makelele', 'DPP-2', 11.32, 4.0, 'A', 1, 2);
insert into notes_details values ('2010-2011', 'SEM-6', 'Huette Makelele', 'EAO-2', 11.32, 3.0, 'A', 3, 1);
insert into notes_details values ('2010-2011', 'SEM-6', 'Huette Makelele', 'ECO-2', 11.32, 3.33, 'A', 3, 1);
insert into notes_details values ('2010-2011', 'SEM-6', 'Huette Makelele', 'LCI-2', 11.32, 1.0, 'A', 0, 1);
insert into notes_details values ('2010-2011', 'SEM-6', 'Huette Makelele', 'LCI-2', 11.32, 3.67, 'A', 3, 2);
insert into notes_details values ('2010-2011', 'SEM-6', 'Huette Makelele', 'MAT-2', 11.32, 1.0, 'A', 0, 1);
insert into notes_details values ('2010-2011', 'SEM-6', 'Huette Makelele', 'MAT-2', 11.32, 1.0, 'A', 2, 99);
insert into notes_details values ('2010-2011', 'SEM-6', 'Huette Makelele', 'MCO-2', 11.32, 4.0, 'A', 2, 1);
insert into notes_details values ('2010-2011', 'SEM-6', 'Huette Makelele', 'MGP-2', 11.32, 3.33, 'A', 4, 1);
insert into notes_details values ('2010-2011', 'SEM-6', 'Huette Makelele', 'PHS-2', 11.32, 1.33, 'A', 0, 1);
insert into notes_details values ('2010-2011', 'SEM-6', 'Huette Makelele', 'PHS-2', 11.32, 3.0, 'A', 2, 2);
insert into notes_details values ('2010-2011', 'SEM-6', 'Huette Makelele', 'PJT-2', 11.32, 1.0, 'A', 0, 1);
insert into notes_details values ('2010-2011', 'SEM-6', 'Huette Makelele', 'PJT-2', 11.32, 2.67, 'A', 1, 2);
insert into notes_details values ('2010-2011', 'SEM-6', 'Huette Makelele', 'RMS-2', 11.32, 1.67, 'A', 0, 1);
insert into notes_details values ('2010-2011', 'SEM-6', 'Huette Makelele', 'RMS-2', 11.32, 3.0, 'A', 4, 2);
insert into notes_details values ('2010-2011', 'SEM-6', 'Huette Makelele', 'STG-2', 11.32, 4.0, 'A', 2, 1);
insert into notes_details values ('2010-2011', 'SEM-6', 'Huette Makelele', 'THS-2', 11.32, 2.33, 'A', 0, 1);
insert into notes_details values ('2010-2011', 'SEM-6', 'Huette Makelele', 'THS-2', 11.32, 3.0, 'A', 3, 2);
insert into notes_details values ('2011-2012', 'SEM-7', 'Huette Makelele', 'ASL-3', 11.32, 3.67, 'A', 2, 1);
insert into notes_details values ('2011-2012', 'SEM-7', 'Huette Makelele', 'DPP-3', 11.32, 2.67, 'A', 2, 1);
insert into notes_details values ('2011-2012', 'SEM-7', 'Huette Makelele', 'EAO-31', 11.32, 3.67, 'A', 2, 1);
insert into notes_details values ('2011-2012', 'SEM-7', 'Huette Makelele', 'EAO-32', 11.32, 2.67, 'A', 2, 1);
insert into notes_details values ('2011-2012', 'SEM-7', 'Huette Makelele', 'EAO-33', 11.32, 3.67, 'A', 2, 1);
insert into notes_details values ('2011-2012', 'SEM-7', 'Huette Makelele', 'EAO-34', 11.32, 3.33, 'A', 2, 1);
insert into notes_details values ('2011-2012', 'SEM-7', 'Huette Makelele', 'EAO-35', 11.32, 1.67, 'A', 0, 1);
insert into notes_details values ('2011-2012', 'SEM-7', 'Huette Makelele', 'EAO-35', 11.32, 2.67, 'A', 2, 2);
insert into notes_details values ('2011-2012', 'SEM-7', 'Huette Makelele', 'LCI-3', 11.32, 2.33, 'A', 0, 1);
insert into notes_details values ('2011-2012', 'SEM-7', 'Huette Makelele', 'LCI-3', 11.32, 1.33, 'A', 0, 2);
insert into contentieux values ('2011-2012', 'SEM-7', 'Huette Makelele', 'LCI-3');
insert into notes_details values ('2011-2012', 'SEM-7', 'Huette Makelele', 'MAT-3', 11.32, 3.0, 'A', 3, 1);
insert into notes_details values ('2011-2012', 'SEM-7', 'Huette Makelele', 'MNG-3', 11.32, 3.67, 'A', 3, 1);
insert into notes_details values ('2011-2012', 'SEM-7', 'Huette Makelele', 'PJT-3', 11.32, 1.0, 'A', 0, 1);
insert into notes_details values ('2011-2012', 'SEM-7', 'Huette Makelele', 'PJT-3', 11.32, 1.0, 'A', 0, 2);
insert into contentieux values ('2011-2012', 'SEM-7', 'Huette Makelele', 'PJT-3');
insert into notes_details values ('2011-2012', 'SEM-7', 'Huette Makelele', 'STD-3', 11.32, 2.0, 'A', 0, 1);
insert into notes_details values ('2011-2012', 'SEM-7', 'Huette Makelele', 'STD-3', 11.32, 1.33, 'A', 0, 2);
insert into contentieux values ('2011-2012', 'SEM-7', 'Huette Makelele', 'STD-3');
insert into gpa values ('2010-2011', 'SEM-5', 'Huette Makelele', 3.2);
insert into gpa values ('2010-2011', 'SEM-6', 'Huette Makelele', 3.37);
insert into gpa values ('2011-2012', 'SEM-7', 'Huette Makelele', 3.11);
insert into eleves values ('Florus Arnaud', 1, 'S', 'Tres bien', 'MP', null, 'farnaud');
insert into notes_details values ('2011-2012', 'SEM-5', 'Florus Arnaud', 'ALG-1', 11.32, 2.67, 'A', 3, 1);
insert into notes_details values ('2011-2012', 'SEM-5', 'Florus Arnaud', 'DPP-1', 11.32, 2.67, 'A', 2, 1);
insert into notes_details values ('2011-2012', 'SEM-5', 'Florus Arnaud', 'ELE-1', 11.32, 2.0, 'A', 0, 1);
insert into notes_details values ('2011-2012', 'SEM-5', 'Florus Arnaud', 'ELE-1', 11.32, 3.33, 'A', 3, 2);
insert into notes_details values ('2011-2012', 'SEM-5', 'Florus Arnaud', 'INP-1', 11.32, 1.33, 'A', 0, 1);
insert into notes_details values ('2011-2012', 'SEM-5', 'Florus Arnaud', 'INP-1', 11.32, 3.33, 'A', 3, 2);
insert into notes_details values ('2011-2012', 'SEM-5', 'Florus Arnaud', 'LCI-1', 11.32, 1.0, 'A', 0, 1);
insert into notes_details values ('2011-2012', 'SEM-5', 'Florus Arnaud', 'LCI-1', 11.32, 3.0, 'A', 3, 2);
insert into notes_details values ('2011-2012', 'SEM-5', 'Florus Arnaud', 'MAT-1', 11.32, 4.0, 'A', 3, 1);
insert into notes_details values ('2011-2012', 'SEM-5', 'Florus Arnaud', 'MGP-1', 11.32, 3.33, 'A', 4, 1);
insert into notes_details values ('2011-2012', 'SEM-5', 'Florus Arnaud', 'PHO-1', 11.32, 1.67, 'A', 0, 1);
insert into notes_details values ('2011-2012', 'SEM-5', 'Florus Arnaud', 'PHO-1', 11.32, 4.0, 'A', 3, 2);
insert into notes_details values ('2011-2012', 'SEM-5', 'Florus Arnaud', 'PHQ-1', 11.32, 2.33, 'A', 0, 1);
insert into notes_details values ('2011-2012', 'SEM-5', 'Florus Arnaud', 'PHQ-1', 11.32, 4.0, 'A', 3, 2);
insert into notes_details values ('2011-2012', 'SEM-5', 'Florus Arnaud', 'SPM-1', 11.32, 2.33, 'A', 0, 1);
insert into notes_details values ('2011-2012', 'SEM-5', 'Florus Arnaud', 'SPM-1', 11.32, 3.0, 'A', 3, 2);
insert into notes_details values ('2011-2012', 'SEM-6', 'Florus Arnaud', 'DPP-2', 11.32, 2.33, 'A', 0, 1);
insert into notes_details values ('2011-2012', 'SEM-6', 'Florus Arnaud', 'DPP-2', 11.32, 3.33, 'A', 1, 2);
insert into notes_details values ('2011-2012', 'SEM-6', 'Florus Arnaud', 'EAO-2', 11.32, 1.33, 'A', 0, 1);
insert into notes_details values ('2011-2012', 'SEM-6', 'Florus Arnaud', 'EAO-2', 11.32, 3.33, 'A', 3, 2);
insert into notes_details values ('2011-2012', 'SEM-6', 'Florus Arnaud', 'ECO-2', 11.32, 2.67, 'A', 3, 1);
insert into notes_details values ('2011-2012', 'SEM-6', 'Florus Arnaud', 'LCI-2', 11.32, 2.33, 'A', 0, 1);
insert into notes_details values ('2011-2012', 'SEM-6', 'Florus Arnaud', 'LCI-2', 11.32, 3.0, 'A', 3, 2);
insert into notes_details values ('2011-2012', 'SEM-6', 'Florus Arnaud', 'MAT-2', 11.32, 1.33, 'A', 0, 1);
insert into notes_details values ('2011-2012', 'SEM-6', 'Florus Arnaud', 'MAT-2', 11.32, 4.0, 'A', 2, 2);
insert into notes_details values ('2011-2012', 'SEM-6', 'Florus Arnaud', 'MCO-2', 11.32, 1.67, 'A', 0, 1);
insert into notes_details values ('2011-2012', 'SEM-6', 'Florus Arnaud', 'MCO-2', 11.32, 4.0, 'A', 2, 2);
insert into notes_details values ('2011-2012', 'SEM-6', 'Florus Arnaud', 'MGP-2', 11.32, 3.67, 'A', 4, 1);
insert into notes_details values ('2011-2012', 'SEM-6', 'Florus Arnaud', 'PHS-2', 11.32, 2.0, 'A', 0, 1);
insert into notes_details values ('2011-2012', 'SEM-6', 'Florus Arnaud', 'PHS-2', 11.32, 1.33, 'A', 2, 99);
insert into notes_details values ('2011-2012', 'SEM-6', 'Florus Arnaud', 'PJT-2', 11.32, 3.33, 'A', 1, 1);
insert into notes_details values ('2011-2012', 'SEM-6', 'Florus Arnaud', 'RMS-2', 11.32, 3.33, 'A', 4, 1);
insert into notes_details values ('2011-2012', 'SEM-6', 'Florus Arnaud', 'STG-2', 11.32, 2.33, 'A', 0, 1);
insert into notes_details values ('2011-2012', 'SEM-6', 'Florus Arnaud', 'STG-2', 11.32, 1.67, 'A', 2, 99);
insert into notes_details values ('2011-2012', 'SEM-6', 'Florus Arnaud', 'THS-2', 11.32, 3.0, 'A', 3, 1);
insert into notes_details values ('2012-2013', 'SEM-7', 'Florus Arnaud', 'ASL-3', 11.32, 2.33, 'A', 0, 1);
insert into notes_details values ('2012-2013', 'SEM-7', 'Florus Arnaud', 'ASL-3', 11.32, 4.0, 'A', 2, 2);
insert into notes_details values ('2012-2013', 'SEM-7', 'Florus Arnaud', 'DPP-3', 11.32, 3.0, 'A', 2, 1);
insert into notes_details values ('2012-2013', 'SEM-7', 'Florus Arnaud', 'EAO-31', 11.32, 1.33, 'A', 0, 1);
insert into notes_details values ('2012-2013', 'SEM-7', 'Florus Arnaud', 'EAO-31', 11.32, 1.67, 'A', 0, 2);
insert into contentieux values ('2012-2013', 'SEM-7', 'Florus Arnaud', 'EAO-31');
insert into notes_details values ('2012-2013', 'SEM-7', 'Florus Arnaud', 'EAO-32', 11.32, 1.33, 'A', 0, 1);
insert into notes_details values ('2012-2013', 'SEM-7', 'Florus Arnaud', 'EAO-32', 11.32, 4.0, 'A', 2, 2);
insert into notes_details values ('2012-2013', 'SEM-7', 'Florus Arnaud', 'EAO-33', 11.32, 1.0, 'A', 0, 1);
insert into notes_details values ('2012-2013', 'SEM-7', 'Florus Arnaud', 'EAO-33', 11.32, 2.33, 'A', 0, 2);
insert into contentieux values ('2012-2013', 'SEM-7', 'Florus Arnaud', 'EAO-33');
insert into notes_details values ('2012-2013', 'SEM-7', 'Florus Arnaud', 'EAO-34', 11.32, 2.0, 'A', 0, 1);
insert into notes_details values ('2012-2013', 'SEM-7', 'Florus Arnaud', 'EAO-34', 11.32, 3.67, 'A', 2, 2);
insert into notes_details values ('2012-2013', 'SEM-7', 'Florus Arnaud', 'EAO-35', 11.32, 2.67, 'A', 2, 1);
insert into notes_details values ('2012-2013', 'SEM-7', 'Florus Arnaud', 'LCI-3', 11.32, 2.0, 'A', 0, 1);
insert into notes_details values ('2012-2013', 'SEM-7', 'Florus Arnaud', 'LCI-3', 11.32, 2.0, 'A', 0, 2);
insert into contentieux values ('2012-2013', 'SEM-7', 'Florus Arnaud', 'LCI-3');
insert into notes_details values ('2012-2013', 'SEM-7', 'Florus Arnaud', 'MAT-3', 11.32, 2.0, 'A', 0, 1);
insert into notes_details values ('2012-2013', 'SEM-7', 'Florus Arnaud', 'MAT-3', 11.32, 1.33, 'A', 0, 2);
insert into contentieux values ('2012-2013', 'SEM-7', 'Florus Arnaud', 'MAT-3');
insert into notes_details values ('2012-2013', 'SEM-7', 'Florus Arnaud', 'MNG-3', 11.32, 1.33, 'A', 0, 1);
insert into notes_details values ('2012-2013', 'SEM-7', 'Florus Arnaud', 'MNG-3', 11.32, 2.33, 'A', 0, 2);
insert into contentieux values ('2012-2013', 'SEM-7', 'Florus Arnaud', 'MNG-3');
insert into notes_details values ('2012-2013', 'SEM-7', 'Florus Arnaud', 'PJT-3', 11.32, 1.0, 'A', 0, 1);
insert into notes_details values ('2012-2013', 'SEM-7', 'Florus Arnaud', 'PJT-3', 11.32, 3.0, 'A', 5, 2);
insert into notes_details values ('2012-2013', 'SEM-7', 'Florus Arnaud', 'STD-3', 11.32, 4.0, 'A', 2, 1);
insert into gpa values ('2011-2012', 'SEM-5', 'Florus Arnaud', 2.68);
insert into gpa values ('2011-2012', 'SEM-6', 'Florus Arnaud', 3.38);
insert into gpa values ('2012-2013', 'SEM-7', 'Florus Arnaud', 3.97);
insert into eleves values ('Ninon Lefebvre', 1, 'S', 'Tres bien', 'MP', null, 'nlefebvre');
insert into notes_details values ('2010-2011', 'SEM-5', 'Ninon Lefebvre', 'ALG-1', 11.32, 3.67, 'A', 3, 1);
insert into notes_details values ('2010-2011', 'SEM-5', 'Ninon Lefebvre', 'DPP-1', 11.32, 2.33, 'A', 0, 1);
insert into notes_details values ('2010-2011', 'SEM-5', 'Ninon Lefebvre', 'DPP-1', 11.32, 3.33, 'A', 2, 2);
insert into notes_details values ('2010-2011', 'SEM-5', 'Ninon Lefebvre', 'ELE-1', 11.32, 2.0, 'A', 0, 1);
insert into notes_details values ('2010-2011', 'SEM-5', 'Ninon Lefebvre', 'ELE-1', 11.32, 4.0, 'A', 3, 2);
insert into notes_details values ('2010-2011', 'SEM-5', 'Ninon Lefebvre', 'INP-1', 11.32, 1.33, 'A', 0, 1);
insert into notes_details values ('2010-2011', 'SEM-5', 'Ninon Lefebvre', 'INP-1', 11.32, 1.67, 'A', 3, 99);
insert into notes_details values ('2010-2011', 'SEM-5', 'Ninon Lefebvre', 'LCI-1', 11.32, 2.0, 'A', 0, 1);
insert into notes_details values ('2010-2011', 'SEM-5', 'Ninon Lefebvre', 'LCI-1', 11.32, 4.0, 'A', 3, 2);
insert into notes_details values ('2010-2011', 'SEM-5', 'Ninon Lefebvre', 'MAT-1', 11.32, 2.0, 'A', 0, 1);
insert into notes_details values ('2010-2011', 'SEM-5', 'Ninon Lefebvre', 'MAT-1', 11.32, 3.33, 'A', 3, 2);
insert into notes_details values ('2010-2011', 'SEM-5', 'Ninon Lefebvre', 'MGP-1', 11.32, 2.67, 'A', 4, 1);
insert into notes_details values ('2010-2011', 'SEM-5', 'Ninon Lefebvre', 'PHO-1', 11.32, 1.33, 'A', 0, 1);
insert into notes_details values ('2010-2011', 'SEM-5', 'Ninon Lefebvre', 'PHO-1', 11.32, 2.33, 'A', 3, 99);
insert into notes_details values ('2010-2011', 'SEM-5', 'Ninon Lefebvre', 'PHQ-1', 11.32, 1.67, 'A', 0, 1);
insert into notes_details values ('2010-2011', 'SEM-5', 'Ninon Lefebvre', 'PHQ-1', 11.32, 2.67, 'A', 3, 2);
insert into notes_details values ('2010-2011', 'SEM-5', 'Ninon Lefebvre', 'SPM-1', 11.32, 4.0, 'A', 3, 1);
insert into notes_details values ('2010-2011', 'SEM-6', 'Ninon Lefebvre', 'DPP-2', 11.32, 1.0, 'A', 0, 1);
insert into notes_details values ('2010-2011', 'SEM-6', 'Ninon Lefebvre', 'DPP-2', 11.32, 2.67, 'A', 1, 2);
insert into notes_details values ('2010-2011', 'SEM-6', 'Ninon Lefebvre', 'EAO-2', 11.32, 2.0, 'A', 0, 1);
insert into notes_details values ('2010-2011', 'SEM-6', 'Ninon Lefebvre', 'EAO-2', 11.32, 3.0, 'A', 3, 2);
insert into notes_details values ('2010-2011', 'SEM-6', 'Ninon Lefebvre', 'ECO-2', 11.32, 1.0, 'A', 0, 1);
insert into notes_details values ('2010-2011', 'SEM-6', 'Ninon Lefebvre', 'ECO-2', 11.32, 3.33, 'A', 3, 2);
insert into notes_details values ('2010-2011', 'SEM-6', 'Ninon Lefebvre', 'LCI-2', 11.32, 1.33, 'A', 0, 1);
insert into notes_details values ('2010-2011', 'SEM-6', 'Ninon Lefebvre', 'LCI-2', 11.32, 3.33, 'A', 3, 2);
insert into notes_details values ('2010-2011', 'SEM-6', 'Ninon Lefebvre', 'MAT-2', 11.32, 2.33, 'A', 0, 1);
insert into notes_details values ('2010-2011', 'SEM-6', 'Ninon Lefebvre', 'MAT-2', 11.32, 1.33, 'A', 2, 99);
insert into notes_details values ('2010-2011', 'SEM-6', 'Ninon Lefebvre', 'MCO-2', 11.32, 3.0, 'A', 2, 1);
insert into notes_details values ('2010-2011', 'SEM-6', 'Ninon Lefebvre', 'MGP-2', 11.32, 3.33, 'A', 4, 1);
insert into notes_details values ('2010-2011', 'SEM-6', 'Ninon Lefebvre', 'PHS-2', 11.32, 2.33, 'A', 0, 1);
insert into notes_details values ('2010-2011', 'SEM-6', 'Ninon Lefebvre', 'PHS-2', 11.32, 2.67, 'A', 2, 2);
insert into notes_details values ('2010-2011', 'SEM-6', 'Ninon Lefebvre', 'PJT-2', 11.32, 3.0, 'A', 1, 1);
insert into notes_details values ('2010-2011', 'SEM-6', 'Ninon Lefebvre', 'RMS-2', 11.32, 2.33, 'A', 0, 1);
insert into notes_details values ('2010-2011', 'SEM-6', 'Ninon Lefebvre', 'RMS-2', 11.32, 3.0, 'A', 4, 2);
insert into notes_details values ('2010-2011', 'SEM-6', 'Ninon Lefebvre', 'STG-2', 11.32, 1.67, 'A', 0, 1);
insert into notes_details values ('2010-2011', 'SEM-6', 'Ninon Lefebvre', 'STG-2', 11.32, 3.0, 'A', 2, 2);
insert into notes_details values ('2010-2011', 'SEM-6', 'Ninon Lefebvre', 'THS-2', 11.32, 4.0, 'A', 3, 1);
insert into notes_details values ('2011-2012', 'SEM-7', 'Ninon Lefebvre', 'ASL-3', 11.32, 4.0, 'A', 2, 1);
insert into notes_details values ('2011-2012', 'SEM-7', 'Ninon Lefebvre', 'DPP-3', 11.32, 2.33, 'A', 0, 1);
insert into notes_details values ('2011-2012', 'SEM-7', 'Ninon Lefebvre', 'DPP-3', 11.32, 3.0, 'A', 2, 2);
insert into notes_details values ('2011-2012', 'SEM-7', 'Ninon Lefebvre', 'EAO-31', 11.32, 1.67, 'A', 0, 1);
insert into notes_details values ('2011-2012', 'SEM-7', 'Ninon Lefebvre', 'EAO-31', 11.32, 1.33, 'A', 0, 2);
insert into contentieux values ('2011-2012', 'SEM-7', 'Ninon Lefebvre', 'EAO-31');
insert into notes_details values ('2011-2012', 'SEM-7', 'Ninon Lefebvre', 'EAO-32', 11.32, 1.33, 'A', 0, 1);
insert into notes_details values ('2011-2012', 'SEM-7', 'Ninon Lefebvre', 'EAO-32', 11.32, 1.0, 'A', 0, 2);
insert into contentieux values ('2011-2012', 'SEM-7', 'Ninon Lefebvre', 'EAO-32');
insert into notes_details values ('2011-2012', 'SEM-7', 'Ninon Lefebvre', 'EAO-33', 11.32, 2.33, 'A', 0, 1);
insert into notes_details values ('2011-2012', 'SEM-7', 'Ninon Lefebvre', 'EAO-33', 11.32, 2.67, 'A', 2, 2);
insert into notes_details values ('2011-2012', 'SEM-7', 'Ninon Lefebvre', 'EAO-34', 11.32, 2.67, 'A', 2, 1);
insert into notes_details values ('2011-2012', 'SEM-7', 'Ninon Lefebvre', 'EAO-35', 11.32, 3.67, 'A', 2, 1);
insert into notes_details values ('2011-2012', 'SEM-7', 'Ninon Lefebvre', 'LCI-3', 11.32, 1.33, 'A', 0, 1);
insert into notes_details values ('2011-2012', 'SEM-7', 'Ninon Lefebvre', 'LCI-3', 11.32, 1.33, 'A', 0, 2);
insert into contentieux values ('2011-2012', 'SEM-7', 'Ninon Lefebvre', 'LCI-3');
insert into notes_details values ('2011-2012', 'SEM-7', 'Ninon Lefebvre', 'MAT-3', 11.32, 1.0, 'A', 0, 1);
insert into notes_details values ('2011-2012', 'SEM-7', 'Ninon Lefebvre', 'MAT-3', 11.32, 3.0, 'A', 3, 2);
insert into notes_details values ('2011-2012', 'SEM-7', 'Ninon Lefebvre', 'MNG-3', 11.32, 1.33, 'A', 0, 1);
insert into notes_details values ('2011-2012', 'SEM-7', 'Ninon Lefebvre', 'MNG-3', 11.32, 1.33, 'A', 3, 99);
insert into notes_details values ('2011-2012', 'SEM-7', 'Ninon Lefebvre', 'PJT-3', 11.32, 1.0, 'A', 0, 1);
insert into notes_details values ('2011-2012', 'SEM-7', 'Ninon Lefebvre', 'PJT-3', 11.32, 2.67, 'A', 5, 2);
insert into notes_details values ('2011-2012', 'SEM-7', 'Ninon Lefebvre', 'STD-3', 11.32, 2.33, 'A', 0, 1);
insert into notes_details values ('2011-2012', 'SEM-7', 'Ninon Lefebvre', 'STD-3', 11.32, 2.67, 'A', 2, 2);
insert into gpa values ('2010-2011', 'SEM-5', 'Ninon Lefebvre', 3.69);
insert into gpa values ('2010-2011', 'SEM-6', 'Ninon Lefebvre', 2.4);
insert into gpa values ('2011-2012', 'SEM-7', 'Ninon Lefebvre', 3.12);
insert into eleves values ('Josef Lefebvre', 1, 'S', 'Tres bien', 'MP', null, 'jlefebvre');
insert into notes_details values ('2011-2012', 'SEM-5', 'Josef Lefebvre', 'ALG-1', 11.32, 1.67, 'A', 0, 1);
insert into notes_details values ('2011-2012', 'SEM-5', 'Josef Lefebvre', 'ALG-1', 11.32, 4.0, 'A', 3, 2);
insert into notes_details values ('2011-2012', 'SEM-5', 'Josef Lefebvre', 'DPP-1', 11.32, 3.33, 'A', 2, 1);
insert into notes_details values ('2011-2012', 'SEM-5', 'Josef Lefebvre', 'ELE-1', 11.32, 3.0, 'A', 3, 1);
insert into notes_details values ('2011-2012', 'SEM-5', 'Josef Lefebvre', 'INP-1', 11.32, 3.67, 'A', 3, 1);
insert into notes_details values ('2011-2012', 'SEM-5', 'Josef Lefebvre', 'LCI-1', 11.32, 3.0, 'A', 3, 1);
insert into notes_details values ('2011-2012', 'SEM-5', 'Josef Lefebvre', 'MAT-1', 11.32, 4.0, 'A', 3, 1);
insert into notes_details values ('2011-2012', 'SEM-5', 'Josef Lefebvre', 'MGP-1', 11.32, 4.0, 'A', 4, 1);
insert into notes_details values ('2011-2012', 'SEM-5', 'Josef Lefebvre', 'PHO-1', 11.32, 1.67, 'A', 0, 1);
insert into notes_details values ('2011-2012', 'SEM-5', 'Josef Lefebvre', 'PHO-1', 11.32, 3.0, 'A', 3, 2);
insert into notes_details values ('2011-2012', 'SEM-5', 'Josef Lefebvre', 'PHQ-1', 11.32, 2.33, 'A', 0, 1);
insert into notes_details values ('2011-2012', 'SEM-5', 'Josef Lefebvre', 'PHQ-1', 11.32, 4.0, 'A', 3, 2);
insert into notes_details values ('2011-2012', 'SEM-5', 'Josef Lefebvre', 'SPM-1', 11.32, 3.67, 'A', 3, 1);
insert into notes_details values ('2011-2012', 'SEM-6', 'Josef Lefebvre', 'DPP-2', 11.32, 2.33, 'A', 0, 1);
insert into notes_details values ('2011-2012', 'SEM-6', 'Josef Lefebvre', 'DPP-2', 11.32, 2.67, 'A', 1, 2);
insert into notes_details values ('2011-2012', 'SEM-6', 'Josef Lefebvre', 'EAO-2', 11.32, 3.67, 'A', 3, 1);
insert into notes_details values ('2011-2012', 'SEM-6', 'Josef Lefebvre', 'ECO-2', 11.32, 3.33, 'A', 3, 1);
insert into notes_details values ('2011-2012', 'SEM-6', 'Josef Lefebvre', 'LCI-2', 11.32, 3.0, 'A', 3, 1);
insert into notes_details values ('2011-2012', 'SEM-6', 'Josef Lefebvre', 'MAT-2', 11.32, 1.0, 'A', 0, 1);
insert into notes_details values ('2011-2012', 'SEM-6', 'Josef Lefebvre', 'MAT-2', 11.32, 3.33, 'A', 2, 2);
insert into notes_details values ('2011-2012', 'SEM-6', 'Josef Lefebvre', 'MCO-2', 11.32, 2.0, 'A', 0, 1);
insert into notes_details values ('2011-2012', 'SEM-6', 'Josef Lefebvre', 'MCO-2', 11.32, 3.67, 'A', 2, 2);
insert into notes_details values ('2011-2012', 'SEM-6', 'Josef Lefebvre', 'MGP-2', 11.32, 2.0, 'A', 0, 1);
insert into notes_details values ('2011-2012', 'SEM-6', 'Josef Lefebvre', 'MGP-2', 11.32, 4.0, 'A', 4, 2);
insert into notes_details values ('2011-2012', 'SEM-6', 'Josef Lefebvre', 'PHS-2', 11.32, 1.33, 'A', 0, 1);
insert into notes_details values ('2011-2012', 'SEM-6', 'Josef Lefebvre', 'PHS-2', 11.32, 3.33, 'A', 2, 2);
insert into notes_details values ('2011-2012', 'SEM-6', 'Josef Lefebvre', 'PJT-2', 11.32, 3.33, 'A', 1, 1);
insert into notes_details values ('2011-2012', 'SEM-6', 'Josef Lefebvre', 'RMS-2', 11.32, 3.67, 'A', 4, 1);
insert into notes_details values ('2011-2012', 'SEM-6', 'Josef Lefebvre', 'STG-2', 11.32, 3.33, 'A', 2, 1);
insert into notes_details values ('2011-2012', 'SEM-6', 'Josef Lefebvre', 'THS-2', 11.32, 2.33, 'A', 0, 1);
insert into notes_details values ('2011-2012', 'SEM-6', 'Josef Lefebvre', 'THS-2', 11.32, 3.33, 'A', 3, 2);
insert into notes_details values ('2012-2013', 'SEM-7', 'Josef Lefebvre', 'ASL-3', 11.32, 1.67, 'A', 0, 1);
insert into notes_details values ('2012-2013', 'SEM-7', 'Josef Lefebvre', 'ASL-3', 11.32, 1.67, 'A', 0, 2);
insert into contentieux values ('2012-2013', 'SEM-7', 'Josef Lefebvre', 'ASL-3');
insert into notes_details values ('2012-2013', 'SEM-7', 'Josef Lefebvre', 'DPP-3', 11.32, 1.67, 'A', 0, 1);
insert into notes_details values ('2012-2013', 'SEM-7', 'Josef Lefebvre', 'DPP-3', 11.32, 3.33, 'A', 2, 2);
insert into notes_details values ('2012-2013', 'SEM-7', 'Josef Lefebvre', 'EAO-31', 11.32, 2.33, 'A', 0, 1);
insert into notes_details values ('2012-2013', 'SEM-7', 'Josef Lefebvre', 'EAO-31', 11.32, 3.33, 'A', 2, 2);
insert into notes_details values ('2012-2013', 'SEM-7', 'Josef Lefebvre', 'EAO-32', 11.32, 4.0, 'A', 2, 1);
insert into notes_details values ('2012-2013', 'SEM-7', 'Josef Lefebvre', 'EAO-33', 11.32, 1.0, 'A', 0, 1);
insert into notes_details values ('2012-2013', 'SEM-7', 'Josef Lefebvre', 'EAO-33', 11.32, 1.0, 'A', 0, 2);
insert into contentieux values ('2012-2013', 'SEM-7', 'Josef Lefebvre', 'EAO-33');
insert into notes_details values ('2012-2013', 'SEM-7', 'Josef Lefebvre', 'EAO-34', 11.32, 1.67, 'A', 0, 1);
insert into notes_details values ('2012-2013', 'SEM-7', 'Josef Lefebvre', 'EAO-34', 11.32, 2.67, 'A', 2, 2);
insert into notes_details values ('2012-2013', 'SEM-7', 'Josef Lefebvre', 'EAO-35', 11.32, 2.33, 'A', 0, 1);
insert into notes_details values ('2012-2013', 'SEM-7', 'Josef Lefebvre', 'EAO-35', 11.32, 2.0, 'A', 0, 2);
insert into contentieux values ('2012-2013', 'SEM-7', 'Josef Lefebvre', 'EAO-35');
insert into notes_details values ('2012-2013', 'SEM-7', 'Josef Lefebvre', 'LCI-3', 11.32, 2.33, 'A', 0, 1);
insert into notes_details values ('2012-2013', 'SEM-7', 'Josef Lefebvre', 'LCI-3', 11.32, 1.67, 'A', 0, 2);
insert into contentieux values ('2012-2013', 'SEM-7', 'Josef Lefebvre', 'LCI-3');
insert into notes_details values ('2012-2013', 'SEM-7', 'Josef Lefebvre', 'MAT-3', 11.32, 1.67, 'A', 0, 1);
insert into notes_details values ('2012-2013', 'SEM-7', 'Josef Lefebvre', 'MAT-3', 11.32, 2.0, 'A', 0, 2);
insert into contentieux values ('2012-2013', 'SEM-7', 'Josef Lefebvre', 'MAT-3');
insert into notes_details values ('2012-2013', 'SEM-7', 'Josef Lefebvre', 'MNG-3', 11.32, 3.33, 'A', 3, 1);
insert into notes_details values ('2012-2013', 'SEM-7', 'Josef Lefebvre', 'PJT-3', 11.32, 4.0, 'A', 5, 1);
insert into notes_details values ('2012-2013', 'SEM-7', 'Josef Lefebvre', 'STD-3', 11.32, 1.33, 'A', 0, 1);
insert into notes_details values ('2012-2013', 'SEM-7', 'Josef Lefebvre', 'STD-3', 11.32, 3.0, 'A', 2, 2);
insert into gpa values ('2011-2012', 'SEM-5', 'Josef Lefebvre', 3.58);
insert into gpa values ('2011-2012', 'SEM-6', 'Josef Lefebvre', 3.31);
insert into gpa values ('2012-2013', 'SEM-7', 'Josef Lefebvre', 3.38);
insert into eleves values ('Odelie Fontaine', 1, 'S', 'Tres bien', 'MP', null, 'ofontaine');
insert into notes_details values ('2010-2011', 'SEM-5', 'Odelie Fontaine', 'ALG-1', 11.32, 4.0, 'A', 3, 1);
insert into notes_details values ('2010-2011', 'SEM-5', 'Odelie Fontaine', 'DPP-1', 11.32, 1.67, 'A', 0, 1);
insert into notes_details values ('2010-2011', 'SEM-5', 'Odelie Fontaine', 'DPP-1', 11.32, 2.67, 'A', 2, 2);
insert into notes_details values ('2010-2011', 'SEM-5', 'Odelie Fontaine', 'ELE-1', 11.32, 2.67, 'A', 3, 1);
insert into notes_details values ('2010-2011', 'SEM-5', 'Odelie Fontaine', 'INP-1', 11.32, 1.67, 'A', 0, 1);
insert into notes_details values ('2010-2011', 'SEM-5', 'Odelie Fontaine', 'INP-1', 11.32, 4.0, 'A', 3, 2);
insert into notes_details values ('2010-2011', 'SEM-5', 'Odelie Fontaine', 'LCI-1', 11.32, 3.0, 'A', 3, 1);
insert into notes_details values ('2010-2011', 'SEM-5', 'Odelie Fontaine', 'MAT-1', 11.32, 3.33, 'A', 3, 1);
insert into notes_details values ('2010-2011', 'SEM-5', 'Odelie Fontaine', 'MGP-1', 11.32, 2.0, 'A', 0, 1);
insert into notes_details values ('2010-2011', 'SEM-5', 'Odelie Fontaine', 'MGP-1', 11.32, 2.67, 'A', 4, 2);
insert into notes_details values ('2010-2011', 'SEM-5', 'Odelie Fontaine', 'PHO-1', 11.32, 2.67, 'A', 3, 1);
insert into notes_details values ('2010-2011', 'SEM-5', 'Odelie Fontaine', 'PHQ-1', 11.32, 2.67, 'A', 3, 1);
insert into notes_details values ('2010-2011', 'SEM-5', 'Odelie Fontaine', 'SPM-1', 11.32, 1.67, 'A', 0, 1);
insert into notes_details values ('2010-2011', 'SEM-5', 'Odelie Fontaine', 'SPM-1', 11.32, 2.33, 'A', 3, 99);
insert into notes_details values ('2010-2011', 'SEM-6', 'Odelie Fontaine', 'DPP-2', 11.32, 1.0, 'A', 0, 1);
insert into notes_details values ('2010-2011', 'SEM-6', 'Odelie Fontaine', 'DPP-2', 11.32, 3.67, 'A', 1, 2);
insert into notes_details values ('2010-2011', 'SEM-6', 'Odelie Fontaine', 'EAO-2', 11.32, 2.0, 'A', 0, 1);
insert into notes_details values ('2010-2011', 'SEM-6', 'Odelie Fontaine', 'EAO-2', 11.32, 3.0, 'A', 3, 2);
insert into notes_details values ('2010-2011', 'SEM-6', 'Odelie Fontaine', 'ECO-2', 11.32, 2.33, 'A', 0, 1);
insert into notes_details values ('2010-2011', 'SEM-6', 'Odelie Fontaine', 'ECO-2', 11.32, 2.0, 'A', 3, 99);
insert into notes_details values ('2010-2011', 'SEM-6', 'Odelie Fontaine', 'LCI-2', 11.32, 2.33, 'A', 0, 1);
insert into notes_details values ('2010-2011', 'SEM-6', 'Odelie Fontaine', 'LCI-2', 11.32, 4.0, 'A', 3, 2);
insert into notes_details values ('2010-2011', 'SEM-6', 'Odelie Fontaine', 'MAT-2', 11.32, 2.33, 'A', 0, 1);
insert into notes_details values ('2010-2011', 'SEM-6', 'Odelie Fontaine', 'MAT-2', 11.32, 2.67, 'A', 2, 2);
insert into notes_details values ('2010-2011', 'SEM-6', 'Odelie Fontaine', 'MCO-2', 11.32, 4.0, 'A', 2, 1);
insert into notes_details values ('2010-2011', 'SEM-6', 'Odelie Fontaine', 'MGP-2', 11.32, 3.33, 'A', 4, 1);
insert into notes_details values ('2010-2011', 'SEM-6', 'Odelie Fontaine', 'PHS-2', 11.32, 2.33, 'A', 0, 1);
insert into notes_details values ('2010-2011', 'SEM-6', 'Odelie Fontaine', 'PHS-2', 11.32, 2.0, 'A', 2, 99);
insert into notes_details values ('2010-2011', 'SEM-6', 'Odelie Fontaine', 'PJT-2', 11.32, 2.33, 'A', 0, 1);
insert into notes_details values ('2010-2011', 'SEM-6', 'Odelie Fontaine', 'PJT-2', 11.32, 2.67, 'A', 1, 2);
insert into notes_details values ('2010-2011', 'SEM-6', 'Odelie Fontaine', 'RMS-2', 11.32, 2.33, 'A', 0, 1);
insert into notes_details values ('2010-2011', 'SEM-6', 'Odelie Fontaine', 'RMS-2', 11.32, 3.67, 'A', 4, 2);
insert into notes_details values ('2010-2011', 'SEM-6', 'Odelie Fontaine', 'STG-2', 11.32, 3.33, 'A', 2, 1);
insert into notes_details values ('2010-2011', 'SEM-6', 'Odelie Fontaine', 'THS-2', 11.32, 2.67, 'A', 3, 1);
insert into notes_details values ('2011-2012', 'SEM-7', 'Odelie Fontaine', 'ASL-3', 11.32, 2.0, 'A', 0, 1);
insert into notes_details values ('2011-2012', 'SEM-7', 'Odelie Fontaine', 'ASL-3', 11.32, 2.67, 'A', 2, 2);
insert into notes_details values ('2011-2012', 'SEM-7', 'Odelie Fontaine', 'DPP-3', 11.32, 2.67, 'A', 2, 1);
insert into notes_details values ('2011-2012', 'SEM-7', 'Odelie Fontaine', 'EAO-31', 11.32, 4.0, 'A', 2, 1);
insert into notes_details values ('2011-2012', 'SEM-7', 'Odelie Fontaine', 'EAO-32', 11.32, 2.0, 'A', 0, 1);
insert into notes_details values ('2011-2012', 'SEM-7', 'Odelie Fontaine', 'EAO-32', 11.32, 1.33, 'A', 2, 99);
insert into notes_details values ('2011-2012', 'SEM-7', 'Odelie Fontaine', 'EAO-33', 11.32, 2.0, 'A', 0, 1);
insert into notes_details values ('2011-2012', 'SEM-7', 'Odelie Fontaine', 'EAO-33', 11.32, 2.0, 'A', 0, 2);
insert into contentieux values ('2011-2012', 'SEM-7', 'Odelie Fontaine', 'EAO-33');
insert into notes_details values ('2011-2012', 'SEM-7', 'Odelie Fontaine', 'EAO-34', 11.32, 3.33, 'A', 2, 1);
insert into notes_details values ('2011-2012', 'SEM-7', 'Odelie Fontaine', 'EAO-35', 11.32, 1.33, 'A', 0, 1);
insert into notes_details values ('2011-2012', 'SEM-7', 'Odelie Fontaine', 'EAO-35', 11.32, 1.33, 'A', 0, 2);
insert into contentieux values ('2011-2012', 'SEM-7', 'Odelie Fontaine', 'EAO-35');
insert into notes_details values ('2011-2012', 'SEM-7', 'Odelie Fontaine', 'LCI-3', 11.32, 1.33, 'A', 0, 1);
insert into notes_details values ('2011-2012', 'SEM-7', 'Odelie Fontaine', 'LCI-3', 11.32, 3.67, 'A', 3, 2);
insert into notes_details values ('2011-2012', 'SEM-7', 'Odelie Fontaine', 'MAT-3', 11.32, 3.33, 'A', 3, 1);
insert into notes_details values ('2011-2012', 'SEM-7', 'Odelie Fontaine', 'MNG-3', 11.32, 1.67, 'A', 0, 1);
insert into notes_details values ('2011-2012', 'SEM-7', 'Odelie Fontaine', 'MNG-3', 11.32, 2.33, 'A', 0, 2);
insert into contentieux values ('2011-2012', 'SEM-7', 'Odelie Fontaine', 'MNG-3');
insert into notes_details values ('2011-2012', 'SEM-7', 'Odelie Fontaine', 'PJT-3', 11.32, 3.67, 'A', 5, 1);
insert into notes_details values ('2011-2012', 'SEM-7', 'Odelie Fontaine', 'STD-3', 11.32, 2.0, 'A', 0, 1);
insert into notes_details values ('2011-2012', 'SEM-7', 'Odelie Fontaine', 'STD-3', 11.32, 3.0, 'A', 2, 2);
insert into gpa values ('2010-2011', 'SEM-5', 'Odelie Fontaine', 2.25);
insert into gpa values ('2010-2011', 'SEM-6', 'Odelie Fontaine', 3.24);
insert into gpa values ('2011-2012', 'SEM-7', 'Odelie Fontaine', 2.11);
insert into eleves values ('Imane Clinton', 1, 'S', 'Tres bien', 'MP', null, 'iclinton');
insert into notes_details values ('2011-2012', 'SEM-5', 'Imane Clinton', 'ALG-1', 11.32, 3.0, 'A', 3, 1);
insert into notes_details values ('2011-2012', 'SEM-5', 'Imane Clinton', 'DPP-1', 11.32, 3.33, 'A', 2, 1);
insert into notes_details values ('2011-2012', 'SEM-5', 'Imane Clinton', 'ELE-1', 11.32, 2.67, 'A', 3, 1);
insert into notes_details values ('2011-2012', 'SEM-5', 'Imane Clinton', 'INP-1', 11.32, 2.33, 'A', 0, 1);
insert into notes_details values ('2011-2012', 'SEM-5', 'Imane Clinton', 'INP-1', 11.32, 2.67, 'A', 3, 2);
insert into notes_details values ('2011-2012', 'SEM-5', 'Imane Clinton', 'LCI-1', 11.32, 4.0, 'A', 3, 1);
insert into notes_details values ('2011-2012', 'SEM-5', 'Imane Clinton', 'MAT-1', 11.32, 1.33, 'A', 0, 1);
insert into notes_details values ('2011-2012', 'SEM-5', 'Imane Clinton', 'MAT-1', 11.32, 3.67, 'A', 3, 2);
insert into notes_details values ('2011-2012', 'SEM-5', 'Imane Clinton', 'MGP-1', 11.32, 3.67, 'A', 4, 1);
insert into notes_details values ('2011-2012', 'SEM-5', 'Imane Clinton', 'PHO-1', 11.32, 2.33, 'A', 0, 1);
insert into notes_details values ('2011-2012', 'SEM-5', 'Imane Clinton', 'PHO-1', 11.32, 3.0, 'A', 3, 2);
insert into notes_details values ('2011-2012', 'SEM-5', 'Imane Clinton', 'PHQ-1', 11.32, 4.0, 'A', 3, 1);
insert into notes_details values ('2011-2012', 'SEM-5', 'Imane Clinton', 'SPM-1', 11.32, 2.0, 'A', 0, 1);
insert into notes_details values ('2011-2012', 'SEM-5', 'Imane Clinton', 'SPM-1', 11.32, 1.33, 'A', 3, 99);
insert into notes_details values ('2011-2012', 'SEM-6', 'Imane Clinton', 'DPP-2', 11.32, 2.33, 'A', 0, 1);
insert into notes_details values ('2011-2012', 'SEM-6', 'Imane Clinton', 'DPP-2', 11.32, 3.0, 'A', 1, 2);
insert into notes_details values ('2011-2012', 'SEM-6', 'Imane Clinton', 'EAO-2', 11.32, 2.67, 'A', 3, 1);
insert into notes_details values ('2011-2012', 'SEM-6', 'Imane Clinton', 'ECO-2', 11.32, 2.67, 'A', 3, 1);
insert into notes_details values ('2011-2012', 'SEM-6', 'Imane Clinton', 'LCI-2', 11.32, 4.0, 'A', 3, 1);
insert into notes_details values ('2011-2012', 'SEM-6', 'Imane Clinton', 'MAT-2', 11.32, 2.67, 'A', 2, 1);
insert into notes_details values ('2011-2012', 'SEM-6', 'Imane Clinton', 'MCO-2', 11.32, 2.67, 'A', 2, 1);
insert into notes_details values ('2011-2012', 'SEM-6', 'Imane Clinton', 'MGP-2', 11.32, 1.67, 'A', 0, 1);
insert into notes_details values ('2011-2012', 'SEM-6', 'Imane Clinton', 'MGP-2', 11.32, 3.0, 'A', 4, 2);
insert into notes_details values ('2011-2012', 'SEM-6', 'Imane Clinton', 'PHS-2', 11.32, 4.0, 'A', 2, 1);
insert into notes_details values ('2011-2012', 'SEM-6', 'Imane Clinton', 'PJT-2', 11.32, 3.67, 'A', 1, 1);
insert into notes_details values ('2011-2012', 'SEM-6', 'Imane Clinton', 'RMS-2', 11.32, 3.67, 'A', 4, 1);
insert into notes_details values ('2011-2012', 'SEM-6', 'Imane Clinton', 'STG-2', 11.32, 2.0, 'A', 0, 1);
insert into notes_details values ('2011-2012', 'SEM-6', 'Imane Clinton', 'STG-2', 11.32, 3.0, 'A', 2, 2);
insert into notes_details values ('2011-2012', 'SEM-6', 'Imane Clinton', 'THS-2', 11.32, 1.0, 'A', 0, 1);
insert into notes_details values ('2011-2012', 'SEM-6', 'Imane Clinton', 'THS-2', 11.32, 2.67, 'A', 3, 2);
insert into notes_details values ('2012-2013', 'SEM-7', 'Imane Clinton', 'ASL-3', 11.32, 4.0, 'A', 2, 1);
insert into notes_details values ('2012-2013', 'SEM-7', 'Imane Clinton', 'DPP-3', 11.32, 1.33, 'A', 0, 1);
insert into notes_details values ('2012-2013', 'SEM-7', 'Imane Clinton', 'DPP-3', 11.32, 1.0, 'A', 0, 2);
insert into contentieux values ('2012-2013', 'SEM-7', 'Imane Clinton', 'DPP-3');
insert into notes_details values ('2012-2013', 'SEM-7', 'Imane Clinton', 'EAO-31', 11.32, 2.67, 'A', 2, 1);
insert into notes_details values ('2012-2013', 'SEM-7', 'Imane Clinton', 'EAO-32', 11.32, 3.0, 'A', 2, 1);
insert into notes_details values ('2012-2013', 'SEM-7', 'Imane Clinton', 'EAO-33', 11.32, 1.67, 'A', 0, 1);
insert into notes_details values ('2012-2013', 'SEM-7', 'Imane Clinton', 'EAO-33', 11.32, 1.67, 'A', 0, 2);
insert into contentieux values ('2012-2013', 'SEM-7', 'Imane Clinton', 'EAO-33');
insert into notes_details values ('2012-2013', 'SEM-7', 'Imane Clinton', 'EAO-34', 11.32, 2.0, 'A', 0, 1);
insert into notes_details values ('2012-2013', 'SEM-7', 'Imane Clinton', 'EAO-34', 11.32, 3.0, 'A', 2, 2);
insert into notes_details values ('2012-2013', 'SEM-7', 'Imane Clinton', 'EAO-35', 11.32, 3.33, 'A', 2, 1);
insert into notes_details values ('2012-2013', 'SEM-7', 'Imane Clinton', 'LCI-3', 11.32, 4.0, 'A', 3, 1);
insert into notes_details values ('2012-2013', 'SEM-7', 'Imane Clinton', 'MAT-3', 11.32, 1.0, 'A', 0, 1);
insert into notes_details values ('2012-2013', 'SEM-7', 'Imane Clinton', 'MAT-3', 11.32, 1.0, 'A', 0, 2);
insert into contentieux values ('2012-2013', 'SEM-7', 'Imane Clinton', 'MAT-3');
insert into notes_details values ('2012-2013', 'SEM-7', 'Imane Clinton', 'MNG-3', 11.32, 4.0, 'A', 3, 1);
insert into notes_details values ('2012-2013', 'SEM-7', 'Imane Clinton', 'PJT-3', 11.32, 1.0, 'A', 0, 1);
insert into notes_details values ('2012-2013', 'SEM-7', 'Imane Clinton', 'PJT-3', 11.32, 1.67, 'A', 0, 2);
insert into contentieux values ('2012-2013', 'SEM-7', 'Imane Clinton', 'PJT-3');
insert into notes_details values ('2012-2013', 'SEM-7', 'Imane Clinton', 'STD-3', 11.32, 1.67, 'A', 0, 1);
insert into notes_details values ('2012-2013', 'SEM-7', 'Imane Clinton', 'STD-3', 11.32, 1.0, 'A', 0, 2);
insert into contentieux values ('2012-2013', 'SEM-7', 'Imane Clinton', 'STD-3');
insert into gpa values ('2011-2012', 'SEM-5', 'Imane Clinton', 3.29);
insert into gpa values ('2011-2012', 'SEM-6', 'Imane Clinton', 3.24);
insert into gpa values ('2012-2013', 'SEM-7', 'Imane Clinton', 2.36);
insert into eleves values ('Tatiana Chirac', 1, 'S', 'Tres bien', 'MP', null, 'tchirac');
insert into notes_details values ('2010-2011', 'SEM-5', 'Tatiana Chirac', 'ALG-1', 11.32, 3.33, 'A', 3, 1);
insert into notes_details values ('2010-2011', 'SEM-5', 'Tatiana Chirac', 'DPP-1', 11.32, 4.0, 'A', 2, 1);
insert into notes_details values ('2010-2011', 'SEM-5', 'Tatiana Chirac', 'ELE-1', 11.32, 4.0, 'A', 3, 1);
insert into notes_details values ('2010-2011', 'SEM-5', 'Tatiana Chirac', 'INP-1', 11.32, 2.0, 'A', 0, 1);
insert into notes_details values ('2010-2011', 'SEM-5', 'Tatiana Chirac', 'INP-1', 11.32, 2.33, 'A', 3, 99);
insert into notes_details values ('2010-2011', 'SEM-5', 'Tatiana Chirac', 'LCI-1', 11.32, 2.33, 'A', 0, 1);
insert into notes_details values ('2010-2011', 'SEM-5', 'Tatiana Chirac', 'LCI-1', 11.32, 1.33, 'A', 3, 99);
insert into notes_details values ('2010-2011', 'SEM-5', 'Tatiana Chirac', 'MAT-1', 11.32, 1.0, 'A', 0, 1);
insert into notes_details values ('2010-2011', 'SEM-5', 'Tatiana Chirac', 'MAT-1', 11.32, 1.0, 'A', 3, 99);
insert into notes_details values ('2010-2011', 'SEM-5', 'Tatiana Chirac', 'MGP-1', 11.32, 2.67, 'A', 4, 1);
insert into notes_details values ('2010-2011', 'SEM-5', 'Tatiana Chirac', 'PHO-1', 11.32, 2.67, 'A', 3, 1);
insert into notes_details values ('2010-2011', 'SEM-5', 'Tatiana Chirac', 'PHQ-1', 11.32, 3.33, 'A', 3, 1);
insert into notes_details values ('2010-2011', 'SEM-5', 'Tatiana Chirac', 'SPM-1', 11.32, 2.67, 'A', 3, 1);
insert into notes_details values ('2010-2011', 'SEM-6', 'Tatiana Chirac', 'DPP-2', 11.32, 3.0, 'A', 1, 1);
insert into notes_details values ('2010-2011', 'SEM-6', 'Tatiana Chirac', 'EAO-2', 11.32, 4.0, 'A', 3, 1);
insert into notes_details values ('2010-2011', 'SEM-6', 'Tatiana Chirac', 'ECO-2', 11.32, 2.67, 'A', 3, 1);
insert into notes_details values ('2010-2011', 'SEM-6', 'Tatiana Chirac', 'LCI-2', 11.32, 4.0, 'A', 3, 1);
insert into notes_details values ('2010-2011', 'SEM-6', 'Tatiana Chirac', 'MAT-2', 11.32, 3.0, 'A', 2, 1);
insert into notes_details values ('2010-2011', 'SEM-6', 'Tatiana Chirac', 'MCO-2', 11.32, 1.67, 'A', 0, 1);
insert into notes_details values ('2010-2011', 'SEM-6', 'Tatiana Chirac', 'MCO-2', 11.32, 3.33, 'A', 2, 2);
insert into notes_details values ('2010-2011', 'SEM-6', 'Tatiana Chirac', 'MGP-2', 11.32, 1.67, 'A', 0, 1);
insert into notes_details values ('2010-2011', 'SEM-6', 'Tatiana Chirac', 'MGP-2', 11.32, 3.0, 'A', 4, 2);
insert into notes_details values ('2010-2011', 'SEM-6', 'Tatiana Chirac', 'PHS-2', 11.32, 2.0, 'A', 0, 1);
insert into notes_details values ('2010-2011', 'SEM-6', 'Tatiana Chirac', 'PHS-2', 11.32, 2.67, 'A', 2, 2);
insert into notes_details values ('2010-2011', 'SEM-6', 'Tatiana Chirac', 'PJT-2', 11.32, 1.67, 'A', 0, 1);
insert into notes_details values ('2010-2011', 'SEM-6', 'Tatiana Chirac', 'PJT-2', 11.32, 4.0, 'A', 1, 2);
insert into notes_details values ('2010-2011', 'SEM-6', 'Tatiana Chirac', 'RMS-2', 11.32, 2.33, 'A', 0, 1);
insert into notes_details values ('2010-2011', 'SEM-6', 'Tatiana Chirac', 'RMS-2', 11.32, 2.67, 'A', 4, 2);
insert into notes_details values ('2010-2011', 'SEM-6', 'Tatiana Chirac', 'STG-2', 11.32, 2.33, 'A', 0, 1);
insert into notes_details values ('2010-2011', 'SEM-6', 'Tatiana Chirac', 'STG-2', 11.32, 2.67, 'A', 2, 2);
insert into notes_details values ('2010-2011', 'SEM-6', 'Tatiana Chirac', 'THS-2', 11.32, 4.0, 'A', 3, 1);
insert into notes_details values ('2011-2012', 'SEM-7', 'Tatiana Chirac', 'ASL-3', 11.32, 2.0, 'A', 0, 1);
insert into notes_details values ('2011-2012', 'SEM-7', 'Tatiana Chirac', 'ASL-3', 11.32, 4.0, 'A', 2, 2);
insert into notes_details values ('2011-2012', 'SEM-7', 'Tatiana Chirac', 'DPP-3', 11.32, 3.33, 'A', 2, 1);
insert into notes_details values ('2011-2012', 'SEM-7', 'Tatiana Chirac', 'EAO-31', 11.32, 2.33, 'A', 0, 1);
insert into notes_details values ('2011-2012', 'SEM-7', 'Tatiana Chirac', 'EAO-31', 11.32, 1.67, 'A', 2, 99);
insert into notes_details values ('2011-2012', 'SEM-7', 'Tatiana Chirac', 'EAO-32', 11.32, 3.67, 'A', 2, 1);
insert into notes_details values ('2011-2012', 'SEM-7', 'Tatiana Chirac', 'EAO-33', 11.32, 3.33, 'A', 2, 1);
insert into notes_details values ('2011-2012', 'SEM-7', 'Tatiana Chirac', 'EAO-34', 11.32, 2.0, 'A', 0, 1);
insert into notes_details values ('2011-2012', 'SEM-7', 'Tatiana Chirac', 'EAO-34', 11.32, 3.0, 'A', 2, 2);
insert into notes_details values ('2011-2012', 'SEM-7', 'Tatiana Chirac', 'EAO-35', 11.32, 2.33, 'A', 0, 1);
insert into notes_details values ('2011-2012', 'SEM-7', 'Tatiana Chirac', 'EAO-35', 11.32, 4.0, 'A', 2, 2);
insert into notes_details values ('2011-2012', 'SEM-7', 'Tatiana Chirac', 'LCI-3', 11.32, 4.0, 'A', 3, 1);
insert into notes_details values ('2011-2012', 'SEM-7', 'Tatiana Chirac', 'MAT-3', 11.32, 2.67, 'A', 3, 1);
insert into notes_details values ('2011-2012', 'SEM-7', 'Tatiana Chirac', 'MNG-3', 11.32, 2.0, 'A', 0, 1);
insert into notes_details values ('2011-2012', 'SEM-7', 'Tatiana Chirac', 'MNG-3', 11.32, 1.0, 'A', 0, 2);
insert into contentieux values ('2011-2012', 'SEM-7', 'Tatiana Chirac', 'MNG-3');
insert into notes_details values ('2011-2012', 'SEM-7', 'Tatiana Chirac', 'PJT-3', 11.32, 1.67, 'A', 0, 1);
insert into notes_details values ('2011-2012', 'SEM-7', 'Tatiana Chirac', 'PJT-3', 11.32, 4.0, 'A', 5, 2);
insert into notes_details values ('2011-2012', 'SEM-7', 'Tatiana Chirac', 'STD-3', 11.32, 2.0, 'A', 0, 1);
insert into notes_details values ('2011-2012', 'SEM-7', 'Tatiana Chirac', 'STD-3', 11.32, 1.0, 'A', 2, 99);
insert into gpa values ('2010-2011', 'SEM-5', 'Tatiana Chirac', 2.53);
insert into gpa values ('2010-2011', 'SEM-6', 'Tatiana Chirac', 3.37);
insert into gpa values ('2011-2012', 'SEM-7', 'Tatiana Chirac', 2.94);
insert into eleves values ('Elise Renard', 1, 'S', 'Tres bien', 'MP', null, 'erenard');
insert into notes_details values ('2011-2012', 'SEM-5', 'Elise Renard', 'ALG-1', 11.32, 3.0, 'A', 3, 1);
insert into notes_details values ('2011-2012', 'SEM-5', 'Elise Renard', 'DPP-1', 11.32, 1.67, 'A', 0, 1);
insert into notes_details values ('2011-2012', 'SEM-5', 'Elise Renard', 'DPP-1', 11.32, 2.67, 'A', 2, 2);
insert into notes_details values ('2011-2012', 'SEM-5', 'Elise Renard', 'ELE-1', 11.32, 4.0, 'A', 3, 1);
insert into notes_details values ('2011-2012', 'SEM-5', 'Elise Renard', 'INP-1', 11.32, 3.0, 'A', 3, 1);
insert into notes_details values ('2011-2012', 'SEM-5', 'Elise Renard', 'LCI-1', 11.32, 3.67, 'A', 3, 1);
insert into notes_details values ('2011-2012', 'SEM-5', 'Elise Renard', 'MAT-1', 11.32, 3.33, 'A', 3, 1);
insert into notes_details values ('2011-2012', 'SEM-5', 'Elise Renard', 'MGP-1', 11.32, 1.33, 'A', 0, 1);
insert into notes_details values ('2011-2012', 'SEM-5', 'Elise Renard', 'MGP-1', 11.32, 2.67, 'A', 4, 2);
insert into notes_details values ('2011-2012', 'SEM-5', 'Elise Renard', 'PHO-1', 11.32, 3.0, 'A', 3, 1);
insert into notes_details values ('2011-2012', 'SEM-5', 'Elise Renard', 'PHQ-1', 11.32, 1.0, 'A', 0, 1);
insert into notes_details values ('2011-2012', 'SEM-5', 'Elise Renard', 'PHQ-1', 11.32, 2.67, 'A', 3, 2);
insert into notes_details values ('2011-2012', 'SEM-5', 'Elise Renard', 'SPM-1', 11.32, 2.0, 'A', 0, 1);
insert into notes_details values ('2011-2012', 'SEM-5', 'Elise Renard', 'SPM-1', 11.32, 2.67, 'A', 3, 2);
insert into notes_details values ('2011-2012', 'SEM-6', 'Elise Renard', 'DPP-2', 11.32, 2.33, 'A', 0, 1);
insert into notes_details values ('2011-2012', 'SEM-6', 'Elise Renard', 'DPP-2', 11.32, 3.33, 'A', 1, 2);
insert into notes_details values ('2011-2012', 'SEM-6', 'Elise Renard', 'EAO-2', 11.32, 2.33, 'A', 0, 1);
insert into notes_details values ('2011-2012', 'SEM-6', 'Elise Renard', 'EAO-2', 11.32, 3.67, 'A', 3, 2);
insert into notes_details values ('2011-2012', 'SEM-6', 'Elise Renard', 'ECO-2', 11.32, 1.33, 'A', 0, 1);
insert into notes_details values ('2011-2012', 'SEM-6', 'Elise Renard', 'ECO-2', 11.32, 3.33, 'A', 3, 2);
insert into notes_details values ('2011-2012', 'SEM-6', 'Elise Renard', 'LCI-2', 11.32, 3.33, 'A', 3, 1);
insert into notes_details values ('2011-2012', 'SEM-6', 'Elise Renard', 'MAT-2', 11.32, 2.33, 'A', 0, 1);
insert into notes_details values ('2011-2012', 'SEM-6', 'Elise Renard', 'MAT-2', 11.32, 3.33, 'A', 2, 2);
insert into notes_details values ('2011-2012', 'SEM-6', 'Elise Renard', 'MCO-2', 11.32, 3.33, 'A', 2, 1);
insert into notes_details values ('2011-2012', 'SEM-6', 'Elise Renard', 'MGP-2', 11.32, 2.33, 'A', 0, 1);
insert into notes_details values ('2011-2012', 'SEM-6', 'Elise Renard', 'MGP-2', 11.32, 3.0, 'A', 4, 2);
insert into notes_details values ('2011-2012', 'SEM-6', 'Elise Renard', 'PHS-2', 11.32, 2.0, 'A', 0, 1);
insert into notes_details values ('2011-2012', 'SEM-6', 'Elise Renard', 'PHS-2', 11.32, 1.0, 'A', 2, 99);
insert into notes_details values ('2011-2012', 'SEM-6', 'Elise Renard', 'PJT-2', 11.32, 2.0, 'A', 0, 1);
insert into notes_details values ('2011-2012', 'SEM-6', 'Elise Renard', 'PJT-2', 11.32, 3.33, 'A', 1, 2);
insert into notes_details values ('2011-2012', 'SEM-6', 'Elise Renard', 'RMS-2', 11.32, 3.67, 'A', 4, 1);
insert into notes_details values ('2011-2012', 'SEM-6', 'Elise Renard', 'STG-2', 11.32, 3.67, 'A', 2, 1);
insert into notes_details values ('2011-2012', 'SEM-6', 'Elise Renard', 'THS-2', 11.32, 2.33, 'A', 0, 1);
insert into notes_details values ('2011-2012', 'SEM-6', 'Elise Renard', 'THS-2', 11.32, 3.0, 'A', 3, 2);
insert into notes_details values ('2012-2013', 'SEM-7', 'Elise Renard', 'ASL-3', 11.32, 1.67, 'A', 0, 1);
insert into notes_details values ('2012-2013', 'SEM-7', 'Elise Renard', 'ASL-3', 11.32, 3.33, 'A', 2, 2);
insert into notes_details values ('2012-2013', 'SEM-7', 'Elise Renard', 'DPP-3', 11.32, 2.67, 'A', 2, 1);
insert into notes_details values ('2012-2013', 'SEM-7', 'Elise Renard', 'EAO-31', 11.32, 4.0, 'A', 2, 1);
insert into notes_details values ('2012-2013', 'SEM-7', 'Elise Renard', 'EAO-32', 11.32, 1.0, 'A', 0, 1);
insert into notes_details values ('2012-2013', 'SEM-7', 'Elise Renard', 'EAO-32', 11.32, 2.67, 'A', 2, 2);
insert into notes_details values ('2012-2013', 'SEM-7', 'Elise Renard', 'EAO-33', 11.32, 3.0, 'A', 2, 1);
insert into notes_details values ('2012-2013', 'SEM-7', 'Elise Renard', 'EAO-34', 11.32, 1.33, 'A', 0, 1);
insert into notes_details values ('2012-2013', 'SEM-7', 'Elise Renard', 'EAO-34', 11.32, 3.0, 'A', 2, 2);
insert into notes_details values ('2012-2013', 'SEM-7', 'Elise Renard', 'EAO-35', 11.32, 3.67, 'A', 2, 1);
insert into notes_details values ('2012-2013', 'SEM-7', 'Elise Renard', 'LCI-3', 11.32, 2.33, 'A', 0, 1);
insert into notes_details values ('2012-2013', 'SEM-7', 'Elise Renard', 'LCI-3', 11.32, 3.33, 'A', 3, 2);
insert into notes_details values ('2012-2013', 'SEM-7', 'Elise Renard', 'MAT-3', 11.32, 1.67, 'A', 0, 1);
insert into notes_details values ('2012-2013', 'SEM-7', 'Elise Renard', 'MAT-3', 11.32, 3.0, 'A', 3, 2);
insert into notes_details values ('2012-2013', 'SEM-7', 'Elise Renard', 'MNG-3', 11.32, 2.0, 'A', 0, 1);
insert into notes_details values ('2012-2013', 'SEM-7', 'Elise Renard', 'MNG-3', 11.32, 2.67, 'A', 3, 2);
insert into notes_details values ('2012-2013', 'SEM-7', 'Elise Renard', 'PJT-3', 11.32, 3.67, 'A', 5, 1);
insert into notes_details values ('2012-2013', 'SEM-7', 'Elise Renard', 'STD-3', 11.32, 2.33, 'A', 0, 1);
insert into notes_details values ('2012-2013', 'SEM-7', 'Elise Renard', 'STD-3', 11.32, 1.0, 'A', 0, 2);
insert into contentieux values ('2012-2013', 'SEM-7', 'Elise Renard', 'STD-3');
insert into gpa values ('2011-2012', 'SEM-5', 'Elise Renard', 2.5);
insert into gpa values ('2011-2012', 'SEM-6', 'Elise Renard', 3.04);
insert into gpa values ('2012-2013', 'SEM-7', 'Elise Renard', 2.87);
insert into eleves values ('Cinderalla Baron', 1, 'S', 'Tres bien', 'MP', null, 'cbaron');
insert into notes_details values ('2010-2011', 'SEM-5', 'Cinderalla Baron', 'ALG-1', 11.32, 2.33, 'A', 0, 1);
insert into notes_details values ('2010-2011', 'SEM-5', 'Cinderalla Baron', 'ALG-1', 11.32, 3.33, 'A', 3, 2);
insert into notes_details values ('2010-2011', 'SEM-5', 'Cinderalla Baron', 'DPP-1', 11.32, 1.67, 'A', 0, 1);
insert into notes_details values ('2010-2011', 'SEM-5', 'Cinderalla Baron', 'DPP-1', 11.32, 3.33, 'A', 2, 2);
insert into notes_details values ('2010-2011', 'SEM-5', 'Cinderalla Baron', 'ELE-1', 11.32, 1.67, 'A', 0, 1);
insert into notes_details values ('2010-2011', 'SEM-5', 'Cinderalla Baron', 'ELE-1', 11.32, 4.0, 'A', 3, 2);
insert into notes_details values ('2010-2011', 'SEM-5', 'Cinderalla Baron', 'INP-1', 11.32, 3.33, 'A', 3, 1);
insert into notes_details values ('2010-2011', 'SEM-5', 'Cinderalla Baron', 'LCI-1', 11.32, 3.33, 'A', 3, 1);
insert into notes_details values ('2010-2011', 'SEM-5', 'Cinderalla Baron', 'MAT-1', 11.32, 2.0, 'A', 0, 1);
insert into notes_details values ('2010-2011', 'SEM-5', 'Cinderalla Baron', 'MAT-1', 11.32, 3.67, 'A', 3, 2);
insert into notes_details values ('2010-2011', 'SEM-5', 'Cinderalla Baron', 'MGP-1', 11.32, 3.67, 'A', 4, 1);
insert into notes_details values ('2010-2011', 'SEM-5', 'Cinderalla Baron', 'PHO-1', 11.32, 1.67, 'A', 0, 1);
insert into notes_details values ('2010-2011', 'SEM-5', 'Cinderalla Baron', 'PHO-1', 11.32, 3.67, 'A', 3, 2);
insert into notes_details values ('2010-2011', 'SEM-5', 'Cinderalla Baron', 'PHQ-1', 11.32, 3.67, 'A', 3, 1);
insert into notes_details values ('2010-2011', 'SEM-5', 'Cinderalla Baron', 'SPM-1', 11.32, 1.33, 'A', 0, 1);
insert into notes_details values ('2010-2011', 'SEM-5', 'Cinderalla Baron', 'SPM-1', 11.32, 1.67, 'A', 3, 99);
insert into notes_details values ('2010-2011', 'SEM-6', 'Cinderalla Baron', 'DPP-2', 11.32, 2.33, 'A', 0, 1);
insert into notes_details values ('2010-2011', 'SEM-6', 'Cinderalla Baron', 'DPP-2', 11.32, 3.67, 'A', 1, 2);
insert into notes_details values ('2010-2011', 'SEM-6', 'Cinderalla Baron', 'EAO-2', 11.32, 2.67, 'A', 3, 1);
insert into notes_details values ('2010-2011', 'SEM-6', 'Cinderalla Baron', 'ECO-2', 11.32, 2.0, 'A', 0, 1);
insert into notes_details values ('2010-2011', 'SEM-6', 'Cinderalla Baron', 'ECO-2', 11.32, 3.33, 'A', 3, 2);
insert into notes_details values ('2010-2011', 'SEM-6', 'Cinderalla Baron', 'LCI-2', 11.32, 2.67, 'A', 3, 1);
insert into notes_details values ('2010-2011', 'SEM-6', 'Cinderalla Baron', 'MAT-2', 11.32, 3.33, 'A', 2, 1);
insert into notes_details values ('2010-2011', 'SEM-6', 'Cinderalla Baron', 'MCO-2', 11.32, 3.33, 'A', 2, 1);
insert into notes_details values ('2010-2011', 'SEM-6', 'Cinderalla Baron', 'MGP-2', 11.32, 1.0, 'A', 0, 1);
insert into notes_details values ('2010-2011', 'SEM-6', 'Cinderalla Baron', 'MGP-2', 11.32, 3.0, 'A', 4, 2);
insert into notes_details values ('2010-2011', 'SEM-6', 'Cinderalla Baron', 'PHS-2', 11.32, 1.0, 'A', 0, 1);
insert into notes_details values ('2010-2011', 'SEM-6', 'Cinderalla Baron', 'PHS-2', 11.32, 3.0, 'A', 2, 2);
insert into notes_details values ('2010-2011', 'SEM-6', 'Cinderalla Baron', 'PJT-2', 11.32, 2.67, 'A', 1, 1);
insert into notes_details values ('2010-2011', 'SEM-6', 'Cinderalla Baron', 'RMS-2', 11.32, 2.33, 'A', 0, 1);
insert into notes_details values ('2010-2011', 'SEM-6', 'Cinderalla Baron', 'RMS-2', 11.32, 3.0, 'A', 4, 2);
insert into notes_details values ('2010-2011', 'SEM-6', 'Cinderalla Baron', 'STG-2', 11.32, 3.33, 'A', 2, 1);
insert into notes_details values ('2010-2011', 'SEM-6', 'Cinderalla Baron', 'THS-2', 11.32, 2.33, 'A', 0, 1);
insert into notes_details values ('2010-2011', 'SEM-6', 'Cinderalla Baron', 'THS-2', 11.32, 2.67, 'A', 3, 2);
insert into notes_details values ('2011-2012', 'SEM-7', 'Cinderalla Baron', 'ASL-3', 11.32, 4.0, 'A', 2, 1);
insert into notes_details values ('2011-2012', 'SEM-7', 'Cinderalla Baron', 'DPP-3', 11.32, 4.0, 'A', 2, 1);
insert into notes_details values ('2011-2012', 'SEM-7', 'Cinderalla Baron', 'EAO-31', 11.32, 2.0, 'A', 0, 1);
insert into notes_details values ('2011-2012', 'SEM-7', 'Cinderalla Baron', 'EAO-31', 11.32, 1.0, 'A', 0, 2);
insert into contentieux values ('2011-2012', 'SEM-7', 'Cinderalla Baron', 'EAO-31');
insert into notes_details values ('2011-2012', 'SEM-7', 'Cinderalla Baron', 'EAO-32', 11.32, 2.67, 'A', 2, 1);
insert into notes_details values ('2011-2012', 'SEM-7', 'Cinderalla Baron', 'EAO-33', 11.32, 1.33, 'A', 0, 1);
insert into notes_details values ('2011-2012', 'SEM-7', 'Cinderalla Baron', 'EAO-33', 11.32, 2.0, 'A', 0, 2);
insert into contentieux values ('2011-2012', 'SEM-7', 'Cinderalla Baron', 'EAO-33');
insert into notes_details values ('2011-2012', 'SEM-7', 'Cinderalla Baron', 'EAO-34', 11.32, 4.0, 'A', 2, 1);
insert into notes_details values ('2011-2012', 'SEM-7', 'Cinderalla Baron', 'EAO-35', 11.32, 2.33, 'A', 0, 1);
insert into notes_details values ('2011-2012', 'SEM-7', 'Cinderalla Baron', 'EAO-35', 11.32, 1.67, 'A', 0, 2);
insert into contentieux values ('2011-2012', 'SEM-7', 'Cinderalla Baron', 'EAO-35');
insert into notes_details values ('2011-2012', 'SEM-7', 'Cinderalla Baron', 'LCI-3', 11.32, 2.0, 'A', 0, 1);
insert into notes_details values ('2011-2012', 'SEM-7', 'Cinderalla Baron', 'LCI-3', 11.32, 3.33, 'A', 3, 2);
insert into notes_details values ('2011-2012', 'SEM-7', 'Cinderalla Baron', 'MAT-3', 11.32, 2.33, 'A', 0, 1);
insert into notes_details values ('2011-2012', 'SEM-7', 'Cinderalla Baron', 'MAT-3', 11.32, 1.33, 'A', 3, 99);
insert into notes_details values ('2011-2012', 'SEM-7', 'Cinderalla Baron', 'MNG-3', 11.32, 1.67, 'A', 0, 1);
insert into notes_details values ('2011-2012', 'SEM-7', 'Cinderalla Baron', 'MNG-3', 11.32, 2.0, 'A', 3, 99);
insert into notes_details values ('2011-2012', 'SEM-7', 'Cinderalla Baron', 'PJT-3', 11.32, 3.33, 'A', 5, 1);
insert into notes_details values ('2011-2012', 'SEM-7', 'Cinderalla Baron', 'STD-3', 11.32, 1.33, 'A', 0, 1);
insert into notes_details values ('2011-2012', 'SEM-7', 'Cinderalla Baron', 'STD-3', 11.32, 1.0, 'A', 2, 99);
insert into gpa values ('2010-2011', 'SEM-5', 'Cinderalla Baron', 2.45);
insert into gpa values ('2010-2011', 'SEM-6', 'Cinderalla Baron', 2.04);
insert into gpa values ('2011-2012', 'SEM-7', 'Cinderalla Baron', 2.82);
insert into cesure values ('Cinderalla Baron', 'CESURE');
insert into eleves values ('Florent Lax', 1, 'S', 'Tres bien', 'MP', null, 'flax');
insert into notes_details values ('2011-2012', 'SEM-5', 'Florent Lax', 'ALG-1', 11.32, 1.33, 'A', 0, 1);
insert into notes_details values ('2011-2012', 'SEM-5', 'Florent Lax', 'ALG-1', 11.32, 4.0, 'A', 3, 2);
insert into notes_details values ('2011-2012', 'SEM-5', 'Florent Lax', 'DPP-1', 11.32, 3.0, 'A', 2, 1);
insert into notes_details values ('2011-2012', 'SEM-5', 'Florent Lax', 'ELE-1', 11.32, 3.0, 'A', 3, 1);
insert into notes_details values ('2011-2012', 'SEM-5', 'Florent Lax', 'INP-1', 11.32, 2.33, 'A', 0, 1);
insert into notes_details values ('2011-2012', 'SEM-5', 'Florent Lax', 'INP-1', 11.32, 2.67, 'A', 3, 2);
insert into notes_details values ('2011-2012', 'SEM-5', 'Florent Lax', 'LCI-1', 11.32, 4.0, 'A', 3, 1);
insert into notes_details values ('2011-2012', 'SEM-5', 'Florent Lax', 'MAT-1', 11.32, 1.67, 'A', 0, 1);
insert into notes_details values ('2011-2012', 'SEM-5', 'Florent Lax', 'MAT-1', 11.32, 4.0, 'A', 3, 2);
insert into notes_details values ('2011-2012', 'SEM-5', 'Florent Lax', 'MGP-1', 11.32, 1.33, 'A', 0, 1);
insert into notes_details values ('2011-2012', 'SEM-5', 'Florent Lax', 'MGP-1', 11.32, 3.67, 'A', 4, 2);
insert into notes_details values ('2011-2012', 'SEM-5', 'Florent Lax', 'PHO-1', 11.32, 1.33, 'A', 0, 1);
insert into notes_details values ('2011-2012', 'SEM-5', 'Florent Lax', 'PHO-1', 11.32, 2.67, 'A', 3, 2);
insert into notes_details values ('2011-2012', 'SEM-5', 'Florent Lax', 'PHQ-1', 11.32, 2.33, 'A', 0, 1);
insert into notes_details values ('2011-2012', 'SEM-5', 'Florent Lax', 'PHQ-1', 11.32, 4.0, 'A', 3, 2);
insert into notes_details values ('2011-2012', 'SEM-5', 'Florent Lax', 'SPM-1', 11.32, 2.67, 'A', 3, 1);
insert into notes_details values ('2011-2012', 'SEM-6', 'Florent Lax', 'DPP-2', 11.32, 1.33, 'A', 0, 1);
insert into notes_details values ('2011-2012', 'SEM-6', 'Florent Lax', 'DPP-2', 11.32, 3.33, 'A', 1, 2);
insert into notes_details values ('2011-2012', 'SEM-6', 'Florent Lax', 'EAO-2', 11.32, 1.67, 'A', 0, 1);
insert into notes_details values ('2011-2012', 'SEM-6', 'Florent Lax', 'EAO-2', 11.32, 3.33, 'A', 3, 2);
insert into notes_details values ('2011-2012', 'SEM-6', 'Florent Lax', 'ECO-2', 11.32, 2.33, 'A', 0, 1);
insert into notes_details values ('2011-2012', 'SEM-6', 'Florent Lax', 'ECO-2', 11.32, 3.33, 'A', 3, 2);
insert into notes_details values ('2011-2012', 'SEM-6', 'Florent Lax', 'LCI-2', 11.32, 2.33, 'A', 0, 1);
insert into notes_details values ('2011-2012', 'SEM-6', 'Florent Lax', 'LCI-2', 11.32, 3.0, 'A', 3, 2);
insert into notes_details values ('2011-2012', 'SEM-6', 'Florent Lax', 'MAT-2', 11.32, 3.33, 'A', 2, 1);
insert into notes_details values ('2011-2012', 'SEM-6', 'Florent Lax', 'MCO-2', 11.32, 3.33, 'A', 2, 1);
insert into notes_details values ('2011-2012', 'SEM-6', 'Florent Lax', 'MGP-2', 11.32, 2.0, 'A', 0, 1);
insert into notes_details values ('2011-2012', 'SEM-6', 'Florent Lax', 'MGP-2', 11.32, 3.33, 'A', 4, 2);
insert into notes_details values ('2011-2012', 'SEM-6', 'Florent Lax', 'PHS-2', 11.32, 2.0, 'A', 0, 1);
insert into notes_details values ('2011-2012', 'SEM-6', 'Florent Lax', 'PHS-2', 11.32, 4.0, 'A', 2, 2);
insert into notes_details values ('2011-2012', 'SEM-6', 'Florent Lax', 'PJT-2', 11.32, 2.67, 'A', 1, 1);
insert into notes_details values ('2011-2012', 'SEM-6', 'Florent Lax', 'RMS-2', 11.32, 1.0, 'A', 0, 1);
insert into notes_details values ('2011-2012', 'SEM-6', 'Florent Lax', 'RMS-2', 11.32, 3.0, 'A', 4, 2);
insert into notes_details values ('2011-2012', 'SEM-6', 'Florent Lax', 'STG-2', 11.32, 2.33, 'A', 0, 1);
insert into notes_details values ('2011-2012', 'SEM-6', 'Florent Lax', 'STG-2', 11.32, 2.67, 'A', 2, 2);
insert into notes_details values ('2011-2012', 'SEM-6', 'Florent Lax', 'THS-2', 11.32, 3.33, 'A', 3, 1);
insert into notes_details values ('2012-2013', 'SEM-7', 'Florent Lax', 'ASL-3', 11.32, 1.67, 'A', 0, 1);
insert into notes_details values ('2012-2013', 'SEM-7', 'Florent Lax', 'ASL-3', 11.32, 4.0, 'A', 2, 2);
insert into notes_details values ('2012-2013', 'SEM-7', 'Florent Lax', 'DPP-3', 11.32, 1.33, 'A', 0, 1);
insert into notes_details values ('2012-2013', 'SEM-7', 'Florent Lax', 'DPP-3', 11.32, 1.0, 'A', 2, 99);
insert into notes_details values ('2012-2013', 'SEM-7', 'Florent Lax', 'EAO-31', 11.32, 2.33, 'A', 0, 1);
insert into notes_details values ('2012-2013', 'SEM-7', 'Florent Lax', 'EAO-31', 11.32, 2.67, 'A', 2, 2);
insert into notes_details values ('2012-2013', 'SEM-7', 'Florent Lax', 'EAO-32', 11.32, 1.67, 'A', 0, 1);
insert into notes_details values ('2012-2013', 'SEM-7', 'Florent Lax', 'EAO-32', 11.32, 3.0, 'A', 2, 2);
insert into notes_details values ('2012-2013', 'SEM-7', 'Florent Lax', 'EAO-33', 11.32, 4.0, 'A', 2, 1);
insert into notes_details values ('2012-2013', 'SEM-7', 'Florent Lax', 'EAO-34', 11.32, 2.33, 'A', 0, 1);
insert into notes_details values ('2012-2013', 'SEM-7', 'Florent Lax', 'EAO-34', 11.32, 1.0, 'A', 0, 2);
insert into contentieux values ('2012-2013', 'SEM-7', 'Florent Lax', 'EAO-34');
insert into notes_details values ('2012-2013', 'SEM-7', 'Florent Lax', 'EAO-35', 11.32, 1.0, 'A', 0, 1);
insert into notes_details values ('2012-2013', 'SEM-7', 'Florent Lax', 'EAO-35', 11.32, 2.0, 'A', 0, 2);
insert into contentieux values ('2012-2013', 'SEM-7', 'Florent Lax', 'EAO-35');
insert into notes_details values ('2012-2013', 'SEM-7', 'Florent Lax', 'LCI-3', 11.32, 2.33, 'A', 0, 1);
insert into notes_details values ('2012-2013', 'SEM-7', 'Florent Lax', 'LCI-3', 11.32, 1.33, 'A', 0, 2);
insert into contentieux values ('2012-2013', 'SEM-7', 'Florent Lax', 'LCI-3');
insert into notes_details values ('2012-2013', 'SEM-7', 'Florent Lax', 'MAT-3', 11.32, 1.33, 'A', 0, 1);
insert into notes_details values ('2012-2013', 'SEM-7', 'Florent Lax', 'MAT-3', 11.32, 3.67, 'A', 3, 2);
insert into notes_details values ('2012-2013', 'SEM-7', 'Florent Lax', 'MNG-3', 11.32, 1.67, 'A', 0, 1);
insert into notes_details values ('2012-2013', 'SEM-7', 'Florent Lax', 'MNG-3', 11.32, 1.67, 'A', 0, 2);
insert into contentieux values ('2012-2013', 'SEM-7', 'Florent Lax', 'MNG-3');
insert into notes_details values ('2012-2013', 'SEM-7', 'Florent Lax', 'PJT-3', 11.32, 3.0, 'A', 5, 1);
insert into notes_details values ('2012-2013', 'SEM-7', 'Florent Lax', 'STD-3', 11.32, 3.33, 'A', 2, 1);
insert into gpa values ('2011-2012', 'SEM-5', 'Florent Lax', 3.15);
insert into gpa values ('2011-2012', 'SEM-6', 'Florent Lax', 2.0);
insert into gpa values ('2012-2013', 'SEM-7', 'Florent Lax', 3.94);
insert into eleves values ('Langley Teague', 1, 'S', 'Tres bien', 'MP', null, 'lteague');
insert into notes_details values ('2010-2011', 'SEM-5', 'Langley Teague', 'ALG-1', 11.32, 2.67, 'A', 3, 1);
insert into notes_details values ('2010-2011', 'SEM-5', 'Langley Teague', 'DPP-1', 11.32, 4.0, 'A', 2, 1);
insert into notes_details values ('2010-2011', 'SEM-5', 'Langley Teague', 'ELE-1', 11.32, 2.67, 'A', 3, 1);
insert into notes_details values ('2010-2011', 'SEM-5', 'Langley Teague', 'INP-1', 11.32, 1.67, 'A', 0, 1);
insert into notes_details values ('2010-2011', 'SEM-5', 'Langley Teague', 'INP-1', 11.32, 2.0, 'A', 3, 99);
insert into notes_details values ('2010-2011', 'SEM-5', 'Langley Teague', 'LCI-1', 11.32, 4.0, 'A', 3, 1);
insert into notes_details values ('2010-2011', 'SEM-5', 'Langley Teague', 'MAT-1', 11.32, 1.67, 'A', 0, 1);
insert into notes_details values ('2010-2011', 'SEM-5', 'Langley Teague', 'MAT-1', 11.32, 4.0, 'A', 3, 2);
insert into notes_details values ('2010-2011', 'SEM-5', 'Langley Teague', 'MGP-1', 11.32, 3.67, 'A', 4, 1);
insert into notes_details values ('2010-2011', 'SEM-5', 'Langley Teague', 'PHO-1', 11.32, 3.0, 'A', 3, 1);
insert into notes_details values ('2010-2011', 'SEM-5', 'Langley Teague', 'PHQ-1', 11.32, 1.67, 'A', 0, 1);
insert into notes_details values ('2010-2011', 'SEM-5', 'Langley Teague', 'PHQ-1', 11.32, 4.0, 'A', 3, 2);
insert into notes_details values ('2010-2011', 'SEM-5', 'Langley Teague', 'SPM-1', 11.32, 3.67, 'A', 3, 1);
insert into notes_details values ('2010-2011', 'SEM-6', 'Langley Teague', 'DPP-2', 11.32, 3.33, 'A', 1, 1);
insert into notes_details values ('2010-2011', 'SEM-6', 'Langley Teague', 'EAO-2', 11.32, 4.0, 'A', 3, 1);
insert into notes_details values ('2010-2011', 'SEM-6', 'Langley Teague', 'ECO-2', 11.32, 3.33, 'A', 3, 1);
insert into notes_details values ('2010-2011', 'SEM-6', 'Langley Teague', 'LCI-2', 11.32, 3.0, 'A', 3, 1);
insert into notes_details values ('2010-2011', 'SEM-6', 'Langley Teague', 'MAT-2', 11.32, 4.0, 'A', 2, 1);
insert into notes_details values ('2010-2011', 'SEM-6', 'Langley Teague', 'MCO-2', 11.32, 3.33, 'A', 2, 1);
insert into notes_details values ('2010-2011', 'SEM-6', 'Langley Teague', 'MGP-2', 11.32, 3.33, 'A', 4, 1);
insert into notes_details values ('2010-2011', 'SEM-6', 'Langley Teague', 'PHS-2', 11.32, 2.33, 'A', 0, 1);
insert into notes_details values ('2010-2011', 'SEM-6', 'Langley Teague', 'PHS-2', 11.32, 3.67, 'A', 2, 2);
insert into notes_details values ('2010-2011', 'SEM-6', 'Langley Teague', 'PJT-2', 11.32, 1.33, 'A', 0, 1);
insert into notes_details values ('2010-2011', 'SEM-6', 'Langley Teague', 'PJT-2', 11.32, 4.0, 'A', 1, 2);
insert into notes_details values ('2010-2011', 'SEM-6', 'Langley Teague', 'RMS-2', 11.32, 1.0, 'A', 0, 1);
insert into notes_details values ('2010-2011', 'SEM-6', 'Langley Teague', 'RMS-2', 11.32, 2.0, 'A', 4, 99);
insert into notes_details values ('2010-2011', 'SEM-6', 'Langley Teague', 'STG-2', 11.32, 1.33, 'A', 0, 1);
insert into notes_details values ('2010-2011', 'SEM-6', 'Langley Teague', 'STG-2', 11.32, 2.33, 'A', 2, 99);
insert into notes_details values ('2010-2011', 'SEM-6', 'Langley Teague', 'THS-2', 11.32, 1.67, 'A', 0, 1);
insert into notes_details values ('2010-2011', 'SEM-6', 'Langley Teague', 'THS-2', 11.32, 3.0, 'A', 3, 2);
insert into notes_details values ('2011-2012', 'SEM-7', 'Langley Teague', 'ASL-3', 11.32, 2.0, 'A', 0, 1);
insert into notes_details values ('2011-2012', 'SEM-7', 'Langley Teague', 'ASL-3', 11.32, 1.0, 'A', 2, 99);
insert into notes_details values ('2011-2012', 'SEM-7', 'Langley Teague', 'DPP-3', 11.32, 2.33, 'A', 0, 1);
insert into notes_details values ('2011-2012', 'SEM-7', 'Langley Teague', 'DPP-3', 11.32, 4.0, 'A', 2, 2);
insert into notes_details values ('2011-2012', 'SEM-7', 'Langley Teague', 'EAO-31', 11.32, 2.33, 'A', 0, 1);
insert into notes_details values ('2011-2012', 'SEM-7', 'Langley Teague', 'EAO-31', 11.32, 2.33, 'A', 0, 2);
insert into contentieux values ('2011-2012', 'SEM-7', 'Langley Teague', 'EAO-31');
insert into notes_details values ('2011-2012', 'SEM-7', 'Langley Teague', 'EAO-32', 11.32, 3.67, 'A', 2, 1);
insert into notes_details values ('2011-2012', 'SEM-7', 'Langley Teague', 'EAO-33', 11.32, 3.33, 'A', 2, 1);
insert into notes_details values ('2011-2012', 'SEM-7', 'Langley Teague', 'EAO-34', 11.32, 2.0, 'A', 0, 1);
insert into notes_details values ('2011-2012', 'SEM-7', 'Langley Teague', 'EAO-34', 11.32, 2.33, 'A', 0, 2);
insert into contentieux values ('2011-2012', 'SEM-7', 'Langley Teague', 'EAO-34');
insert into notes_details values ('2011-2012', 'SEM-7', 'Langley Teague', 'EAO-35', 11.32, 3.33, 'A', 2, 1);
insert into notes_details values ('2011-2012', 'SEM-7', 'Langley Teague', 'LCI-3', 11.32, 2.0, 'A', 0, 1);
insert into notes_details values ('2011-2012', 'SEM-7', 'Langley Teague', 'LCI-3', 11.32, 2.0, 'A', 0, 2);
insert into contentieux values ('2011-2012', 'SEM-7', 'Langley Teague', 'LCI-3');
insert into notes_details values ('2011-2012', 'SEM-7', 'Langley Teague', 'MAT-3', 11.32, 1.67, 'A', 0, 1);
insert into notes_details values ('2011-2012', 'SEM-7', 'Langley Teague', 'MAT-3', 11.32, 3.67, 'A', 3, 2);
insert into notes_details values ('2011-2012', 'SEM-7', 'Langley Teague', 'MNG-3', 11.32, 1.0, 'A', 0, 1);
insert into notes_details values ('2011-2012', 'SEM-7', 'Langley Teague', 'MNG-3', 11.32, 4.0, 'A', 3, 2);
insert into notes_details values ('2011-2012', 'SEM-7', 'Langley Teague', 'PJT-3', 11.32, 1.67, 'A', 0, 1);
insert into notes_details values ('2011-2012', 'SEM-7', 'Langley Teague', 'PJT-3', 11.32, 2.67, 'A', 5, 2);
insert into notes_details values ('2011-2012', 'SEM-7', 'Langley Teague', 'STD-3', 11.32, 2.0, 'A', 0, 1);
insert into notes_details values ('2011-2012', 'SEM-7', 'Langley Teague', 'STD-3', 11.32, 2.33, 'A', 0, 2);
insert into contentieux values ('2011-2012', 'SEM-7', 'Langley Teague', 'STD-3');
insert into gpa values ('2010-2011', 'SEM-5', 'Langley Teague', 2.33);
insert into gpa values ('2010-2011', 'SEM-6', 'Langley Teague', 3.29);
insert into gpa values ('2011-2012', 'SEM-7', 'Langley Teague', 3.84);
insert into eleves values ('Claire Simpson', 1, 'S', 'Tres bien', 'MP', null, 'csimpson');
insert into notes_details values ('2011-2012', 'SEM-5', 'Claire Simpson', 'ALG-1', 11.32, 3.67, 'A', 3, 1);
insert into notes_details values ('2011-2012', 'SEM-5', 'Claire Simpson', 'DPP-1', 11.32, 4.0, 'A', 2, 1);
insert into notes_details values ('2011-2012', 'SEM-5', 'Claire Simpson', 'ELE-1', 11.32, 1.33, 'A', 0, 1);
insert into notes_details values ('2011-2012', 'SEM-5', 'Claire Simpson', 'ELE-1', 11.32, 1.0, 'A', 3, 99);
insert into notes_details values ('2011-2012', 'SEM-5', 'Claire Simpson', 'INP-1', 11.32, 4.0, 'A', 3, 1);
insert into notes_details values ('2011-2012', 'SEM-5', 'Claire Simpson', 'LCI-1', 11.32, 2.0, 'A', 0, 1);
insert into notes_details values ('2011-2012', 'SEM-5', 'Claire Simpson', 'LCI-1', 11.32, 1.67, 'A', 3, 99);
insert into notes_details values ('2011-2012', 'SEM-5', 'Claire Simpson', 'MAT-1', 11.32, 2.0, 'A', 0, 1);
insert into notes_details values ('2011-2012', 'SEM-5', 'Claire Simpson', 'MAT-1', 11.32, 2.67, 'A', 3, 2);
insert into notes_details values ('2011-2012', 'SEM-5', 'Claire Simpson', 'MGP-1', 11.32, 4.0, 'A', 4, 1);
insert into notes_details values ('2011-2012', 'SEM-5', 'Claire Simpson', 'PHO-1', 11.32, 1.67, 'A', 0, 1);
insert into notes_details values ('2011-2012', 'SEM-5', 'Claire Simpson', 'PHO-1', 11.32, 4.0, 'A', 3, 2);
insert into notes_details values ('2011-2012', 'SEM-5', 'Claire Simpson', 'PHQ-1', 11.32, 2.0, 'A', 0, 1);
insert into notes_details values ('2011-2012', 'SEM-5', 'Claire Simpson', 'PHQ-1', 11.32, 3.33, 'A', 3, 2);
insert into notes_details values ('2011-2012', 'SEM-5', 'Claire Simpson', 'SPM-1', 11.32, 1.0, 'A', 0, 1);
insert into notes_details values ('2011-2012', 'SEM-5', 'Claire Simpson', 'SPM-1', 11.32, 2.67, 'A', 3, 2);
insert into notes_details values ('2011-2012', 'SEM-6', 'Claire Simpson', 'DPP-2', 11.32, 4.0, 'A', 1, 1);
insert into notes_details values ('2011-2012', 'SEM-6', 'Claire Simpson', 'EAO-2', 11.32, 3.67, 'A', 3, 1);
insert into notes_details values ('2011-2012', 'SEM-6', 'Claire Simpson', 'ECO-2', 11.32, 4.0, 'A', 3, 1);
insert into notes_details values ('2011-2012', 'SEM-6', 'Claire Simpson', 'LCI-2', 11.32, 4.0, 'A', 3, 1);
insert into notes_details values ('2011-2012', 'SEM-6', 'Claire Simpson', 'MAT-2', 11.32, 1.33, 'A', 0, 1);
insert into notes_details values ('2011-2012', 'SEM-6', 'Claire Simpson', 'MAT-2', 11.32, 4.0, 'A', 2, 2);
insert into notes_details values ('2011-2012', 'SEM-6', 'Claire Simpson', 'MCO-2', 11.32, 2.67, 'A', 2, 1);
insert into notes_details values ('2011-2012', 'SEM-6', 'Claire Simpson', 'MGP-2', 11.32, 2.67, 'A', 4, 1);
insert into notes_details values ('2011-2012', 'SEM-6', 'Claire Simpson', 'PHS-2', 11.32, 1.33, 'A', 0, 1);
insert into notes_details values ('2011-2012', 'SEM-6', 'Claire Simpson', 'PHS-2', 11.32, 3.67, 'A', 2, 2);
insert into notes_details values ('2011-2012', 'SEM-6', 'Claire Simpson', 'PJT-2', 11.32, 3.0, 'A', 1, 1);
insert into notes_details values ('2011-2012', 'SEM-6', 'Claire Simpson', 'RMS-2', 11.32, 2.67, 'A', 4, 1);
insert into notes_details values ('2011-2012', 'SEM-6', 'Claire Simpson', 'STG-2', 11.32, 3.33, 'A', 2, 1);
insert into notes_details values ('2011-2012', 'SEM-6', 'Claire Simpson', 'THS-2', 11.32, 3.33, 'A', 3, 1);
insert into notes_details values ('2012-2013', 'SEM-7', 'Claire Simpson', 'ASL-3', 11.32, 1.67, 'A', 0, 1);
insert into notes_details values ('2012-2013', 'SEM-7', 'Claire Simpson', 'ASL-3', 11.32, 3.67, 'A', 2, 2);
insert into notes_details values ('2012-2013', 'SEM-7', 'Claire Simpson', 'DPP-3', 11.32, 1.67, 'A', 0, 1);
insert into notes_details values ('2012-2013', 'SEM-7', 'Claire Simpson', 'DPP-3', 11.32, 1.33, 'A', 0, 2);
insert into contentieux values ('2012-2013', 'SEM-7', 'Claire Simpson', 'DPP-3');
insert into notes_details values ('2012-2013', 'SEM-7', 'Claire Simpson', 'EAO-31', 11.32, 2.33, 'A', 0, 1);
insert into notes_details values ('2012-2013', 'SEM-7', 'Claire Simpson', 'EAO-31', 11.32, 2.67, 'A', 2, 2);
insert into notes_details values ('2012-2013', 'SEM-7', 'Claire Simpson', 'EAO-32', 11.32, 3.0, 'A', 2, 1);
insert into notes_details values ('2012-2013', 'SEM-7', 'Claire Simpson', 'EAO-33', 11.32, 1.33, 'A', 0, 1);
insert into notes_details values ('2012-2013', 'SEM-7', 'Claire Simpson', 'EAO-33', 11.32, 1.0, 'A', 0, 2);
insert into contentieux values ('2012-2013', 'SEM-7', 'Claire Simpson', 'EAO-33');
insert into notes_details values ('2012-2013', 'SEM-7', 'Claire Simpson', 'EAO-34', 11.32, 3.33, 'A', 2, 1);
insert into notes_details values ('2012-2013', 'SEM-7', 'Claire Simpson', 'EAO-35', 11.32, 3.33, 'A', 2, 1);
insert into notes_details values ('2012-2013', 'SEM-7', 'Claire Simpson', 'LCI-3', 11.32, 1.0, 'A', 0, 1);
insert into notes_details values ('2012-2013', 'SEM-7', 'Claire Simpson', 'LCI-3', 11.32, 2.0, 'A', 3, 99);
insert into notes_details values ('2012-2013', 'SEM-7', 'Claire Simpson', 'MAT-3', 11.32, 3.33, 'A', 3, 1);
insert into notes_details values ('2012-2013', 'SEM-7', 'Claire Simpson', 'MNG-3', 11.32, 2.33, 'A', 0, 1);
insert into notes_details values ('2012-2013', 'SEM-7', 'Claire Simpson', 'MNG-3', 11.32, 1.0, 'A', 0, 2);
insert into contentieux values ('2012-2013', 'SEM-7', 'Claire Simpson', 'MNG-3');
insert into notes_details values ('2012-2013', 'SEM-7', 'Claire Simpson', 'PJT-3', 11.32, 2.33, 'A', 0, 1);
insert into notes_details values ('2012-2013', 'SEM-7', 'Claire Simpson', 'PJT-3', 11.32, 3.67, 'A', 5, 2);
insert into notes_details values ('2012-2013', 'SEM-7', 'Claire Simpson', 'STD-3', 11.32, 3.0, 'A', 2, 1);
insert into gpa values ('2011-2012', 'SEM-5', 'Claire Simpson', 2.96);
insert into gpa values ('2011-2012', 'SEM-6', 'Claire Simpson', 2.02);
insert into gpa values ('2012-2013', 'SEM-7', 'Claire Simpson', 2.34);
insert into eleves values ('Barnabe Lemond', 1, 'S', 'Tres bien', 'MP', null, 'blemond');
insert into notes_details values ('2010-2011', 'SEM-5', 'Barnabe Lemond', 'ALG-1', 11.32, 3.33, 'A', 3, 1);
insert into notes_details values ('2010-2011', 'SEM-5', 'Barnabe Lemond', 'DPP-1', 11.32, 2.33, 'A', 0, 1);
insert into notes_details values ('2010-2011', 'SEM-5', 'Barnabe Lemond', 'DPP-1', 11.32, 4.0, 'A', 2, 2);
insert into notes_details values ('2010-2011', 'SEM-5', 'Barnabe Lemond', 'ELE-1', 11.32, 3.0, 'A', 3, 1);
insert into notes_details values ('2010-2011', 'SEM-5', 'Barnabe Lemond', 'INP-1', 11.32, 4.0, 'A', 3, 1);
insert into notes_details values ('2010-2011', 'SEM-5', 'Barnabe Lemond', 'LCI-1', 11.32, 2.33, 'A', 0, 1);
insert into notes_details values ('2010-2011', 'SEM-5', 'Barnabe Lemond', 'LCI-1', 11.32, 2.67, 'A', 3, 2);
insert into notes_details values ('2010-2011', 'SEM-5', 'Barnabe Lemond', 'MAT-1', 11.32, 2.33, 'A', 0, 1);
insert into notes_details values ('2010-2011', 'SEM-5', 'Barnabe Lemond', 'MAT-1', 11.32, 3.33, 'A', 3, 2);
insert into notes_details values ('2010-2011', 'SEM-5', 'Barnabe Lemond', 'MGP-1', 11.32, 1.33, 'A', 0, 1);
insert into notes_details values ('2010-2011', 'SEM-5', 'Barnabe Lemond', 'MGP-1', 11.32, 3.33, 'A', 4, 2);
insert into notes_details values ('2010-2011', 'SEM-5', 'Barnabe Lemond', 'PHO-1', 11.32, 4.0, 'A', 3, 1);
insert into notes_details values ('2010-2011', 'SEM-5', 'Barnabe Lemond', 'PHQ-1', 11.32, 1.67, 'A', 0, 1);
insert into notes_details values ('2010-2011', 'SEM-5', 'Barnabe Lemond', 'PHQ-1', 11.32, 3.33, 'A', 3, 2);
insert into notes_details values ('2010-2011', 'SEM-5', 'Barnabe Lemond', 'SPM-1', 11.32, 2.67, 'A', 3, 1);
insert into notes_details values ('2010-2011', 'SEM-6', 'Barnabe Lemond', 'DPP-2', 11.32, 3.67, 'A', 1, 1);
insert into notes_details values ('2010-2011', 'SEM-6', 'Barnabe Lemond', 'EAO-2', 11.32, 2.67, 'A', 3, 1);
insert into notes_details values ('2010-2011', 'SEM-6', 'Barnabe Lemond', 'ECO-2', 11.32, 4.0, 'A', 3, 1);
insert into notes_details values ('2010-2011', 'SEM-6', 'Barnabe Lemond', 'LCI-2', 11.32, 2.0, 'A', 0, 1);
insert into notes_details values ('2010-2011', 'SEM-6', 'Barnabe Lemond', 'LCI-2', 11.32, 2.0, 'A', 3, 99);
insert into notes_details values ('2010-2011', 'SEM-6', 'Barnabe Lemond', 'MAT-2', 11.32, 3.67, 'A', 2, 1);
insert into notes_details values ('2010-2011', 'SEM-6', 'Barnabe Lemond', 'MCO-2', 11.32, 3.67, 'A', 2, 1);
insert into notes_details values ('2010-2011', 'SEM-6', 'Barnabe Lemond', 'MGP-2', 11.32, 2.0, 'A', 0, 1);
insert into notes_details values ('2010-2011', 'SEM-6', 'Barnabe Lemond', 'MGP-2', 11.32, 4.0, 'A', 4, 2);
insert into notes_details values ('2010-2011', 'SEM-6', 'Barnabe Lemond', 'PHS-2', 11.32, 2.33, 'A', 0, 1);
insert into notes_details values ('2010-2011', 'SEM-6', 'Barnabe Lemond', 'PHS-2', 11.32, 3.0, 'A', 2, 2);
insert into notes_details values ('2010-2011', 'SEM-6', 'Barnabe Lemond', 'PJT-2', 11.32, 2.0, 'A', 0, 1);
insert into notes_details values ('2010-2011', 'SEM-6', 'Barnabe Lemond', 'PJT-2', 11.32, 3.33, 'A', 1, 2);
insert into notes_details values ('2010-2011', 'SEM-6', 'Barnabe Lemond', 'RMS-2', 11.32, 3.0, 'A', 4, 1);
insert into notes_details values ('2010-2011', 'SEM-6', 'Barnabe Lemond', 'STG-2', 11.32, 2.67, 'A', 2, 1);
insert into notes_details values ('2010-2011', 'SEM-6', 'Barnabe Lemond', 'THS-2', 11.32, 1.67, 'A', 0, 1);
insert into notes_details values ('2010-2011', 'SEM-6', 'Barnabe Lemond', 'THS-2', 11.32, 2.67, 'A', 3, 2);
insert into notes_details values ('2011-2012', 'SEM-7', 'Barnabe Lemond', 'ASL-3', 11.32, 2.0, 'A', 0, 1);
insert into notes_details values ('2011-2012', 'SEM-7', 'Barnabe Lemond', 'ASL-3', 11.32, 1.33, 'A', 0, 2);
insert into contentieux values ('2011-2012', 'SEM-7', 'Barnabe Lemond', 'ASL-3');
insert into notes_details values ('2011-2012', 'SEM-7', 'Barnabe Lemond', 'DPP-3', 11.32, 3.67, 'A', 2, 1);
insert into notes_details values ('2011-2012', 'SEM-7', 'Barnabe Lemond', 'EAO-31', 11.32, 2.33, 'A', 0, 1);
insert into notes_details values ('2011-2012', 'SEM-7', 'Barnabe Lemond', 'EAO-31', 11.32, 3.67, 'A', 2, 2);
insert into notes_details values ('2011-2012', 'SEM-7', 'Barnabe Lemond', 'EAO-32', 11.32, 1.33, 'A', 0, 1);
insert into notes_details values ('2011-2012', 'SEM-7', 'Barnabe Lemond', 'EAO-32', 11.32, 4.0, 'A', 2, 2);
insert into notes_details values ('2011-2012', 'SEM-7', 'Barnabe Lemond', 'EAO-33', 11.32, 2.33, 'A', 0, 1);
insert into notes_details values ('2011-2012', 'SEM-7', 'Barnabe Lemond', 'EAO-33', 11.32, 1.67, 'A', 0, 2);
insert into contentieux values ('2011-2012', 'SEM-7', 'Barnabe Lemond', 'EAO-33');
insert into notes_details values ('2011-2012', 'SEM-7', 'Barnabe Lemond', 'EAO-34', 11.32, 2.0, 'A', 0, 1);
insert into notes_details values ('2011-2012', 'SEM-7', 'Barnabe Lemond', 'EAO-34', 11.32, 1.67, 'A', 2, 99);
insert into notes_details values ('2011-2012', 'SEM-7', 'Barnabe Lemond', 'EAO-35', 11.32, 3.0, 'A', 2, 1);
insert into notes_details values ('2011-2012', 'SEM-7', 'Barnabe Lemond', 'LCI-3', 11.32, 2.33, 'A', 0, 1);
insert into notes_details values ('2011-2012', 'SEM-7', 'Barnabe Lemond', 'LCI-3', 11.32, 1.67, 'A', 0, 2);
insert into contentieux values ('2011-2012', 'SEM-7', 'Barnabe Lemond', 'LCI-3');
insert into notes_details values ('2011-2012', 'SEM-7', 'Barnabe Lemond', 'MAT-3', 11.32, 2.0, 'A', 0, 1);
insert into notes_details values ('2011-2012', 'SEM-7', 'Barnabe Lemond', 'MAT-3', 11.32, 1.0, 'A', 0, 2);
insert into contentieux values ('2011-2012', 'SEM-7', 'Barnabe Lemond', 'MAT-3');
insert into notes_details values ('2011-2012', 'SEM-7', 'Barnabe Lemond', 'MNG-3', 11.32, 2.0, 'A', 0, 1);
insert into notes_details values ('2011-2012', 'SEM-7', 'Barnabe Lemond', 'MNG-3', 11.32, 1.0, 'A', 0, 2);
insert into contentieux values ('2011-2012', 'SEM-7', 'Barnabe Lemond', 'MNG-3');
insert into notes_details values ('2011-2012', 'SEM-7', 'Barnabe Lemond', 'PJT-3', 11.32, 2.0, 'A', 0, 1);
insert into notes_details values ('2011-2012', 'SEM-7', 'Barnabe Lemond', 'PJT-3', 11.32, 3.33, 'A', 5, 2);
insert into notes_details values ('2011-2012', 'SEM-7', 'Barnabe Lemond', 'STD-3', 11.32, 2.33, 'A', 0, 1);
insert into notes_details values ('2011-2012', 'SEM-7', 'Barnabe Lemond', 'STD-3', 11.32, 1.33, 'A', 2, 99);
insert into gpa values ('2010-2011', 'SEM-5', 'Barnabe Lemond', 3.17);
insert into gpa values ('2010-2011', 'SEM-6', 'Barnabe Lemond', 2.8);
insert into gpa values ('2011-2012', 'SEM-7', 'Barnabe Lemond', 3.72);
insert into eleves values ('Odelie Garnier', 1, 'S', 'Tres bien', 'MP', null, 'ogarnier');
insert into notes_details values ('2011-2012', 'SEM-5', 'Odelie Garnier', 'ALG-1', 11.32, 4.0, 'A', 3, 1);
insert into notes_details values ('2011-2012', 'SEM-5', 'Odelie Garnier', 'DPP-1', 11.32, 1.33, 'A', 0, 1);
insert into notes_details values ('2011-2012', 'SEM-5', 'Odelie Garnier', 'DPP-1', 11.32, 1.67, 'A', 2, 99);
insert into notes_details values ('2011-2012', 'SEM-5', 'Odelie Garnier', 'ELE-1', 11.32, 2.67, 'A', 3, 1);
insert into notes_details values ('2011-2012', 'SEM-5', 'Odelie Garnier', 'INP-1', 11.32, 2.0, 'A', 0, 1);
insert into notes_details values ('2011-2012', 'SEM-5', 'Odelie Garnier', 'INP-1', 11.32, 3.0, 'A', 3, 2);
insert into notes_details values ('2011-2012', 'SEM-5', 'Odelie Garnier', 'LCI-1', 11.32, 1.67, 'A', 0, 1);
insert into notes_details values ('2011-2012', 'SEM-5', 'Odelie Garnier', 'LCI-1', 11.32, 3.33, 'A', 3, 2);
insert into notes_details values ('2011-2012', 'SEM-5', 'Odelie Garnier', 'MAT-1', 11.32, 1.67, 'A', 0, 1);
insert into notes_details values ('2011-2012', 'SEM-5', 'Odelie Garnier', 'MAT-1', 11.32, 3.0, 'A', 3, 2);
insert into notes_details values ('2011-2012', 'SEM-5', 'Odelie Garnier', 'MGP-1', 11.32, 3.67, 'A', 4, 1);
insert into notes_details values ('2011-2012', 'SEM-5', 'Odelie Garnier', 'PHO-1', 11.32, 2.67, 'A', 3, 1);
insert into notes_details values ('2011-2012', 'SEM-5', 'Odelie Garnier', 'PHQ-1', 11.32, 1.67, 'A', 0, 1);
insert into notes_details values ('2011-2012', 'SEM-5', 'Odelie Garnier', 'PHQ-1', 11.32, 3.33, 'A', 3, 2);
insert into notes_details values ('2011-2012', 'SEM-5', 'Odelie Garnier', 'SPM-1', 11.32, 1.67, 'A', 0, 1);
insert into notes_details values ('2011-2012', 'SEM-5', 'Odelie Garnier', 'SPM-1', 11.32, 2.67, 'A', 3, 2);
insert into notes_details values ('2011-2012', 'SEM-6', 'Odelie Garnier', 'DPP-2', 11.32, 1.33, 'A', 0, 1);
insert into notes_details values ('2011-2012', 'SEM-6', 'Odelie Garnier', 'DPP-2', 11.32, 3.33, 'A', 1, 2);
insert into notes_details values ('2011-2012', 'SEM-6', 'Odelie Garnier', 'EAO-2', 11.32, 3.0, 'A', 3, 1);
insert into notes_details values ('2011-2012', 'SEM-6', 'Odelie Garnier', 'ECO-2', 11.32, 1.67, 'A', 0, 1);
insert into notes_details values ('2011-2012', 'SEM-6', 'Odelie Garnier', 'ECO-2', 11.32, 2.0, 'A', 3, 99);
insert into notes_details values ('2011-2012', 'SEM-6', 'Odelie Garnier', 'LCI-2', 11.32, 1.33, 'A', 0, 1);
insert into notes_details values ('2011-2012', 'SEM-6', 'Odelie Garnier', 'LCI-2', 11.32, 1.0, 'A', 3, 99);
insert into notes_details values ('2011-2012', 'SEM-6', 'Odelie Garnier', 'MAT-2', 11.32, 3.0, 'A', 2, 1);
insert into notes_details values ('2011-2012', 'SEM-6', 'Odelie Garnier', 'MCO-2', 11.32, 2.0, 'A', 0, 1);
insert into notes_details values ('2011-2012', 'SEM-6', 'Odelie Garnier', 'MCO-2', 11.32, 3.0, 'A', 2, 2);
insert into notes_details values ('2011-2012', 'SEM-6', 'Odelie Garnier', 'MGP-2', 11.32, 3.0, 'A', 4, 1);
insert into notes_details values ('2011-2012', 'SEM-6', 'Odelie Garnier', 'PHS-2', 11.32, 1.0, 'A', 0, 1);
insert into notes_details values ('2011-2012', 'SEM-6', 'Odelie Garnier', 'PHS-2', 11.32, 2.67, 'A', 2, 2);
insert into notes_details values ('2011-2012', 'SEM-6', 'Odelie Garnier', 'PJT-2', 11.32, 1.0, 'A', 0, 1);
insert into notes_details values ('2011-2012', 'SEM-6', 'Odelie Garnier', 'PJT-2', 11.32, 2.67, 'A', 1, 2);
insert into notes_details values ('2011-2012', 'SEM-6', 'Odelie Garnier', 'RMS-2', 11.32, 2.0, 'A', 0, 1);
insert into notes_details values ('2011-2012', 'SEM-6', 'Odelie Garnier', 'RMS-2', 11.32, 1.33, 'A', 4, 99);
insert into notes_details values ('2011-2012', 'SEM-6', 'Odelie Garnier', 'STG-2', 11.32, 1.67, 'A', 0, 1);
insert into notes_details values ('2011-2012', 'SEM-6', 'Odelie Garnier', 'STG-2', 11.32, 3.0, 'A', 2, 2);
insert into notes_details values ('2011-2012', 'SEM-6', 'Odelie Garnier', 'THS-2', 11.32, 3.33, 'A', 3, 1);
insert into notes_details values ('2012-2013', 'SEM-7', 'Odelie Garnier', 'ASL-3', 11.32, 2.67, 'A', 2, 1);
insert into notes_details values ('2012-2013', 'SEM-7', 'Odelie Garnier', 'DPP-3', 11.32, 1.33, 'A', 0, 1);
insert into notes_details values ('2012-2013', 'SEM-7', 'Odelie Garnier', 'DPP-3', 11.32, 3.67, 'A', 2, 2);
insert into notes_details values ('2012-2013', 'SEM-7', 'Odelie Garnier', 'EAO-31', 11.32, 1.0, 'A', 0, 1);
insert into notes_details values ('2012-2013', 'SEM-7', 'Odelie Garnier', 'EAO-31', 11.32, 1.33, 'A', 0, 2);
insert into contentieux values ('2012-2013', 'SEM-7', 'Odelie Garnier', 'EAO-31');
insert into notes_details values ('2012-2013', 'SEM-7', 'Odelie Garnier', 'EAO-32', 11.32, 1.0, 'A', 0, 1);
insert into notes_details values ('2012-2013', 'SEM-7', 'Odelie Garnier', 'EAO-32', 11.32, 3.33, 'A', 2, 2);
insert into notes_details values ('2012-2013', 'SEM-7', 'Odelie Garnier', 'EAO-33', 11.32, 3.33, 'A', 2, 1);
insert into notes_details values ('2012-2013', 'SEM-7', 'Odelie Garnier', 'EAO-34', 11.32, 1.0, 'A', 0, 1);
insert into notes_details values ('2012-2013', 'SEM-7', 'Odelie Garnier', 'EAO-34', 11.32, 3.33, 'A', 2, 2);
insert into notes_details values ('2012-2013', 'SEM-7', 'Odelie Garnier', 'EAO-35', 11.32, 3.0, 'A', 2, 1);
insert into notes_details values ('2012-2013', 'SEM-7', 'Odelie Garnier', 'LCI-3', 11.32, 2.33, 'A', 0, 1);
insert into notes_details values ('2012-2013', 'SEM-7', 'Odelie Garnier', 'LCI-3', 11.32, 1.33, 'A', 0, 2);
insert into contentieux values ('2012-2013', 'SEM-7', 'Odelie Garnier', 'LCI-3');
insert into notes_details values ('2012-2013', 'SEM-7', 'Odelie Garnier', 'MAT-3', 11.32, 1.0, 'A', 0, 1);
insert into notes_details values ('2012-2013', 'SEM-7', 'Odelie Garnier', 'MAT-3', 11.32, 2.67, 'A', 3, 2);
insert into notes_details values ('2012-2013', 'SEM-7', 'Odelie Garnier', 'MNG-3', 11.32, 1.67, 'A', 0, 1);
insert into notes_details values ('2012-2013', 'SEM-7', 'Odelie Garnier', 'MNG-3', 11.32, 1.33, 'A', 0, 2);
insert into contentieux values ('2012-2013', 'SEM-7', 'Odelie Garnier', 'MNG-3');
insert into notes_details values ('2012-2013', 'SEM-7', 'Odelie Garnier', 'PJT-3', 11.32, 1.67, 'A', 0, 1);
insert into notes_details values ('2012-2013', 'SEM-7', 'Odelie Garnier', 'PJT-3', 11.32, 1.0, 'A', 0, 2);
insert into contentieux values ('2012-2013', 'SEM-7', 'Odelie Garnier', 'PJT-3');
insert into notes_details values ('2012-2013', 'SEM-7', 'Odelie Garnier', 'STD-3', 11.32, 1.67, 'A', 0, 1);
insert into notes_details values ('2012-2013', 'SEM-7', 'Odelie Garnier', 'STD-3', 11.32, 4.0, 'A', 2, 2);
insert into gpa values ('2011-2012', 'SEM-5', 'Odelie Garnier', 3.67);
insert into gpa values ('2011-2012', 'SEM-6', 'Odelie Garnier', 3.92);
insert into gpa values ('2012-2013', 'SEM-7', 'Odelie Garnier', 3.49);
insert into eleves values ('Agathe Langlois', 1, 'S', 'Tres bien', 'MP', null, 'alanglois');
insert into notes_details values ('2010-2011', 'SEM-5', 'Agathe Langlois', 'ALG-1', 11.32, 2.0, 'A', 0, 1);
insert into notes_details values ('2010-2011', 'SEM-5', 'Agathe Langlois', 'ALG-1', 11.32, 2.67, 'A', 3, 2);
insert into notes_details values ('2010-2011', 'SEM-5', 'Agathe Langlois', 'DPP-1', 11.32, 2.67, 'A', 2, 1);
insert into notes_details values ('2010-2011', 'SEM-5', 'Agathe Langlois', 'ELE-1', 11.32, 1.0, 'A', 0, 1);
insert into notes_details values ('2010-2011', 'SEM-5', 'Agathe Langlois', 'ELE-1', 11.32, 3.33, 'A', 3, 2);
insert into notes_details values ('2010-2011', 'SEM-5', 'Agathe Langlois', 'INP-1', 11.32, 1.0, 'A', 0, 1);
insert into notes_details values ('2010-2011', 'SEM-5', 'Agathe Langlois', 'INP-1', 11.32, 3.0, 'A', 3, 2);
insert into notes_details values ('2010-2011', 'SEM-5', 'Agathe Langlois', 'LCI-1', 11.32, 3.0, 'A', 3, 1);
insert into notes_details values ('2010-2011', 'SEM-5', 'Agathe Langlois', 'MAT-1', 11.32, 2.33, 'A', 0, 1);
insert into notes_details values ('2010-2011', 'SEM-5', 'Agathe Langlois', 'MAT-1', 11.32, 2.67, 'A', 3, 2);
insert into notes_details values ('2010-2011', 'SEM-5', 'Agathe Langlois', 'MGP-1', 11.32, 2.33, 'A', 0, 1);
insert into notes_details values ('2010-2011', 'SEM-5', 'Agathe Langlois', 'MGP-1', 11.32, 2.0, 'A', 4, 99);
insert into notes_details values ('2010-2011', 'SEM-5', 'Agathe Langlois', 'PHO-1', 11.32, 1.0, 'A', 0, 1);
insert into notes_details values ('2010-2011', 'SEM-5', 'Agathe Langlois', 'PHO-1', 11.32, 3.67, 'A', 3, 2);
insert into notes_details values ('2010-2011', 'SEM-5', 'Agathe Langlois', 'PHQ-1', 11.32, 3.67, 'A', 3, 1);
insert into notes_details values ('2010-2011', 'SEM-5', 'Agathe Langlois', 'SPM-1', 11.32, 1.0, 'A', 0, 1);
insert into notes_details values ('2010-2011', 'SEM-5', 'Agathe Langlois', 'SPM-1', 11.32, 2.0, 'A', 3, 99);
insert into notes_details values ('2010-2011', 'SEM-6', 'Agathe Langlois', 'DPP-2', 11.32, 4.0, 'A', 1, 1);
insert into notes_details values ('2010-2011', 'SEM-6', 'Agathe Langlois', 'EAO-2', 11.32, 1.67, 'A', 0, 1);
insert into notes_details values ('2010-2011', 'SEM-6', 'Agathe Langlois', 'EAO-2', 11.32, 2.67, 'A', 3, 2);
insert into notes_details values ('2010-2011', 'SEM-6', 'Agathe Langlois', 'ECO-2', 11.32, 1.33, 'A', 0, 1);
insert into notes_details values ('2010-2011', 'SEM-6', 'Agathe Langlois', 'ECO-2', 11.32, 1.67, 'A', 3, 99);
insert into notes_details values ('2010-2011', 'SEM-6', 'Agathe Langlois', 'LCI-2', 11.32, 4.0, 'A', 3, 1);
insert into notes_details values ('2010-2011', 'SEM-6', 'Agathe Langlois', 'MAT-2', 11.32, 4.0, 'A', 2, 1);
insert into notes_details values ('2010-2011', 'SEM-6', 'Agathe Langlois', 'MCO-2', 11.32, 3.67, 'A', 2, 1);
insert into notes_details values ('2010-2011', 'SEM-6', 'Agathe Langlois', 'MGP-2', 11.32, 3.0, 'A', 4, 1);
insert into notes_details values ('2010-2011', 'SEM-6', 'Agathe Langlois', 'PHS-2', 11.32, 3.67, 'A', 2, 1);
insert into notes_details values ('2010-2011', 'SEM-6', 'Agathe Langlois', 'PJT-2', 11.32, 3.33, 'A', 1, 1);
insert into notes_details values ('2010-2011', 'SEM-6', 'Agathe Langlois', 'RMS-2', 11.32, 1.67, 'A', 0, 1);
insert into notes_details values ('2010-2011', 'SEM-6', 'Agathe Langlois', 'RMS-2', 11.32, 4.0, 'A', 4, 2);
insert into notes_details values ('2010-2011', 'SEM-6', 'Agathe Langlois', 'STG-2', 11.32, 1.33, 'A', 0, 1);
insert into notes_details values ('2010-2011', 'SEM-6', 'Agathe Langlois', 'STG-2', 11.32, 3.67, 'A', 2, 2);
insert into notes_details values ('2010-2011', 'SEM-6', 'Agathe Langlois', 'THS-2', 11.32, 1.67, 'A', 0, 1);
insert into notes_details values ('2010-2011', 'SEM-6', 'Agathe Langlois', 'THS-2', 11.32, 3.33, 'A', 3, 2);
insert into notes_details values ('2011-2012', 'SEM-7', 'Agathe Langlois', 'ASL-3', 11.32, 1.0, 'A', 0, 1);
insert into notes_details values ('2011-2012', 'SEM-7', 'Agathe Langlois', 'ASL-3', 11.32, 3.0, 'A', 2, 2);
insert into notes_details values ('2011-2012', 'SEM-7', 'Agathe Langlois', 'DPP-3', 11.32, 1.67, 'A', 0, 1);
insert into notes_details values ('2011-2012', 'SEM-7', 'Agathe Langlois', 'DPP-3', 11.32, 3.33, 'A', 2, 2);
insert into notes_details values ('2011-2012', 'SEM-7', 'Agathe Langlois', 'EAO-31', 11.32, 2.33, 'A', 0, 1);
insert into notes_details values ('2011-2012', 'SEM-7', 'Agathe Langlois', 'EAO-31', 11.32, 1.67, 'A', 0, 2);
insert into contentieux values ('2011-2012', 'SEM-7', 'Agathe Langlois', 'EAO-31');
insert into notes_details values ('2011-2012', 'SEM-7', 'Agathe Langlois', 'EAO-32', 11.32, 1.33, 'A', 0, 1);
insert into notes_details values ('2011-2012', 'SEM-7', 'Agathe Langlois', 'EAO-32', 11.32, 1.67, 'A', 0, 2);
insert into contentieux values ('2011-2012', 'SEM-7', 'Agathe Langlois', 'EAO-32');
insert into notes_details values ('2011-2012', 'SEM-7', 'Agathe Langlois', 'EAO-33', 11.32, 2.33, 'A', 0, 1);
insert into notes_details values ('2011-2012', 'SEM-7', 'Agathe Langlois', 'EAO-33', 11.32, 1.33, 'A', 2, 99);
insert into notes_details values ('2011-2012', 'SEM-7', 'Agathe Langlois', 'EAO-34', 11.32, 2.67, 'A', 2, 1);
insert into notes_details values ('2011-2012', 'SEM-7', 'Agathe Langlois', 'EAO-35', 11.32, 1.33, 'A', 0, 1);
insert into notes_details values ('2011-2012', 'SEM-7', 'Agathe Langlois', 'EAO-35', 11.32, 4.0, 'A', 2, 2);
insert into notes_details values ('2011-2012', 'SEM-7', 'Agathe Langlois', 'LCI-3', 11.32, 3.0, 'A', 3, 1);
insert into notes_details values ('2011-2012', 'SEM-7', 'Agathe Langlois', 'MAT-3', 11.32, 4.0, 'A', 3, 1);
insert into notes_details values ('2011-2012', 'SEM-7', 'Agathe Langlois', 'MNG-3', 11.32, 1.67, 'A', 0, 1);
insert into notes_details values ('2011-2012', 'SEM-7', 'Agathe Langlois', 'MNG-3', 11.32, 3.33, 'A', 3, 2);
insert into notes_details values ('2011-2012', 'SEM-7', 'Agathe Langlois', 'PJT-3', 11.32, 2.33, 'A', 0, 1);
insert into notes_details values ('2011-2012', 'SEM-7', 'Agathe Langlois', 'PJT-3', 11.32, 1.67, 'A', 0, 2);
insert into contentieux values ('2011-2012', 'SEM-7', 'Agathe Langlois', 'PJT-3');
insert into notes_details values ('2011-2012', 'SEM-7', 'Agathe Langlois', 'STD-3', 11.32, 1.33, 'A', 0, 1);
insert into notes_details values ('2011-2012', 'SEM-7', 'Agathe Langlois', 'STD-3', 11.32, 1.67, 'A', 0, 2);
insert into contentieux values ('2011-2012', 'SEM-7', 'Agathe Langlois', 'STD-3');
insert into gpa values ('2010-2011', 'SEM-5', 'Agathe Langlois', 2.46);
insert into gpa values ('2010-2011', 'SEM-6', 'Agathe Langlois', 2.67);
insert into gpa values ('2011-2012', 'SEM-7', 'Agathe Langlois', 2.03);
insert into eleves values ('Lev Aubert', 1, 'S', 'Tres bien', 'Credits', null, 'laubert');
insert into notes_details values ('2011-2012', 'SEM-5', 'Lev Aubert', 'ALG-1', 11.32, 3.67, 'A', 3, 1);
insert into notes_details values ('2011-2012', 'SEM-5', 'Lev Aubert', 'DPP-1', 11.32, 2.67, 'A', 2, 1);
insert into notes_details values ('2011-2012', 'SEM-5', 'Lev Aubert', 'ELE-1', 11.32, 1.33, 'A', 0, 1);
insert into notes_details values ('2011-2012', 'SEM-5', 'Lev Aubert', 'ELE-1', 11.32, 2.67, 'A', 3, 2);
insert into notes_details values ('2011-2012', 'SEM-5', 'Lev Aubert', 'INP-1', 11.32, 2.0, 'A', 0, 1);
insert into notes_details values ('2011-2012', 'SEM-5', 'Lev Aubert', 'INP-1', 11.32, 3.33, 'A', 3, 2);
insert into notes_details values ('2011-2012', 'SEM-5', 'Lev Aubert', 'LCI-1', 11.32, 3.67, 'A', 3, 1);
insert into notes_details values ('2011-2012', 'SEM-5', 'Lev Aubert', 'MAT-1', 11.32, 3.33, 'A', 3, 1);
insert into notes_details values ('2011-2012', 'SEM-5', 'Lev Aubert', 'MGP-1', 11.32, 2.33, 'A', 0, 1);
insert into notes_details values ('2011-2012', 'SEM-5', 'Lev Aubert', 'MGP-1', 11.32, 4.0, 'A', 4, 2);
insert into notes_details values ('2011-2012', 'SEM-5', 'Lev Aubert', 'PHO-1', 11.32, 3.67, 'A', 3, 1);
insert into notes_details values ('2011-2012', 'SEM-5', 'Lev Aubert', 'PHQ-1', 11.32, 3.0, 'A', 3, 1);
insert into notes_details values ('2011-2012', 'SEM-5', 'Lev Aubert', 'SPM-1', 11.32, 2.33, 'A', 0, 1);
insert into notes_details values ('2011-2012', 'SEM-5', 'Lev Aubert', 'SPM-1', 11.32, 3.67, 'A', 3, 2);
insert into notes_details values ('2011-2012', 'SEM-6', 'Lev Aubert', 'DPP-2', 11.32, 1.0, 'A', 0, 1);
insert into notes_details values ('2011-2012', 'SEM-6', 'Lev Aubert', 'DPP-2', 11.32, 2.67, 'A', 1, 2);
insert into notes_details values ('2011-2012', 'SEM-6', 'Lev Aubert', 'EAO-2', 11.32, 3.0, 'A', 3, 1);
insert into notes_details values ('2011-2012', 'SEM-6', 'Lev Aubert', 'ECO-2', 11.32, 3.0, 'A', 3, 1);
insert into notes_details values ('2011-2012', 'SEM-6', 'Lev Aubert', 'LCI-2', 11.32, 2.0, 'A', 0, 1);
insert into notes_details values ('2011-2012', 'SEM-6', 'Lev Aubert', 'LCI-2', 11.32, 4.0, 'A', 3, 2);
insert into notes_details values ('2011-2012', 'SEM-6', 'Lev Aubert', 'MAT-2', 11.32, 2.0, 'A', 0, 1);
insert into notes_details values ('2011-2012', 'SEM-6', 'Lev Aubert', 'MAT-2', 11.32, 2.67, 'A', 2, 2);
insert into notes_details values ('2011-2012', 'SEM-6', 'Lev Aubert', 'MCO-2', 11.32, 1.67, 'A', 0, 1);
insert into notes_details values ('2011-2012', 'SEM-6', 'Lev Aubert', 'MCO-2', 11.32, 2.0, 'A', 2, 99);
insert into notes_details values ('2011-2012', 'SEM-6', 'Lev Aubert', 'MGP-2', 11.32, 1.33, 'A', 0, 1);
insert into notes_details values ('2011-2012', 'SEM-6', 'Lev Aubert', 'MGP-2', 11.32, 2.67, 'A', 4, 2);
insert into notes_details values ('2011-2012', 'SEM-6', 'Lev Aubert', 'PHS-2', 11.32, 2.33, 'A', 0, 1);
insert into notes_details values ('2011-2012', 'SEM-6', 'Lev Aubert', 'PHS-2', 11.32, 2.67, 'A', 2, 2);
insert into notes_details values ('2011-2012', 'SEM-6', 'Lev Aubert', 'PJT-2', 11.32, 3.0, 'A', 1, 1);
insert into notes_details values ('2011-2012', 'SEM-6', 'Lev Aubert', 'RMS-2', 11.32, 1.33, 'A', 0, 1);
insert into notes_details values ('2011-2012', 'SEM-6', 'Lev Aubert', 'RMS-2', 11.32, 3.67, 'A', 4, 2);
insert into notes_details values ('2011-2012', 'SEM-6', 'Lev Aubert', 'STG-2', 11.32, 1.33, 'A', 0, 1);
insert into notes_details values ('2011-2012', 'SEM-6', 'Lev Aubert', 'STG-2', 11.32, 3.33, 'A', 2, 2);
insert into notes_details values ('2011-2012', 'SEM-6', 'Lev Aubert', 'THS-2', 11.32, 3.33, 'A', 3, 1);
insert into notes_details values ('2012-2013', 'SEM-7', 'Lev Aubert', 'ASL-3', 11.32, 2.0, 'A', 0, 1);
insert into notes_details values ('2012-2013', 'SEM-7', 'Lev Aubert', 'ASL-3', 11.32, 1.0, 'A', 0, 2);
insert into contentieux values ('2012-2013', 'SEM-7', 'Lev Aubert', 'ASL-3');
insert into notes_details values ('2012-2013', 'SEM-7', 'Lev Aubert', 'DPP-3', 11.32, 3.33, 'A', 2, 1);
insert into notes_details values ('2012-2013', 'SEM-7', 'Lev Aubert', 'EAO-31', 11.32, 2.0, 'A', 0, 1);
insert into notes_details values ('2012-2013', 'SEM-7', 'Lev Aubert', 'EAO-31', 11.32, 3.0, 'A', 2, 2);
insert into notes_details values ('2012-2013', 'SEM-7', 'Lev Aubert', 'EAO-32', 11.32, 1.67, 'A', 0, 1);
insert into notes_details values ('2012-2013', 'SEM-7', 'Lev Aubert', 'EAO-32', 11.32, 1.0, 'A', 0, 2);
insert into contentieux values ('2012-2013', 'SEM-7', 'Lev Aubert', 'EAO-32');
insert into notes_details values ('2012-2013', 'SEM-7', 'Lev Aubert', 'EAO-33', 11.32, 1.67, 'A', 0, 1);
insert into notes_details values ('2012-2013', 'SEM-7', 'Lev Aubert', 'EAO-33', 11.32, 3.33, 'A', 2, 2);
insert into notes_details values ('2012-2013', 'SEM-7', 'Lev Aubert', 'EAO-34', 11.32, 3.33, 'A', 2, 1);
insert into notes_details values ('2012-2013', 'SEM-7', 'Lev Aubert', 'EAO-35', 11.32, 4.0, 'A', 2, 1);
insert into notes_details values ('2012-2013', 'SEM-7', 'Lev Aubert', 'LCI-3', 11.32, 1.33, 'A', 0, 1);
insert into notes_details values ('2012-2013', 'SEM-7', 'Lev Aubert', 'LCI-3', 11.32, 1.67, 'A', 0, 2);
insert into contentieux values ('2012-2013', 'SEM-7', 'Lev Aubert', 'LCI-3');
insert into notes_details values ('2012-2013', 'SEM-7', 'Lev Aubert', 'MAT-3', 11.32, 3.33, 'A', 3, 1);
insert into notes_details values ('2012-2013', 'SEM-7', 'Lev Aubert', 'MNG-3', 11.32, 2.0, 'A', 0, 1);
insert into notes_details values ('2012-2013', 'SEM-7', 'Lev Aubert', 'MNG-3', 11.32, 3.67, 'A', 3, 2);
insert into notes_details values ('2012-2013', 'SEM-7', 'Lev Aubert', 'PJT-3', 11.32, 1.67, 'A', 0, 1);
insert into notes_details values ('2012-2013', 'SEM-7', 'Lev Aubert', 'PJT-3', 11.32, 1.67, 'A', 0, 2);
insert into contentieux values ('2012-2013', 'SEM-7', 'Lev Aubert', 'PJT-3');
insert into notes_details values ('2012-2013', 'SEM-7', 'Lev Aubert', 'STD-3', 11.32, 2.33, 'A', 0, 1);
insert into notes_details values ('2012-2013', 'SEM-7', 'Lev Aubert', 'STD-3', 11.32, 4.0, 'A', 2, 2);
insert into gpa values ('2011-2012', 'SEM-5', 'Lev Aubert', 3.39);
insert into gpa values ('2011-2012', 'SEM-6', 'Lev Aubert', 3.86);
insert into gpa values ('2012-2013', 'SEM-7', 'Lev Aubert', 3.25);
insert into eleves values ('Zelda Schuster', 1, 'S', 'Tres bien', 'MP', null, 'zschuster');
insert into notes_details values ('2010-2011', 'SEM-5', 'Zelda Schuster', 'ALG-1', 11.32, 2.0, 'A', 0, 1);
insert into notes_details values ('2010-2011', 'SEM-5', 'Zelda Schuster', 'ALG-1', 11.32, 2.67, 'A', 3, 2);
insert into notes_details values ('2010-2011', 'SEM-5', 'Zelda Schuster', 'DPP-1', 11.32, 1.0, 'A', 0, 1);
insert into notes_details values ('2010-2011', 'SEM-5', 'Zelda Schuster', 'DPP-1', 11.32, 2.33, 'A', 2, 99);
insert into notes_details values ('2010-2011', 'SEM-5', 'Zelda Schuster', 'ELE-1', 11.32, 3.0, 'A', 3, 1);
insert into notes_details values ('2010-2011', 'SEM-5', 'Zelda Schuster', 'INP-1', 11.32, 2.33, 'A', 0, 1);
insert into notes_details values ('2010-2011', 'SEM-5', 'Zelda Schuster', 'INP-1', 11.32, 1.0, 'A', 3, 99);
insert into notes_details values ('2010-2011', 'SEM-5', 'Zelda Schuster', 'LCI-1', 11.32, 3.0, 'A', 3, 1);
insert into notes_details values ('2010-2011', 'SEM-5', 'Zelda Schuster', 'MAT-1', 11.32, 1.67, 'A', 0, 1);
insert into notes_details values ('2010-2011', 'SEM-5', 'Zelda Schuster', 'MAT-1', 11.32, 3.0, 'A', 3, 2);
insert into notes_details values ('2010-2011', 'SEM-5', 'Zelda Schuster', 'MGP-1', 11.32, 1.67, 'A', 0, 1);
insert into notes_details values ('2010-2011', 'SEM-5', 'Zelda Schuster', 'MGP-1', 11.32, 3.33, 'A', 4, 2);
insert into notes_details values ('2010-2011', 'SEM-5', 'Zelda Schuster', 'PHO-1', 11.32, 1.0, 'A', 0, 1);
insert into notes_details values ('2010-2011', 'SEM-5', 'Zelda Schuster', 'PHO-1', 11.32, 3.67, 'A', 3, 2);
insert into notes_details values ('2010-2011', 'SEM-5', 'Zelda Schuster', 'PHQ-1', 11.32, 2.33, 'A', 0, 1);
insert into notes_details values ('2010-2011', 'SEM-5', 'Zelda Schuster', 'PHQ-1', 11.32, 3.67, 'A', 3, 2);
insert into notes_details values ('2010-2011', 'SEM-5', 'Zelda Schuster', 'SPM-1', 11.32, 3.33, 'A', 3, 1);
insert into notes_details values ('2010-2011', 'SEM-6', 'Zelda Schuster', 'DPP-2', 11.32, 3.33, 'A', 1, 1);
insert into notes_details values ('2010-2011', 'SEM-6', 'Zelda Schuster', 'EAO-2', 11.32, 1.33, 'A', 0, 1);
insert into notes_details values ('2010-2011', 'SEM-6', 'Zelda Schuster', 'EAO-2', 11.32, 3.0, 'A', 3, 2);
insert into notes_details values ('2010-2011', 'SEM-6', 'Zelda Schuster', 'ECO-2', 11.32, 3.0, 'A', 3, 1);
insert into notes_details values ('2010-2011', 'SEM-6', 'Zelda Schuster', 'LCI-2', 11.32, 2.67, 'A', 3, 1);
insert into notes_details values ('2010-2011', 'SEM-6', 'Zelda Schuster', 'MAT-2', 11.32, 1.33, 'A', 0, 1);
insert into notes_details values ('2010-2011', 'SEM-6', 'Zelda Schuster', 'MAT-2', 11.32, 3.67, 'A', 2, 2);
insert into notes_details values ('2010-2011', 'SEM-6', 'Zelda Schuster', 'MCO-2', 11.32, 1.67, 'A', 0, 1);
insert into notes_details values ('2010-2011', 'SEM-6', 'Zelda Schuster', 'MCO-2', 11.32, 2.67, 'A', 2, 2);
insert into notes_details values ('2010-2011', 'SEM-6', 'Zelda Schuster', 'MGP-2', 11.32, 1.33, 'A', 0, 1);
insert into notes_details values ('2010-2011', 'SEM-6', 'Zelda Schuster', 'MGP-2', 11.32, 3.33, 'A', 4, 2);
insert into notes_details values ('2010-2011', 'SEM-6', 'Zelda Schuster', 'PHS-2', 11.32, 2.0, 'A', 0, 1);
insert into notes_details values ('2010-2011', 'SEM-6', 'Zelda Schuster', 'PHS-2', 11.32, 4.0, 'A', 2, 2);
insert into notes_details values ('2010-2011', 'SEM-6', 'Zelda Schuster', 'PJT-2', 11.32, 1.0, 'A', 0, 1);
insert into notes_details values ('2010-2011', 'SEM-6', 'Zelda Schuster', 'PJT-2', 11.32, 2.67, 'A', 1, 2);
insert into notes_details values ('2010-2011', 'SEM-6', 'Zelda Schuster', 'RMS-2', 11.32, 2.0, 'A', 0, 1);
insert into notes_details values ('2010-2011', 'SEM-6', 'Zelda Schuster', 'RMS-2', 11.32, 2.67, 'A', 4, 2);
insert into notes_details values ('2010-2011', 'SEM-6', 'Zelda Schuster', 'STG-2', 11.32, 3.67, 'A', 2, 1);
insert into notes_details values ('2010-2011', 'SEM-6', 'Zelda Schuster', 'THS-2', 11.32, 1.33, 'A', 0, 1);
insert into notes_details values ('2010-2011', 'SEM-6', 'Zelda Schuster', 'THS-2', 11.32, 2.0, 'A', 3, 99);
insert into notes_details values ('2011-2012', 'SEM-7', 'Zelda Schuster', 'ASL-3', 11.32, 2.33, 'A', 0, 1);
insert into notes_details values ('2011-2012', 'SEM-7', 'Zelda Schuster', 'ASL-3', 11.32, 2.0, 'A', 0, 2);
insert into contentieux values ('2011-2012', 'SEM-7', 'Zelda Schuster', 'ASL-3');
insert into notes_details values ('2011-2012', 'SEM-7', 'Zelda Schuster', 'DPP-3', 11.32, 1.33, 'A', 0, 1);
insert into notes_details values ('2011-2012', 'SEM-7', 'Zelda Schuster', 'DPP-3', 11.32, 3.33, 'A', 2, 2);
insert into notes_details values ('2011-2012', 'SEM-7', 'Zelda Schuster', 'EAO-31', 11.32, 4.0, 'A', 2, 1);
insert into notes_details values ('2011-2012', 'SEM-7', 'Zelda Schuster', 'EAO-32', 11.32, 4.0, 'A', 2, 1);
insert into notes_details values ('2011-2012', 'SEM-7', 'Zelda Schuster', 'EAO-33', 11.32, 1.67, 'A', 0, 1);
insert into notes_details values ('2011-2012', 'SEM-7', 'Zelda Schuster', 'EAO-33', 11.32, 1.33, 'A', 2, 99);
insert into notes_details values ('2011-2012', 'SEM-7', 'Zelda Schuster', 'EAO-34', 11.32, 2.67, 'A', 2, 1);
insert into notes_details values ('2011-2012', 'SEM-7', 'Zelda Schuster', 'EAO-35', 11.32, 2.67, 'A', 2, 1);
insert into notes_details values ('2011-2012', 'SEM-7', 'Zelda Schuster', 'LCI-3', 11.32, 2.33, 'A', 0, 1);
insert into notes_details values ('2011-2012', 'SEM-7', 'Zelda Schuster', 'LCI-3', 11.32, 3.67, 'A', 3, 2);
insert into notes_details values ('2011-2012', 'SEM-7', 'Zelda Schuster', 'MAT-3', 11.32, 2.33, 'A', 0, 1);
insert into notes_details values ('2011-2012', 'SEM-7', 'Zelda Schuster', 'MAT-3', 11.32, 3.33, 'A', 3, 2);
insert into notes_details values ('2011-2012', 'SEM-7', 'Zelda Schuster', 'MNG-3', 11.32, 1.0, 'A', 0, 1);
insert into notes_details values ('2011-2012', 'SEM-7', 'Zelda Schuster', 'MNG-3', 11.32, 3.0, 'A', 3, 2);
insert into notes_details values ('2011-2012', 'SEM-7', 'Zelda Schuster', 'PJT-3', 11.32, 2.0, 'A', 0, 1);
insert into notes_details values ('2011-2012', 'SEM-7', 'Zelda Schuster', 'PJT-3', 11.32, 2.67, 'A', 5, 2);
insert into notes_details values ('2011-2012', 'SEM-7', 'Zelda Schuster', 'STD-3', 11.32, 1.33, 'A', 0, 1);
insert into notes_details values ('2011-2012', 'SEM-7', 'Zelda Schuster', 'STD-3', 11.32, 3.67, 'A', 2, 2);
insert into gpa values ('2010-2011', 'SEM-5', 'Zelda Schuster', 3.33);
insert into gpa values ('2010-2011', 'SEM-6', 'Zelda Schuster', 3.9);
insert into gpa values ('2011-2012', 'SEM-7', 'Zelda Schuster', 2.07);
insert into eleves values ('Serge Blacnhard', 1, 'S', 'Tres bien', 'MP', null, 'sblacnhard');
insert into notes_details values ('2011-2012', 'SEM-5', 'Serge Blacnhard', 'ALG-1', 11.32, 2.0, 'A', 0, 1);
insert into notes_details values ('2011-2012', 'SEM-5', 'Serge Blacnhard', 'ALG-1', 11.32, 3.33, 'A', 3, 2);
insert into notes_details values ('2011-2012', 'SEM-5', 'Serge Blacnhard', 'DPP-1', 11.32, 3.0, 'A', 2, 1);
insert into notes_details values ('2011-2012', 'SEM-5', 'Serge Blacnhard', 'ELE-1', 11.32, 2.33, 'A', 0, 1);
insert into notes_details values ('2011-2012', 'SEM-5', 'Serge Blacnhard', 'ELE-1', 11.32, 3.0, 'A', 3, 2);
insert into notes_details values ('2011-2012', 'SEM-5', 'Serge Blacnhard', 'INP-1', 11.32, 3.33, 'A', 3, 1);
insert into notes_details values ('2011-2012', 'SEM-5', 'Serge Blacnhard', 'LCI-1', 11.32, 2.33, 'A', 0, 1);
insert into notes_details values ('2011-2012', 'SEM-5', 'Serge Blacnhard', 'LCI-1', 11.32, 2.33, 'A', 3, 99);
insert into notes_details values ('2011-2012', 'SEM-5', 'Serge Blacnhard', 'MAT-1', 11.32, 2.33, 'A', 0, 1);
insert into notes_details values ('2011-2012', 'SEM-5', 'Serge Blacnhard', 'MAT-1', 11.32, 1.67, 'A', 3, 99);
insert into notes_details values ('2011-2012', 'SEM-5', 'Serge Blacnhard', 'MGP-1', 11.32, 1.33, 'A', 0, 1);
insert into notes_details values ('2011-2012', 'SEM-5', 'Serge Blacnhard', 'MGP-1', 11.32, 2.67, 'A', 4, 2);
insert into notes_details values ('2011-2012', 'SEM-5', 'Serge Blacnhard', 'PHO-1', 11.32, 1.67, 'A', 0, 1);
insert into notes_details values ('2011-2012', 'SEM-5', 'Serge Blacnhard', 'PHO-1', 11.32, 3.33, 'A', 3, 2);
insert into notes_details values ('2011-2012', 'SEM-5', 'Serge Blacnhard', 'PHQ-1', 11.32, 4.0, 'A', 3, 1);
insert into notes_details values ('2011-2012', 'SEM-5', 'Serge Blacnhard', 'SPM-1', 11.32, 3.67, 'A', 3, 1);
insert into notes_details values ('2011-2012', 'SEM-6', 'Serge Blacnhard', 'DPP-2', 11.32, 4.0, 'A', 1, 1);
insert into notes_details values ('2011-2012', 'SEM-6', 'Serge Blacnhard', 'EAO-2', 11.32, 1.33, 'A', 0, 1);
insert into notes_details values ('2011-2012', 'SEM-6', 'Serge Blacnhard', 'EAO-2', 11.32, 2.67, 'A', 3, 2);
insert into notes_details values ('2011-2012', 'SEM-6', 'Serge Blacnhard', 'ECO-2', 11.32, 3.33, 'A', 3, 1);
insert into notes_details values ('2011-2012', 'SEM-6', 'Serge Blacnhard', 'LCI-2', 11.32, 3.67, 'A', 3, 1);
insert into notes_details values ('2011-2012', 'SEM-6', 'Serge Blacnhard', 'MAT-2', 11.32, 3.67, 'A', 2, 1);
insert into notes_details values ('2011-2012', 'SEM-6', 'Serge Blacnhard', 'MCO-2', 11.32, 3.0, 'A', 2, 1);
insert into notes_details values ('2011-2012', 'SEM-6', 'Serge Blacnhard', 'MGP-2', 11.32, 1.33, 'A', 0, 1);
insert into notes_details values ('2011-2012', 'SEM-6', 'Serge Blacnhard', 'MGP-2', 11.32, 3.33, 'A', 4, 2);
insert into notes_details values ('2011-2012', 'SEM-6', 'Serge Blacnhard', 'PHS-2', 11.32, 3.33, 'A', 2, 1);
insert into notes_details values ('2011-2012', 'SEM-6', 'Serge Blacnhard', 'PJT-2', 11.32, 3.67, 'A', 1, 1);
insert into notes_details values ('2011-2012', 'SEM-6', 'Serge Blacnhard', 'RMS-2', 11.32, 1.0, 'A', 0, 1);
insert into notes_details values ('2011-2012', 'SEM-6', 'Serge Blacnhard', 'RMS-2', 11.32, 3.0, 'A', 4, 2);
insert into notes_details values ('2011-2012', 'SEM-6', 'Serge Blacnhard', 'STG-2', 11.32, 2.33, 'A', 0, 1);
insert into notes_details values ('2011-2012', 'SEM-6', 'Serge Blacnhard', 'STG-2', 11.32, 3.0, 'A', 2, 2);
insert into notes_details values ('2011-2012', 'SEM-6', 'Serge Blacnhard', 'THS-2', 11.32, 2.0, 'A', 0, 1);
insert into notes_details values ('2011-2012', 'SEM-6', 'Serge Blacnhard', 'THS-2', 11.32, 1.0, 'A', 3, 99);
insert into notes_details values ('2012-2013', 'SEM-7', 'Serge Blacnhard', 'ASL-3', 11.32, 2.33, 'A', 0, 1);
insert into notes_details values ('2012-2013', 'SEM-7', 'Serge Blacnhard', 'ASL-3', 11.32, 2.33, 'A', 0, 2);
insert into contentieux values ('2012-2013', 'SEM-7', 'Serge Blacnhard', 'ASL-3');
insert into notes_details values ('2012-2013', 'SEM-7', 'Serge Blacnhard', 'DPP-3', 11.32, 3.0, 'A', 2, 1);
insert into notes_details values ('2012-2013', 'SEM-7', 'Serge Blacnhard', 'EAO-31', 11.32, 1.67, 'A', 0, 1);
insert into notes_details values ('2012-2013', 'SEM-7', 'Serge Blacnhard', 'EAO-31', 11.32, 2.67, 'A', 2, 2);
insert into notes_details values ('2012-2013', 'SEM-7', 'Serge Blacnhard', 'EAO-32', 11.32, 3.33, 'A', 2, 1);
insert into notes_details values ('2012-2013', 'SEM-7', 'Serge Blacnhard', 'EAO-33', 11.32, 2.33, 'A', 0, 1);
insert into notes_details values ('2012-2013', 'SEM-7', 'Serge Blacnhard', 'EAO-33', 11.32, 2.33, 'A', 0, 2);
insert into contentieux values ('2012-2013', 'SEM-7', 'Serge Blacnhard', 'EAO-33');
insert into notes_details values ('2012-2013', 'SEM-7', 'Serge Blacnhard', 'EAO-34', 11.32, 2.0, 'A', 0, 1);
insert into notes_details values ('2012-2013', 'SEM-7', 'Serge Blacnhard', 'EAO-34', 11.32, 2.67, 'A', 2, 2);
insert into notes_details values ('2012-2013', 'SEM-7', 'Serge Blacnhard', 'EAO-35', 11.32, 2.33, 'A', 0, 1);
insert into notes_details values ('2012-2013', 'SEM-7', 'Serge Blacnhard', 'EAO-35', 11.32, 1.0, 'A', 0, 2);
insert into contentieux values ('2012-2013', 'SEM-7', 'Serge Blacnhard', 'EAO-35');
insert into notes_details values ('2012-2013', 'SEM-7', 'Serge Blacnhard', 'LCI-3', 11.32, 2.33, 'A', 0, 1);
insert into notes_details values ('2012-2013', 'SEM-7', 'Serge Blacnhard', 'LCI-3', 11.32, 2.67, 'A', 3, 2);
insert into notes_details values ('2012-2013', 'SEM-7', 'Serge Blacnhard', 'MAT-3', 11.32, 2.0, 'A', 0, 1);
insert into notes_details values ('2012-2013', 'SEM-7', 'Serge Blacnhard', 'MAT-3', 11.32, 2.0, 'A', 3, 99);
insert into notes_details values ('2012-2013', 'SEM-7', 'Serge Blacnhard', 'MNG-3', 11.32, 3.67, 'A', 3, 1);
insert into notes_details values ('2012-2013', 'SEM-7', 'Serge Blacnhard', 'PJT-3', 11.32, 4.0, 'A', 5, 1);
insert into notes_details values ('2012-2013', 'SEM-7', 'Serge Blacnhard', 'STD-3', 11.32, 2.67, 'A', 2, 1);
insert into gpa values ('2011-2012', 'SEM-5', 'Serge Blacnhard', 3.99);
insert into gpa values ('2011-2012', 'SEM-6', 'Serge Blacnhard', 3.93);
insert into gpa values ('2012-2013', 'SEM-7', 'Serge Blacnhard', 2.52);
insert into eleves values ('Gaetan Dimecco', 1, 'S', 'Tres bien', 'MP', null, 'gdimecco');
insert into notes_details values ('2010-2011', 'SEM-5', 'Gaetan Dimecco', 'ALG-1', 11.32, 3.0, 'A', 3, 1);
insert into notes_details values ('2010-2011', 'SEM-5', 'Gaetan Dimecco', 'DPP-1', 11.32, 1.33, 'A', 0, 1);
insert into notes_details values ('2010-2011', 'SEM-5', 'Gaetan Dimecco', 'DPP-1', 11.32, 4.0, 'A', 2, 2);
insert into notes_details values ('2010-2011', 'SEM-5', 'Gaetan Dimecco', 'ELE-1', 11.32, 2.0, 'A', 0, 1);
insert into notes_details values ('2010-2011', 'SEM-5', 'Gaetan Dimecco', 'ELE-1', 11.32, 4.0, 'A', 3, 2);
insert into notes_details values ('2010-2011', 'SEM-5', 'Gaetan Dimecco', 'INP-1', 11.32, 1.67, 'A', 0, 1);
insert into notes_details values ('2010-2011', 'SEM-5', 'Gaetan Dimecco', 'INP-1', 11.32, 4.0, 'A', 3, 2);
insert into notes_details values ('2010-2011', 'SEM-5', 'Gaetan Dimecco', 'LCI-1', 11.32, 2.0, 'A', 0, 1);
insert into notes_details values ('2010-2011', 'SEM-5', 'Gaetan Dimecco', 'LCI-1', 11.32, 2.67, 'A', 3, 2);
insert into notes_details values ('2010-2011', 'SEM-5', 'Gaetan Dimecco', 'MAT-1', 11.32, 2.33, 'A', 0, 1);
insert into notes_details values ('2010-2011', 'SEM-5', 'Gaetan Dimecco', 'MAT-1', 11.32, 3.0, 'A', 3, 2);
insert into notes_details values ('2010-2011', 'SEM-5', 'Gaetan Dimecco', 'MGP-1', 11.32, 3.67, 'A', 4, 1);
insert into notes_details values ('2010-2011', 'SEM-5', 'Gaetan Dimecco', 'PHO-1', 11.32, 1.0, 'A', 0, 1);
insert into notes_details values ('2010-2011', 'SEM-5', 'Gaetan Dimecco', 'PHO-1', 11.32, 3.0, 'A', 3, 2);
insert into notes_details values ('2010-2011', 'SEM-5', 'Gaetan Dimecco', 'PHQ-1', 11.32, 2.0, 'A', 0, 1);
insert into notes_details values ('2010-2011', 'SEM-5', 'Gaetan Dimecco', 'PHQ-1', 11.32, 4.0, 'A', 3, 2);
insert into notes_details values ('2010-2011', 'SEM-5', 'Gaetan Dimecco', 'SPM-1', 11.32, 3.67, 'A', 3, 1);
insert into notes_details values ('2010-2011', 'SEM-6', 'Gaetan Dimecco', 'DPP-2', 11.32, 3.67, 'A', 1, 1);
insert into notes_details values ('2010-2011', 'SEM-6', 'Gaetan Dimecco', 'EAO-2', 11.32, 3.0, 'A', 3, 1);
insert into notes_details values ('2010-2011', 'SEM-6', 'Gaetan Dimecco', 'ECO-2', 11.32, 1.33, 'A', 0, 1);
insert into notes_details values ('2010-2011', 'SEM-6', 'Gaetan Dimecco', 'ECO-2', 11.32, 3.67, 'A', 3, 2);
insert into notes_details values ('2010-2011', 'SEM-6', 'Gaetan Dimecco', 'LCI-2', 11.32, 3.0, 'A', 3, 1);
insert into notes_details values ('2010-2011', 'SEM-6', 'Gaetan Dimecco', 'MAT-2', 11.32, 1.67, 'A', 0, 1);
insert into notes_details values ('2010-2011', 'SEM-6', 'Gaetan Dimecco', 'MAT-2', 11.32, 4.0, 'A', 2, 2);
insert into notes_details values ('2010-2011', 'SEM-6', 'Gaetan Dimecco', 'MCO-2', 11.32, 2.67, 'A', 2, 1);
insert into notes_details values ('2010-2011', 'SEM-6', 'Gaetan Dimecco', 'MGP-2', 11.32, 4.0, 'A', 4, 1);
insert into notes_details values ('2010-2011', 'SEM-6', 'Gaetan Dimecco', 'PHS-2', 11.32, 4.0, 'A', 2, 1);
insert into notes_details values ('2010-2011', 'SEM-6', 'Gaetan Dimecco', 'PJT-2', 11.32, 3.33, 'A', 1, 1);
insert into notes_details values ('2010-2011', 'SEM-6', 'Gaetan Dimecco', 'RMS-2', 11.32, 3.0, 'A', 4, 1);
insert into notes_details values ('2010-2011', 'SEM-6', 'Gaetan Dimecco', 'STG-2', 11.32, 3.67, 'A', 2, 1);
insert into notes_details values ('2010-2011', 'SEM-6', 'Gaetan Dimecco', 'THS-2', 11.32, 2.33, 'A', 0, 1);
insert into notes_details values ('2010-2011', 'SEM-6', 'Gaetan Dimecco', 'THS-2', 11.32, 3.67, 'A', 3, 2);
insert into notes_details values ('2011-2012', 'SEM-7', 'Gaetan Dimecco', 'ASL-3', 11.32, 3.0, 'A', 2, 1);
insert into notes_details values ('2011-2012', 'SEM-7', 'Gaetan Dimecco', 'DPP-3', 11.32, 1.67, 'A', 0, 1);
insert into notes_details values ('2011-2012', 'SEM-7', 'Gaetan Dimecco', 'DPP-3', 11.32, 3.0, 'A', 2, 2);
insert into notes_details values ('2011-2012', 'SEM-7', 'Gaetan Dimecco', 'EAO-31', 11.32, 2.0, 'A', 0, 1);
insert into notes_details values ('2011-2012', 'SEM-7', 'Gaetan Dimecco', 'EAO-31', 11.32, 2.0, 'A', 0, 2);
insert into contentieux values ('2011-2012', 'SEM-7', 'Gaetan Dimecco', 'EAO-31');
insert into notes_details values ('2011-2012', 'SEM-7', 'Gaetan Dimecco', 'EAO-32', 11.32, 2.33, 'A', 0, 1);
insert into notes_details values ('2011-2012', 'SEM-7', 'Gaetan Dimecco', 'EAO-32', 11.32, 2.67, 'A', 2, 2);
insert into notes_details values ('2011-2012', 'SEM-7', 'Gaetan Dimecco', 'EAO-33', 11.32, 2.67, 'A', 2, 1);
insert into notes_details values ('2011-2012', 'SEM-7', 'Gaetan Dimecco', 'EAO-34', 11.32, 3.33, 'A', 2, 1);
insert into notes_details values ('2011-2012', 'SEM-7', 'Gaetan Dimecco', 'EAO-35', 11.32, 2.67, 'A', 2, 1);
insert into notes_details values ('2011-2012', 'SEM-7', 'Gaetan Dimecco', 'LCI-3', 11.32, 3.0, 'A', 3, 1);
insert into notes_details values ('2011-2012', 'SEM-7', 'Gaetan Dimecco', 'MAT-3', 11.32, 1.67, 'A', 0, 1);
insert into notes_details values ('2011-2012', 'SEM-7', 'Gaetan Dimecco', 'MAT-3', 11.32, 3.67, 'A', 3, 2);
insert into notes_details values ('2011-2012', 'SEM-7', 'Gaetan Dimecco', 'MNG-3', 11.32, 2.67, 'A', 3, 1);
insert into notes_details values ('2011-2012', 'SEM-7', 'Gaetan Dimecco', 'PJT-3', 11.32, 1.0, 'A', 0, 1);
insert into notes_details values ('2011-2012', 'SEM-7', 'Gaetan Dimecco', 'PJT-3', 11.32, 1.33, 'A', 0, 2);
insert into contentieux values ('2011-2012', 'SEM-7', 'Gaetan Dimecco', 'PJT-3');
insert into notes_details values ('2011-2012', 'SEM-7', 'Gaetan Dimecco', 'STD-3', 11.32, 2.0, 'A', 0, 1);
insert into notes_details values ('2011-2012', 'SEM-7', 'Gaetan Dimecco', 'STD-3', 11.32, 2.67, 'A', 2, 2);
insert into gpa values ('2010-2011', 'SEM-5', 'Gaetan Dimecco', 2.37);
insert into gpa values ('2010-2011', 'SEM-6', 'Gaetan Dimecco', 2.91);
insert into gpa values ('2011-2012', 'SEM-7', 'Gaetan Dimecco', 3.46);
insert into cesure values ('Gaetan Dimecco', 'CESURE');
insert into eleves values ('Yannick Chirac', 1, 'S', 'Tres bien', 'Credits', null, 'ychirac');
insert into notes_details values ('2011-2012', 'SEM-5', 'Yannick Chirac', 'ALG-1', 11.32, 2.33, 'A', 0, 1);
insert into notes_details values ('2011-2012', 'SEM-5', 'Yannick Chirac', 'ALG-1', 11.32, 3.33, 'A', 3, 2);
insert into notes_details values ('2011-2012', 'SEM-5', 'Yannick Chirac', 'DPP-1', 11.32, 2.33, 'A', 0, 1);
insert into notes_details values ('2011-2012', 'SEM-5', 'Yannick Chirac', 'DPP-1', 11.32, 3.0, 'A', 2, 2);
insert into notes_details values ('2011-2012', 'SEM-5', 'Yannick Chirac', 'ELE-1', 11.32, 2.67, 'A', 3, 1);
insert into notes_details values ('2011-2012', 'SEM-5', 'Yannick Chirac', 'INP-1', 11.32, 2.33, 'A', 0, 1);
insert into notes_details values ('2011-2012', 'SEM-5', 'Yannick Chirac', 'INP-1', 11.32, 3.0, 'A', 3, 2);
insert into notes_details values ('2011-2012', 'SEM-5', 'Yannick Chirac', 'LCI-1', 11.32, 4.0, 'A', 3, 1);
insert into notes_details values ('2011-2012', 'SEM-5', 'Yannick Chirac', 'MAT-1', 11.32, 2.67, 'A', 3, 1);
insert into notes_details values ('2011-2012', 'SEM-5', 'Yannick Chirac', 'MGP-1', 11.32, 1.67, 'A', 0, 1);
insert into notes_details values ('2011-2012', 'SEM-5', 'Yannick Chirac', 'MGP-1', 11.32, 3.0, 'A', 4, 2);
insert into notes_details values ('2011-2012', 'SEM-5', 'Yannick Chirac', 'PHO-1', 11.32, 3.0, 'A', 3, 1);
insert into notes_details values ('2011-2012', 'SEM-5', 'Yannick Chirac', 'PHQ-1', 11.32, 2.33, 'A', 0, 1);
insert into notes_details values ('2011-2012', 'SEM-5', 'Yannick Chirac', 'PHQ-1', 11.32, 4.0, 'A', 3, 2);
insert into notes_details values ('2011-2012', 'SEM-5', 'Yannick Chirac', 'SPM-1', 11.32, 2.67, 'A', 3, 1);
insert into notes_details values ('2011-2012', 'SEM-6', 'Yannick Chirac', 'DPP-2', 11.32, 3.67, 'A', 1, 1);
insert into notes_details values ('2011-2012', 'SEM-6', 'Yannick Chirac', 'EAO-2', 11.32, 1.67, 'A', 0, 1);
insert into notes_details values ('2011-2012', 'SEM-6', 'Yannick Chirac', 'EAO-2', 11.32, 3.0, 'A', 3, 2);
insert into notes_details values ('2011-2012', 'SEM-6', 'Yannick Chirac', 'ECO-2', 11.32, 2.0, 'A', 0, 1);
insert into notes_details values ('2011-2012', 'SEM-6', 'Yannick Chirac', 'ECO-2', 11.32, 2.67, 'A', 3, 2);
insert into notes_details values ('2011-2012', 'SEM-6', 'Yannick Chirac', 'LCI-2', 11.32, 3.33, 'A', 3, 1);
insert into notes_details values ('2011-2012', 'SEM-6', 'Yannick Chirac', 'MAT-2', 11.32, 2.33, 'A', 0, 1);
insert into notes_details values ('2011-2012', 'SEM-6', 'Yannick Chirac', 'MAT-2', 11.32, 3.67, 'A', 2, 2);
insert into notes_details values ('2011-2012', 'SEM-6', 'Yannick Chirac', 'MCO-2', 11.32, 2.33, 'A', 0, 1);
insert into notes_details values ('2011-2012', 'SEM-6', 'Yannick Chirac', 'MCO-2', 11.32, 1.33, 'A', 2, 99);
insert into notes_details values ('2011-2012', 'SEM-6', 'Yannick Chirac', 'MGP-2', 11.32, 2.67, 'A', 4, 1);
insert into notes_details values ('2011-2012', 'SEM-6', 'Yannick Chirac', 'PHS-2', 11.32, 1.33, 'A', 0, 1);
insert into notes_details values ('2011-2012', 'SEM-6', 'Yannick Chirac', 'PHS-2', 11.32, 2.67, 'A', 2, 2);
insert into notes_details values ('2011-2012', 'SEM-6', 'Yannick Chirac', 'PJT-2', 11.32, 3.33, 'A', 1, 1);
insert into notes_details values ('2011-2012', 'SEM-6', 'Yannick Chirac', 'RMS-2', 11.32, 2.67, 'A', 4, 1);
insert into notes_details values ('2011-2012', 'SEM-6', 'Yannick Chirac', 'STG-2', 11.32, 1.33, 'A', 0, 1);
insert into notes_details values ('2011-2012', 'SEM-6', 'Yannick Chirac', 'STG-2', 11.32, 3.0, 'A', 2, 2);
insert into notes_details values ('2011-2012', 'SEM-6', 'Yannick Chirac', 'THS-2', 11.32, 3.33, 'A', 3, 1);
insert into notes_details values ('2012-2013', 'SEM-7', 'Yannick Chirac', 'ASL-3', 11.32, 3.67, 'A', 2, 1);
insert into notes_details values ('2012-2013', 'SEM-7', 'Yannick Chirac', 'DPP-3', 11.32, 1.67, 'A', 0, 1);
insert into notes_details values ('2012-2013', 'SEM-7', 'Yannick Chirac', 'DPP-3', 11.32, 2.67, 'A', 2, 2);
insert into notes_details values ('2012-2013', 'SEM-7', 'Yannick Chirac', 'EAO-31', 11.32, 2.67, 'A', 2, 1);
insert into notes_details values ('2012-2013', 'SEM-7', 'Yannick Chirac', 'EAO-32', 11.32, 1.33, 'A', 0, 1);
insert into notes_details values ('2012-2013', 'SEM-7', 'Yannick Chirac', 'EAO-32', 11.32, 1.0, 'A', 2, 99);
insert into notes_details values ('2012-2013', 'SEM-7', 'Yannick Chirac', 'EAO-33', 11.32, 2.0, 'A', 0, 1);
insert into notes_details values ('2012-2013', 'SEM-7', 'Yannick Chirac', 'EAO-33', 11.32, 1.33, 'A', 0, 2);
insert into contentieux values ('2012-2013', 'SEM-7', 'Yannick Chirac', 'EAO-33');
insert into notes_details values ('2012-2013', 'SEM-7', 'Yannick Chirac', 'EAO-34', 11.32, 3.33, 'A', 2, 1);
insert into notes_details values ('2012-2013', 'SEM-7', 'Yannick Chirac', 'EAO-35', 11.32, 1.33, 'A', 0, 1);
insert into notes_details values ('2012-2013', 'SEM-7', 'Yannick Chirac', 'EAO-35', 11.32, 3.33, 'A', 2, 2);
insert into notes_details values ('2012-2013', 'SEM-7', 'Yannick Chirac', 'LCI-3', 11.32, 3.33, 'A', 3, 1);
insert into notes_details values ('2012-2013', 'SEM-7', 'Yannick Chirac', 'MAT-3', 11.32, 1.67, 'A', 0, 1);
insert into notes_details values ('2012-2013', 'SEM-7', 'Yannick Chirac', 'MAT-3', 11.32, 2.33, 'A', 0, 2);
insert into contentieux values ('2012-2013', 'SEM-7', 'Yannick Chirac', 'MAT-3');
insert into notes_details values ('2012-2013', 'SEM-7', 'Yannick Chirac', 'MNG-3', 11.32, 1.33, 'A', 0, 1);
insert into notes_details values ('2012-2013', 'SEM-7', 'Yannick Chirac', 'MNG-3', 11.32, 2.67, 'A', 3, 2);
insert into notes_details values ('2012-2013', 'SEM-7', 'Yannick Chirac', 'PJT-3', 11.32, 2.0, 'A', 0, 1);
insert into notes_details values ('2012-2013', 'SEM-7', 'Yannick Chirac', 'PJT-3', 11.32, 2.67, 'A', 5, 2);
insert into notes_details values ('2012-2013', 'SEM-7', 'Yannick Chirac', 'STD-3', 11.32, 3.67, 'A', 2, 1);
insert into gpa values ('2011-2012', 'SEM-5', 'Yannick Chirac', 3.69);
insert into gpa values ('2011-2012', 'SEM-6', 'Yannick Chirac', 2.79);
insert into gpa values ('2012-2013', 'SEM-7', 'Yannick Chirac', 3.05);
insert into eleves values ('Claire DeGaulles', 1, 'S', 'Tres bien', 'MP', null, 'cdegaulles');
insert into notes_details values ('2010-2011', 'SEM-5', 'Claire DeGaulles', 'ALG-1', 11.32, 2.67, 'A', 3, 1);
insert into notes_details values ('2010-2011', 'SEM-5', 'Claire DeGaulles', 'DPP-1', 11.32, 2.0, 'A', 0, 1);
insert into notes_details values ('2010-2011', 'SEM-5', 'Claire DeGaulles', 'DPP-1', 11.32, 4.0, 'A', 2, 2);
insert into notes_details values ('2010-2011', 'SEM-5', 'Claire DeGaulles', 'ELE-1', 11.32, 2.0, 'A', 0, 1);
insert into notes_details values ('2010-2011', 'SEM-5', 'Claire DeGaulles', 'ELE-1', 11.32, 4.0, 'A', 3, 2);
insert into notes_details values ('2010-2011', 'SEM-5', 'Claire DeGaulles', 'INP-1', 11.32, 2.0, 'A', 0, 1);
insert into notes_details values ('2010-2011', 'SEM-5', 'Claire DeGaulles', 'INP-1', 11.32, 3.33, 'A', 3, 2);
insert into notes_details values ('2010-2011', 'SEM-5', 'Claire DeGaulles', 'LCI-1', 11.32, 1.0, 'A', 0, 1);
insert into notes_details values ('2010-2011', 'SEM-5', 'Claire DeGaulles', 'LCI-1', 11.32, 3.0, 'A', 3, 2);
insert into notes_details values ('2010-2011', 'SEM-5', 'Claire DeGaulles', 'MAT-1', 11.32, 2.67, 'A', 3, 1);
insert into notes_details values ('2010-2011', 'SEM-5', 'Claire DeGaulles', 'MGP-1', 11.32, 3.0, 'A', 4, 1);
insert into notes_details values ('2010-2011', 'SEM-5', 'Claire DeGaulles', 'PHO-1', 11.32, 1.33, 'A', 0, 1);
insert into notes_details values ('2010-2011', 'SEM-5', 'Claire DeGaulles', 'PHO-1', 11.32, 1.0, 'A', 3, 99);
insert into notes_details values ('2010-2011', 'SEM-5', 'Claire DeGaulles', 'PHQ-1', 11.32, 2.33, 'A', 0, 1);
insert into notes_details values ('2010-2011', 'SEM-5', 'Claire DeGaulles', 'PHQ-1', 11.32, 4.0, 'A', 3, 2);
insert into notes_details values ('2010-2011', 'SEM-5', 'Claire DeGaulles', 'SPM-1', 11.32, 3.33, 'A', 3, 1);
insert into notes_details values ('2010-2011', 'SEM-6', 'Claire DeGaulles', 'DPP-2', 11.32, 1.33, 'A', 0, 1);
insert into notes_details values ('2010-2011', 'SEM-6', 'Claire DeGaulles', 'DPP-2', 11.32, 3.0, 'A', 1, 2);
insert into notes_details values ('2010-2011', 'SEM-6', 'Claire DeGaulles', 'EAO-2', 11.32, 4.0, 'A', 3, 1);
insert into notes_details values ('2010-2011', 'SEM-6', 'Claire DeGaulles', 'ECO-2', 11.32, 1.67, 'A', 0, 1);
insert into notes_details values ('2010-2011', 'SEM-6', 'Claire DeGaulles', 'ECO-2', 11.32, 4.0, 'A', 3, 2);
insert into notes_details values ('2010-2011', 'SEM-6', 'Claire DeGaulles', 'LCI-2', 11.32, 1.0, 'A', 0, 1);
insert into notes_details values ('2010-2011', 'SEM-6', 'Claire DeGaulles', 'LCI-2', 11.32, 3.33, 'A', 3, 2);
insert into notes_details values ('2010-2011', 'SEM-6', 'Claire DeGaulles', 'MAT-2', 11.32, 1.33, 'A', 0, 1);
insert into notes_details values ('2010-2011', 'SEM-6', 'Claire DeGaulles', 'MAT-2', 11.32, 3.33, 'A', 2, 2);
insert into notes_details values ('2010-2011', 'SEM-6', 'Claire DeGaulles', 'MCO-2', 11.32, 3.0, 'A', 2, 1);
insert into notes_details values ('2010-2011', 'SEM-6', 'Claire DeGaulles', 'MGP-2', 11.32, 3.67, 'A', 4, 1);
insert into notes_details values ('2010-2011', 'SEM-6', 'Claire DeGaulles', 'PHS-2', 11.32, 2.33, 'A', 0, 1);
insert into notes_details values ('2010-2011', 'SEM-6', 'Claire DeGaulles', 'PHS-2', 11.32, 2.67, 'A', 2, 2);
insert into notes_details values ('2010-2011', 'SEM-6', 'Claire DeGaulles', 'PJT-2', 11.32, 2.33, 'A', 0, 1);
insert into notes_details values ('2010-2011', 'SEM-6', 'Claire DeGaulles', 'PJT-2', 11.32, 3.0, 'A', 1, 2);
insert into notes_details values ('2010-2011', 'SEM-6', 'Claire DeGaulles', 'RMS-2', 11.32, 4.0, 'A', 4, 1);
insert into notes_details values ('2010-2011', 'SEM-6', 'Claire DeGaulles', 'STG-2', 11.32, 1.0, 'A', 0, 1);
insert into notes_details values ('2010-2011', 'SEM-6', 'Claire DeGaulles', 'STG-2', 11.32, 3.67, 'A', 2, 2);
insert into notes_details values ('2010-2011', 'SEM-6', 'Claire DeGaulles', 'THS-2', 11.32, 3.67, 'A', 3, 1);
insert into notes_details values ('2011-2012', 'SEM-7', 'Claire DeGaulles', 'ASL-3', 11.32, 1.0, 'A', 0, 1);
insert into notes_details values ('2011-2012', 'SEM-7', 'Claire DeGaulles', 'ASL-3', 11.32, 1.0, 'A', 0, 2);
insert into contentieux values ('2011-2012', 'SEM-7', 'Claire DeGaulles', 'ASL-3');
insert into notes_details values ('2011-2012', 'SEM-7', 'Claire DeGaulles', 'DPP-3', 11.32, 3.67, 'A', 2, 1);
insert into notes_details values ('2011-2012', 'SEM-7', 'Claire DeGaulles', 'EAO-31', 11.32, 3.67, 'A', 2, 1);
insert into notes_details values ('2011-2012', 'SEM-7', 'Claire DeGaulles', 'EAO-32', 11.32, 2.67, 'A', 2, 1);
insert into notes_details values ('2011-2012', 'SEM-7', 'Claire DeGaulles', 'EAO-33', 11.32, 2.0, 'A', 0, 1);
insert into notes_details values ('2011-2012', 'SEM-7', 'Claire DeGaulles', 'EAO-33', 11.32, 4.0, 'A', 2, 2);
insert into notes_details values ('2011-2012', 'SEM-7', 'Claire DeGaulles', 'EAO-34', 11.32, 3.0, 'A', 2, 1);
insert into notes_details values ('2011-2012', 'SEM-7', 'Claire DeGaulles', 'EAO-35', 11.32, 3.67, 'A', 2, 1);
insert into notes_details values ('2011-2012', 'SEM-7', 'Claire DeGaulles', 'LCI-3', 11.32, 4.0, 'A', 3, 1);
insert into notes_details values ('2011-2012', 'SEM-7', 'Claire DeGaulles', 'MAT-3', 11.32, 4.0, 'A', 3, 1);
insert into notes_details values ('2011-2012', 'SEM-7', 'Claire DeGaulles', 'MNG-3', 11.32, 3.0, 'A', 3, 1);
insert into notes_details values ('2011-2012', 'SEM-7', 'Claire DeGaulles', 'PJT-3', 11.32, 2.0, 'A', 0, 1);
insert into notes_details values ('2011-2012', 'SEM-7', 'Claire DeGaulles', 'PJT-3', 11.32, 2.33, 'A', 5, 99);
insert into notes_details values ('2011-2012', 'SEM-7', 'Claire DeGaulles', 'STD-3', 11.32, 2.0, 'A', 0, 1);
insert into notes_details values ('2011-2012', 'SEM-7', 'Claire DeGaulles', 'STD-3', 11.32, 2.0, 'A', 0, 2);
insert into contentieux values ('2011-2012', 'SEM-7', 'Claire DeGaulles', 'STD-3');
insert into gpa values ('2010-2011', 'SEM-5', 'Claire DeGaulles', 3.42);
insert into gpa values ('2010-2011', 'SEM-6', 'Claire DeGaulles', 2.99);
insert into gpa values ('2011-2012', 'SEM-7', 'Claire DeGaulles', 2.05);
insert into eleves values ('Allan Teague', 1, 'S', 'Tres bien', 'MP', null, 'ateague');
insert into notes_details values ('2011-2012', 'SEM-5', 'Allan Teague', 'ALG-1', 11.32, 1.67, 'A', 0, 1);
insert into notes_details values ('2011-2012', 'SEM-5', 'Allan Teague', 'ALG-1', 11.32, 4.0, 'A', 3, 2);
insert into notes_details values ('2011-2012', 'SEM-5', 'Allan Teague', 'DPP-1', 11.32, 3.0, 'A', 2, 1);
insert into notes_details values ('2011-2012', 'SEM-5', 'Allan Teague', 'ELE-1', 11.32, 1.33, 'A', 0, 1);
insert into notes_details values ('2011-2012', 'SEM-5', 'Allan Teague', 'ELE-1', 11.32, 2.67, 'A', 3, 2);
insert into notes_details values ('2011-2012', 'SEM-5', 'Allan Teague', 'INP-1', 11.32, 3.0, 'A', 3, 1);
insert into notes_details values ('2011-2012', 'SEM-5', 'Allan Teague', 'LCI-1', 11.32, 3.0, 'A', 3, 1);
insert into notes_details values ('2011-2012', 'SEM-5', 'Allan Teague', 'MAT-1', 11.32, 2.33, 'A', 0, 1);
insert into notes_details values ('2011-2012', 'SEM-5', 'Allan Teague', 'MAT-1', 11.32, 3.33, 'A', 3, 2);
insert into notes_details values ('2011-2012', 'SEM-5', 'Allan Teague', 'MGP-1', 11.32, 2.67, 'A', 4, 1);
insert into notes_details values ('2011-2012', 'SEM-5', 'Allan Teague', 'PHO-1', 11.32, 1.33, 'A', 0, 1);
insert into notes_details values ('2011-2012', 'SEM-5', 'Allan Teague', 'PHO-1', 11.32, 2.0, 'A', 3, 99);
insert into notes_details values ('2011-2012', 'SEM-5', 'Allan Teague', 'PHQ-1', 11.32, 4.0, 'A', 3, 1);
insert into notes_details values ('2011-2012', 'SEM-5', 'Allan Teague', 'SPM-1', 11.32, 2.0, 'A', 0, 1);
insert into notes_details values ('2011-2012', 'SEM-5', 'Allan Teague', 'SPM-1', 11.32, 4.0, 'A', 3, 2);
insert into notes_details values ('2011-2012', 'SEM-6', 'Allan Teague', 'DPP-2', 11.32, 3.0, 'A', 1, 1);
insert into notes_details values ('2011-2012', 'SEM-6', 'Allan Teague', 'EAO-2', 11.32, 1.0, 'A', 0, 1);
insert into notes_details values ('2011-2012', 'SEM-6', 'Allan Teague', 'EAO-2', 11.32, 4.0, 'A', 3, 2);
insert into notes_details values ('2011-2012', 'SEM-6', 'Allan Teague', 'ECO-2', 11.32, 4.0, 'A', 3, 1);
insert into notes_details values ('2011-2012', 'SEM-6', 'Allan Teague', 'LCI-2', 11.32, 3.33, 'A', 3, 1);
insert into notes_details values ('2011-2012', 'SEM-6', 'Allan Teague', 'MAT-2', 11.32, 2.33, 'A', 0, 1);
insert into notes_details values ('2011-2012', 'SEM-6', 'Allan Teague', 'MAT-2', 11.32, 3.33, 'A', 2, 2);
insert into notes_details values ('2011-2012', 'SEM-6', 'Allan Teague', 'MCO-2', 11.32, 3.67, 'A', 2, 1);
insert into notes_details values ('2011-2012', 'SEM-6', 'Allan Teague', 'MGP-2', 11.32, 4.0, 'A', 4, 1);
insert into notes_details values ('2011-2012', 'SEM-6', 'Allan Teague', 'PHS-2', 11.32, 2.33, 'A', 0, 1);
insert into notes_details values ('2011-2012', 'SEM-6', 'Allan Teague', 'PHS-2', 11.32, 1.67, 'A', 2, 99);
insert into notes_details values ('2011-2012', 'SEM-6', 'Allan Teague', 'PJT-2', 11.32, 2.0, 'A', 0, 1);
insert into notes_details values ('2011-2012', 'SEM-6', 'Allan Teague', 'PJT-2', 11.32, 3.0, 'A', 1, 2);
insert into notes_details values ('2011-2012', 'SEM-6', 'Allan Teague', 'RMS-2', 11.32, 2.0, 'A', 0, 1);
insert into notes_details values ('2011-2012', 'SEM-6', 'Allan Teague', 'RMS-2', 11.32, 3.33, 'A', 4, 2);
insert into notes_details values ('2011-2012', 'SEM-6', 'Allan Teague', 'STG-2', 11.32, 2.67, 'A', 2, 1);
insert into notes_details values ('2011-2012', 'SEM-6', 'Allan Teague', 'THS-2', 11.32, 2.33, 'A', 0, 1);
insert into notes_details values ('2011-2012', 'SEM-6', 'Allan Teague', 'THS-2', 11.32, 1.67, 'A', 3, 99);
insert into notes_details values ('2012-2013', 'SEM-7', 'Allan Teague', 'ASL-3', 11.32, 2.33, 'A', 0, 1);
insert into notes_details values ('2012-2013', 'SEM-7', 'Allan Teague', 'ASL-3', 11.32, 2.67, 'A', 2, 2);
insert into notes_details values ('2012-2013', 'SEM-7', 'Allan Teague', 'DPP-3', 11.32, 1.0, 'A', 0, 1);
insert into notes_details values ('2012-2013', 'SEM-7', 'Allan Teague', 'DPP-3', 11.32, 3.67, 'A', 2, 2);
insert into notes_details values ('2012-2013', 'SEM-7', 'Allan Teague', 'EAO-31', 11.32, 2.33, 'A', 0, 1);
insert into notes_details values ('2012-2013', 'SEM-7', 'Allan Teague', 'EAO-31', 11.32, 1.0, 'A', 0, 2);
insert into contentieux values ('2012-2013', 'SEM-7', 'Allan Teague', 'EAO-31');
insert into notes_details values ('2012-2013', 'SEM-7', 'Allan Teague', 'EAO-32', 11.32, 2.33, 'A', 0, 1);
insert into notes_details values ('2012-2013', 'SEM-7', 'Allan Teague', 'EAO-32', 11.32, 2.67, 'A', 2, 2);
insert into notes_details values ('2012-2013', 'SEM-7', 'Allan Teague', 'EAO-33', 11.32, 3.67, 'A', 2, 1);
insert into notes_details values ('2012-2013', 'SEM-7', 'Allan Teague', 'EAO-34', 11.32, 3.33, 'A', 2, 1);
insert into notes_details values ('2012-2013', 'SEM-7', 'Allan Teague', 'EAO-35', 11.32, 2.33, 'A', 0, 1);
insert into notes_details values ('2012-2013', 'SEM-7', 'Allan Teague', 'EAO-35', 11.32, 1.67, 'A', 0, 2);
insert into contentieux values ('2012-2013', 'SEM-7', 'Allan Teague', 'EAO-35');
insert into notes_details values ('2012-2013', 'SEM-7', 'Allan Teague', 'LCI-3', 11.32, 3.0, 'A', 3, 1);
insert into notes_details values ('2012-2013', 'SEM-7', 'Allan Teague', 'MAT-3', 11.32, 2.33, 'A', 0, 1);
insert into notes_details values ('2012-2013', 'SEM-7', 'Allan Teague', 'MAT-3', 11.32, 2.33, 'A', 0, 2);
insert into contentieux values ('2012-2013', 'SEM-7', 'Allan Teague', 'MAT-3');
insert into notes_details values ('2012-2013', 'SEM-7', 'Allan Teague', 'MNG-3', 11.32, 2.0, 'A', 0, 1);
insert into notes_details values ('2012-2013', 'SEM-7', 'Allan Teague', 'MNG-3', 11.32, 3.33, 'A', 3, 2);
insert into notes_details values ('2012-2013', 'SEM-7', 'Allan Teague', 'PJT-3', 11.32, 2.67, 'A', 5, 1);
insert into notes_details values ('2012-2013', 'SEM-7', 'Allan Teague', 'STD-3', 11.32, 3.33, 'A', 2, 1);
insert into gpa values ('2011-2012', 'SEM-5', 'Allan Teague', 3.92);
insert into gpa values ('2011-2012', 'SEM-6', 'Allan Teague', 3.0);
insert into gpa values ('2012-2013', 'SEM-7', 'Allan Teague', 3.76);
insert into eleves values ('Gerard Best', 1, 'S', 'Tres bien', 'MP', null, 'gbest');
insert into notes_details values ('2010-2011', 'SEM-5', 'Gerard Best', 'ALG-1', 11.32, 3.33, 'A', 3, 1);
insert into notes_details values ('2010-2011', 'SEM-5', 'Gerard Best', 'DPP-1', 11.32, 1.33, 'A', 0, 1);
insert into notes_details values ('2010-2011', 'SEM-5', 'Gerard Best', 'DPP-1', 11.32, 3.0, 'A', 2, 2);
insert into notes_details values ('2010-2011', 'SEM-5', 'Gerard Best', 'ELE-1', 11.32, 1.67, 'A', 0, 1);
insert into notes_details values ('2010-2011', 'SEM-5', 'Gerard Best', 'ELE-1', 11.32, 3.0, 'A', 3, 2);
insert into notes_details values ('2010-2011', 'SEM-5', 'Gerard Best', 'INP-1', 11.32, 3.67, 'A', 3, 1);
insert into notes_details values ('2010-2011', 'SEM-5', 'Gerard Best', 'LCI-1', 11.32, 4.0, 'A', 3, 1);
insert into notes_details values ('2010-2011', 'SEM-5', 'Gerard Best', 'MAT-1', 11.32, 2.67, 'A', 3, 1);
insert into notes_details values ('2010-2011', 'SEM-5', 'Gerard Best', 'MGP-1', 11.32, 3.67, 'A', 4, 1);
insert into notes_details values ('2010-2011', 'SEM-5', 'Gerard Best', 'PHO-1', 11.32, 3.0, 'A', 3, 1);
insert into notes_details values ('2010-2011', 'SEM-5', 'Gerard Best', 'PHQ-1', 11.32, 4.0, 'A', 3, 1);
insert into notes_details values ('2010-2011', 'SEM-5', 'Gerard Best', 'SPM-1', 11.32, 4.0, 'A', 3, 1);
insert into notes_details values ('2010-2011', 'SEM-6', 'Gerard Best', 'DPP-2', 11.32, 2.67, 'A', 1, 1);
insert into notes_details values ('2010-2011', 'SEM-6', 'Gerard Best', 'EAO-2', 11.32, 3.0, 'A', 3, 1);
insert into notes_details values ('2010-2011', 'SEM-6', 'Gerard Best', 'ECO-2', 11.32, 4.0, 'A', 3, 1);
insert into notes_details values ('2010-2011', 'SEM-6', 'Gerard Best', 'LCI-2', 11.32, 1.67, 'A', 0, 1);
insert into notes_details values ('2010-2011', 'SEM-6', 'Gerard Best', 'LCI-2', 11.32, 3.33, 'A', 3, 2);
insert into notes_details values ('2010-2011', 'SEM-6', 'Gerard Best', 'MAT-2', 11.32, 3.0, 'A', 2, 1);
insert into notes_details values ('2010-2011', 'SEM-6', 'Gerard Best', 'MCO-2', 11.32, 2.67, 'A', 2, 1);
insert into notes_details values ('2010-2011', 'SEM-6', 'Gerard Best', 'MGP-2', 11.32, 2.0, 'A', 0, 1);
insert into notes_details values ('2010-2011', 'SEM-6', 'Gerard Best', 'MGP-2', 11.32, 3.67, 'A', 4, 2);
insert into notes_details values ('2010-2011', 'SEM-6', 'Gerard Best', 'PHS-2', 11.32, 2.33, 'A', 0, 1);
insert into notes_details values ('2010-2011', 'SEM-6', 'Gerard Best', 'PHS-2', 11.32, 3.0, 'A', 2, 2);
insert into notes_details values ('2010-2011', 'SEM-6', 'Gerard Best', 'PJT-2', 11.32, 3.0, 'A', 1, 1);
insert into notes_details values ('2010-2011', 'SEM-6', 'Gerard Best', 'RMS-2', 11.32, 4.0, 'A', 4, 1);
insert into notes_details values ('2010-2011', 'SEM-6', 'Gerard Best', 'STG-2', 11.32, 3.67, 'A', 2, 1);
insert into notes_details values ('2010-2011', 'SEM-6', 'Gerard Best', 'THS-2', 11.32, 1.67, 'A', 0, 1);
insert into notes_details values ('2010-2011', 'SEM-6', 'Gerard Best', 'THS-2', 11.32, 3.33, 'A', 3, 2);
insert into notes_details values ('2011-2012', 'SEM-7', 'Gerard Best', 'ASL-3', 11.32, 3.0, 'A', 2, 1);
insert into notes_details values ('2011-2012', 'SEM-7', 'Gerard Best', 'DPP-3', 11.32, 2.67, 'A', 2, 1);
insert into notes_details values ('2011-2012', 'SEM-7', 'Gerard Best', 'EAO-31', 11.32, 2.33, 'A', 0, 1);
insert into notes_details values ('2011-2012', 'SEM-7', 'Gerard Best', 'EAO-31', 11.32, 2.67, 'A', 2, 2);
insert into notes_details values ('2011-2012', 'SEM-7', 'Gerard Best', 'EAO-32', 11.32, 2.0, 'A', 0, 1);
insert into notes_details values ('2011-2012', 'SEM-7', 'Gerard Best', 'EAO-32', 11.32, 1.33, 'A', 0, 2);
insert into contentieux values ('2011-2012', 'SEM-7', 'Gerard Best', 'EAO-32');
insert into notes_details values ('2011-2012', 'SEM-7', 'Gerard Best', 'EAO-33', 11.32, 2.0, 'A', 0, 1);
insert into notes_details values ('2011-2012', 'SEM-7', 'Gerard Best', 'EAO-33', 11.32, 2.0, 'A', 2, 99);
insert into notes_details values ('2011-2012', 'SEM-7', 'Gerard Best', 'EAO-34', 11.32, 2.67, 'A', 2, 1);
insert into notes_details values ('2011-2012', 'SEM-7', 'Gerard Best', 'EAO-35', 11.32, 3.67, 'A', 2, 1);
insert into notes_details values ('2011-2012', 'SEM-7', 'Gerard Best', 'LCI-3', 11.32, 2.67, 'A', 3, 1);
insert into notes_details values ('2011-2012', 'SEM-7', 'Gerard Best', 'MAT-3', 11.32, 2.0, 'A', 0, 1);
insert into notes_details values ('2011-2012', 'SEM-7', 'Gerard Best', 'MAT-3', 11.32, 1.33, 'A', 0, 2);
insert into contentieux values ('2011-2012', 'SEM-7', 'Gerard Best', 'MAT-3');
insert into notes_details values ('2011-2012', 'SEM-7', 'Gerard Best', 'MNG-3', 11.32, 4.0, 'A', 3, 1);
insert into notes_details values ('2011-2012', 'SEM-7', 'Gerard Best', 'PJT-3', 11.32, 2.0, 'A', 0, 1);
insert into notes_details values ('2011-2012', 'SEM-7', 'Gerard Best', 'PJT-3', 11.32, 3.0, 'A', 5, 2);
insert into notes_details values ('2011-2012', 'SEM-7', 'Gerard Best', 'STD-3', 11.32, 1.33, 'A', 0, 1);
insert into notes_details values ('2011-2012', 'SEM-7', 'Gerard Best', 'STD-3', 11.32, 3.0, 'A', 2, 2);
insert into gpa values ('2010-2011', 'SEM-5', 'Gerard Best', 3.97);
insert into gpa values ('2010-2011', 'SEM-6', 'Gerard Best', 3.78);
insert into gpa values ('2011-2012', 'SEM-7', 'Gerard Best', 2.85);
insert into eleves values ('Igor Durand', 1, 'S', 'Tres bien', 'MP', null, 'idurand');
insert into notes_details values ('2011-2012', 'SEM-5', 'Igor Durand', 'ALG-1', 11.32, 1.0, 'A', 0, 1);
insert into notes_details values ('2011-2012', 'SEM-5', 'Igor Durand', 'ALG-1', 11.32, 2.33, 'A', 3, 99);
insert into notes_details values ('2011-2012', 'SEM-5', 'Igor Durand', 'DPP-1', 11.32, 1.0, 'A', 0, 1);
insert into notes_details values ('2011-2012', 'SEM-5', 'Igor Durand', 'DPP-1', 11.32, 3.0, 'A', 2, 2);
insert into notes_details values ('2011-2012', 'SEM-5', 'Igor Durand', 'ELE-1', 11.32, 1.67, 'A', 0, 1);
insert into notes_details values ('2011-2012', 'SEM-5', 'Igor Durand', 'ELE-1', 11.32, 3.67, 'A', 3, 2);
insert into notes_details values ('2011-2012', 'SEM-5', 'Igor Durand', 'INP-1', 11.32, 1.67, 'A', 0, 1);
insert into notes_details values ('2011-2012', 'SEM-5', 'Igor Durand', 'INP-1', 11.32, 3.67, 'A', 3, 2);
insert into notes_details values ('2011-2012', 'SEM-5', 'Igor Durand', 'LCI-1', 11.32, 1.0, 'A', 0, 1);
insert into notes_details values ('2011-2012', 'SEM-5', 'Igor Durand', 'LCI-1', 11.32, 2.67, 'A', 3, 2);
insert into notes_details values ('2011-2012', 'SEM-5', 'Igor Durand', 'MAT-1', 11.32, 1.0, 'A', 0, 1);
insert into notes_details values ('2011-2012', 'SEM-5', 'Igor Durand', 'MAT-1', 11.32, 3.0, 'A', 3, 2);
insert into notes_details values ('2011-2012', 'SEM-5', 'Igor Durand', 'MGP-1', 11.32, 4.0, 'A', 4, 1);
insert into notes_details values ('2011-2012', 'SEM-5', 'Igor Durand', 'PHO-1', 11.32, 3.67, 'A', 3, 1);
insert into notes_details values ('2011-2012', 'SEM-5', 'Igor Durand', 'PHQ-1', 11.32, 3.67, 'A', 3, 1);
insert into notes_details values ('2011-2012', 'SEM-5', 'Igor Durand', 'SPM-1', 11.32, 3.67, 'A', 3, 1);
insert into notes_details values ('2011-2012', 'SEM-6', 'Igor Durand', 'DPP-2', 11.32, 4.0, 'A', 1, 1);
insert into notes_details values ('2011-2012', 'SEM-6', 'Igor Durand', 'EAO-2', 11.32, 3.33, 'A', 3, 1);
insert into notes_details values ('2011-2012', 'SEM-6', 'Igor Durand', 'ECO-2', 11.32, 4.0, 'A', 3, 1);
insert into notes_details values ('2011-2012', 'SEM-6', 'Igor Durand', 'LCI-2', 11.32, 2.33, 'A', 0, 1);
insert into notes_details values ('2011-2012', 'SEM-6', 'Igor Durand', 'LCI-2', 11.32, 3.0, 'A', 3, 2);
insert into notes_details values ('2011-2012', 'SEM-6', 'Igor Durand', 'MAT-2', 11.32, 3.67, 'A', 2, 1);
insert into notes_details values ('2011-2012', 'SEM-6', 'Igor Durand', 'MCO-2', 11.32, 1.0, 'A', 0, 1);
insert into notes_details values ('2011-2012', 'SEM-6', 'Igor Durand', 'MCO-2', 11.32, 3.33, 'A', 2, 2);
insert into notes_details values ('2011-2012', 'SEM-6', 'Igor Durand', 'MGP-2', 11.32, 4.0, 'A', 4, 1);
insert into notes_details values ('2011-2012', 'SEM-6', 'Igor Durand', 'PHS-2', 11.32, 3.33, 'A', 2, 1);
insert into notes_details values ('2011-2012', 'SEM-6', 'Igor Durand', 'PJT-2', 11.32, 3.0, 'A', 1, 1);
insert into notes_details values ('2011-2012', 'SEM-6', 'Igor Durand', 'RMS-2', 11.32, 2.0, 'A', 0, 1);
insert into notes_details values ('2011-2012', 'SEM-6', 'Igor Durand', 'RMS-2', 11.32, 2.0, 'A', 4, 99);
insert into notes_details values ('2011-2012', 'SEM-6', 'Igor Durand', 'STG-2', 11.32, 4.0, 'A', 2, 1);
insert into notes_details values ('2011-2012', 'SEM-6', 'Igor Durand', 'THS-2', 11.32, 2.0, 'A', 0, 1);
insert into notes_details values ('2011-2012', 'SEM-6', 'Igor Durand', 'THS-2', 11.32, 2.33, 'A', 3, 99);
insert into notes_details values ('2012-2013', 'SEM-7', 'Igor Durand', 'ASL-3', 11.32, 2.0, 'A', 0, 1);
insert into notes_details values ('2012-2013', 'SEM-7', 'Igor Durand', 'ASL-3', 11.32, 1.33, 'A', 0, 2);
insert into contentieux values ('2012-2013', 'SEM-7', 'Igor Durand', 'ASL-3');
insert into notes_details values ('2012-2013', 'SEM-7', 'Igor Durand', 'DPP-3', 11.32, 1.33, 'A', 0, 1);
insert into notes_details values ('2012-2013', 'SEM-7', 'Igor Durand', 'DPP-3', 11.32, 3.33, 'A', 2, 2);
insert into notes_details values ('2012-2013', 'SEM-7', 'Igor Durand', 'EAO-31', 11.32, 3.67, 'A', 2, 1);
insert into notes_details values ('2012-2013', 'SEM-7', 'Igor Durand', 'EAO-32', 11.32, 2.0, 'A', 0, 1);
insert into notes_details values ('2012-2013', 'SEM-7', 'Igor Durand', 'EAO-32', 11.32, 1.67, 'A', 0, 2);
insert into contentieux values ('2012-2013', 'SEM-7', 'Igor Durand', 'EAO-32');
insert into notes_details values ('2012-2013', 'SEM-7', 'Igor Durand', 'EAO-33', 11.32, 1.67, 'A', 0, 1);
insert into notes_details values ('2012-2013', 'SEM-7', 'Igor Durand', 'EAO-33', 11.32, 2.33, 'A', 0, 2);
insert into contentieux values ('2012-2013', 'SEM-7', 'Igor Durand', 'EAO-33');
insert into notes_details values ('2012-2013', 'SEM-7', 'Igor Durand', 'EAO-34', 11.32, 2.33, 'A', 0, 1);
insert into notes_details values ('2012-2013', 'SEM-7', 'Igor Durand', 'EAO-34', 11.32, 1.67, 'A', 0, 2);
insert into contentieux values ('2012-2013', 'SEM-7', 'Igor Durand', 'EAO-34');
insert into notes_details values ('2012-2013', 'SEM-7', 'Igor Durand', 'EAO-35', 11.32, 1.33, 'A', 0, 1);
insert into notes_details values ('2012-2013', 'SEM-7', 'Igor Durand', 'EAO-35', 11.32, 1.33, 'A', 0, 2);
insert into contentieux values ('2012-2013', 'SEM-7', 'Igor Durand', 'EAO-35');
insert into notes_details values ('2012-2013', 'SEM-7', 'Igor Durand', 'LCI-3', 11.32, 2.33, 'A', 0, 1);
insert into notes_details values ('2012-2013', 'SEM-7', 'Igor Durand', 'LCI-3', 11.32, 2.33, 'A', 0, 2);
insert into contentieux values ('2012-2013', 'SEM-7', 'Igor Durand', 'LCI-3');
insert into notes_details values ('2012-2013', 'SEM-7', 'Igor Durand', 'MAT-3', 11.32, 1.0, 'A', 0, 1);
insert into notes_details values ('2012-2013', 'SEM-7', 'Igor Durand', 'MAT-3', 11.32, 4.0, 'A', 3, 2);
insert into notes_details values ('2012-2013', 'SEM-7', 'Igor Durand', 'MNG-3', 11.32, 3.67, 'A', 3, 1);
insert into notes_details values ('2012-2013', 'SEM-7', 'Igor Durand', 'PJT-3', 11.32, 2.0, 'A', 0, 1);
insert into notes_details values ('2012-2013', 'SEM-7', 'Igor Durand', 'PJT-3', 11.32, 3.67, 'A', 5, 2);
insert into notes_details values ('2012-2013', 'SEM-7', 'Igor Durand', 'STD-3', 11.32, 3.67, 'A', 2, 1);
insert into gpa values ('2011-2012', 'SEM-5', 'Igor Durand', 3.69);
insert into gpa values ('2011-2012', 'SEM-6', 'Igor Durand', 3.19);
insert into gpa values ('2012-2013', 'SEM-7', 'Igor Durand', 2.85);
insert into eleves values ('Sara DeGaulles', 1, 'S', 'Tres bien', 'MP', null, 'sdegaulles');
insert into notes_details values ('2010-2011', 'SEM-5', 'Sara DeGaulles', 'ALG-1', 11.32, 1.0, 'A', 0, 1);
insert into notes_details values ('2010-2011', 'SEM-5', 'Sara DeGaulles', 'ALG-1', 11.32, 3.0, 'A', 3, 2);
insert into notes_details values ('2010-2011', 'SEM-5', 'Sara DeGaulles', 'DPP-1', 11.32, 2.0, 'A', 0, 1);
insert into notes_details values ('2010-2011', 'SEM-5', 'Sara DeGaulles', 'DPP-1', 11.32, 1.67, 'A', 2, 99);
insert into notes_details values ('2010-2011', 'SEM-5', 'Sara DeGaulles', 'ELE-1', 11.32, 3.67, 'A', 3, 1);
insert into notes_details values ('2010-2011', 'SEM-5', 'Sara DeGaulles', 'INP-1', 11.32, 3.0, 'A', 3, 1);
insert into notes_details values ('2010-2011', 'SEM-5', 'Sara DeGaulles', 'LCI-1', 11.32, 3.33, 'A', 3, 1);
insert into notes_details values ('2010-2011', 'SEM-5', 'Sara DeGaulles', 'MAT-1', 11.32, 1.0, 'A', 0, 1);
insert into notes_details values ('2010-2011', 'SEM-5', 'Sara DeGaulles', 'MAT-1', 11.32, 4.0, 'A', 3, 2);
insert into notes_details values ('2010-2011', 'SEM-5', 'Sara DeGaulles', 'MGP-1', 11.32, 1.67, 'A', 0, 1);
insert into notes_details values ('2010-2011', 'SEM-5', 'Sara DeGaulles', 'MGP-1', 11.32, 4.0, 'A', 4, 2);
insert into notes_details values ('2010-2011', 'SEM-5', 'Sara DeGaulles', 'PHO-1', 11.32, 1.33, 'A', 0, 1);
insert into notes_details values ('2010-2011', 'SEM-5', 'Sara DeGaulles', 'PHO-1', 11.32, 3.67, 'A', 3, 2);
insert into notes_details values ('2010-2011', 'SEM-5', 'Sara DeGaulles', 'PHQ-1', 11.32, 2.0, 'A', 0, 1);
insert into notes_details values ('2010-2011', 'SEM-5', 'Sara DeGaulles', 'PHQ-1', 11.32, 4.0, 'A', 3, 2);
insert into notes_details values ('2010-2011', 'SEM-5', 'Sara DeGaulles', 'SPM-1', 11.32, 4.0, 'A', 3, 1);
insert into notes_details values ('2010-2011', 'SEM-6', 'Sara DeGaulles', 'DPP-2', 11.32, 1.33, 'A', 0, 1);
insert into notes_details values ('2010-2011', 'SEM-6', 'Sara DeGaulles', 'DPP-2', 11.32, 1.0, 'A', 1, 99);
insert into notes_details values ('2010-2011', 'SEM-6', 'Sara DeGaulles', 'EAO-2', 11.32, 2.67, 'A', 3, 1);
insert into notes_details values ('2010-2011', 'SEM-6', 'Sara DeGaulles', 'ECO-2', 11.32, 3.67, 'A', 3, 1);
insert into notes_details values ('2010-2011', 'SEM-6', 'Sara DeGaulles', 'LCI-2', 11.32, 3.0, 'A', 3, 1);
insert into notes_details values ('2010-2011', 'SEM-6', 'Sara DeGaulles', 'MAT-2', 11.32, 3.33, 'A', 2, 1);
insert into notes_details values ('2010-2011', 'SEM-6', 'Sara DeGaulles', 'MCO-2', 11.32, 3.33, 'A', 2, 1);
insert into notes_details values ('2010-2011', 'SEM-6', 'Sara DeGaulles', 'MGP-2', 11.32, 3.0, 'A', 4, 1);
insert into notes_details values ('2010-2011', 'SEM-6', 'Sara DeGaulles', 'PHS-2', 11.32, 3.67, 'A', 2, 1);
insert into notes_details values ('2010-2011', 'SEM-6', 'Sara DeGaulles', 'PJT-2', 11.32, 1.33, 'A', 0, 1);
insert into notes_details values ('2010-2011', 'SEM-6', 'Sara DeGaulles', 'PJT-2', 11.32, 3.0, 'A', 1, 2);
insert into notes_details values ('2010-2011', 'SEM-6', 'Sara DeGaulles', 'RMS-2', 11.32, 4.0, 'A', 4, 1);
insert into notes_details values ('2010-2011', 'SEM-6', 'Sara DeGaulles', 'STG-2', 11.32, 2.0, 'A', 0, 1);
insert into notes_details values ('2010-2011', 'SEM-6', 'Sara DeGaulles', 'STG-2', 11.32, 4.0, 'A', 2, 2);
insert into notes_details values ('2010-2011', 'SEM-6', 'Sara DeGaulles', 'THS-2', 11.32, 2.33, 'A', 0, 1);
insert into notes_details values ('2010-2011', 'SEM-6', 'Sara DeGaulles', 'THS-2', 11.32, 3.67, 'A', 3, 2);
insert into notes_details values ('2011-2012', 'SEM-7', 'Sara DeGaulles', 'ASL-3', 11.32, 3.67, 'A', 2, 1);
insert into notes_details values ('2011-2012', 'SEM-7', 'Sara DeGaulles', 'DPP-3', 11.32, 3.33, 'A', 2, 1);
insert into notes_details values ('2011-2012', 'SEM-7', 'Sara DeGaulles', 'EAO-31', 11.32, 2.0, 'A', 0, 1);
insert into notes_details values ('2011-2012', 'SEM-7', 'Sara DeGaulles', 'EAO-31', 11.32, 1.33, 'A', 0, 2);
insert into contentieux values ('2011-2012', 'SEM-7', 'Sara DeGaulles', 'EAO-31');
insert into notes_details values ('2011-2012', 'SEM-7', 'Sara DeGaulles', 'EAO-32', 11.32, 1.33, 'A', 0, 1);
insert into notes_details values ('2011-2012', 'SEM-7', 'Sara DeGaulles', 'EAO-32', 11.32, 4.0, 'A', 2, 2);
insert into notes_details values ('2011-2012', 'SEM-7', 'Sara DeGaulles', 'EAO-33', 11.32, 4.0, 'A', 2, 1);
insert into notes_details values ('2011-2012', 'SEM-7', 'Sara DeGaulles', 'EAO-34', 11.32, 1.0, 'A', 0, 1);
insert into notes_details values ('2011-2012', 'SEM-7', 'Sara DeGaulles', 'EAO-34', 11.32, 2.0, 'A', 2, 99);
insert into notes_details values ('2011-2012', 'SEM-7', 'Sara DeGaulles', 'EAO-35', 11.32, 2.0, 'A', 0, 1);
insert into notes_details values ('2011-2012', 'SEM-7', 'Sara DeGaulles', 'EAO-35', 11.32, 3.33, 'A', 2, 2);
insert into notes_details values ('2011-2012', 'SEM-7', 'Sara DeGaulles', 'LCI-3', 11.32, 1.33, 'A', 0, 1);
insert into notes_details values ('2011-2012', 'SEM-7', 'Sara DeGaulles', 'LCI-3', 11.32, 3.67, 'A', 3, 2);
insert into notes_details values ('2011-2012', 'SEM-7', 'Sara DeGaulles', 'MAT-3', 11.32, 2.0, 'A', 0, 1);
insert into notes_details values ('2011-2012', 'SEM-7', 'Sara DeGaulles', 'MAT-3', 11.32, 1.67, 'A', 3, 99);
insert into notes_details values ('2011-2012', 'SEM-7', 'Sara DeGaulles', 'MNG-3', 11.32, 4.0, 'A', 3, 1);
insert into notes_details values ('2011-2012', 'SEM-7', 'Sara DeGaulles', 'PJT-3', 11.32, 1.33, 'A', 0, 1);
insert into notes_details values ('2011-2012', 'SEM-7', 'Sara DeGaulles', 'PJT-3', 11.32, 1.67, 'A', 0, 2);
insert into contentieux values ('2011-2012', 'SEM-7', 'Sara DeGaulles', 'PJT-3');
insert into notes_details values ('2011-2012', 'SEM-7', 'Sara DeGaulles', 'STD-3', 11.32, 1.67, 'A', 0, 1);
insert into notes_details values ('2011-2012', 'SEM-7', 'Sara DeGaulles', 'STD-3', 11.32, 1.33, 'A', 2, 99);
insert into gpa values ('2010-2011', 'SEM-5', 'Sara DeGaulles', 2.66);
insert into gpa values ('2010-2011', 'SEM-6', 'Sara DeGaulles', 3.55);
insert into gpa values ('2011-2012', 'SEM-7', 'Sara DeGaulles', 3.65);
insert into eleves values ('Wali Rose', 1, 'S', 'Tres bien', 'MP', null, 'wrose');
insert into notes_details values ('2011-2012', 'SEM-5', 'Wali Rose', 'ALG-1', 11.32, 3.33, 'A', 3, 1);
insert into notes_details values ('2011-2012', 'SEM-5', 'Wali Rose', 'DPP-1', 11.32, 3.67, 'A', 2, 1);
insert into notes_details values ('2011-2012', 'SEM-5', 'Wali Rose', 'ELE-1', 11.32, 2.67, 'A', 3, 1);
insert into notes_details values ('2011-2012', 'SEM-5', 'Wali Rose', 'INP-1', 11.32, 1.0, 'A', 0, 1);
insert into notes_details values ('2011-2012', 'SEM-5', 'Wali Rose', 'INP-1', 11.32, 3.33, 'A', 3, 2);
insert into notes_details values ('2011-2012', 'SEM-5', 'Wali Rose', 'LCI-1', 11.32, 1.33, 'A', 0, 1);
insert into notes_details values ('2011-2012', 'SEM-5', 'Wali Rose', 'LCI-1', 11.32, 4.0, 'A', 3, 2);
insert into notes_details values ('2011-2012', 'SEM-5', 'Wali Rose', 'MAT-1', 11.32, 4.0, 'A', 3, 1);
insert into notes_details values ('2011-2012', 'SEM-5', 'Wali Rose', 'MGP-1', 11.32, 2.33, 'A', 0, 1);
insert into notes_details values ('2011-2012', 'SEM-5', 'Wali Rose', 'MGP-1', 11.32, 2.67, 'A', 4, 2);
insert into notes_details values ('2011-2012', 'SEM-5', 'Wali Rose', 'PHO-1', 11.32, 4.0, 'A', 3, 1);
insert into notes_details values ('2011-2012', 'SEM-5', 'Wali Rose', 'PHQ-1', 11.32, 2.67, 'A', 3, 1);
insert into notes_details values ('2011-2012', 'SEM-5', 'Wali Rose', 'SPM-1', 11.32, 2.0, 'A', 0, 1);
insert into notes_details values ('2011-2012', 'SEM-5', 'Wali Rose', 'SPM-1', 11.32, 3.67, 'A', 3, 2);
insert into notes_details values ('2011-2012', 'SEM-6', 'Wali Rose', 'DPP-2', 11.32, 4.0, 'A', 1, 1);
insert into notes_details values ('2011-2012', 'SEM-6', 'Wali Rose', 'EAO-2', 11.32, 3.67, 'A', 3, 1);
insert into notes_details values ('2011-2012', 'SEM-6', 'Wali Rose', 'ECO-2', 11.32, 2.0, 'A', 0, 1);
insert into notes_details values ('2011-2012', 'SEM-6', 'Wali Rose', 'ECO-2', 11.32, 3.33, 'A', 3, 2);
insert into notes_details values ('2011-2012', 'SEM-6', 'Wali Rose', 'LCI-2', 11.32, 1.33, 'A', 0, 1);
insert into notes_details values ('2011-2012', 'SEM-6', 'Wali Rose', 'LCI-2', 11.32, 3.67, 'A', 3, 2);
insert into notes_details values ('2011-2012', 'SEM-6', 'Wali Rose', 'MAT-2', 11.32, 4.0, 'A', 2, 1);
insert into notes_details values ('2011-2012', 'SEM-6', 'Wali Rose', 'MCO-2', 11.32, 4.0, 'A', 2, 1);
insert into notes_details values ('2011-2012', 'SEM-6', 'Wali Rose', 'MGP-2', 11.32, 2.0, 'A', 0, 1);
insert into notes_details values ('2011-2012', 'SEM-6', 'Wali Rose', 'MGP-2', 11.32, 3.33, 'A', 4, 2);
insert into notes_details values ('2011-2012', 'SEM-6', 'Wali Rose', 'PHS-2', 11.32, 1.67, 'A', 0, 1);
insert into notes_details values ('2011-2012', 'SEM-6', 'Wali Rose', 'PHS-2', 11.32, 2.67, 'A', 2, 2);
insert into notes_details values ('2011-2012', 'SEM-6', 'Wali Rose', 'PJT-2', 11.32, 3.67, 'A', 1, 1);
insert into notes_details values ('2011-2012', 'SEM-6', 'Wali Rose', 'RMS-2', 11.32, 4.0, 'A', 4, 1);
insert into notes_details values ('2011-2012', 'SEM-6', 'Wali Rose', 'STG-2', 11.32, 1.67, 'A', 0, 1);
insert into notes_details values ('2011-2012', 'SEM-6', 'Wali Rose', 'STG-2', 11.32, 2.67, 'A', 2, 2);
insert into notes_details values ('2011-2012', 'SEM-6', 'Wali Rose', 'THS-2', 11.32, 1.33, 'A', 0, 1);
insert into notes_details values ('2011-2012', 'SEM-6', 'Wali Rose', 'THS-2', 11.32, 3.67, 'A', 3, 2);
insert into notes_details values ('2012-2013', 'SEM-7', 'Wali Rose', 'ASL-3', 11.32, 3.0, 'A', 2, 1);
insert into notes_details values ('2012-2013', 'SEM-7', 'Wali Rose', 'DPP-3', 11.32, 3.0, 'A', 2, 1);
insert into notes_details values ('2012-2013', 'SEM-7', 'Wali Rose', 'EAO-31', 11.32, 2.67, 'A', 2, 1);
insert into notes_details values ('2012-2013', 'SEM-7', 'Wali Rose', 'EAO-32', 11.32, 3.67, 'A', 2, 1);
insert into notes_details values ('2012-2013', 'SEM-7', 'Wali Rose', 'EAO-33', 11.32, 1.67, 'A', 0, 1);
insert into notes_details values ('2012-2013', 'SEM-7', 'Wali Rose', 'EAO-33', 11.32, 2.33, 'A', 2, 99);
insert into notes_details values ('2012-2013', 'SEM-7', 'Wali Rose', 'EAO-34', 11.32, 4.0, 'A', 2, 1);
insert into notes_details values ('2012-2013', 'SEM-7', 'Wali Rose', 'EAO-35', 11.32, 3.0, 'A', 2, 1);
insert into notes_details values ('2012-2013', 'SEM-7', 'Wali Rose', 'LCI-3', 11.32, 3.33, 'A', 3, 1);
insert into notes_details values ('2012-2013', 'SEM-7', 'Wali Rose', 'MAT-3', 11.32, 1.67, 'A', 0, 1);
insert into notes_details values ('2012-2013', 'SEM-7', 'Wali Rose', 'MAT-3', 11.32, 4.0, 'A', 3, 2);
insert into notes_details values ('2012-2013', 'SEM-7', 'Wali Rose', 'MNG-3', 11.32, 1.33, 'A', 0, 1);
insert into notes_details values ('2012-2013', 'SEM-7', 'Wali Rose', 'MNG-3', 11.32, 2.67, 'A', 3, 2);
insert into notes_details values ('2012-2013', 'SEM-7', 'Wali Rose', 'PJT-3', 11.32, 1.67, 'A', 0, 1);
insert into notes_details values ('2012-2013', 'SEM-7', 'Wali Rose', 'PJT-3', 11.32, 3.67, 'A', 5, 2);
insert into notes_details values ('2012-2013', 'SEM-7', 'Wali Rose', 'STD-3', 11.32, 3.33, 'A', 2, 1);
insert into gpa values ('2011-2012', 'SEM-5', 'Wali Rose', 2.77);
insert into gpa values ('2011-2012', 'SEM-6', 'Wali Rose', 3.39);
insert into gpa values ('2012-2013', 'SEM-7', 'Wali Rose', 2.05);
insert into eleves values ('Marco Plourde', 1, 'S', 'Tres bien', 'MP', null, 'mplourde');
insert into notes_details values ('2010-2011', 'SEM-5', 'Marco Plourde', 'ALG-1', 11.32, 1.33, 'A', 0, 1);
insert into notes_details values ('2010-2011', 'SEM-5', 'Marco Plourde', 'ALG-1', 11.32, 1.33, 'A', 3, 99);
insert into notes_details values ('2010-2011', 'SEM-5', 'Marco Plourde', 'DPP-1', 11.32, 2.67, 'A', 2, 1);
insert into notes_details values ('2010-2011', 'SEM-5', 'Marco Plourde', 'ELE-1', 11.32, 2.67, 'A', 3, 1);
insert into notes_details values ('2010-2011', 'SEM-5', 'Marco Plourde', 'INP-1', 11.32, 2.33, 'A', 0, 1);
insert into notes_details values ('2010-2011', 'SEM-5', 'Marco Plourde', 'INP-1', 11.32, 1.67, 'A', 3, 99);
insert into notes_details values ('2010-2011', 'SEM-5', 'Marco Plourde', 'LCI-1', 11.32, 2.0, 'A', 0, 1);
insert into notes_details values ('2010-2011', 'SEM-5', 'Marco Plourde', 'LCI-1', 11.32, 3.0, 'A', 3, 2);
insert into notes_details values ('2010-2011', 'SEM-5', 'Marco Plourde', 'MAT-1', 11.32, 4.0, 'A', 3, 1);
insert into notes_details values ('2010-2011', 'SEM-5', 'Marco Plourde', 'MGP-1', 11.32, 2.67, 'A', 4, 1);
insert into notes_details values ('2010-2011', 'SEM-5', 'Marco Plourde', 'PHO-1', 11.32, 2.33, 'A', 0, 1);
insert into notes_details values ('2010-2011', 'SEM-5', 'Marco Plourde', 'PHO-1', 11.32, 4.0, 'A', 3, 2);
insert into notes_details values ('2010-2011', 'SEM-5', 'Marco Plourde', 'PHQ-1', 11.32, 4.0, 'A', 3, 1);
insert into notes_details values ('2010-2011', 'SEM-5', 'Marco Plourde', 'SPM-1', 11.32, 2.67, 'A', 3, 1);
insert into notes_details values ('2010-2011', 'SEM-6', 'Marco Plourde', 'DPP-2', 11.32, 2.67, 'A', 1, 1);
insert into notes_details values ('2010-2011', 'SEM-6', 'Marco Plourde', 'EAO-2', 11.32, 4.0, 'A', 3, 1);
insert into notes_details values ('2010-2011', 'SEM-6', 'Marco Plourde', 'ECO-2', 11.32, 1.0, 'A', 0, 1);
insert into notes_details values ('2010-2011', 'SEM-6', 'Marco Plourde', 'ECO-2', 11.32, 3.33, 'A', 3, 2);
insert into notes_details values ('2010-2011', 'SEM-6', 'Marco Plourde', 'LCI-2', 11.32, 3.33, 'A', 3, 1);
insert into notes_details values ('2010-2011', 'SEM-6', 'Marco Plourde', 'MAT-2', 11.32, 3.0, 'A', 2, 1);
insert into notes_details values ('2010-2011', 'SEM-6', 'Marco Plourde', 'MCO-2', 11.32, 1.33, 'A', 0, 1);
insert into notes_details values ('2010-2011', 'SEM-6', 'Marco Plourde', 'MCO-2', 11.32, 3.67, 'A', 2, 2);
insert into notes_details values ('2010-2011', 'SEM-6', 'Marco Plourde', 'MGP-2', 11.32, 1.0, 'A', 0, 1);
insert into notes_details values ('2010-2011', 'SEM-6', 'Marco Plourde', 'MGP-2', 11.32, 4.0, 'A', 4, 2);
insert into notes_details values ('2010-2011', 'SEM-6', 'Marco Plourde', 'PHS-2', 11.32, 1.0, 'A', 0, 1);
insert into notes_details values ('2010-2011', 'SEM-6', 'Marco Plourde', 'PHS-2', 11.32, 3.0, 'A', 2, 2);
insert into notes_details values ('2010-2011', 'SEM-6', 'Marco Plourde', 'PJT-2', 11.32, 1.67, 'A', 0, 1);
insert into notes_details values ('2010-2011', 'SEM-6', 'Marco Plourde', 'PJT-2', 11.32, 3.0, 'A', 1, 2);
insert into notes_details values ('2010-2011', 'SEM-6', 'Marco Plourde', 'RMS-2', 11.32, 4.0, 'A', 4, 1);
insert into notes_details values ('2010-2011', 'SEM-6', 'Marco Plourde', 'STG-2', 11.32, 4.0, 'A', 2, 1);
insert into notes_details values ('2010-2011', 'SEM-6', 'Marco Plourde', 'THS-2', 11.32, 3.0, 'A', 3, 1);
insert into notes_details values ('2011-2012', 'SEM-7', 'Marco Plourde', 'ASL-3', 11.32, 3.67, 'A', 2, 1);
insert into notes_details values ('2011-2012', 'SEM-7', 'Marco Plourde', 'DPP-3', 11.32, 1.33, 'A', 0, 1);
insert into notes_details values ('2011-2012', 'SEM-7', 'Marco Plourde', 'DPP-3', 11.32, 3.0, 'A', 2, 2);
insert into notes_details values ('2011-2012', 'SEM-7', 'Marco Plourde', 'EAO-31', 11.32, 2.0, 'A', 0, 1);
insert into notes_details values ('2011-2012', 'SEM-7', 'Marco Plourde', 'EAO-31', 11.32, 3.67, 'A', 2, 2);
insert into notes_details values ('2011-2012', 'SEM-7', 'Marco Plourde', 'EAO-32', 11.32, 2.33, 'A', 0, 1);
insert into notes_details values ('2011-2012', 'SEM-7', 'Marco Plourde', 'EAO-32', 11.32, 2.0, 'A', 2, 99);
insert into notes_details values ('2011-2012', 'SEM-7', 'Marco Plourde', 'EAO-33', 11.32, 2.33, 'A', 0, 1);
insert into notes_details values ('2011-2012', 'SEM-7', 'Marco Plourde', 'EAO-33', 11.32, 1.0, 'A', 0, 2);
insert into contentieux values ('2011-2012', 'SEM-7', 'Marco Plourde', 'EAO-33');
insert into notes_details values ('2011-2012', 'SEM-7', 'Marco Plourde', 'EAO-34', 11.32, 2.33, 'A', 0, 1);
insert into notes_details values ('2011-2012', 'SEM-7', 'Marco Plourde', 'EAO-34', 11.32, 3.33, 'A', 2, 2);
insert into notes_details values ('2011-2012', 'SEM-7', 'Marco Plourde', 'EAO-35', 11.32, 3.33, 'A', 2, 1);
insert into notes_details values ('2011-2012', 'SEM-7', 'Marco Plourde', 'LCI-3', 11.32, 3.33, 'A', 3, 1);
insert into notes_details values ('2011-2012', 'SEM-7', 'Marco Plourde', 'MAT-3', 11.32, 1.67, 'A', 0, 1);
insert into notes_details values ('2011-2012', 'SEM-7', 'Marco Plourde', 'MAT-3', 11.32, 3.0, 'A', 3, 2);
insert into notes_details values ('2011-2012', 'SEM-7', 'Marco Plourde', 'MNG-3', 11.32, 3.0, 'A', 3, 1);
insert into notes_details values ('2011-2012', 'SEM-7', 'Marco Plourde', 'PJT-3', 11.32, 2.33, 'A', 0, 1);
insert into notes_details values ('2011-2012', 'SEM-7', 'Marco Plourde', 'PJT-3', 11.32, 2.0, 'A', 0, 2);
insert into contentieux values ('2011-2012', 'SEM-7', 'Marco Plourde', 'PJT-3');
insert into notes_details values ('2011-2012', 'SEM-7', 'Marco Plourde', 'STD-3', 11.32, 2.0, 'A', 0, 1);
insert into notes_details values ('2011-2012', 'SEM-7', 'Marco Plourde', 'STD-3', 11.32, 4.0, 'A', 2, 2);
insert into gpa values ('2010-2011', 'SEM-5', 'Marco Plourde', 3.96);
insert into gpa values ('2010-2011', 'SEM-6', 'Marco Plourde', 2.19);
insert into gpa values ('2011-2012', 'SEM-7', 'Marco Plourde', 2.41);
insert into eleves values ('Isabelle Windsor', 1, 'S', 'Tres bien', 'MP', null, 'iwindsor');
insert into notes_details values ('2011-2012', 'SEM-5', 'Isabelle Windsor', 'ALG-1', 11.32, 2.67, 'A', 3, 1);
insert into notes_details values ('2011-2012', 'SEM-5', 'Isabelle Windsor', 'DPP-1', 11.32, 2.33, 'A', 0, 1);
insert into notes_details values ('2011-2012', 'SEM-5', 'Isabelle Windsor', 'DPP-1', 11.32, 2.33, 'A', 2, 99);
insert into notes_details values ('2011-2012', 'SEM-5', 'Isabelle Windsor', 'ELE-1', 11.32, 1.67, 'A', 0, 1);
insert into notes_details values ('2011-2012', 'SEM-5', 'Isabelle Windsor', 'ELE-1', 11.32, 3.33, 'A', 3, 2);
insert into notes_details values ('2011-2012', 'SEM-5', 'Isabelle Windsor', 'INP-1', 11.32, 4.0, 'A', 3, 1);
insert into notes_details values ('2011-2012', 'SEM-5', 'Isabelle Windsor', 'LCI-1', 11.32, 4.0, 'A', 3, 1);
insert into notes_details values ('2011-2012', 'SEM-5', 'Isabelle Windsor', 'MAT-1', 11.32, 2.33, 'A', 0, 1);
insert into notes_details values ('2011-2012', 'SEM-5', 'Isabelle Windsor', 'MAT-1', 11.32, 3.67, 'A', 3, 2);
insert into notes_details values ('2011-2012', 'SEM-5', 'Isabelle Windsor', 'MGP-1', 11.32, 2.33, 'A', 0, 1);
insert into notes_details values ('2011-2012', 'SEM-5', 'Isabelle Windsor', 'MGP-1', 11.32, 2.0, 'A', 4, 99);
insert into notes_details values ('2011-2012', 'SEM-5', 'Isabelle Windsor', 'PHO-1', 11.32, 2.67, 'A', 3, 1);
insert into notes_details values ('2011-2012', 'SEM-5', 'Isabelle Windsor', 'PHQ-1', 11.32, 3.0, 'A', 3, 1);
insert into notes_details values ('2011-2012', 'SEM-5', 'Isabelle Windsor', 'SPM-1', 11.32, 2.0, 'A', 0, 1);
insert into notes_details values ('2011-2012', 'SEM-5', 'Isabelle Windsor', 'SPM-1', 11.32, 2.67, 'A', 3, 2);
insert into notes_details values ('2011-2012', 'SEM-6', 'Isabelle Windsor', 'DPP-2', 11.32, 3.0, 'A', 1, 1);
insert into notes_details values ('2011-2012', 'SEM-6', 'Isabelle Windsor', 'EAO-2', 11.32, 2.67, 'A', 3, 1);
insert into notes_details values ('2011-2012', 'SEM-6', 'Isabelle Windsor', 'ECO-2', 11.32, 2.33, 'A', 0, 1);
insert into notes_details values ('2011-2012', 'SEM-6', 'Isabelle Windsor', 'ECO-2', 11.32, 2.67, 'A', 3, 2);
insert into notes_details values ('2011-2012', 'SEM-6', 'Isabelle Windsor', 'LCI-2', 11.32, 1.33, 'A', 0, 1);
insert into notes_details values ('2011-2012', 'SEM-6', 'Isabelle Windsor', 'LCI-2', 11.32, 3.0, 'A', 3, 2);
insert into notes_details values ('2011-2012', 'SEM-6', 'Isabelle Windsor', 'MAT-2', 11.32, 2.0, 'A', 0, 1);
insert into notes_details values ('2011-2012', 'SEM-6', 'Isabelle Windsor', 'MAT-2', 11.32, 4.0, 'A', 2, 2);
insert into notes_details values ('2011-2012', 'SEM-6', 'Isabelle Windsor', 'MCO-2', 11.32, 1.33, 'A', 0, 1);
insert into notes_details values ('2011-2012', 'SEM-6', 'Isabelle Windsor', 'MCO-2', 11.32, 1.33, 'A', 2, 99);
insert into notes_details values ('2011-2012', 'SEM-6', 'Isabelle Windsor', 'MGP-2', 11.32, 3.33, 'A', 4, 1);
insert into notes_details values ('2011-2012', 'SEM-6', 'Isabelle Windsor', 'PHS-2', 11.32, 2.33, 'A', 0, 1);
insert into notes_details values ('2011-2012', 'SEM-6', 'Isabelle Windsor', 'PHS-2', 11.32, 3.67, 'A', 2, 2);
insert into notes_details values ('2011-2012', 'SEM-6', 'Isabelle Windsor', 'PJT-2', 11.32, 3.33, 'A', 1, 1);
insert into notes_details values ('2011-2012', 'SEM-6', 'Isabelle Windsor', 'RMS-2', 11.32, 3.33, 'A', 4, 1);
insert into notes_details values ('2011-2012', 'SEM-6', 'Isabelle Windsor', 'STG-2', 11.32, 1.67, 'A', 0, 1);
insert into notes_details values ('2011-2012', 'SEM-6', 'Isabelle Windsor', 'STG-2', 11.32, 4.0, 'A', 2, 2);
insert into notes_details values ('2011-2012', 'SEM-6', 'Isabelle Windsor', 'THS-2', 11.32, 2.33, 'A', 0, 1);
insert into notes_details values ('2011-2012', 'SEM-6', 'Isabelle Windsor', 'THS-2', 11.32, 3.67, 'A', 3, 2);
insert into notes_details values ('2012-2013', 'SEM-7', 'Isabelle Windsor', 'ASL-3', 11.32, 2.0, 'A', 0, 1);
insert into notes_details values ('2012-2013', 'SEM-7', 'Isabelle Windsor', 'ASL-3', 11.32, 3.67, 'A', 2, 2);
insert into notes_details values ('2012-2013', 'SEM-7', 'Isabelle Windsor', 'DPP-3', 11.32, 3.33, 'A', 2, 1);
insert into notes_details values ('2012-2013', 'SEM-7', 'Isabelle Windsor', 'EAO-31', 11.32, 2.67, 'A', 2, 1);
insert into notes_details values ('2012-2013', 'SEM-7', 'Isabelle Windsor', 'EAO-32', 11.32, 2.33, 'A', 0, 1);
insert into notes_details values ('2012-2013', 'SEM-7', 'Isabelle Windsor', 'EAO-32', 11.32, 2.33, 'A', 0, 2);
insert into contentieux values ('2012-2013', 'SEM-7', 'Isabelle Windsor', 'EAO-32');
insert into notes_details values ('2012-2013', 'SEM-7', 'Isabelle Windsor', 'EAO-33', 11.32, 3.33, 'A', 2, 1);
insert into notes_details values ('2012-2013', 'SEM-7', 'Isabelle Windsor', 'EAO-34', 11.32, 2.0, 'A', 0, 1);
insert into notes_details values ('2012-2013', 'SEM-7', 'Isabelle Windsor', 'EAO-34', 11.32, 1.67, 'A', 0, 2);
insert into contentieux values ('2012-2013', 'SEM-7', 'Isabelle Windsor', 'EAO-34');
insert into notes_details values ('2012-2013', 'SEM-7', 'Isabelle Windsor', 'EAO-35', 11.32, 1.67, 'A', 0, 1);
insert into notes_details values ('2012-2013', 'SEM-7', 'Isabelle Windsor', 'EAO-35', 11.32, 3.33, 'A', 2, 2);
insert into notes_details values ('2012-2013', 'SEM-7', 'Isabelle Windsor', 'LCI-3', 11.32, 2.0, 'A', 0, 1);
insert into notes_details values ('2012-2013', 'SEM-7', 'Isabelle Windsor', 'LCI-3', 11.32, 1.67, 'A', 0, 2);
insert into contentieux values ('2012-2013', 'SEM-7', 'Isabelle Windsor', 'LCI-3');
insert into notes_details values ('2012-2013', 'SEM-7', 'Isabelle Windsor', 'MAT-3', 11.32, 2.0, 'A', 0, 1);
insert into notes_details values ('2012-2013', 'SEM-7', 'Isabelle Windsor', 'MAT-3', 11.32, 1.33, 'A', 0, 2);
insert into contentieux values ('2012-2013', 'SEM-7', 'Isabelle Windsor', 'MAT-3');
insert into notes_details values ('2012-2013', 'SEM-7', 'Isabelle Windsor', 'MNG-3', 11.32, 3.67, 'A', 3, 1);
insert into notes_details values ('2012-2013', 'SEM-7', 'Isabelle Windsor', 'PJT-3', 11.32, 4.0, 'A', 5, 1);
insert into notes_details values ('2012-2013', 'SEM-7', 'Isabelle Windsor', 'STD-3', 11.32, 1.67, 'A', 0, 1);
insert into notes_details values ('2012-2013', 'SEM-7', 'Isabelle Windsor', 'STD-3', 11.32, 2.0, 'A', 2, 99);
insert into gpa values ('2011-2012', 'SEM-5', 'Isabelle Windsor', 3.65);
insert into gpa values ('2011-2012', 'SEM-6', 'Isabelle Windsor', 3.01);
insert into gpa values ('2012-2013', 'SEM-7', 'Isabelle Windsor', 3.22);
insert into eleves values ('Aaron Innocent', 1, 'S', 'Tres bien', 'Credits', null, 'ainnocent');
insert into notes_details values ('2010-2011', 'SEM-5', 'Aaron Innocent', 'ALG-1', 11.32, 1.33, 'A', 0, 1);
insert into notes_details values ('2010-2011', 'SEM-5', 'Aaron Innocent', 'ALG-1', 11.32, 1.0, 'A', 3, 99);
insert into notes_details values ('2010-2011', 'SEM-5', 'Aaron Innocent', 'DPP-1', 11.32, 2.67, 'A', 2, 1);
insert into notes_details values ('2010-2011', 'SEM-5', 'Aaron Innocent', 'ELE-1', 11.32, 3.33, 'A', 3, 1);
insert into notes_details values ('2010-2011', 'SEM-5', 'Aaron Innocent', 'INP-1', 11.32, 1.67, 'A', 0, 1);
insert into notes_details values ('2010-2011', 'SEM-5', 'Aaron Innocent', 'INP-1', 11.32, 3.67, 'A', 3, 2);
insert into notes_details values ('2010-2011', 'SEM-5', 'Aaron Innocent', 'LCI-1', 11.32, 3.33, 'A', 3, 1);
insert into notes_details values ('2010-2011', 'SEM-5', 'Aaron Innocent', 'MAT-1', 11.32, 2.33, 'A', 0, 1);
insert into notes_details values ('2010-2011', 'SEM-5', 'Aaron Innocent', 'MAT-1', 11.32, 1.0, 'A', 3, 99);
insert into notes_details values ('2010-2011', 'SEM-5', 'Aaron Innocent', 'MGP-1', 11.32, 1.0, 'A', 0, 1);
insert into notes_details values ('2010-2011', 'SEM-5', 'Aaron Innocent', 'MGP-1', 11.32, 2.33, 'A', 4, 99);
insert into notes_details values ('2010-2011', 'SEM-5', 'Aaron Innocent', 'PHO-1', 11.32, 2.33, 'A', 0, 1);
insert into notes_details values ('2010-2011', 'SEM-5', 'Aaron Innocent', 'PHO-1', 11.32, 3.33, 'A', 3, 2);
insert into notes_details values ('2010-2011', 'SEM-5', 'Aaron Innocent', 'PHQ-1', 11.32, 1.0, 'A', 0, 1);
insert into notes_details values ('2010-2011', 'SEM-5', 'Aaron Innocent', 'PHQ-1', 11.32, 3.67, 'A', 3, 2);
insert into notes_details values ('2010-2011', 'SEM-5', 'Aaron Innocent', 'SPM-1', 11.32, 1.67, 'A', 0, 1);
insert into notes_details values ('2010-2011', 'SEM-5', 'Aaron Innocent', 'SPM-1', 11.32, 4.0, 'A', 3, 2);
insert into notes_details values ('2010-2011', 'SEM-6', 'Aaron Innocent', 'DPP-2', 11.32, 4.0, 'A', 1, 1);
insert into notes_details values ('2010-2011', 'SEM-6', 'Aaron Innocent', 'EAO-2', 11.32, 1.67, 'A', 0, 1);
insert into notes_details values ('2010-2011', 'SEM-6', 'Aaron Innocent', 'EAO-2', 11.32, 3.0, 'A', 3, 2);
insert into notes_details values ('2010-2011', 'SEM-6', 'Aaron Innocent', 'ECO-2', 11.32, 2.67, 'A', 3, 1);
insert into notes_details values ('2010-2011', 'SEM-6', 'Aaron Innocent', 'LCI-2', 11.32, 1.33, 'A', 0, 1);
insert into notes_details values ('2010-2011', 'SEM-6', 'Aaron Innocent', 'LCI-2', 11.32, 3.33, 'A', 3, 2);
insert into notes_details values ('2010-2011', 'SEM-6', 'Aaron Innocent', 'MAT-2', 11.32, 3.33, 'A', 2, 1);
insert into notes_details values ('2010-2011', 'SEM-6', 'Aaron Innocent', 'MCO-2', 11.32, 2.33, 'A', 0, 1);
insert into notes_details values ('2010-2011', 'SEM-6', 'Aaron Innocent', 'MCO-2', 11.32, 3.0, 'A', 2, 2);
insert into notes_details values ('2010-2011', 'SEM-6', 'Aaron Innocent', 'MGP-2', 11.32, 2.33, 'A', 0, 1);
insert into notes_details values ('2010-2011', 'SEM-6', 'Aaron Innocent', 'MGP-2', 11.32, 2.67, 'A', 4, 2);
insert into notes_details values ('2010-2011', 'SEM-6', 'Aaron Innocent', 'PHS-2', 11.32, 1.0, 'A', 0, 1);
insert into notes_details values ('2010-2011', 'SEM-6', 'Aaron Innocent', 'PHS-2', 11.32, 4.0, 'A', 2, 2);
insert into notes_details values ('2010-2011', 'SEM-6', 'Aaron Innocent', 'PJT-2', 11.32, 3.67, 'A', 1, 1);
insert into notes_details values ('2010-2011', 'SEM-6', 'Aaron Innocent', 'RMS-2', 11.32, 3.67, 'A', 4, 1);
insert into notes_details values ('2010-2011', 'SEM-6', 'Aaron Innocent', 'STG-2', 11.32, 4.0, 'A', 2, 1);
insert into notes_details values ('2010-2011', 'SEM-6', 'Aaron Innocent', 'THS-2', 11.32, 4.0, 'A', 3, 1);
insert into notes_details values ('2011-2012', 'SEM-7', 'Aaron Innocent', 'ASL-3', 11.32, 2.33, 'A', 0, 1);
insert into notes_details values ('2011-2012', 'SEM-7', 'Aaron Innocent', 'ASL-3', 11.32, 3.67, 'A', 2, 2);
insert into notes_details values ('2011-2012', 'SEM-7', 'Aaron Innocent', 'DPP-3', 11.32, 1.33, 'A', 0, 1);
insert into notes_details values ('2011-2012', 'SEM-7', 'Aaron Innocent', 'DPP-3', 11.32, 4.0, 'A', 2, 2);
insert into notes_details values ('2011-2012', 'SEM-7', 'Aaron Innocent', 'EAO-31', 11.32, 3.0, 'A', 2, 1);
insert into notes_details values ('2011-2012', 'SEM-7', 'Aaron Innocent', 'EAO-32', 11.32, 1.0, 'A', 0, 1);
insert into notes_details values ('2011-2012', 'SEM-7', 'Aaron Innocent', 'EAO-32', 11.32, 1.67, 'A', 0, 2);
insert into contentieux values ('2011-2012', 'SEM-7', 'Aaron Innocent', 'EAO-32');
insert into notes_details values ('2011-2012', 'SEM-7', 'Aaron Innocent', 'EAO-33', 11.32, 1.0, 'A', 0, 1);
insert into notes_details values ('2011-2012', 'SEM-7', 'Aaron Innocent', 'EAO-33', 11.32, 1.33, 'A', 2, 99);
insert into notes_details values ('2011-2012', 'SEM-7', 'Aaron Innocent', 'EAO-34', 11.32, 1.0, 'A', 0, 1);
insert into notes_details values ('2011-2012', 'SEM-7', 'Aaron Innocent', 'EAO-34', 11.32, 2.33, 'A', 0, 2);
insert into contentieux values ('2011-2012', 'SEM-7', 'Aaron Innocent', 'EAO-34');
insert into notes_details values ('2011-2012', 'SEM-7', 'Aaron Innocent', 'EAO-35', 11.32, 2.0, 'A', 0, 1);
insert into notes_details values ('2011-2012', 'SEM-7', 'Aaron Innocent', 'EAO-35', 11.32, 1.33, 'A', 0, 2);
insert into contentieux values ('2011-2012', 'SEM-7', 'Aaron Innocent', 'EAO-35');
insert into notes_details values ('2011-2012', 'SEM-7', 'Aaron Innocent', 'LCI-3', 11.32, 3.0, 'A', 3, 1);
insert into notes_details values ('2011-2012', 'SEM-7', 'Aaron Innocent', 'MAT-3', 11.32, 3.0, 'A', 3, 1);
insert into notes_details values ('2011-2012', 'SEM-7', 'Aaron Innocent', 'MNG-3', 11.32, 2.67, 'A', 3, 1);
insert into notes_details values ('2011-2012', 'SEM-7', 'Aaron Innocent', 'PJT-3', 11.32, 2.0, 'A', 0, 1);
insert into notes_details values ('2011-2012', 'SEM-7', 'Aaron Innocent', 'PJT-3', 11.32, 3.67, 'A', 5, 2);
insert into notes_details values ('2011-2012', 'SEM-7', 'Aaron Innocent', 'STD-3', 11.32, 3.33, 'A', 2, 1);
insert into gpa values ('2010-2011', 'SEM-5', 'Aaron Innocent', 2.2);
insert into gpa values ('2010-2011', 'SEM-6', 'Aaron Innocent', 3.5);
insert into gpa values ('2011-2012', 'SEM-7', 'Aaron Innocent', 3.01);
insert into eleves values ('Laly Maradona', 1, 'S', 'Tres bien', 'MP', null, 'lmaradona');
insert into notes_details values ('2011-2012', 'SEM-5', 'Laly Maradona', 'ALG-1', 11.32, 2.0, 'A', 0, 1);
insert into notes_details values ('2011-2012', 'SEM-5', 'Laly Maradona', 'ALG-1', 11.32, 3.0, 'A', 3, 2);
insert into notes_details values ('2011-2012', 'SEM-5', 'Laly Maradona', 'DPP-1', 11.32, 2.0, 'A', 0, 1);
insert into notes_details values ('2011-2012', 'SEM-5', 'Laly Maradona', 'DPP-1', 11.32, 3.0, 'A', 2, 2);
insert into notes_details values ('2011-2012', 'SEM-5', 'Laly Maradona', 'ELE-1', 11.32, 4.0, 'A', 3, 1);
insert into notes_details values ('2011-2012', 'SEM-5', 'Laly Maradona', 'INP-1', 11.32, 1.0, 'A', 0, 1);
insert into notes_details values ('2011-2012', 'SEM-5', 'Laly Maradona', 'INP-1', 11.32, 3.67, 'A', 3, 2);
insert into notes_details values ('2011-2012', 'SEM-5', 'Laly Maradona', 'LCI-1', 11.32, 2.0, 'A', 0, 1);
insert into notes_details values ('2011-2012', 'SEM-5', 'Laly Maradona', 'LCI-1', 11.32, 4.0, 'A', 3, 2);
insert into notes_details values ('2011-2012', 'SEM-5', 'Laly Maradona', 'MAT-1', 11.32, 1.0, 'A', 0, 1);
insert into notes_details values ('2011-2012', 'SEM-5', 'Laly Maradona', 'MAT-1', 11.32, 2.67, 'A', 3, 2);
insert into notes_details values ('2011-2012', 'SEM-5', 'Laly Maradona', 'MGP-1', 11.32, 1.67, 'A', 0, 1);
insert into notes_details values ('2011-2012', 'SEM-5', 'Laly Maradona', 'MGP-1', 11.32, 2.67, 'A', 4, 2);
insert into notes_details values ('2011-2012', 'SEM-5', 'Laly Maradona', 'PHO-1', 11.32, 1.67, 'A', 0, 1);
insert into notes_details values ('2011-2012', 'SEM-5', 'Laly Maradona', 'PHO-1', 11.32, 4.0, 'A', 3, 2);
insert into notes_details values ('2011-2012', 'SEM-5', 'Laly Maradona', 'PHQ-1', 11.32, 2.33, 'A', 0, 1);
insert into notes_details values ('2011-2012', 'SEM-5', 'Laly Maradona', 'PHQ-1', 11.32, 3.33, 'A', 3, 2);
insert into notes_details values ('2011-2012', 'SEM-5', 'Laly Maradona', 'SPM-1', 11.32, 2.0, 'A', 0, 1);
insert into notes_details values ('2011-2012', 'SEM-5', 'Laly Maradona', 'SPM-1', 11.32, 3.67, 'A', 3, 2);
insert into notes_details values ('2011-2012', 'SEM-6', 'Laly Maradona', 'DPP-2', 11.32, 1.67, 'A', 0, 1);
insert into notes_details values ('2011-2012', 'SEM-6', 'Laly Maradona', 'DPP-2', 11.32, 2.67, 'A', 1, 2);
insert into notes_details values ('2011-2012', 'SEM-6', 'Laly Maradona', 'EAO-2', 11.32, 1.0, 'A', 0, 1);
insert into notes_details values ('2011-2012', 'SEM-6', 'Laly Maradona', 'EAO-2', 11.32, 3.67, 'A', 3, 2);
insert into notes_details values ('2011-2012', 'SEM-6', 'Laly Maradona', 'ECO-2', 11.32, 1.33, 'A', 0, 1);
insert into notes_details values ('2011-2012', 'SEM-6', 'Laly Maradona', 'ECO-2', 11.32, 2.67, 'A', 3, 2);
insert into notes_details values ('2011-2012', 'SEM-6', 'Laly Maradona', 'LCI-2', 11.32, 2.33, 'A', 0, 1);
insert into notes_details values ('2011-2012', 'SEM-6', 'Laly Maradona', 'LCI-2', 11.32, 3.33, 'A', 3, 2);
insert into notes_details values ('2011-2012', 'SEM-6', 'Laly Maradona', 'MAT-2', 11.32, 3.67, 'A', 2, 1);
insert into notes_details values ('2011-2012', 'SEM-6', 'Laly Maradona', 'MCO-2', 11.32, 2.33, 'A', 0, 1);
insert into notes_details values ('2011-2012', 'SEM-6', 'Laly Maradona', 'MCO-2', 11.32, 2.67, 'A', 2, 2);
insert into notes_details values ('2011-2012', 'SEM-6', 'Laly Maradona', 'MGP-2', 11.32, 4.0, 'A', 4, 1);
insert into notes_details values ('2011-2012', 'SEM-6', 'Laly Maradona', 'PHS-2', 11.32, 3.0, 'A', 2, 1);
insert into notes_details values ('2011-2012', 'SEM-6', 'Laly Maradona', 'PJT-2', 11.32, 3.67, 'A', 1, 1);
insert into notes_details values ('2011-2012', 'SEM-6', 'Laly Maradona', 'RMS-2', 11.32, 1.33, 'A', 0, 1);
insert into notes_details values ('2011-2012', 'SEM-6', 'Laly Maradona', 'RMS-2', 11.32, 4.0, 'A', 4, 2);
insert into notes_details values ('2011-2012', 'SEM-6', 'Laly Maradona', 'STG-2', 11.32, 1.33, 'A', 0, 1);
insert into notes_details values ('2011-2012', 'SEM-6', 'Laly Maradona', 'STG-2', 11.32, 3.33, 'A', 2, 2);
insert into notes_details values ('2011-2012', 'SEM-6', 'Laly Maradona', 'THS-2', 11.32, 2.67, 'A', 3, 1);
insert into notes_details values ('2012-2013', 'SEM-7', 'Laly Maradona', 'ASL-3', 11.32, 1.33, 'A', 0, 1);
insert into notes_details values ('2012-2013', 'SEM-7', 'Laly Maradona', 'ASL-3', 11.32, 2.0, 'A', 0, 2);
insert into contentieux values ('2012-2013', 'SEM-7', 'Laly Maradona', 'ASL-3');
insert into notes_details values ('2012-2013', 'SEM-7', 'Laly Maradona', 'DPP-3', 11.32, 1.67, 'A', 0, 1);
insert into notes_details values ('2012-2013', 'SEM-7', 'Laly Maradona', 'DPP-3', 11.32, 3.0, 'A', 2, 2);
insert into notes_details values ('2012-2013', 'SEM-7', 'Laly Maradona', 'EAO-31', 11.32, 1.67, 'A', 0, 1);
insert into notes_details values ('2012-2013', 'SEM-7', 'Laly Maradona', 'EAO-31', 11.32, 4.0, 'A', 2, 2);
insert into notes_details values ('2012-2013', 'SEM-7', 'Laly Maradona', 'EAO-32', 11.32, 1.33, 'A', 0, 1);
insert into notes_details values ('2012-2013', 'SEM-7', 'Laly Maradona', 'EAO-32', 11.32, 2.33, 'A', 0, 2);
insert into contentieux values ('2012-2013', 'SEM-7', 'Laly Maradona', 'EAO-32');
insert into notes_details values ('2012-2013', 'SEM-7', 'Laly Maradona', 'EAO-33', 11.32, 1.33, 'A', 0, 1);
insert into notes_details values ('2012-2013', 'SEM-7', 'Laly Maradona', 'EAO-33', 11.32, 4.0, 'A', 2, 2);
insert into notes_details values ('2012-2013', 'SEM-7', 'Laly Maradona', 'EAO-34', 11.32, 2.67, 'A', 2, 1);
insert into notes_details values ('2012-2013', 'SEM-7', 'Laly Maradona', 'EAO-35', 11.32, 1.67, 'A', 0, 1);
insert into notes_details values ('2012-2013', 'SEM-7', 'Laly Maradona', 'EAO-35', 11.32, 1.33, 'A', 0, 2);
insert into contentieux values ('2012-2013', 'SEM-7', 'Laly Maradona', 'EAO-35');
insert into notes_details values ('2012-2013', 'SEM-7', 'Laly Maradona', 'LCI-3', 11.32, 3.0, 'A', 3, 1);
insert into notes_details values ('2012-2013', 'SEM-7', 'Laly Maradona', 'MAT-3', 11.32, 2.33, 'A', 0, 1);
insert into notes_details values ('2012-2013', 'SEM-7', 'Laly Maradona', 'MAT-3', 11.32, 1.0, 'A', 0, 2);
insert into contentieux values ('2012-2013', 'SEM-7', 'Laly Maradona', 'MAT-3');
insert into notes_details values ('2012-2013', 'SEM-7', 'Laly Maradona', 'MNG-3', 11.32, 3.33, 'A', 3, 1);
insert into notes_details values ('2012-2013', 'SEM-7', 'Laly Maradona', 'PJT-3', 11.32, 2.33, 'A', 0, 1);
insert into notes_details values ('2012-2013', 'SEM-7', 'Laly Maradona', 'PJT-3', 11.32, 3.0, 'A', 5, 2);
insert into notes_details values ('2012-2013', 'SEM-7', 'Laly Maradona', 'STD-3', 11.32, 1.0, 'A', 0, 1);
insert into notes_details values ('2012-2013', 'SEM-7', 'Laly Maradona', 'STD-3', 11.32, 1.67, 'A', 2, 99);
insert into gpa values ('2011-2012', 'SEM-5', 'Laly Maradona', 3.23);
insert into gpa values ('2011-2012', 'SEM-6', 'Laly Maradona', 2.79);
insert into gpa values ('2012-2013', 'SEM-7', 'Laly Maradona', 3.76);
insert into eleves values ('Aaron Cordier', 1, 'S', 'Tres bien', 'MP', null, 'acordier');
insert into notes_details values ('2010-2011', 'SEM-5', 'Aaron Cordier', 'ALG-1', 11.32, 2.0, 'A', 0, 1);
insert into notes_details values ('2010-2011', 'SEM-5', 'Aaron Cordier', 'ALG-1', 11.32, 4.0, 'A', 3, 2);
insert into notes_details values ('2010-2011', 'SEM-5', 'Aaron Cordier', 'DPP-1', 11.32, 2.67, 'A', 2, 1);
insert into notes_details values ('2010-2011', 'SEM-5', 'Aaron Cordier', 'ELE-1', 11.32, 4.0, 'A', 3, 1);
insert into notes_details values ('2010-2011', 'SEM-5', 'Aaron Cordier', 'INP-1', 11.32, 1.0, 'A', 0, 1);
insert into notes_details values ('2010-2011', 'SEM-5', 'Aaron Cordier', 'INP-1', 11.32, 2.33, 'A', 3, 99);
insert into notes_details values ('2010-2011', 'SEM-5', 'Aaron Cordier', 'LCI-1', 11.32, 3.33, 'A', 3, 1);
insert into notes_details values ('2010-2011', 'SEM-5', 'Aaron Cordier', 'MAT-1', 11.32, 1.0, 'A', 0, 1);
insert into notes_details values ('2010-2011', 'SEM-5', 'Aaron Cordier', 'MAT-1', 11.32, 4.0, 'A', 3, 2);
insert into notes_details values ('2010-2011', 'SEM-5', 'Aaron Cordier', 'MGP-1', 11.32, 2.33, 'A', 0, 1);
insert into notes_details values ('2010-2011', 'SEM-5', 'Aaron Cordier', 'MGP-1', 11.32, 1.33, 'A', 4, 99);
insert into notes_details values ('2010-2011', 'SEM-5', 'Aaron Cordier', 'PHO-1', 11.32, 3.67, 'A', 3, 1);
insert into notes_details values ('2010-2011', 'SEM-5', 'Aaron Cordier', 'PHQ-1', 11.32, 1.67, 'A', 0, 1);
insert into notes_details values ('2010-2011', 'SEM-5', 'Aaron Cordier', 'PHQ-1', 11.32, 3.67, 'A', 3, 2);
insert into notes_details values ('2010-2011', 'SEM-5', 'Aaron Cordier', 'SPM-1', 11.32, 2.0, 'A', 0, 1);
insert into notes_details values ('2010-2011', 'SEM-5', 'Aaron Cordier', 'SPM-1', 11.32, 4.0, 'A', 3, 2);
insert into notes_details values ('2010-2011', 'SEM-6', 'Aaron Cordier', 'DPP-2', 11.32, 4.0, 'A', 1, 1);
insert into notes_details values ('2010-2011', 'SEM-6', 'Aaron Cordier', 'EAO-2', 11.32, 4.0, 'A', 3, 1);
insert into notes_details values ('2010-2011', 'SEM-6', 'Aaron Cordier', 'ECO-2', 11.32, 4.0, 'A', 3, 1);
insert into notes_details values ('2010-2011', 'SEM-6', 'Aaron Cordier', 'LCI-2', 11.32, 3.0, 'A', 3, 1);
insert into notes_details values ('2010-2011', 'SEM-6', 'Aaron Cordier', 'MAT-2', 11.32, 1.0, 'A', 0, 1);
insert into notes_details values ('2010-2011', 'SEM-6', 'Aaron Cordier', 'MAT-2', 11.32, 3.33, 'A', 2, 2);
insert into notes_details values ('2010-2011', 'SEM-6', 'Aaron Cordier', 'MCO-2', 11.32, 1.67, 'A', 0, 1);
insert into notes_details values ('2010-2011', 'SEM-6', 'Aaron Cordier', 'MCO-2', 11.32, 4.0, 'A', 2, 2);
insert into notes_details values ('2010-2011', 'SEM-6', 'Aaron Cordier', 'MGP-2', 11.32, 2.0, 'A', 0, 1);
insert into notes_details values ('2010-2011', 'SEM-6', 'Aaron Cordier', 'MGP-2', 11.32, 3.67, 'A', 4, 2);
insert into notes_details values ('2010-2011', 'SEM-6', 'Aaron Cordier', 'PHS-2', 11.32, 3.0, 'A', 2, 1);
insert into notes_details values ('2010-2011', 'SEM-6', 'Aaron Cordier', 'PJT-2', 11.32, 2.33, 'A', 0, 1);
insert into notes_details values ('2010-2011', 'SEM-6', 'Aaron Cordier', 'PJT-2', 11.32, 4.0, 'A', 1, 2);
insert into notes_details values ('2010-2011', 'SEM-6', 'Aaron Cordier', 'RMS-2', 11.32, 3.0, 'A', 4, 1);
insert into notes_details values ('2010-2011', 'SEM-6', 'Aaron Cordier', 'STG-2', 11.32, 3.0, 'A', 2, 1);
insert into notes_details values ('2010-2011', 'SEM-6', 'Aaron Cordier', 'THS-2', 11.32, 3.33, 'A', 3, 1);
insert into notes_details values ('2011-2012', 'SEM-7', 'Aaron Cordier', 'ASL-3', 11.32, 4.0, 'A', 2, 1);
insert into notes_details values ('2011-2012', 'SEM-7', 'Aaron Cordier', 'DPP-3', 11.32, 2.0, 'A', 0, 1);
insert into notes_details values ('2011-2012', 'SEM-7', 'Aaron Cordier', 'DPP-3', 11.32, 2.67, 'A', 2, 2);
insert into notes_details values ('2011-2012', 'SEM-7', 'Aaron Cordier', 'EAO-31', 11.32, 3.67, 'A', 2, 1);
insert into notes_details values ('2011-2012', 'SEM-7', 'Aaron Cordier', 'EAO-32', 11.32, 1.33, 'A', 0, 1);
insert into notes_details values ('2011-2012', 'SEM-7', 'Aaron Cordier', 'EAO-32', 11.32, 1.0, 'A', 0, 2);
insert into contentieux values ('2011-2012', 'SEM-7', 'Aaron Cordier', 'EAO-32');
insert into notes_details values ('2011-2012', 'SEM-7', 'Aaron Cordier', 'EAO-33', 11.32, 1.0, 'A', 0, 1);
insert into notes_details values ('2011-2012', 'SEM-7', 'Aaron Cordier', 'EAO-33', 11.32, 2.0, 'A', 0, 2);
insert into contentieux values ('2011-2012', 'SEM-7', 'Aaron Cordier', 'EAO-33');
insert into notes_details values ('2011-2012', 'SEM-7', 'Aaron Cordier', 'EAO-34', 11.32, 3.33, 'A', 2, 1);
insert into notes_details values ('2011-2012', 'SEM-7', 'Aaron Cordier', 'EAO-35', 11.32, 1.33, 'A', 0, 1);
insert into notes_details values ('2011-2012', 'SEM-7', 'Aaron Cordier', 'EAO-35', 11.32, 2.33, 'A', 0, 2);
insert into contentieux values ('2011-2012', 'SEM-7', 'Aaron Cordier', 'EAO-35');
insert into notes_details values ('2011-2012', 'SEM-7', 'Aaron Cordier', 'LCI-3', 11.32, 3.33, 'A', 3, 1);
insert into notes_details values ('2011-2012', 'SEM-7', 'Aaron Cordier', 'MAT-3', 11.32, 1.33, 'A', 0, 1);
insert into notes_details values ('2011-2012', 'SEM-7', 'Aaron Cordier', 'MAT-3', 11.32, 1.67, 'A', 0, 2);
insert into contentieux values ('2011-2012', 'SEM-7', 'Aaron Cordier', 'MAT-3');
insert into notes_details values ('2011-2012', 'SEM-7', 'Aaron Cordier', 'MNG-3', 11.32, 1.0, 'A', 0, 1);
insert into notes_details values ('2011-2012', 'SEM-7', 'Aaron Cordier', 'MNG-3', 11.32, 1.67, 'A', 0, 2);
insert into contentieux values ('2011-2012', 'SEM-7', 'Aaron Cordier', 'MNG-3');
insert into notes_details values ('2011-2012', 'SEM-7', 'Aaron Cordier', 'PJT-3', 11.32, 1.0, 'A', 0, 1);
insert into notes_details values ('2011-2012', 'SEM-7', 'Aaron Cordier', 'PJT-3', 11.32, 3.67, 'A', 5, 2);
insert into notes_details values ('2011-2012', 'SEM-7', 'Aaron Cordier', 'STD-3', 11.32, 1.67, 'A', 0, 1);
insert into notes_details values ('2011-2012', 'SEM-7', 'Aaron Cordier', 'STD-3', 11.32, 3.33, 'A', 2, 2);
insert into gpa values ('2010-2011', 'SEM-5', 'Aaron Cordier', 2.18);
insert into gpa values ('2010-2011', 'SEM-6', 'Aaron Cordier', 3.61);
insert into gpa values ('2011-2012', 'SEM-7', 'Aaron Cordier', 3.29);
insert into cesure values ('Aaron Cordier', 'CESURE');
insert into eleves values ('Cinderalla Gullit', 1, 'S', 'Tres bien', 'Credits', null, 'cgullit');
insert into notes_details values ('2011-2012', 'SEM-5', 'Cinderalla Gullit', 'ALG-1', 11.32, 2.67, 'A', 3, 1);
insert into notes_details values ('2011-2012', 'SEM-5', 'Cinderalla Gullit', 'DPP-1', 11.32, 2.33, 'A', 0, 1);
insert into notes_details values ('2011-2012', 'SEM-5', 'Cinderalla Gullit', 'DPP-1', 11.32, 3.33, 'A', 2, 2);
insert into notes_details values ('2011-2012', 'SEM-5', 'Cinderalla Gullit', 'ELE-1', 11.32, 4.0, 'A', 3, 1);
insert into notes_details values ('2011-2012', 'SEM-5', 'Cinderalla Gullit', 'INP-1', 11.32, 1.0, 'A', 0, 1);
insert into notes_details values ('2011-2012', 'SEM-5', 'Cinderalla Gullit', 'INP-1', 11.32, 3.0, 'A', 3, 2);
insert into notes_details values ('2011-2012', 'SEM-5', 'Cinderalla Gullit', 'LCI-1', 11.32, 2.67, 'A', 3, 1);
insert into notes_details values ('2011-2012', 'SEM-5', 'Cinderalla Gullit', 'MAT-1', 11.32, 3.67, 'A', 3, 1);
insert into notes_details values ('2011-2012', 'SEM-5', 'Cinderalla Gullit', 'MGP-1', 11.32, 1.33, 'A', 0, 1);
insert into notes_details values ('2011-2012', 'SEM-5', 'Cinderalla Gullit', 'MGP-1', 11.32, 2.67, 'A', 4, 2);
insert into notes_details values ('2011-2012', 'SEM-5', 'Cinderalla Gullit', 'PHO-1', 11.32, 2.0, 'A', 0, 1);
insert into notes_details values ('2011-2012', 'SEM-5', 'Cinderalla Gullit', 'PHO-1', 11.32, 2.33, 'A', 3, 99);
insert into notes_details values ('2011-2012', 'SEM-5', 'Cinderalla Gullit', 'PHQ-1', 11.32, 3.0, 'A', 3, 1);
insert into notes_details values ('2011-2012', 'SEM-5', 'Cinderalla Gullit', 'SPM-1', 11.32, 3.33, 'A', 3, 1);
insert into notes_details values ('2011-2012', 'SEM-6', 'Cinderalla Gullit', 'DPP-2', 11.32, 3.67, 'A', 1, 1);
insert into notes_details values ('2011-2012', 'SEM-6', 'Cinderalla Gullit', 'EAO-2', 11.32, 3.33, 'A', 3, 1);
insert into notes_details values ('2011-2012', 'SEM-6', 'Cinderalla Gullit', 'ECO-2', 11.32, 2.0, 'A', 0, 1);
insert into notes_details values ('2011-2012', 'SEM-6', 'Cinderalla Gullit', 'ECO-2', 11.32, 3.33, 'A', 3, 2);
insert into notes_details values ('2011-2012', 'SEM-6', 'Cinderalla Gullit', 'LCI-2', 11.32, 2.33, 'A', 0, 1);
insert into notes_details values ('2011-2012', 'SEM-6', 'Cinderalla Gullit', 'LCI-2', 11.32, 3.67, 'A', 3, 2);
insert into notes_details values ('2011-2012', 'SEM-6', 'Cinderalla Gullit', 'MAT-2', 11.32, 2.67, 'A', 2, 1);
insert into notes_details values ('2011-2012', 'SEM-6', 'Cinderalla Gullit', 'MCO-2', 11.32, 3.67, 'A', 2, 1);
insert into notes_details values ('2011-2012', 'SEM-6', 'Cinderalla Gullit', 'MGP-2', 11.32, 3.0, 'A', 4, 1);
insert into notes_details values ('2011-2012', 'SEM-6', 'Cinderalla Gullit', 'PHS-2', 11.32, 1.0, 'A', 0, 1);
insert into notes_details values ('2011-2012', 'SEM-6', 'Cinderalla Gullit', 'PHS-2', 11.32, 4.0, 'A', 2, 2);
insert into notes_details values ('2011-2012', 'SEM-6', 'Cinderalla Gullit', 'PJT-2', 11.32, 3.0, 'A', 1, 1);
insert into notes_details values ('2011-2012', 'SEM-6', 'Cinderalla Gullit', 'RMS-2', 11.32, 2.33, 'A', 0, 1);
insert into notes_details values ('2011-2012', 'SEM-6', 'Cinderalla Gullit', 'RMS-2', 11.32, 3.33, 'A', 4, 2);
insert into notes_details values ('2011-2012', 'SEM-6', 'Cinderalla Gullit', 'STG-2', 11.32, 4.0, 'A', 2, 1);
insert into notes_details values ('2011-2012', 'SEM-6', 'Cinderalla Gullit', 'THS-2', 11.32, 2.33, 'A', 0, 1);
insert into notes_details values ('2011-2012', 'SEM-6', 'Cinderalla Gullit', 'THS-2', 11.32, 3.33, 'A', 3, 2);
insert into notes_details values ('2012-2013', 'SEM-7', 'Cinderalla Gullit', 'ASL-3', 11.32, 2.0, 'A', 0, 1);
insert into notes_details values ('2012-2013', 'SEM-7', 'Cinderalla Gullit', 'ASL-3', 11.32, 4.0, 'A', 2, 2);
insert into notes_details values ('2012-2013', 'SEM-7', 'Cinderalla Gullit', 'DPP-3', 11.32, 2.67, 'A', 2, 1);
insert into notes_details values ('2012-2013', 'SEM-7', 'Cinderalla Gullit', 'EAO-31', 11.32, 1.0, 'A', 0, 1);
insert into notes_details values ('2012-2013', 'SEM-7', 'Cinderalla Gullit', 'EAO-31', 11.32, 3.67, 'A', 2, 2);
insert into notes_details values ('2012-2013', 'SEM-7', 'Cinderalla Gullit', 'EAO-32', 11.32, 1.0, 'A', 0, 1);
insert into notes_details values ('2012-2013', 'SEM-7', 'Cinderalla Gullit', 'EAO-32', 11.32, 3.33, 'A', 2, 2);
insert into notes_details values ('2012-2013', 'SEM-7', 'Cinderalla Gullit', 'EAO-33', 11.32, 2.33, 'A', 0, 1);
insert into notes_details values ('2012-2013', 'SEM-7', 'Cinderalla Gullit', 'EAO-33', 11.32, 1.33, 'A', 0, 2);
insert into contentieux values ('2012-2013', 'SEM-7', 'Cinderalla Gullit', 'EAO-33');
insert into notes_details values ('2012-2013', 'SEM-7', 'Cinderalla Gullit', 'EAO-34', 11.32, 1.67, 'A', 0, 1);
insert into notes_details values ('2012-2013', 'SEM-7', 'Cinderalla Gullit', 'EAO-34', 11.32, 1.33, 'A', 0, 2);
insert into contentieux values ('2012-2013', 'SEM-7', 'Cinderalla Gullit', 'EAO-34');
insert into notes_details values ('2012-2013', 'SEM-7', 'Cinderalla Gullit', 'EAO-35', 11.32, 3.33, 'A', 2, 1);
insert into notes_details values ('2012-2013', 'SEM-7', 'Cinderalla Gullit', 'LCI-3', 11.32, 2.0, 'A', 0, 1);
insert into notes_details values ('2012-2013', 'SEM-7', 'Cinderalla Gullit', 'LCI-3', 11.32, 3.33, 'A', 3, 2);
insert into notes_details values ('2012-2013', 'SEM-7', 'Cinderalla Gullit', 'MAT-3', 11.32, 1.67, 'A', 0, 1);
insert into notes_details values ('2012-2013', 'SEM-7', 'Cinderalla Gullit', 'MAT-3', 11.32, 1.33, 'A', 0, 2);
insert into contentieux values ('2012-2013', 'SEM-7', 'Cinderalla Gullit', 'MAT-3');
insert into notes_details values ('2012-2013', 'SEM-7', 'Cinderalla Gullit', 'MNG-3', 11.32, 2.33, 'A', 0, 1);
insert into notes_details values ('2012-2013', 'SEM-7', 'Cinderalla Gullit', 'MNG-3', 11.32, 3.33, 'A', 3, 2);
insert into notes_details values ('2012-2013', 'SEM-7', 'Cinderalla Gullit', 'PJT-3', 11.32, 1.33, 'A', 0, 1);
insert into notes_details values ('2012-2013', 'SEM-7', 'Cinderalla Gullit', 'PJT-3', 11.32, 2.33, 'A', 0, 2);
insert into contentieux values ('2012-2013', 'SEM-7', 'Cinderalla Gullit', 'PJT-3');
insert into notes_details values ('2012-2013', 'SEM-7', 'Cinderalla Gullit', 'STD-3', 11.32, 3.33, 'A', 2, 1);
insert into gpa values ('2011-2012', 'SEM-5', 'Cinderalla Gullit', 3.74);
insert into gpa values ('2011-2012', 'SEM-6', 'Cinderalla Gullit', 3.95);
insert into gpa values ('2012-2013', 'SEM-7', 'Cinderalla Gullit', 2.85);
insert into eleves values ('Allan Lecomte', 1, 'S', 'Tres bien', 'MP', null, 'alecomte');
insert into notes_details values ('2010-2011', 'SEM-5', 'Allan Lecomte', 'ALG-1', 11.32, 2.0, 'A', 0, 1);
insert into notes_details values ('2010-2011', 'SEM-5', 'Allan Lecomte', 'ALG-1', 11.32, 3.0, 'A', 3, 2);
insert into notes_details values ('2010-2011', 'SEM-5', 'Allan Lecomte', 'DPP-1', 11.32, 1.33, 'A', 0, 1);
insert into notes_details values ('2010-2011', 'SEM-5', 'Allan Lecomte', 'DPP-1', 11.32, 3.0, 'A', 2, 2);
insert into notes_details values ('2010-2011', 'SEM-5', 'Allan Lecomte', 'ELE-1', 11.32, 2.67, 'A', 3, 1);
insert into notes_details values ('2010-2011', 'SEM-5', 'Allan Lecomte', 'INP-1', 11.32, 4.0, 'A', 3, 1);
insert into notes_details values ('2010-2011', 'SEM-5', 'Allan Lecomte', 'LCI-1', 11.32, 4.0, 'A', 3, 1);
insert into notes_details values ('2010-2011', 'SEM-5', 'Allan Lecomte', 'MAT-1', 11.32, 2.0, 'A', 0, 1);
insert into notes_details values ('2010-2011', 'SEM-5', 'Allan Lecomte', 'MAT-1', 11.32, 3.67, 'A', 3, 2);
insert into notes_details values ('2010-2011', 'SEM-5', 'Allan Lecomte', 'MGP-1', 11.32, 1.0, 'A', 0, 1);
insert into notes_details values ('2010-2011', 'SEM-5', 'Allan Lecomte', 'MGP-1', 11.32, 1.0, 'A', 4, 99);
insert into notes_details values ('2010-2011', 'SEM-5', 'Allan Lecomte', 'PHO-1', 11.32, 3.67, 'A', 3, 1);
insert into notes_details values ('2010-2011', 'SEM-5', 'Allan Lecomte', 'PHQ-1', 11.32, 2.33, 'A', 0, 1);
insert into notes_details values ('2010-2011', 'SEM-5', 'Allan Lecomte', 'PHQ-1', 11.32, 2.67, 'A', 3, 2);
insert into notes_details values ('2010-2011', 'SEM-5', 'Allan Lecomte', 'SPM-1', 11.32, 2.0, 'A', 0, 1);
insert into notes_details values ('2010-2011', 'SEM-5', 'Allan Lecomte', 'SPM-1', 11.32, 3.67, 'A', 3, 2);
insert into notes_details values ('2010-2011', 'SEM-6', 'Allan Lecomte', 'DPP-2', 11.32, 1.33, 'A', 0, 1);
insert into notes_details values ('2010-2011', 'SEM-6', 'Allan Lecomte', 'DPP-2', 11.32, 3.0, 'A', 1, 2);
insert into notes_details values ('2010-2011', 'SEM-6', 'Allan Lecomte', 'EAO-2', 11.32, 4.0, 'A', 3, 1);
insert into notes_details values ('2010-2011', 'SEM-6', 'Allan Lecomte', 'ECO-2', 11.32, 1.33, 'A', 0, 1);
insert into notes_details values ('2010-2011', 'SEM-6', 'Allan Lecomte', 'ECO-2', 11.32, 3.0, 'A', 3, 2);
insert into notes_details values ('2010-2011', 'SEM-6', 'Allan Lecomte', 'LCI-2', 11.32, 3.33, 'A', 3, 1);
insert into notes_details values ('2010-2011', 'SEM-6', 'Allan Lecomte', 'MAT-2', 11.32, 2.67, 'A', 2, 1);
insert into notes_details values ('2010-2011', 'SEM-6', 'Allan Lecomte', 'MCO-2', 11.32, 1.33, 'A', 0, 1);
insert into notes_details values ('2010-2011', 'SEM-6', 'Allan Lecomte', 'MCO-2', 11.32, 1.0, 'A', 2, 99);
insert into notes_details values ('2010-2011', 'SEM-6', 'Allan Lecomte', 'MGP-2', 11.32, 1.0, 'A', 0, 1);
insert into notes_details values ('2010-2011', 'SEM-6', 'Allan Lecomte', 'MGP-2', 11.32, 4.0, 'A', 4, 2);
insert into notes_details values ('2010-2011', 'SEM-6', 'Allan Lecomte', 'PHS-2', 11.32, 1.0, 'A', 0, 1);
insert into notes_details values ('2010-2011', 'SEM-6', 'Allan Lecomte', 'PHS-2', 11.32, 4.0, 'A', 2, 2);
insert into notes_details values ('2010-2011', 'SEM-6', 'Allan Lecomte', 'PJT-2', 11.32, 3.67, 'A', 1, 1);
insert into notes_details values ('2010-2011', 'SEM-6', 'Allan Lecomte', 'RMS-2', 11.32, 4.0, 'A', 4, 1);
insert into notes_details values ('2010-2011', 'SEM-6', 'Allan Lecomte', 'STG-2', 11.32, 4.0, 'A', 2, 1);
insert into notes_details values ('2010-2011', 'SEM-6', 'Allan Lecomte', 'THS-2', 11.32, 3.0, 'A', 3, 1);
insert into notes_details values ('2011-2012', 'SEM-7', 'Allan Lecomte', 'ASL-3', 11.32, 1.33, 'A', 0, 1);
insert into notes_details values ('2011-2012', 'SEM-7', 'Allan Lecomte', 'ASL-3', 11.32, 2.0, 'A', 0, 2);
insert into contentieux values ('2011-2012', 'SEM-7', 'Allan Lecomte', 'ASL-3');
insert into notes_details values ('2011-2012', 'SEM-7', 'Allan Lecomte', 'DPP-3', 11.32, 2.67, 'A', 2, 1);
insert into notes_details values ('2011-2012', 'SEM-7', 'Allan Lecomte', 'EAO-31', 11.32, 3.0, 'A', 2, 1);
insert into notes_details values ('2011-2012', 'SEM-7', 'Allan Lecomte', 'EAO-32', 11.32, 1.67, 'A', 0, 1);
insert into notes_details values ('2011-2012', 'SEM-7', 'Allan Lecomte', 'EAO-32', 11.32, 4.0, 'A', 2, 2);
insert into notes_details values ('2011-2012', 'SEM-7', 'Allan Lecomte', 'EAO-33', 11.32, 3.67, 'A', 2, 1);
insert into notes_details values ('2011-2012', 'SEM-7', 'Allan Lecomte', 'EAO-34', 11.32, 2.33, 'A', 0, 1);
insert into notes_details values ('2011-2012', 'SEM-7', 'Allan Lecomte', 'EAO-34', 11.32, 2.0, 'A', 2, 99);
insert into notes_details values ('2011-2012', 'SEM-7', 'Allan Lecomte', 'EAO-35', 11.32, 1.67, 'A', 0, 1);
insert into notes_details values ('2011-2012', 'SEM-7', 'Allan Lecomte', 'EAO-35', 11.32, 3.0, 'A', 2, 2);
insert into notes_details values ('2011-2012', 'SEM-7', 'Allan Lecomte', 'LCI-3', 11.32, 1.33, 'A', 0, 1);
insert into notes_details values ('2011-2012', 'SEM-7', 'Allan Lecomte', 'LCI-3', 11.32, 4.0, 'A', 3, 2);
insert into notes_details values ('2011-2012', 'SEM-7', 'Allan Lecomte', 'MAT-3', 11.32, 3.67, 'A', 3, 1);
insert into notes_details values ('2011-2012', 'SEM-7', 'Allan Lecomte', 'MNG-3', 11.32, 3.67, 'A', 3, 1);
insert into notes_details values ('2011-2012', 'SEM-7', 'Allan Lecomte', 'PJT-3', 11.32, 3.67, 'A', 5, 1);
insert into notes_details values ('2011-2012', 'SEM-7', 'Allan Lecomte', 'STD-3', 11.32, 1.33, 'A', 0, 1);
insert into notes_details values ('2011-2012', 'SEM-7', 'Allan Lecomte', 'STD-3', 11.32, 3.67, 'A', 2, 2);
insert into gpa values ('2010-2011', 'SEM-5', 'Allan Lecomte', 3.95);
insert into gpa values ('2010-2011', 'SEM-6', 'Allan Lecomte', 3.18);
insert into gpa values ('2011-2012', 'SEM-7', 'Allan Lecomte', 3.17);
insert into eleves values ('Jacques Ratte', 1, 'S', 'Tres bien', 'MP', null, 'jratte');
insert into notes_details values ('2011-2012', 'SEM-5', 'Jacques Ratte', 'ALG-1', 11.32, 2.0, 'A', 0, 1);
insert into notes_details values ('2011-2012', 'SEM-5', 'Jacques Ratte', 'ALG-1', 11.32, 4.0, 'A', 3, 2);
insert into notes_details values ('2011-2012', 'SEM-5', 'Jacques Ratte', 'DPP-1', 11.32, 1.33, 'A', 0, 1);
insert into notes_details values ('2011-2012', 'SEM-5', 'Jacques Ratte', 'DPP-1', 11.32, 3.0, 'A', 2, 2);
insert into notes_details values ('2011-2012', 'SEM-5', 'Jacques Ratte', 'ELE-1', 11.32, 2.67, 'A', 3, 1);
insert into notes_details values ('2011-2012', 'SEM-5', 'Jacques Ratte', 'INP-1', 11.32, 2.33, 'A', 0, 1);
insert into notes_details values ('2011-2012', 'SEM-5', 'Jacques Ratte', 'INP-1', 11.32, 3.33, 'A', 3, 2);
insert into notes_details values ('2011-2012', 'SEM-5', 'Jacques Ratte', 'LCI-1', 11.32, 2.33, 'A', 0, 1);
insert into notes_details values ('2011-2012', 'SEM-5', 'Jacques Ratte', 'LCI-1', 11.32, 2.67, 'A', 3, 2);
insert into notes_details values ('2011-2012', 'SEM-5', 'Jacques Ratte', 'MAT-1', 11.32, 2.0, 'A', 0, 1);
insert into notes_details values ('2011-2012', 'SEM-5', 'Jacques Ratte', 'MAT-1', 11.32, 3.0, 'A', 3, 2);
insert into notes_details values ('2011-2012', 'SEM-5', 'Jacques Ratte', 'MGP-1', 11.32, 1.33, 'A', 0, 1);
insert into notes_details values ('2011-2012', 'SEM-5', 'Jacques Ratte', 'MGP-1', 11.32, 2.0, 'A', 4, 99);
insert into notes_details values ('2011-2012', 'SEM-5', 'Jacques Ratte', 'PHO-1', 11.32, 3.0, 'A', 3, 1);
insert into notes_details values ('2011-2012', 'SEM-5', 'Jacques Ratte', 'PHQ-1', 11.32, 3.67, 'A', 3, 1);
insert into notes_details values ('2011-2012', 'SEM-5', 'Jacques Ratte', 'SPM-1', 11.32, 4.0, 'A', 3, 1);
insert into notes_details values ('2011-2012', 'SEM-6', 'Jacques Ratte', 'DPP-2', 11.32, 1.0, 'A', 0, 1);
insert into notes_details values ('2011-2012', 'SEM-6', 'Jacques Ratte', 'DPP-2', 11.32, 3.0, 'A', 1, 2);
insert into notes_details values ('2011-2012', 'SEM-6', 'Jacques Ratte', 'EAO-2', 11.32, 2.0, 'A', 0, 1);
insert into notes_details values ('2011-2012', 'SEM-6', 'Jacques Ratte', 'EAO-2', 11.32, 3.67, 'A', 3, 2);
insert into notes_details values ('2011-2012', 'SEM-6', 'Jacques Ratte', 'ECO-2', 11.32, 1.0, 'A', 0, 1);
insert into notes_details values ('2011-2012', 'SEM-6', 'Jacques Ratte', 'ECO-2', 11.32, 3.33, 'A', 3, 2);
insert into notes_details values ('2011-2012', 'SEM-6', 'Jacques Ratte', 'LCI-2', 11.32, 2.67, 'A', 3, 1);
insert into notes_details values ('2011-2012', 'SEM-6', 'Jacques Ratte', 'MAT-2', 11.32, 1.67, 'A', 0, 1);
insert into notes_details values ('2011-2012', 'SEM-6', 'Jacques Ratte', 'MAT-2', 11.32, 3.0, 'A', 2, 2);
insert into notes_details values ('2011-2012', 'SEM-6', 'Jacques Ratte', 'MCO-2', 11.32, 1.33, 'A', 0, 1);
insert into notes_details values ('2011-2012', 'SEM-6', 'Jacques Ratte', 'MCO-2', 11.32, 2.0, 'A', 2, 99);
insert into notes_details values ('2011-2012', 'SEM-6', 'Jacques Ratte', 'MGP-2', 11.32, 1.0, 'A', 0, 1);
insert into notes_details values ('2011-2012', 'SEM-6', 'Jacques Ratte', 'MGP-2', 11.32, 2.67, 'A', 4, 2);
insert into notes_details values ('2011-2012', 'SEM-6', 'Jacques Ratte', 'PHS-2', 11.32, 4.0, 'A', 2, 1);
insert into notes_details values ('2011-2012', 'SEM-6', 'Jacques Ratte', 'PJT-2', 11.32, 2.0, 'A', 0, 1);
insert into notes_details values ('2011-2012', 'SEM-6', 'Jacques Ratte', 'PJT-2', 11.32, 3.67, 'A', 1, 2);
insert into notes_details values ('2011-2012', 'SEM-6', 'Jacques Ratte', 'RMS-2', 11.32, 1.67, 'A', 0, 1);
insert into notes_details values ('2011-2012', 'SEM-6', 'Jacques Ratte', 'RMS-2', 11.32, 3.33, 'A', 4, 2);
insert into notes_details values ('2011-2012', 'SEM-6', 'Jacques Ratte', 'STG-2', 11.32, 4.0, 'A', 2, 1);
insert into notes_details values ('2011-2012', 'SEM-6', 'Jacques Ratte', 'THS-2', 11.32, 3.0, 'A', 3, 1);
insert into notes_details values ('2012-2013', 'SEM-7', 'Jacques Ratte', 'ASL-3', 11.32, 2.33, 'A', 0, 1);
insert into notes_details values ('2012-2013', 'SEM-7', 'Jacques Ratte', 'ASL-3', 11.32, 2.33, 'A', 2, 99);
insert into notes_details values ('2012-2013', 'SEM-7', 'Jacques Ratte', 'DPP-3', 11.32, 1.33, 'A', 0, 1);
insert into notes_details values ('2012-2013', 'SEM-7', 'Jacques Ratte', 'DPP-3', 11.32, 1.33, 'A', 0, 2);
insert into contentieux values ('2012-2013', 'SEM-7', 'Jacques Ratte', 'DPP-3');
insert into notes_details values ('2012-2013', 'SEM-7', 'Jacques Ratte', 'EAO-31', 11.32, 2.0, 'A', 0, 1);
insert into notes_details values ('2012-2013', 'SEM-7', 'Jacques Ratte', 'EAO-31', 11.32, 1.33, 'A', 0, 2);
insert into contentieux values ('2012-2013', 'SEM-7', 'Jacques Ratte', 'EAO-31');
insert into notes_details values ('2012-2013', 'SEM-7', 'Jacques Ratte', 'EAO-32', 11.32, 4.0, 'A', 2, 1);
insert into notes_details values ('2012-2013', 'SEM-7', 'Jacques Ratte', 'EAO-33', 11.32, 1.67, 'A', 0, 1);
insert into notes_details values ('2012-2013', 'SEM-7', 'Jacques Ratte', 'EAO-33', 11.32, 1.0, 'A', 0, 2);
insert into contentieux values ('2012-2013', 'SEM-7', 'Jacques Ratte', 'EAO-33');
insert into notes_details values ('2012-2013', 'SEM-7', 'Jacques Ratte', 'EAO-34', 11.32, 2.67, 'A', 2, 1);
insert into notes_details values ('2012-2013', 'SEM-7', 'Jacques Ratte', 'EAO-35', 11.32, 2.33, 'A', 0, 1);
insert into notes_details values ('2012-2013', 'SEM-7', 'Jacques Ratte', 'EAO-35', 11.32, 1.67, 'A', 0, 2);
insert into contentieux values ('2012-2013', 'SEM-7', 'Jacques Ratte', 'EAO-35');
insert into notes_details values ('2012-2013', 'SEM-7', 'Jacques Ratte', 'LCI-3', 11.32, 2.0, 'A', 0, 1);
insert into notes_details values ('2012-2013', 'SEM-7', 'Jacques Ratte', 'LCI-3', 11.32, 1.33, 'A', 0, 2);
insert into contentieux values ('2012-2013', 'SEM-7', 'Jacques Ratte', 'LCI-3');
insert into notes_details values ('2012-2013', 'SEM-7', 'Jacques Ratte', 'MAT-3', 11.32, 2.33, 'A', 0, 1);
insert into notes_details values ('2012-2013', 'SEM-7', 'Jacques Ratte', 'MAT-3', 11.32, 1.67, 'A', 0, 2);
insert into contentieux values ('2012-2013', 'SEM-7', 'Jacques Ratte', 'MAT-3');
insert into notes_details values ('2012-2013', 'SEM-7', 'Jacques Ratte', 'MNG-3', 11.32, 2.67, 'A', 3, 1);
insert into notes_details values ('2012-2013', 'SEM-7', 'Jacques Ratte', 'PJT-3', 11.32, 1.67, 'A', 0, 1);
insert into notes_details values ('2012-2013', 'SEM-7', 'Jacques Ratte', 'PJT-3', 11.32, 2.67, 'A', 5, 2);
insert into notes_details values ('2012-2013', 'SEM-7', 'Jacques Ratte', 'STD-3', 11.32, 1.0, 'A', 0, 1);
insert into notes_details values ('2012-2013', 'SEM-7', 'Jacques Ratte', 'STD-3', 11.32, 1.67, 'A', 0, 2);
insert into contentieux values ('2012-2013', 'SEM-7', 'Jacques Ratte', 'STD-3');
insert into gpa values ('2011-2012', 'SEM-5', 'Jacques Ratte', 2.86);
insert into gpa values ('2011-2012', 'SEM-6', 'Jacques Ratte', 2.82);
insert into gpa values ('2012-2013', 'SEM-7', 'Jacques Ratte', 2.63);
insert into eleves values ('Nicolas Dostie', 1, 'S', 'Tres bien', 'MP', null, 'ndostie');
insert into notes_details values ('2010-2011', 'SEM-5', 'Nicolas Dostie', 'ALG-1', 11.32, 1.67, 'A', 0, 1);
insert into notes_details values ('2010-2011', 'SEM-5', 'Nicolas Dostie', 'ALG-1', 11.32, 1.67, 'A', 3, 99);
insert into notes_details values ('2010-2011', 'SEM-5', 'Nicolas Dostie', 'DPP-1', 11.32, 2.0, 'A', 0, 1);
insert into notes_details values ('2010-2011', 'SEM-5', 'Nicolas Dostie', 'DPP-1', 11.32, 2.0, 'A', 2, 99);
insert into notes_details values ('2010-2011', 'SEM-5', 'Nicolas Dostie', 'ELE-1', 11.32, 2.0, 'A', 0, 1);
insert into notes_details values ('2010-2011', 'SEM-5', 'Nicolas Dostie', 'ELE-1', 11.32, 1.67, 'A', 3, 99);
insert into notes_details values ('2010-2011', 'SEM-5', 'Nicolas Dostie', 'INP-1', 11.32, 3.0, 'A', 3, 1);
insert into notes_details values ('2010-2011', 'SEM-5', 'Nicolas Dostie', 'LCI-1', 11.32, 3.0, 'A', 3, 1);
insert into notes_details values ('2010-2011', 'SEM-5', 'Nicolas Dostie', 'MAT-1', 11.32, 1.67, 'A', 0, 1);
insert into notes_details values ('2010-2011', 'SEM-5', 'Nicolas Dostie', 'MAT-1', 11.32, 4.0, 'A', 3, 2);
insert into notes_details values ('2010-2011', 'SEM-5', 'Nicolas Dostie', 'MGP-1', 11.32, 2.0, 'A', 0, 1);
insert into notes_details values ('2010-2011', 'SEM-5', 'Nicolas Dostie', 'MGP-1', 11.32, 3.0, 'A', 4, 2);
insert into notes_details values ('2010-2011', 'SEM-5', 'Nicolas Dostie', 'PHO-1', 11.32, 3.33, 'A', 3, 1);
insert into notes_details values ('2010-2011', 'SEM-5', 'Nicolas Dostie', 'PHQ-1', 11.32, 4.0, 'A', 3, 1);
insert into notes_details values ('2010-2011', 'SEM-5', 'Nicolas Dostie', 'SPM-1', 11.32, 1.67, 'A', 0, 1);
insert into notes_details values ('2010-2011', 'SEM-5', 'Nicolas Dostie', 'SPM-1', 11.32, 3.0, 'A', 3, 2);
insert into notes_details values ('2010-2011', 'SEM-6', 'Nicolas Dostie', 'DPP-2', 11.32, 1.33, 'A', 0, 1);
insert into notes_details values ('2010-2011', 'SEM-6', 'Nicolas Dostie', 'DPP-2', 11.32, 4.0, 'A', 1, 2);
insert into notes_details values ('2010-2011', 'SEM-6', 'Nicolas Dostie', 'EAO-2', 11.32, 2.0, 'A', 0, 1);
insert into notes_details values ('2010-2011', 'SEM-6', 'Nicolas Dostie', 'EAO-2', 11.32, 2.67, 'A', 3, 2);
insert into notes_details values ('2010-2011', 'SEM-6', 'Nicolas Dostie', 'ECO-2', 11.32, 1.67, 'A', 0, 1);
insert into notes_details values ('2010-2011', 'SEM-6', 'Nicolas Dostie', 'ECO-2', 11.32, 2.67, 'A', 3, 2);
insert into notes_details values ('2010-2011', 'SEM-6', 'Nicolas Dostie', 'LCI-2', 11.32, 4.0, 'A', 3, 1);
insert into notes_details values ('2010-2011', 'SEM-6', 'Nicolas Dostie', 'MAT-2', 11.32, 2.33, 'A', 0, 1);
insert into notes_details values ('2010-2011', 'SEM-6', 'Nicolas Dostie', 'MAT-2', 11.32, 1.67, 'A', 2, 99);
insert into notes_details values ('2010-2011', 'SEM-6', 'Nicolas Dostie', 'MCO-2', 11.32, 2.33, 'A', 0, 1);
insert into notes_details values ('2010-2011', 'SEM-6', 'Nicolas Dostie', 'MCO-2', 11.32, 3.0, 'A', 2, 2);
insert into notes_details values ('2010-2011', 'SEM-6', 'Nicolas Dostie', 'MGP-2', 11.32, 3.0, 'A', 4, 1);
insert into notes_details values ('2010-2011', 'SEM-6', 'Nicolas Dostie', 'PHS-2', 11.32, 1.33, 'A', 0, 1);
insert into notes_details values ('2010-2011', 'SEM-6', 'Nicolas Dostie', 'PHS-2', 11.32, 3.0, 'A', 2, 2);
insert into notes_details values ('2010-2011', 'SEM-6', 'Nicolas Dostie', 'PJT-2', 11.32, 2.67, 'A', 1, 1);
insert into notes_details values ('2010-2011', 'SEM-6', 'Nicolas Dostie', 'RMS-2', 11.32, 1.67, 'A', 0, 1);
insert into notes_details values ('2010-2011', 'SEM-6', 'Nicolas Dostie', 'RMS-2', 11.32, 3.67, 'A', 4, 2);
insert into notes_details values ('2010-2011', 'SEM-6', 'Nicolas Dostie', 'STG-2', 11.32, 3.0, 'A', 2, 1);
insert into notes_details values ('2010-2011', 'SEM-6', 'Nicolas Dostie', 'THS-2', 11.32, 1.67, 'A', 0, 1);
insert into notes_details values ('2010-2011', 'SEM-6', 'Nicolas Dostie', 'THS-2', 11.32, 1.33, 'A', 3, 99);
insert into notes_details values ('2011-2012', 'SEM-7', 'Nicolas Dostie', 'ASL-3', 11.32, 1.0, 'A', 0, 1);
insert into notes_details values ('2011-2012', 'SEM-7', 'Nicolas Dostie', 'ASL-3', 11.32, 1.67, 'A', 0, 2);
insert into contentieux values ('2011-2012', 'SEM-7', 'Nicolas Dostie', 'ASL-3');
insert into notes_details values ('2011-2012', 'SEM-7', 'Nicolas Dostie', 'DPP-3', 11.32, 3.67, 'A', 2, 1);
insert into notes_details values ('2011-2012', 'SEM-7', 'Nicolas Dostie', 'EAO-31', 11.32, 4.0, 'A', 2, 1);
insert into notes_details values ('2011-2012', 'SEM-7', 'Nicolas Dostie', 'EAO-32', 11.32, 1.33, 'A', 0, 1);
insert into notes_details values ('2011-2012', 'SEM-7', 'Nicolas Dostie', 'EAO-32', 11.32, 1.67, 'A', 0, 2);
insert into contentieux values ('2011-2012', 'SEM-7', 'Nicolas Dostie', 'EAO-32');
insert into notes_details values ('2011-2012', 'SEM-7', 'Nicolas Dostie', 'EAO-33', 11.32, 2.0, 'A', 0, 1);
insert into notes_details values ('2011-2012', 'SEM-7', 'Nicolas Dostie', 'EAO-33', 11.32, 1.0, 'A', 0, 2);
insert into contentieux values ('2011-2012', 'SEM-7', 'Nicolas Dostie', 'EAO-33');
insert into notes_details values ('2011-2012', 'SEM-7', 'Nicolas Dostie', 'EAO-34', 11.32, 3.33, 'A', 2, 1);
insert into notes_details values ('2011-2012', 'SEM-7', 'Nicolas Dostie', 'EAO-35', 11.32, 1.33, 'A', 0, 1);
insert into notes_details values ('2011-2012', 'SEM-7', 'Nicolas Dostie', 'EAO-35', 11.32, 2.33, 'A', 0, 2);
insert into contentieux values ('2011-2012', 'SEM-7', 'Nicolas Dostie', 'EAO-35');
insert into notes_details values ('2011-2012', 'SEM-7', 'Nicolas Dostie', 'LCI-3', 11.32, 2.67, 'A', 3, 1);
insert into notes_details values ('2011-2012', 'SEM-7', 'Nicolas Dostie', 'MAT-3', 11.32, 1.67, 'A', 0, 1);
insert into notes_details values ('2011-2012', 'SEM-7', 'Nicolas Dostie', 'MAT-3', 11.32, 1.67, 'A', 3, 99);
insert into notes_details values ('2011-2012', 'SEM-7', 'Nicolas Dostie', 'MNG-3', 11.32, 2.33, 'A', 0, 1);
insert into notes_details values ('2011-2012', 'SEM-7', 'Nicolas Dostie', 'MNG-3', 11.32, 3.0, 'A', 3, 2);
insert into notes_details values ('2011-2012', 'SEM-7', 'Nicolas Dostie', 'PJT-3', 11.32, 2.67, 'A', 5, 1);
insert into notes_details values ('2011-2012', 'SEM-7', 'Nicolas Dostie', 'STD-3', 11.32, 2.33, 'A', 0, 1);
insert into notes_details values ('2011-2012', 'SEM-7', 'Nicolas Dostie', 'STD-3', 11.32, 2.0, 'A', 2, 99);
insert into gpa values ('2010-2011', 'SEM-5', 'Nicolas Dostie', 2.47);
insert into gpa values ('2010-2011', 'SEM-6', 'Nicolas Dostie', 2.06);
insert into gpa values ('2011-2012', 'SEM-7', 'Nicolas Dostie', 3.78);
insert into eleves values ('Rodolphe Marques', 1, 'S', 'Tres bien', 'MP', null, 'rmarques');
insert into notes_details values ('2011-2012', 'SEM-5', 'Rodolphe Marques', 'ALG-1', 11.32, 3.0, 'A', 3, 1);
insert into notes_details values ('2011-2012', 'SEM-5', 'Rodolphe Marques', 'DPP-1', 11.32, 2.33, 'A', 0, 1);
insert into notes_details values ('2011-2012', 'SEM-5', 'Rodolphe Marques', 'DPP-1', 11.32, 3.67, 'A', 2, 2);
insert into notes_details values ('2011-2012', 'SEM-5', 'Rodolphe Marques', 'ELE-1', 11.32, 1.0, 'A', 0, 1);
insert into notes_details values ('2011-2012', 'SEM-5', 'Rodolphe Marques', 'ELE-1', 11.32, 3.33, 'A', 3, 2);
insert into notes_details values ('2011-2012', 'SEM-5', 'Rodolphe Marques', 'INP-1', 11.32, 2.33, 'A', 0, 1);
insert into notes_details values ('2011-2012', 'SEM-5', 'Rodolphe Marques', 'INP-1', 11.32, 3.33, 'A', 3, 2);
insert into notes_details values ('2011-2012', 'SEM-5', 'Rodolphe Marques', 'LCI-1', 11.32, 3.0, 'A', 3, 1);
insert into notes_details values ('2011-2012', 'SEM-5', 'Rodolphe Marques', 'MAT-1', 11.32, 2.33, 'A', 0, 1);
insert into notes_details values ('2011-2012', 'SEM-5', 'Rodolphe Marques', 'MAT-1', 11.32, 1.33, 'A', 3, 99);
insert into notes_details values ('2011-2012', 'SEM-5', 'Rodolphe Marques', 'MGP-1', 11.32, 2.0, 'A', 0, 1);
insert into notes_details values ('2011-2012', 'SEM-5', 'Rodolphe Marques', 'MGP-1', 11.32, 3.33, 'A', 4, 2);
insert into notes_details values ('2011-2012', 'SEM-5', 'Rodolphe Marques', 'PHO-1', 11.32, 3.0, 'A', 3, 1);
insert into notes_details values ('2011-2012', 'SEM-5', 'Rodolphe Marques', 'PHQ-1', 11.32, 2.67, 'A', 3, 1);
insert into notes_details values ('2011-2012', 'SEM-5', 'Rodolphe Marques', 'SPM-1', 11.32, 4.0, 'A', 3, 1);
insert into notes_details values ('2011-2012', 'SEM-6', 'Rodolphe Marques', 'DPP-2', 11.32, 1.67, 'A', 0, 1);
insert into notes_details values ('2011-2012', 'SEM-6', 'Rodolphe Marques', 'DPP-2', 11.32, 2.67, 'A', 1, 2);
insert into notes_details values ('2011-2012', 'SEM-6', 'Rodolphe Marques', 'EAO-2', 11.32, 2.67, 'A', 3, 1);
insert into notes_details values ('2011-2012', 'SEM-6', 'Rodolphe Marques', 'ECO-2', 11.32, 2.33, 'A', 0, 1);
insert into notes_details values ('2011-2012', 'SEM-6', 'Rodolphe Marques', 'ECO-2', 11.32, 1.33, 'A', 3, 99);
insert into notes_details values ('2011-2012', 'SEM-6', 'Rodolphe Marques', 'LCI-2', 11.32, 2.67, 'A', 3, 1);
insert into notes_details values ('2011-2012', 'SEM-6', 'Rodolphe Marques', 'MAT-2', 11.32, 2.0, 'A', 0, 1);
insert into notes_details values ('2011-2012', 'SEM-6', 'Rodolphe Marques', 'MAT-2', 11.32, 1.67, 'A', 2, 99);
insert into notes_details values ('2011-2012', 'SEM-6', 'Rodolphe Marques', 'MCO-2', 11.32, 3.33, 'A', 2, 1);
insert into notes_details values ('2011-2012', 'SEM-6', 'Rodolphe Marques', 'MGP-2', 11.32, 1.67, 'A', 0, 1);
insert into notes_details values ('2011-2012', 'SEM-6', 'Rodolphe Marques', 'MGP-2', 11.32, 3.33, 'A', 4, 2);
insert into notes_details values ('2011-2012', 'SEM-6', 'Rodolphe Marques', 'PHS-2', 11.32, 1.67, 'A', 0, 1);
insert into notes_details values ('2011-2012', 'SEM-6', 'Rodolphe Marques', 'PHS-2', 11.32, 3.33, 'A', 2, 2);
insert into notes_details values ('2011-2012', 'SEM-6', 'Rodolphe Marques', 'PJT-2', 11.32, 1.33, 'A', 0, 1);
insert into notes_details values ('2011-2012', 'SEM-6', 'Rodolphe Marques', 'PJT-2', 11.32, 3.67, 'A', 1, 2);
insert into notes_details values ('2011-2012', 'SEM-6', 'Rodolphe Marques', 'RMS-2', 11.32, 2.67, 'A', 4, 1);
insert into notes_details values ('2011-2012', 'SEM-6', 'Rodolphe Marques', 'STG-2', 11.32, 2.33, 'A', 0, 1);
insert into notes_details values ('2011-2012', 'SEM-6', 'Rodolphe Marques', 'STG-2', 11.32, 3.33, 'A', 2, 2);
insert into notes_details values ('2011-2012', 'SEM-6', 'Rodolphe Marques', 'THS-2', 11.32, 2.0, 'A', 0, 1);
insert into notes_details values ('2011-2012', 'SEM-6', 'Rodolphe Marques', 'THS-2', 11.32, 3.33, 'A', 3, 2);
insert into notes_details values ('2012-2013', 'SEM-7', 'Rodolphe Marques', 'ASL-3', 11.32, 2.33, 'A', 0, 1);
insert into notes_details values ('2012-2013', 'SEM-7', 'Rodolphe Marques', 'ASL-3', 11.32, 1.0, 'A', 2, 99);
insert into notes_details values ('2012-2013', 'SEM-7', 'Rodolphe Marques', 'DPP-3', 11.32, 1.67, 'A', 0, 1);
insert into notes_details values ('2012-2013', 'SEM-7', 'Rodolphe Marques', 'DPP-3', 11.32, 1.33, 'A', 0, 2);
insert into contentieux values ('2012-2013', 'SEM-7', 'Rodolphe Marques', 'DPP-3');
insert into notes_details values ('2012-2013', 'SEM-7', 'Rodolphe Marques', 'EAO-31', 11.32, 3.33, 'A', 2, 1);
insert into notes_details values ('2012-2013', 'SEM-7', 'Rodolphe Marques', 'EAO-32', 11.32, 1.33, 'A', 0, 1);
insert into notes_details values ('2012-2013', 'SEM-7', 'Rodolphe Marques', 'EAO-32', 11.32, 1.67, 'A', 0, 2);
insert into contentieux values ('2012-2013', 'SEM-7', 'Rodolphe Marques', 'EAO-32');
insert into notes_details values ('2012-2013', 'SEM-7', 'Rodolphe Marques', 'EAO-33', 11.32, 3.67, 'A', 2, 1);
insert into notes_details values ('2012-2013', 'SEM-7', 'Rodolphe Marques', 'EAO-34', 11.32, 1.67, 'A', 0, 1);
insert into notes_details values ('2012-2013', 'SEM-7', 'Rodolphe Marques', 'EAO-34', 11.32, 1.0, 'A', 0, 2);
insert into contentieux values ('2012-2013', 'SEM-7', 'Rodolphe Marques', 'EAO-34');
insert into notes_details values ('2012-2013', 'SEM-7', 'Rodolphe Marques', 'EAO-35', 11.32, 1.33, 'A', 0, 1);
insert into notes_details values ('2012-2013', 'SEM-7', 'Rodolphe Marques', 'EAO-35', 11.32, 1.33, 'A', 0, 2);
insert into contentieux values ('2012-2013', 'SEM-7', 'Rodolphe Marques', 'EAO-35');
insert into notes_details values ('2012-2013', 'SEM-7', 'Rodolphe Marques', 'LCI-3', 11.32, 2.33, 'A', 0, 1);
insert into notes_details values ('2012-2013', 'SEM-7', 'Rodolphe Marques', 'LCI-3', 11.32, 2.67, 'A', 3, 2);
insert into notes_details values ('2012-2013', 'SEM-7', 'Rodolphe Marques', 'MAT-3', 11.32, 1.67, 'A', 0, 1);
insert into notes_details values ('2012-2013', 'SEM-7', 'Rodolphe Marques', 'MAT-3', 11.32, 1.0, 'A', 3, 99);
insert into notes_details values ('2012-2013', 'SEM-7', 'Rodolphe Marques', 'MNG-3', 11.32, 1.33, 'A', 0, 1);
insert into notes_details values ('2012-2013', 'SEM-7', 'Rodolphe Marques', 'MNG-3', 11.32, 1.67, 'A', 0, 2);
insert into contentieux values ('2012-2013', 'SEM-7', 'Rodolphe Marques', 'MNG-3');
insert into notes_details values ('2012-2013', 'SEM-7', 'Rodolphe Marques', 'PJT-3', 11.32, 4.0, 'A', 5, 1);
insert into notes_details values ('2012-2013', 'SEM-7', 'Rodolphe Marques', 'STD-3', 11.32, 2.0, 'A', 0, 1);
insert into notes_details values ('2012-2013', 'SEM-7', 'Rodolphe Marques', 'STD-3', 11.32, 2.33, 'A', 0, 2);
insert into contentieux values ('2012-2013', 'SEM-7', 'Rodolphe Marques', 'STD-3');
insert into gpa values ('2011-2012', 'SEM-5', 'Rodolphe Marques', 2.93);
insert into gpa values ('2011-2012', 'SEM-6', 'Rodolphe Marques', 3.57);
insert into gpa values ('2012-2013', 'SEM-7', 'Rodolphe Marques', 3.39);
insert into eleves values ('William Morel', 1, 'S', 'Tres bien', 'MP', null, 'wmorel');
insert into notes_details values ('2010-2011', 'SEM-5', 'William Morel', 'ALG-1', 11.32, 1.0, 'A', 0, 1);
insert into notes_details values ('2010-2011', 'SEM-5', 'William Morel', 'ALG-1', 11.32, 3.67, 'A', 3, 2);
insert into notes_details values ('2010-2011', 'SEM-5', 'William Morel', 'DPP-1', 11.32, 1.67, 'A', 0, 1);
insert into notes_details values ('2010-2011', 'SEM-5', 'William Morel', 'DPP-1', 11.32, 2.67, 'A', 2, 2);
insert into notes_details values ('2010-2011', 'SEM-5', 'William Morel', 'ELE-1', 11.32, 4.0, 'A', 3, 1);
insert into notes_details values ('2010-2011', 'SEM-5', 'William Morel', 'INP-1', 11.32, 1.67, 'A', 0, 1);
insert into notes_details values ('2010-2011', 'SEM-5', 'William Morel', 'INP-1', 11.32, 3.67, 'A', 3, 2);
insert into notes_details values ('2010-2011', 'SEM-5', 'William Morel', 'LCI-1', 11.32, 3.0, 'A', 3, 1);
insert into notes_details values ('2010-2011', 'SEM-5', 'William Morel', 'MAT-1', 11.32, 4.0, 'A', 3, 1);
insert into notes_details values ('2010-2011', 'SEM-5', 'William Morel', 'MGP-1', 11.32, 3.0, 'A', 4, 1);
insert into notes_details values ('2010-2011', 'SEM-5', 'William Morel', 'PHO-1', 11.32, 3.33, 'A', 3, 1);
insert into notes_details values ('2010-2011', 'SEM-5', 'William Morel', 'PHQ-1', 11.32, 3.67, 'A', 3, 1);
insert into notes_details values ('2010-2011', 'SEM-5', 'William Morel', 'SPM-1', 11.32, 4.0, 'A', 3, 1);
insert into notes_details values ('2010-2011', 'SEM-6', 'William Morel', 'DPP-2', 11.32, 1.0, 'A', 0, 1);
insert into notes_details values ('2010-2011', 'SEM-6', 'William Morel', 'DPP-2', 11.32, 2.0, 'A', 1, 99);
insert into notes_details values ('2010-2011', 'SEM-6', 'William Morel', 'EAO-2', 11.32, 2.0, 'A', 0, 1);
insert into notes_details values ('2010-2011', 'SEM-6', 'William Morel', 'EAO-2', 11.32, 3.0, 'A', 3, 2);
insert into notes_details values ('2010-2011', 'SEM-6', 'William Morel', 'ECO-2', 11.32, 1.67, 'A', 0, 1);
insert into notes_details values ('2010-2011', 'SEM-6', 'William Morel', 'ECO-2', 11.32, 3.67, 'A', 3, 2);
insert into notes_details values ('2010-2011', 'SEM-6', 'William Morel', 'LCI-2', 11.32, 2.33, 'A', 0, 1);
insert into notes_details values ('2010-2011', 'SEM-6', 'William Morel', 'LCI-2', 11.32, 3.33, 'A', 3, 2);
insert into notes_details values ('2010-2011', 'SEM-6', 'William Morel', 'MAT-2', 11.32, 3.67, 'A', 2, 1);
insert into notes_details values ('2010-2011', 'SEM-6', 'William Morel', 'MCO-2', 11.32, 2.0, 'A', 0, 1);
insert into notes_details values ('2010-2011', 'SEM-6', 'William Morel', 'MCO-2', 11.32, 2.33, 'A', 2, 99);
insert into notes_details values ('2010-2011', 'SEM-6', 'William Morel', 'MGP-2', 11.32, 2.67, 'A', 4, 1);
insert into notes_details values ('2010-2011', 'SEM-6', 'William Morel', 'PHS-2', 11.32, 1.0, 'A', 0, 1);
insert into notes_details values ('2010-2011', 'SEM-6', 'William Morel', 'PHS-2', 11.32, 2.0, 'A', 2, 99);
insert into notes_details values ('2010-2011', 'SEM-6', 'William Morel', 'PJT-2', 11.32, 3.67, 'A', 1, 1);
insert into notes_details values ('2010-2011', 'SEM-6', 'William Morel', 'RMS-2', 11.32, 1.0, 'A', 0, 1);
insert into notes_details values ('2010-2011', 'SEM-6', 'William Morel', 'RMS-2', 11.32, 3.67, 'A', 4, 2);
insert into notes_details values ('2010-2011', 'SEM-6', 'William Morel', 'STG-2', 11.32, 2.33, 'A', 0, 1);
insert into notes_details values ('2010-2011', 'SEM-6', 'William Morel', 'STG-2', 11.32, 2.0, 'A', 2, 99);
insert into notes_details values ('2010-2011', 'SEM-6', 'William Morel', 'THS-2', 11.32, 1.33, 'A', 0, 1);
insert into notes_details values ('2010-2011', 'SEM-6', 'William Morel', 'THS-2', 11.32, 3.0, 'A', 3, 2);
insert into notes_details values ('2011-2012', 'SEM-7', 'William Morel', 'ASL-3', 11.32, 3.67, 'A', 2, 1);
insert into notes_details values ('2011-2012', 'SEM-7', 'William Morel', 'DPP-3', 11.32, 1.67, 'A', 0, 1);
insert into notes_details values ('2011-2012', 'SEM-7', 'William Morel', 'DPP-3', 11.32, 3.67, 'A', 2, 2);
insert into notes_details values ('2011-2012', 'SEM-7', 'William Morel', 'EAO-31', 11.32, 3.67, 'A', 2, 1);
insert into notes_details values ('2011-2012', 'SEM-7', 'William Morel', 'EAO-32', 11.32, 2.33, 'A', 0, 1);
insert into notes_details values ('2011-2012', 'SEM-7', 'William Morel', 'EAO-32', 11.32, 1.0, 'A', 0, 2);
insert into contentieux values ('2011-2012', 'SEM-7', 'William Morel', 'EAO-32');
insert into notes_details values ('2011-2012', 'SEM-7', 'William Morel', 'EAO-33', 11.32, 1.0, 'A', 0, 1);
insert into notes_details values ('2011-2012', 'SEM-7', 'William Morel', 'EAO-33', 11.32, 2.33, 'A', 0, 2);
insert into contentieux values ('2011-2012', 'SEM-7', 'William Morel', 'EAO-33');
insert into notes_details values ('2011-2012', 'SEM-7', 'William Morel', 'EAO-34', 11.32, 1.33, 'A', 0, 1);
insert into notes_details values ('2011-2012', 'SEM-7', 'William Morel', 'EAO-34', 11.32, 1.33, 'A', 0, 2);
insert into contentieux values ('2011-2012', 'SEM-7', 'William Morel', 'EAO-34');
insert into notes_details values ('2011-2012', 'SEM-7', 'William Morel', 'EAO-35', 11.32, 2.67, 'A', 2, 1);
insert into notes_details values ('2011-2012', 'SEM-7', 'William Morel', 'LCI-3', 11.32, 1.33, 'A', 0, 1);
insert into notes_details values ('2011-2012', 'SEM-7', 'William Morel', 'LCI-3', 11.32, 3.0, 'A', 3, 2);
insert into notes_details values ('2011-2012', 'SEM-7', 'William Morel', 'MAT-3', 11.32, 1.67, 'A', 0, 1);
insert into notes_details values ('2011-2012', 'SEM-7', 'William Morel', 'MAT-3', 11.32, 2.67, 'A', 3, 2);
insert into notes_details values ('2011-2012', 'SEM-7', 'William Morel', 'MNG-3', 11.32, 2.33, 'A', 0, 1);
insert into notes_details values ('2011-2012', 'SEM-7', 'William Morel', 'MNG-3', 11.32, 2.67, 'A', 3, 2);
insert into notes_details values ('2011-2012', 'SEM-7', 'William Morel', 'PJT-3', 11.32, 3.0, 'A', 5, 1);
insert into notes_details values ('2011-2012', 'SEM-7', 'William Morel', 'STD-3', 11.32, 2.33, 'A', 0, 1);
insert into notes_details values ('2011-2012', 'SEM-7', 'William Morel', 'STD-3', 11.32, 2.0, 'A', 0, 2);
insert into contentieux values ('2011-2012', 'SEM-7', 'William Morel', 'STD-3');
insert into gpa values ('2010-2011', 'SEM-5', 'William Morel', 3.16);
insert into gpa values ('2010-2011', 'SEM-6', 'William Morel', 2.77);
insert into gpa values ('2011-2012', 'SEM-7', 'William Morel', 3.55);
insert into cesure values ('William Morel', 'CESURE');
insert into eleves values ('Kate Bonnet', 1, 'S', 'Tres bien', 'MP', null, 'kbonnet');
insert into notes_details values ('2011-2012', 'SEM-5', 'Kate Bonnet', 'ALG-1', 11.32, 2.0, 'A', 0, 1);
insert into notes_details values ('2011-2012', 'SEM-5', 'Kate Bonnet', 'ALG-1', 11.32, 3.33, 'A', 3, 2);
insert into notes_details values ('2011-2012', 'SEM-5', 'Kate Bonnet', 'DPP-1', 11.32, 1.67, 'A', 0, 1);
insert into notes_details values ('2011-2012', 'SEM-5', 'Kate Bonnet', 'DPP-1', 11.32, 2.67, 'A', 2, 2);
insert into notes_details values ('2011-2012', 'SEM-5', 'Kate Bonnet', 'ELE-1', 11.32, 3.0, 'A', 3, 1);
insert into notes_details values ('2011-2012', 'SEM-5', 'Kate Bonnet', 'INP-1', 11.32, 3.33, 'A', 3, 1);
insert into notes_details values ('2011-2012', 'SEM-5', 'Kate Bonnet', 'LCI-1', 11.32, 3.33, 'A', 3, 1);
insert into notes_details values ('2011-2012', 'SEM-5', 'Kate Bonnet', 'MAT-1', 11.32, 3.0, 'A', 3, 1);
insert into notes_details values ('2011-2012', 'SEM-5', 'Kate Bonnet', 'MGP-1', 11.32, 1.0, 'A', 0, 1);
insert into notes_details values ('2011-2012', 'SEM-5', 'Kate Bonnet', 'MGP-1', 11.32, 3.33, 'A', 4, 2);
insert into notes_details values ('2011-2012', 'SEM-5', 'Kate Bonnet', 'PHO-1', 11.32, 3.67, 'A', 3, 1);
insert into notes_details values ('2011-2012', 'SEM-5', 'Kate Bonnet', 'PHQ-1', 11.32, 2.33, 'A', 0, 1);
insert into notes_details values ('2011-2012', 'SEM-5', 'Kate Bonnet', 'PHQ-1', 11.32, 2.67, 'A', 3, 2);
insert into notes_details values ('2011-2012', 'SEM-5', 'Kate Bonnet', 'SPM-1', 11.32, 1.33, 'A', 0, 1);
insert into notes_details values ('2011-2012', 'SEM-5', 'Kate Bonnet', 'SPM-1', 11.32, 3.0, 'A', 3, 2);
insert into notes_details values ('2011-2012', 'SEM-6', 'Kate Bonnet', 'DPP-2', 11.32, 3.33, 'A', 1, 1);
insert into notes_details values ('2011-2012', 'SEM-6', 'Kate Bonnet', 'EAO-2', 11.32, 2.33, 'A', 0, 1);
insert into notes_details values ('2011-2012', 'SEM-6', 'Kate Bonnet', 'EAO-2', 11.32, 3.67, 'A', 3, 2);
insert into notes_details values ('2011-2012', 'SEM-6', 'Kate Bonnet', 'ECO-2', 11.32, 2.0, 'A', 0, 1);
insert into notes_details values ('2011-2012', 'SEM-6', 'Kate Bonnet', 'ECO-2', 11.32, 3.67, 'A', 3, 2);
insert into notes_details values ('2011-2012', 'SEM-6', 'Kate Bonnet', 'LCI-2', 11.32, 1.67, 'A', 0, 1);
insert into notes_details values ('2011-2012', 'SEM-6', 'Kate Bonnet', 'LCI-2', 11.32, 2.67, 'A', 3, 2);
insert into notes_details values ('2011-2012', 'SEM-6', 'Kate Bonnet', 'MAT-2', 11.32, 1.67, 'A', 0, 1);
insert into notes_details values ('2011-2012', 'SEM-6', 'Kate Bonnet', 'MAT-2', 11.32, 3.33, 'A', 2, 2);
insert into notes_details values ('2011-2012', 'SEM-6', 'Kate Bonnet', 'MCO-2', 11.32, 1.67, 'A', 0, 1);
insert into notes_details values ('2011-2012', 'SEM-6', 'Kate Bonnet', 'MCO-2', 11.32, 4.0, 'A', 2, 2);
insert into notes_details values ('2011-2012', 'SEM-6', 'Kate Bonnet', 'MGP-2', 11.32, 1.67, 'A', 0, 1);
insert into notes_details values ('2011-2012', 'SEM-6', 'Kate Bonnet', 'MGP-2', 11.32, 2.67, 'A', 4, 2);
insert into notes_details values ('2011-2012', 'SEM-6', 'Kate Bonnet', 'PHS-2', 11.32, 1.33, 'A', 0, 1);
insert into notes_details values ('2011-2012', 'SEM-6', 'Kate Bonnet', 'PHS-2', 11.32, 3.0, 'A', 2, 2);
insert into notes_details values ('2011-2012', 'SEM-6', 'Kate Bonnet', 'PJT-2', 11.32, 2.0, 'A', 0, 1);
insert into notes_details values ('2011-2012', 'SEM-6', 'Kate Bonnet', 'PJT-2', 11.32, 4.0, 'A', 1, 2);
insert into notes_details values ('2011-2012', 'SEM-6', 'Kate Bonnet', 'RMS-2', 11.32, 2.0, 'A', 0, 1);
insert into notes_details values ('2011-2012', 'SEM-6', 'Kate Bonnet', 'RMS-2', 11.32, 4.0, 'A', 4, 2);
insert into notes_details values ('2011-2012', 'SEM-6', 'Kate Bonnet', 'STG-2', 11.32, 1.0, 'A', 0, 1);
insert into notes_details values ('2011-2012', 'SEM-6', 'Kate Bonnet', 'STG-2', 11.32, 2.67, 'A', 2, 2);
insert into notes_details values ('2011-2012', 'SEM-6', 'Kate Bonnet', 'THS-2', 11.32, 3.0, 'A', 3, 1);
insert into notes_details values ('2012-2013', 'SEM-7', 'Kate Bonnet', 'ASL-3', 11.32, 1.33, 'A', 0, 1);
insert into notes_details values ('2012-2013', 'SEM-7', 'Kate Bonnet', 'ASL-3', 11.32, 2.67, 'A', 2, 2);
insert into notes_details values ('2012-2013', 'SEM-7', 'Kate Bonnet', 'DPP-3', 11.32, 3.0, 'A', 2, 1);
insert into notes_details values ('2012-2013', 'SEM-7', 'Kate Bonnet', 'EAO-31', 11.32, 1.33, 'A', 0, 1);
insert into notes_details values ('2012-2013', 'SEM-7', 'Kate Bonnet', 'EAO-31', 11.32, 2.33, 'A', 0, 2);
insert into contentieux values ('2012-2013', 'SEM-7', 'Kate Bonnet', 'EAO-31');
insert into notes_details values ('2012-2013', 'SEM-7', 'Kate Bonnet', 'EAO-32', 11.32, 3.33, 'A', 2, 1);
insert into notes_details values ('2012-2013', 'SEM-7', 'Kate Bonnet', 'EAO-33', 11.32, 1.67, 'A', 0, 1);
insert into notes_details values ('2012-2013', 'SEM-7', 'Kate Bonnet', 'EAO-33', 11.32, 1.33, 'A', 0, 2);
insert into contentieux values ('2012-2013', 'SEM-7', 'Kate Bonnet', 'EAO-33');
insert into notes_details values ('2012-2013', 'SEM-7', 'Kate Bonnet', 'EAO-34', 11.32, 1.67, 'A', 0, 1);
insert into notes_details values ('2012-2013', 'SEM-7', 'Kate Bonnet', 'EAO-34', 11.32, 2.33, 'A', 0, 2);
insert into contentieux values ('2012-2013', 'SEM-7', 'Kate Bonnet', 'EAO-34');
insert into notes_details values ('2012-2013', 'SEM-7', 'Kate Bonnet', 'EAO-35', 11.32, 2.33, 'A', 0, 1);
insert into notes_details values ('2012-2013', 'SEM-7', 'Kate Bonnet', 'EAO-35', 11.32, 3.33, 'A', 2, 2);
insert into notes_details values ('2012-2013', 'SEM-7', 'Kate Bonnet', 'LCI-3', 11.32, 2.67, 'A', 3, 1);
insert into notes_details values ('2012-2013', 'SEM-7', 'Kate Bonnet', 'MAT-3', 11.32, 4.0, 'A', 3, 1);
insert into notes_details values ('2012-2013', 'SEM-7', 'Kate Bonnet', 'MNG-3', 11.32, 1.33, 'A', 0, 1);
insert into notes_details values ('2012-2013', 'SEM-7', 'Kate Bonnet', 'MNG-3', 11.32, 3.0, 'A', 3, 2);
insert into notes_details values ('2012-2013', 'SEM-7', 'Kate Bonnet', 'PJT-3', 11.32, 2.0, 'A', 0, 1);
insert into notes_details values ('2012-2013', 'SEM-7', 'Kate Bonnet', 'PJT-3', 11.32, 3.0, 'A', 5, 2);
insert into notes_details values ('2012-2013', 'SEM-7', 'Kate Bonnet', 'STD-3', 11.32, 2.33, 'A', 0, 1);
insert into notes_details values ('2012-2013', 'SEM-7', 'Kate Bonnet', 'STD-3', 11.32, 1.0, 'A', 2, 99);
insert into gpa values ('2011-2012', 'SEM-5', 'Kate Bonnet', 2.72);
insert into gpa values ('2011-2012', 'SEM-6', 'Kate Bonnet', 3.13);
insert into gpa values ('2012-2013', 'SEM-7', 'Kate Bonnet', 2.59);
insert into eleves values ('Laetitia Langlois', 1, 'S', 'Tres bien', 'MP', null, 'llanglois');
insert into notes_details values ('2010-2011', 'SEM-5', 'Laetitia Langlois', 'ALG-1', 11.32, 1.0, 'A', 0, 1);
insert into notes_details values ('2010-2011', 'SEM-5', 'Laetitia Langlois', 'ALG-1', 11.32, 3.33, 'A', 3, 2);
insert into notes_details values ('2010-2011', 'SEM-5', 'Laetitia Langlois', 'DPP-1', 11.32, 3.33, 'A', 2, 1);
insert into notes_details values ('2010-2011', 'SEM-5', 'Laetitia Langlois', 'ELE-1', 11.32, 3.33, 'A', 3, 1);
insert into notes_details values ('2010-2011', 'SEM-5', 'Laetitia Langlois', 'INP-1', 11.32, 3.33, 'A', 3, 1);
insert into notes_details values ('2010-2011', 'SEM-5', 'Laetitia Langlois', 'LCI-1', 11.32, 3.0, 'A', 3, 1);
insert into notes_details values ('2010-2011', 'SEM-5', 'Laetitia Langlois', 'MAT-1', 11.32, 2.33, 'A', 0, 1);
insert into notes_details values ('2010-2011', 'SEM-5', 'Laetitia Langlois', 'MAT-1', 11.32, 3.67, 'A', 3, 2);
insert into notes_details values ('2010-2011', 'SEM-5', 'Laetitia Langlois', 'MGP-1', 11.32, 3.33, 'A', 4, 1);
insert into notes_details values ('2010-2011', 'SEM-5', 'Laetitia Langlois', 'PHO-1', 11.32, 1.67, 'A', 0, 1);
insert into notes_details values ('2010-2011', 'SEM-5', 'Laetitia Langlois', 'PHO-1', 11.32, 3.0, 'A', 3, 2);
insert into notes_details values ('2010-2011', 'SEM-5', 'Laetitia Langlois', 'PHQ-1', 11.32, 2.0, 'A', 0, 1);
insert into notes_details values ('2010-2011', 'SEM-5', 'Laetitia Langlois', 'PHQ-1', 11.32, 3.0, 'A', 3, 2);
insert into notes_details values ('2010-2011', 'SEM-5', 'Laetitia Langlois', 'SPM-1', 11.32, 4.0, 'A', 3, 1);
insert into notes_details values ('2010-2011', 'SEM-6', 'Laetitia Langlois', 'DPP-2', 11.32, 3.67, 'A', 1, 1);
insert into notes_details values ('2010-2011', 'SEM-6', 'Laetitia Langlois', 'EAO-2', 11.32, 3.0, 'A', 3, 1);
insert into notes_details values ('2010-2011', 'SEM-6', 'Laetitia Langlois', 'ECO-2', 11.32, 2.33, 'A', 0, 1);
insert into notes_details values ('2010-2011', 'SEM-6', 'Laetitia Langlois', 'ECO-2', 11.32, 3.67, 'A', 3, 2);
insert into notes_details values ('2010-2011', 'SEM-6', 'Laetitia Langlois', 'LCI-2', 11.32, 1.67, 'A', 0, 1);
insert into notes_details values ('2010-2011', 'SEM-6', 'Laetitia Langlois', 'LCI-2', 11.32, 3.33, 'A', 3, 2);
insert into notes_details values ('2010-2011', 'SEM-6', 'Laetitia Langlois', 'MAT-2', 11.32, 4.0, 'A', 2, 1);
insert into notes_details values ('2010-2011', 'SEM-6', 'Laetitia Langlois', 'MCO-2', 11.32, 1.67, 'A', 0, 1);
insert into notes_details values ('2010-2011', 'SEM-6', 'Laetitia Langlois', 'MCO-2', 11.32, 2.0, 'A', 2, 99);
insert into notes_details values ('2010-2011', 'SEM-6', 'Laetitia Langlois', 'MGP-2', 11.32, 1.67, 'A', 0, 1);
insert into notes_details values ('2010-2011', 'SEM-6', 'Laetitia Langlois', 'MGP-2', 11.32, 1.33, 'A', 4, 99);
insert into notes_details values ('2010-2011', 'SEM-6', 'Laetitia Langlois', 'PHS-2', 11.32, 2.0, 'A', 0, 1);
insert into notes_details values ('2010-2011', 'SEM-6', 'Laetitia Langlois', 'PHS-2', 11.32, 1.0, 'A', 2, 99);
insert into notes_details values ('2010-2011', 'SEM-6', 'Laetitia Langlois', 'PJT-2', 11.32, 3.0, 'A', 1, 1);
insert into notes_details values ('2010-2011', 'SEM-6', 'Laetitia Langlois', 'RMS-2', 11.32, 3.67, 'A', 4, 1);
insert into notes_details values ('2010-2011', 'SEM-6', 'Laetitia Langlois', 'STG-2', 11.32, 2.33, 'A', 0, 1);
insert into notes_details values ('2010-2011', 'SEM-6', 'Laetitia Langlois', 'STG-2', 11.32, 3.33, 'A', 2, 2);
insert into notes_details values ('2010-2011', 'SEM-6', 'Laetitia Langlois', 'THS-2', 11.32, 2.33, 'A', 0, 1);
insert into notes_details values ('2010-2011', 'SEM-6', 'Laetitia Langlois', 'THS-2', 11.32, 3.0, 'A', 3, 2);
insert into notes_details values ('2011-2012', 'SEM-7', 'Laetitia Langlois', 'ASL-3', 11.32, 2.67, 'A', 2, 1);
insert into notes_details values ('2011-2012', 'SEM-7', 'Laetitia Langlois', 'DPP-3', 11.32, 2.33, 'A', 0, 1);
insert into notes_details values ('2011-2012', 'SEM-7', 'Laetitia Langlois', 'DPP-3', 11.32, 1.67, 'A', 0, 2);
insert into contentieux values ('2011-2012', 'SEM-7', 'Laetitia Langlois', 'DPP-3');
insert into notes_details values ('2011-2012', 'SEM-7', 'Laetitia Langlois', 'EAO-31', 11.32, 2.33, 'A', 0, 1);
insert into notes_details values ('2011-2012', 'SEM-7', 'Laetitia Langlois', 'EAO-31', 11.32, 2.33, 'A', 0, 2);
insert into contentieux values ('2011-2012', 'SEM-7', 'Laetitia Langlois', 'EAO-31');
insert into notes_details values ('2011-2012', 'SEM-7', 'Laetitia Langlois', 'EAO-32', 11.32, 2.0, 'A', 0, 1);
insert into notes_details values ('2011-2012', 'SEM-7', 'Laetitia Langlois', 'EAO-32', 11.32, 1.33, 'A', 0, 2);
insert into contentieux values ('2011-2012', 'SEM-7', 'Laetitia Langlois', 'EAO-32');
insert into notes_details values ('2011-2012', 'SEM-7', 'Laetitia Langlois', 'EAO-33', 11.32, 1.0, 'A', 0, 1);
insert into notes_details values ('2011-2012', 'SEM-7', 'Laetitia Langlois', 'EAO-33', 11.32, 2.33, 'A', 0, 2);
insert into contentieux values ('2011-2012', 'SEM-7', 'Laetitia Langlois', 'EAO-33');
insert into notes_details values ('2011-2012', 'SEM-7', 'Laetitia Langlois', 'EAO-34', 11.32, 1.67, 'A', 0, 1);
insert into notes_details values ('2011-2012', 'SEM-7', 'Laetitia Langlois', 'EAO-34', 11.32, 1.67, 'A', 0, 2);
insert into contentieux values ('2011-2012', 'SEM-7', 'Laetitia Langlois', 'EAO-34');
insert into notes_details values ('2011-2012', 'SEM-7', 'Laetitia Langlois', 'EAO-35', 11.32, 2.33, 'A', 0, 1);
insert into notes_details values ('2011-2012', 'SEM-7', 'Laetitia Langlois', 'EAO-35', 11.32, 1.0, 'A', 0, 2);
insert into contentieux values ('2011-2012', 'SEM-7', 'Laetitia Langlois', 'EAO-35');
insert into notes_details values ('2011-2012', 'SEM-7', 'Laetitia Langlois', 'LCI-3', 11.32, 2.0, 'A', 0, 1);
insert into notes_details values ('2011-2012', 'SEM-7', 'Laetitia Langlois', 'LCI-3', 11.32, 4.0, 'A', 3, 2);
insert into notes_details values ('2011-2012', 'SEM-7', 'Laetitia Langlois', 'MAT-3', 11.32, 1.67, 'A', 0, 1);
insert into notes_details values ('2011-2012', 'SEM-7', 'Laetitia Langlois', 'MAT-3', 11.32, 2.33, 'A', 0, 2);
insert into contentieux values ('2011-2012', 'SEM-7', 'Laetitia Langlois', 'MAT-3');
insert into notes_details values ('2011-2012', 'SEM-7', 'Laetitia Langlois', 'MNG-3', 11.32, 3.0, 'A', 3, 1);
insert into notes_details values ('2011-2012', 'SEM-7', 'Laetitia Langlois', 'PJT-3', 11.32, 1.0, 'A', 0, 1);
insert into notes_details values ('2011-2012', 'SEM-7', 'Laetitia Langlois', 'PJT-3', 11.32, 1.67, 'A', 0, 2);
insert into contentieux values ('2011-2012', 'SEM-7', 'Laetitia Langlois', 'PJT-3');
insert into notes_details values ('2011-2012', 'SEM-7', 'Laetitia Langlois', 'STD-3', 11.32, 2.33, 'A', 0, 1);
insert into notes_details values ('2011-2012', 'SEM-7', 'Laetitia Langlois', 'STD-3', 11.32, 1.0, 'A', 0, 2);
insert into contentieux values ('2011-2012', 'SEM-7', 'Laetitia Langlois', 'STD-3');
insert into gpa values ('2010-2011', 'SEM-5', 'Laetitia Langlois', 2.68);
insert into gpa values ('2010-2011', 'SEM-6', 'Laetitia Langlois', 2.8);
insert into gpa values ('2011-2012', 'SEM-7', 'Laetitia Langlois', 3.85);
insert into eleves values ('Arthur Nicolas', 1, 'S', 'Tres bien', 'MP', null, 'anicolas');
insert into notes_details values ('2011-2012', 'SEM-5', 'Arthur Nicolas', 'ALG-1', 11.32, 3.67, 'A', 3, 1);
insert into notes_details values ('2011-2012', 'SEM-5', 'Arthur Nicolas', 'DPP-1', 11.32, 3.0, 'A', 2, 1);
insert into notes_details values ('2011-2012', 'SEM-5', 'Arthur Nicolas', 'ELE-1', 11.32, 2.0, 'A', 0, 1);
insert into notes_details values ('2011-2012', 'SEM-5', 'Arthur Nicolas', 'ELE-1', 11.32, 2.33, 'A', 3, 99);
insert into notes_details values ('2011-2012', 'SEM-5', 'Arthur Nicolas', 'INP-1', 11.32, 1.0, 'A', 0, 1);
insert into notes_details values ('2011-2012', 'SEM-5', 'Arthur Nicolas', 'INP-1', 11.32, 3.33, 'A', 3, 2);
insert into notes_details values ('2011-2012', 'SEM-5', 'Arthur Nicolas', 'LCI-1', 11.32, 3.67, 'A', 3, 1);
insert into notes_details values ('2011-2012', 'SEM-5', 'Arthur Nicolas', 'MAT-1', 11.32, 2.33, 'A', 0, 1);
insert into notes_details values ('2011-2012', 'SEM-5', 'Arthur Nicolas', 'MAT-1', 11.32, 2.33, 'A', 3, 99);
insert into notes_details values ('2011-2012', 'SEM-5', 'Arthur Nicolas', 'MGP-1', 11.32, 2.33, 'A', 0, 1);
insert into notes_details values ('2011-2012', 'SEM-5', 'Arthur Nicolas', 'MGP-1', 11.32, 1.0, 'A', 4, 99);
insert into notes_details values ('2011-2012', 'SEM-5', 'Arthur Nicolas', 'PHO-1', 11.32, 1.67, 'A', 0, 1);
insert into notes_details values ('2011-2012', 'SEM-5', 'Arthur Nicolas', 'PHO-1', 11.32, 3.67, 'A', 3, 2);
insert into notes_details values ('2011-2012', 'SEM-5', 'Arthur Nicolas', 'PHQ-1', 11.32, 2.67, 'A', 3, 1);
insert into notes_details values ('2011-2012', 'SEM-5', 'Arthur Nicolas', 'SPM-1', 11.32, 3.67, 'A', 3, 1);
insert into notes_details values ('2011-2012', 'SEM-6', 'Arthur Nicolas', 'DPP-2', 11.32, 4.0, 'A', 1, 1);
insert into notes_details values ('2011-2012', 'SEM-6', 'Arthur Nicolas', 'EAO-2', 11.32, 4.0, 'A', 3, 1);
insert into notes_details values ('2011-2012', 'SEM-6', 'Arthur Nicolas', 'ECO-2', 11.32, 4.0, 'A', 3, 1);
insert into notes_details values ('2011-2012', 'SEM-6', 'Arthur Nicolas', 'LCI-2', 11.32, 1.33, 'A', 0, 1);
insert into notes_details values ('2011-2012', 'SEM-6', 'Arthur Nicolas', 'LCI-2', 11.32, 3.67, 'A', 3, 2);
insert into notes_details values ('2011-2012', 'SEM-6', 'Arthur Nicolas', 'MAT-2', 11.32, 1.33, 'A', 0, 1);
insert into notes_details values ('2011-2012', 'SEM-6', 'Arthur Nicolas', 'MAT-2', 11.32, 3.33, 'A', 2, 2);
insert into notes_details values ('2011-2012', 'SEM-6', 'Arthur Nicolas', 'MCO-2', 11.32, 3.0, 'A', 2, 1);
insert into notes_details values ('2011-2012', 'SEM-6', 'Arthur Nicolas', 'MGP-2', 11.32, 2.33, 'A', 0, 1);
insert into notes_details values ('2011-2012', 'SEM-6', 'Arthur Nicolas', 'MGP-2', 11.32, 3.33, 'A', 4, 2);
insert into notes_details values ('2011-2012', 'SEM-6', 'Arthur Nicolas', 'PHS-2', 11.32, 3.0, 'A', 2, 1);
insert into notes_details values ('2011-2012', 'SEM-6', 'Arthur Nicolas', 'PJT-2', 11.32, 1.0, 'A', 0, 1);
insert into notes_details values ('2011-2012', 'SEM-6', 'Arthur Nicolas', 'PJT-2', 11.32, 4.0, 'A', 1, 2);
insert into notes_details values ('2011-2012', 'SEM-6', 'Arthur Nicolas', 'RMS-2', 11.32, 3.67, 'A', 4, 1);
insert into notes_details values ('2011-2012', 'SEM-6', 'Arthur Nicolas', 'STG-2', 11.32, 1.0, 'A', 0, 1);
insert into notes_details values ('2011-2012', 'SEM-6', 'Arthur Nicolas', 'STG-2', 11.32, 2.0, 'A', 2, 99);
insert into notes_details values ('2011-2012', 'SEM-6', 'Arthur Nicolas', 'THS-2', 11.32, 4.0, 'A', 3, 1);
insert into notes_details values ('2012-2013', 'SEM-7', 'Arthur Nicolas', 'ASL-3', 11.32, 1.33, 'A', 0, 1);
insert into notes_details values ('2012-2013', 'SEM-7', 'Arthur Nicolas', 'ASL-3', 11.32, 2.0, 'A', 0, 2);
insert into contentieux values ('2012-2013', 'SEM-7', 'Arthur Nicolas', 'ASL-3');
insert into notes_details values ('2012-2013', 'SEM-7', 'Arthur Nicolas', 'DPP-3', 11.32, 1.67, 'A', 0, 1);
insert into notes_details values ('2012-2013', 'SEM-7', 'Arthur Nicolas', 'DPP-3', 11.32, 1.33, 'A', 0, 2);
insert into contentieux values ('2012-2013', 'SEM-7', 'Arthur Nicolas', 'DPP-3');
insert into notes_details values ('2012-2013', 'SEM-7', 'Arthur Nicolas', 'EAO-31', 11.32, 1.33, 'A', 0, 1);
insert into notes_details values ('2012-2013', 'SEM-7', 'Arthur Nicolas', 'EAO-31', 11.32, 1.0, 'A', 0, 2);
insert into contentieux values ('2012-2013', 'SEM-7', 'Arthur Nicolas', 'EAO-31');
insert into notes_details values ('2012-2013', 'SEM-7', 'Arthur Nicolas', 'EAO-32', 11.32, 2.0, 'A', 0, 1);
insert into notes_details values ('2012-2013', 'SEM-7', 'Arthur Nicolas', 'EAO-32', 11.32, 3.67, 'A', 2, 2);
insert into notes_details values ('2012-2013', 'SEM-7', 'Arthur Nicolas', 'EAO-33', 11.32, 1.0, 'A', 0, 1);
insert into notes_details values ('2012-2013', 'SEM-7', 'Arthur Nicolas', 'EAO-33', 11.32, 4.0, 'A', 2, 2);
insert into notes_details values ('2012-2013', 'SEM-7', 'Arthur Nicolas', 'EAO-34', 11.32, 3.0, 'A', 2, 1);
insert into notes_details values ('2012-2013', 'SEM-7', 'Arthur Nicolas', 'EAO-35', 11.32, 1.0, 'A', 0, 1);
insert into notes_details values ('2012-2013', 'SEM-7', 'Arthur Nicolas', 'EAO-35', 11.32, 1.67, 'A', 2, 99);
insert into notes_details values ('2012-2013', 'SEM-7', 'Arthur Nicolas', 'LCI-3', 11.32, 1.0, 'A', 0, 1);
insert into notes_details values ('2012-2013', 'SEM-7', 'Arthur Nicolas', 'LCI-3', 11.32, 3.33, 'A', 3, 2);
insert into notes_details values ('2012-2013', 'SEM-7', 'Arthur Nicolas', 'MAT-3', 11.32, 3.33, 'A', 3, 1);
insert into notes_details values ('2012-2013', 'SEM-7', 'Arthur Nicolas', 'MNG-3', 11.32, 3.0, 'A', 3, 1);
insert into notes_details values ('2012-2013', 'SEM-7', 'Arthur Nicolas', 'PJT-3', 11.32, 2.0, 'A', 0, 1);
insert into notes_details values ('2012-2013', 'SEM-7', 'Arthur Nicolas', 'PJT-3', 11.32, 2.33, 'A', 5, 99);
insert into notes_details values ('2012-2013', 'SEM-7', 'Arthur Nicolas', 'STD-3', 11.32, 1.0, 'A', 0, 1);
insert into notes_details values ('2012-2013', 'SEM-7', 'Arthur Nicolas', 'STD-3', 11.32, 1.67, 'A', 0, 2);
insert into contentieux values ('2012-2013', 'SEM-7', 'Arthur Nicolas', 'STD-3');
insert into gpa values ('2011-2012', 'SEM-5', 'Arthur Nicolas', 3.02);
insert into gpa values ('2011-2012', 'SEM-6', 'Arthur Nicolas', 3.62);
insert into gpa values ('2012-2013', 'SEM-7', 'Arthur Nicolas', 2.77);
insert into eleves values ('Johann Barthez', 1, 'S', 'Tres bien', 'MP', null, 'jbarthez');
insert into notes_details values ('2010-2011', 'SEM-5', 'Johann Barthez', 'ALG-1', 11.32, 1.0, 'A', 0, 1);
insert into notes_details values ('2010-2011', 'SEM-5', 'Johann Barthez', 'ALG-1', 11.32, 4.0, 'A', 3, 2);
insert into notes_details values ('2010-2011', 'SEM-5', 'Johann Barthez', 'DPP-1', 11.32, 3.0, 'A', 2, 1);
insert into notes_details values ('2010-2011', 'SEM-5', 'Johann Barthez', 'ELE-1', 11.32, 1.0, 'A', 0, 1);
insert into notes_details values ('2010-2011', 'SEM-5', 'Johann Barthez', 'ELE-1', 11.32, 2.0, 'A', 3, 99);
insert into notes_details values ('2010-2011', 'SEM-5', 'Johann Barthez', 'INP-1', 11.32, 1.33, 'A', 0, 1);
insert into notes_details values ('2010-2011', 'SEM-5', 'Johann Barthez', 'INP-1', 11.32, 3.67, 'A', 3, 2);
insert into notes_details values ('2010-2011', 'SEM-5', 'Johann Barthez', 'LCI-1', 11.32, 2.0, 'A', 0, 1);
insert into notes_details values ('2010-2011', 'SEM-5', 'Johann Barthez', 'LCI-1', 11.32, 1.0, 'A', 3, 99);
insert into notes_details values ('2010-2011', 'SEM-5', 'Johann Barthez', 'MAT-1', 11.32, 1.0, 'A', 0, 1);
insert into notes_details values ('2010-2011', 'SEM-5', 'Johann Barthez', 'MAT-1', 11.32, 3.0, 'A', 3, 2);
insert into notes_details values ('2010-2011', 'SEM-5', 'Johann Barthez', 'MGP-1', 11.32, 3.67, 'A', 4, 1);
insert into notes_details values ('2010-2011', 'SEM-5', 'Johann Barthez', 'PHO-1', 11.32, 3.0, 'A', 3, 1);
insert into notes_details values ('2010-2011', 'SEM-5', 'Johann Barthez', 'PHQ-1', 11.32, 1.67, 'A', 0, 1);
insert into notes_details values ('2010-2011', 'SEM-5', 'Johann Barthez', 'PHQ-1', 11.32, 2.67, 'A', 3, 2);
insert into notes_details values ('2010-2011', 'SEM-5', 'Johann Barthez', 'SPM-1', 11.32, 1.67, 'A', 0, 1);
insert into notes_details values ('2010-2011', 'SEM-5', 'Johann Barthez', 'SPM-1', 11.32, 1.0, 'A', 3, 99);
insert into notes_details values ('2010-2011', 'SEM-6', 'Johann Barthez', 'DPP-2', 11.32, 4.0, 'A', 1, 1);
insert into notes_details values ('2010-2011', 'SEM-6', 'Johann Barthez', 'EAO-2', 11.32, 3.33, 'A', 3, 1);
insert into notes_details values ('2010-2011', 'SEM-6', 'Johann Barthez', 'ECO-2', 11.32, 2.33, 'A', 0, 1);
insert into notes_details values ('2010-2011', 'SEM-6', 'Johann Barthez', 'ECO-2', 11.32, 2.33, 'A', 3, 99);
insert into notes_details values ('2010-2011', 'SEM-6', 'Johann Barthez', 'LCI-2', 11.32, 2.33, 'A', 0, 1);
insert into notes_details values ('2010-2011', 'SEM-6', 'Johann Barthez', 'LCI-2', 11.32, 1.67, 'A', 3, 99);
insert into notes_details values ('2010-2011', 'SEM-6', 'Johann Barthez', 'MAT-2', 11.32, 1.0, 'A', 0, 1);
insert into notes_details values ('2010-2011', 'SEM-6', 'Johann Barthez', 'MAT-2', 11.32, 2.67, 'A', 2, 2);
insert into notes_details values ('2010-2011', 'SEM-6', 'Johann Barthez', 'MCO-2', 11.32, 3.67, 'A', 2, 1);
insert into notes_details values ('2010-2011', 'SEM-6', 'Johann Barthez', 'MGP-2', 11.32, 3.33, 'A', 4, 1);
insert into notes_details values ('2010-2011', 'SEM-6', 'Johann Barthez', 'PHS-2', 11.32, 3.67, 'A', 2, 1);
insert into notes_details values ('2010-2011', 'SEM-6', 'Johann Barthez', 'PJT-2', 11.32, 2.67, 'A', 1, 1);
insert into notes_details values ('2010-2011', 'SEM-6', 'Johann Barthez', 'RMS-2', 11.32, 1.0, 'A', 0, 1);
insert into notes_details values ('2010-2011', 'SEM-6', 'Johann Barthez', 'RMS-2', 11.32, 3.33, 'A', 4, 2);
insert into notes_details values ('2010-2011', 'SEM-6', 'Johann Barthez', 'STG-2', 11.32, 3.67, 'A', 2, 1);
insert into notes_details values ('2010-2011', 'SEM-6', 'Johann Barthez', 'THS-2', 11.32, 1.33, 'A', 0, 1);
insert into notes_details values ('2010-2011', 'SEM-6', 'Johann Barthez', 'THS-2', 11.32, 2.67, 'A', 3, 2);
insert into notes_details values ('2011-2012', 'SEM-7', 'Johann Barthez', 'ASL-3', 11.32, 3.0, 'A', 2, 1);
insert into notes_details values ('2011-2012', 'SEM-7', 'Johann Barthez', 'DPP-3', 11.32, 1.0, 'A', 0, 1);
insert into notes_details values ('2011-2012', 'SEM-7', 'Johann Barthez', 'DPP-3', 11.32, 1.67, 'A', 2, 99);
insert into notes_details values ('2011-2012', 'SEM-7', 'Johann Barthez', 'EAO-31', 11.32, 1.67, 'A', 0, 1);
insert into notes_details values ('2011-2012', 'SEM-7', 'Johann Barthez', 'EAO-31', 11.32, 1.0, 'A', 0, 2);
insert into contentieux values ('2011-2012', 'SEM-7', 'Johann Barthez', 'EAO-31');
insert into notes_details values ('2011-2012', 'SEM-7', 'Johann Barthez', 'EAO-32', 11.32, 3.67, 'A', 2, 1);
insert into notes_details values ('2011-2012', 'SEM-7', 'Johann Barthez', 'EAO-33', 11.32, 1.67, 'A', 0, 1);
insert into notes_details values ('2011-2012', 'SEM-7', 'Johann Barthez', 'EAO-33', 11.32, 3.67, 'A', 2, 2);
insert into notes_details values ('2011-2012', 'SEM-7', 'Johann Barthez', 'EAO-34', 11.32, 3.0, 'A', 2, 1);
insert into notes_details values ('2011-2012', 'SEM-7', 'Johann Barthez', 'EAO-35', 11.32, 2.33, 'A', 0, 1);
insert into notes_details values ('2011-2012', 'SEM-7', 'Johann Barthez', 'EAO-35', 11.32, 2.0, 'A', 0, 2);
insert into contentieux values ('2011-2012', 'SEM-7', 'Johann Barthez', 'EAO-35');
insert into notes_details values ('2011-2012', 'SEM-7', 'Johann Barthez', 'LCI-3', 11.32, 1.33, 'A', 0, 1);
insert into notes_details values ('2011-2012', 'SEM-7', 'Johann Barthez', 'LCI-3', 11.32, 3.67, 'A', 3, 2);
insert into notes_details values ('2011-2012', 'SEM-7', 'Johann Barthez', 'MAT-3', 11.32, 1.33, 'A', 0, 1);
insert into notes_details values ('2011-2012', 'SEM-7', 'Johann Barthez', 'MAT-3', 11.32, 1.0, 'A', 3, 99);
insert into notes_details values ('2011-2012', 'SEM-7', 'Johann Barthez', 'MNG-3', 11.32, 1.0, 'A', 0, 1);
insert into notes_details values ('2011-2012', 'SEM-7', 'Johann Barthez', 'MNG-3', 11.32, 1.33, 'A', 0, 2);
insert into contentieux values ('2011-2012', 'SEM-7', 'Johann Barthez', 'MNG-3');
insert into notes_details values ('2011-2012', 'SEM-7', 'Johann Barthez', 'PJT-3', 11.32, 2.0, 'A', 0, 1);
insert into notes_details values ('2011-2012', 'SEM-7', 'Johann Barthez', 'PJT-3', 11.32, 3.33, 'A', 5, 2);
insert into notes_details values ('2011-2012', 'SEM-7', 'Johann Barthez', 'STD-3', 11.32, 4.0, 'A', 2, 1);
insert into gpa values ('2010-2011', 'SEM-5', 'Johann Barthez', 3.9);
insert into gpa values ('2010-2011', 'SEM-6', 'Johann Barthez', 3.6);
insert into gpa values ('2011-2012', 'SEM-7', 'Johann Barthez', 3.5);
insert into cesure values ('Johann Barthez', 'CESURE');
insert into eleves values ('Allan Jean', 1, 'S', 'Tres bien', 'Credits', null, 'ajean');
insert into notes_details values ('2011-2012', 'SEM-5', 'Allan Jean', 'ALG-1', 11.32, 2.33, 'A', 0, 1);
insert into notes_details values ('2011-2012', 'SEM-5', 'Allan Jean', 'ALG-1', 11.32, 3.0, 'A', 3, 2);
insert into notes_details values ('2011-2012', 'SEM-5', 'Allan Jean', 'DPP-1', 11.32, 2.67, 'A', 2, 1);
insert into notes_details values ('2011-2012', 'SEM-5', 'Allan Jean', 'ELE-1', 11.32, 2.0, 'A', 0, 1);
insert into notes_details values ('2011-2012', 'SEM-5', 'Allan Jean', 'ELE-1', 11.32, 2.67, 'A', 3, 2);
insert into notes_details values ('2011-2012', 'SEM-5', 'Allan Jean', 'INP-1', 11.32, 2.67, 'A', 3, 1);
insert into notes_details values ('2011-2012', 'SEM-5', 'Allan Jean', 'LCI-1', 11.32, 4.0, 'A', 3, 1);
insert into notes_details values ('2011-2012', 'SEM-5', 'Allan Jean', 'MAT-1', 11.32, 3.0, 'A', 3, 1);
insert into notes_details values ('2011-2012', 'SEM-5', 'Allan Jean', 'MGP-1', 11.32, 1.67, 'A', 0, 1);
insert into notes_details values ('2011-2012', 'SEM-5', 'Allan Jean', 'MGP-1', 11.32, 3.0, 'A', 4, 2);
insert into notes_details values ('2011-2012', 'SEM-5', 'Allan Jean', 'PHO-1', 11.32, 1.0, 'A', 0, 1);
insert into notes_details values ('2011-2012', 'SEM-5', 'Allan Jean', 'PHO-1', 11.32, 1.67, 'A', 3, 99);
insert into notes_details values ('2011-2012', 'SEM-5', 'Allan Jean', 'PHQ-1', 11.32, 3.33, 'A', 3, 1);
insert into notes_details values ('2011-2012', 'SEM-5', 'Allan Jean', 'SPM-1', 11.32, 2.67, 'A', 3, 1);
insert into notes_details values ('2011-2012', 'SEM-6', 'Allan Jean', 'DPP-2', 11.32, 2.33, 'A', 0, 1);
insert into notes_details values ('2011-2012', 'SEM-6', 'Allan Jean', 'DPP-2', 11.32, 1.67, 'A', 1, 99);
insert into notes_details values ('2011-2012', 'SEM-6', 'Allan Jean', 'EAO-2', 11.32, 3.67, 'A', 3, 1);
insert into notes_details values ('2011-2012', 'SEM-6', 'Allan Jean', 'ECO-2', 11.32, 3.67, 'A', 3, 1);
insert into notes_details values ('2011-2012', 'SEM-6', 'Allan Jean', 'LCI-2', 11.32, 1.67, 'A', 0, 1);
insert into notes_details values ('2011-2012', 'SEM-6', 'Allan Jean', 'LCI-2', 11.32, 1.67, 'A', 3, 99);
insert into notes_details values ('2011-2012', 'SEM-6', 'Allan Jean', 'MAT-2', 11.32, 4.0, 'A', 2, 1);
insert into notes_details values ('2011-2012', 'SEM-6', 'Allan Jean', 'MCO-2', 11.32, 2.0, 'A', 0, 1);
insert into notes_details values ('2011-2012', 'SEM-6', 'Allan Jean', 'MCO-2', 11.32, 2.67, 'A', 2, 2);
insert into notes_details values ('2011-2012', 'SEM-6', 'Allan Jean', 'MGP-2', 11.32, 3.0, 'A', 4, 1);
insert into notes_details values ('2011-2012', 'SEM-6', 'Allan Jean', 'PHS-2', 11.32, 4.0, 'A', 2, 1);
insert into notes_details values ('2011-2012', 'SEM-6', 'Allan Jean', 'PJT-2', 11.32, 3.0, 'A', 1, 1);
insert into notes_details values ('2011-2012', 'SEM-6', 'Allan Jean', 'RMS-2', 11.32, 2.33, 'A', 0, 1);
insert into notes_details values ('2011-2012', 'SEM-6', 'Allan Jean', 'RMS-2', 11.32, 4.0, 'A', 4, 2);
insert into notes_details values ('2011-2012', 'SEM-6', 'Allan Jean', 'STG-2', 11.32, 1.0, 'A', 0, 1);
insert into notes_details values ('2011-2012', 'SEM-6', 'Allan Jean', 'STG-2', 11.32, 3.0, 'A', 2, 2);
insert into notes_details values ('2011-2012', 'SEM-6', 'Allan Jean', 'THS-2', 11.32, 4.0, 'A', 3, 1);
insert into notes_details values ('2012-2013', 'SEM-7', 'Allan Jean', 'ASL-3', 11.32, 2.33, 'A', 0, 1);
insert into notes_details values ('2012-2013', 'SEM-7', 'Allan Jean', 'ASL-3', 11.32, 1.67, 'A', 0, 2);
insert into contentieux values ('2012-2013', 'SEM-7', 'Allan Jean', 'ASL-3');
insert into notes_details values ('2012-2013', 'SEM-7', 'Allan Jean', 'DPP-3', 11.32, 3.67, 'A', 2, 1);
insert into notes_details values ('2012-2013', 'SEM-7', 'Allan Jean', 'EAO-31', 11.32, 3.67, 'A', 2, 1);
insert into notes_details values ('2012-2013', 'SEM-7', 'Allan Jean', 'EAO-32', 11.32, 2.33, 'A', 0, 1);
insert into notes_details values ('2012-2013', 'SEM-7', 'Allan Jean', 'EAO-32', 11.32, 1.33, 'A', 0, 2);
insert into contentieux values ('2012-2013', 'SEM-7', 'Allan Jean', 'EAO-32');
insert into notes_details values ('2012-2013', 'SEM-7', 'Allan Jean', 'EAO-33', 11.32, 1.0, 'A', 0, 1);
insert into notes_details values ('2012-2013', 'SEM-7', 'Allan Jean', 'EAO-33', 11.32, 3.67, 'A', 2, 2);
insert into notes_details values ('2012-2013', 'SEM-7', 'Allan Jean', 'EAO-34', 11.32, 1.67, 'A', 0, 1);
insert into notes_details values ('2012-2013', 'SEM-7', 'Allan Jean', 'EAO-34', 11.32, 1.0, 'A', 0, 2);
insert into contentieux values ('2012-2013', 'SEM-7', 'Allan Jean', 'EAO-34');
insert into notes_details values ('2012-2013', 'SEM-7', 'Allan Jean', 'EAO-35', 11.32, 2.67, 'A', 2, 1);
insert into notes_details values ('2012-2013', 'SEM-7', 'Allan Jean', 'LCI-3', 11.32, 2.0, 'A', 0, 1);
insert into notes_details values ('2012-2013', 'SEM-7', 'Allan Jean', 'LCI-3', 11.32, 1.0, 'A', 3, 99);
insert into notes_details values ('2012-2013', 'SEM-7', 'Allan Jean', 'MAT-3', 11.32, 1.0, 'A', 0, 1);
insert into notes_details values ('2012-2013', 'SEM-7', 'Allan Jean', 'MAT-3', 11.32, 3.33, 'A', 3, 2);
insert into notes_details values ('2012-2013', 'SEM-7', 'Allan Jean', 'MNG-3', 11.32, 4.0, 'A', 3, 1);
insert into notes_details values ('2012-2013', 'SEM-7', 'Allan Jean', 'PJT-3', 11.32, 1.67, 'A', 0, 1);
insert into notes_details values ('2012-2013', 'SEM-7', 'Allan Jean', 'PJT-3', 11.32, 3.0, 'A', 5, 2);
insert into notes_details values ('2012-2013', 'SEM-7', 'Allan Jean', 'STD-3', 11.32, 4.0, 'A', 2, 1);
insert into gpa values ('2011-2012', 'SEM-5', 'Allan Jean', 3.4);
insert into gpa values ('2011-2012', 'SEM-6', 'Allan Jean', 3.18);
insert into gpa values ('2012-2013', 'SEM-7', 'Allan Jean', 2.57);
insert into eleves values ('Michel Suarez', 1, 'S', 'Tres bien', 'MP', null, 'msuarez');
insert into notes_details values ('2010-2011', 'SEM-5', 'Michel Suarez', 'ALG-1', 11.32, 1.33, 'A', 0, 1);
insert into notes_details values ('2010-2011', 'SEM-5', 'Michel Suarez', 'ALG-1', 11.32, 3.33, 'A', 3, 2);
insert into notes_details values ('2010-2011', 'SEM-5', 'Michel Suarez', 'DPP-1', 11.32, 2.33, 'A', 0, 1);
insert into notes_details values ('2010-2011', 'SEM-5', 'Michel Suarez', 'DPP-1', 11.32, 1.67, 'A', 2, 99);
insert into notes_details values ('2010-2011', 'SEM-5', 'Michel Suarez', 'ELE-1', 11.32, 2.33, 'A', 0, 1);
insert into notes_details values ('2010-2011', 'SEM-5', 'Michel Suarez', 'ELE-1', 11.32, 2.67, 'A', 3, 2);
insert into notes_details values ('2010-2011', 'SEM-5', 'Michel Suarez', 'INP-1', 11.32, 2.33, 'A', 0, 1);
insert into notes_details values ('2010-2011', 'SEM-5', 'Michel Suarez', 'INP-1', 11.32, 2.67, 'A', 3, 2);
insert into notes_details values ('2010-2011', 'SEM-5', 'Michel Suarez', 'LCI-1', 11.32, 3.33, 'A', 3, 1);
insert into notes_details values ('2010-2011', 'SEM-5', 'Michel Suarez', 'MAT-1', 11.32, 1.0, 'A', 0, 1);
insert into notes_details values ('2010-2011', 'SEM-5', 'Michel Suarez', 'MAT-1', 11.32, 1.33, 'A', 3, 99);
insert into notes_details values ('2010-2011', 'SEM-5', 'Michel Suarez', 'MGP-1', 11.32, 2.33, 'A', 0, 1);
insert into notes_details values ('2010-2011', 'SEM-5', 'Michel Suarez', 'MGP-1', 11.32, 3.67, 'A', 4, 2);
insert into notes_details values ('2010-2011', 'SEM-5', 'Michel Suarez', 'PHO-1', 11.32, 1.0, 'A', 0, 1);
insert into notes_details values ('2010-2011', 'SEM-5', 'Michel Suarez', 'PHO-1', 11.32, 3.67, 'A', 3, 2);
insert into notes_details values ('2010-2011', 'SEM-5', 'Michel Suarez', 'PHQ-1', 11.32, 1.0, 'A', 0, 1);
insert into notes_details values ('2010-2011', 'SEM-5', 'Michel Suarez', 'PHQ-1', 11.32, 1.33, 'A', 3, 99);
insert into notes_details values ('2010-2011', 'SEM-5', 'Michel Suarez', 'SPM-1', 11.32, 3.33, 'A', 3, 1);
insert into notes_details values ('2010-2011', 'SEM-6', 'Michel Suarez', 'DPP-2', 11.32, 2.0, 'A', 0, 1);
insert into notes_details values ('2010-2011', 'SEM-6', 'Michel Suarez', 'DPP-2', 11.32, 3.0, 'A', 1, 2);
insert into notes_details values ('2010-2011', 'SEM-6', 'Michel Suarez', 'EAO-2', 11.32, 2.67, 'A', 3, 1);
insert into notes_details values ('2010-2011', 'SEM-6', 'Michel Suarez', 'ECO-2', 11.32, 3.33, 'A', 3, 1);
insert into notes_details values ('2010-2011', 'SEM-6', 'Michel Suarez', 'LCI-2', 11.32, 1.67, 'A', 0, 1);
insert into notes_details values ('2010-2011', 'SEM-6', 'Michel Suarez', 'LCI-2', 11.32, 3.0, 'A', 3, 2);
insert into notes_details values ('2010-2011', 'SEM-6', 'Michel Suarez', 'MAT-2', 11.32, 1.33, 'A', 0, 1);
insert into notes_details values ('2010-2011', 'SEM-6', 'Michel Suarez', 'MAT-2', 11.32, 2.33, 'A', 2, 99);
insert into notes_details values ('2010-2011', 'SEM-6', 'Michel Suarez', 'MCO-2', 11.32, 1.67, 'A', 0, 1);
insert into notes_details values ('2010-2011', 'SEM-6', 'Michel Suarez', 'MCO-2', 11.32, 2.67, 'A', 2, 2);
insert into notes_details values ('2010-2011', 'SEM-6', 'Michel Suarez', 'MGP-2', 11.32, 2.67, 'A', 4, 1);
insert into notes_details values ('2010-2011', 'SEM-6', 'Michel Suarez', 'PHS-2', 11.32, 3.67, 'A', 2, 1);
insert into notes_details values ('2010-2011', 'SEM-6', 'Michel Suarez', 'PJT-2', 11.32, 3.67, 'A', 1, 1);
insert into notes_details values ('2010-2011', 'SEM-6', 'Michel Suarez', 'RMS-2', 11.32, 1.33, 'A', 0, 1);
insert into notes_details values ('2010-2011', 'SEM-6', 'Michel Suarez', 'RMS-2', 11.32, 3.0, 'A', 4, 2);
insert into notes_details values ('2010-2011', 'SEM-6', 'Michel Suarez', 'STG-2', 11.32, 3.67, 'A', 2, 1);
insert into notes_details values ('2010-2011', 'SEM-6', 'Michel Suarez', 'THS-2', 11.32, 2.0, 'A', 0, 1);
insert into notes_details values ('2010-2011', 'SEM-6', 'Michel Suarez', 'THS-2', 11.32, 4.0, 'A', 3, 2);
insert into notes_details values ('2011-2012', 'SEM-7', 'Michel Suarez', 'ASL-3', 11.32, 1.33, 'A', 0, 1);
insert into notes_details values ('2011-2012', 'SEM-7', 'Michel Suarez', 'ASL-3', 11.32, 2.67, 'A', 2, 2);
insert into notes_details values ('2011-2012', 'SEM-7', 'Michel Suarez', 'DPP-3', 11.32, 2.0, 'A', 0, 1);
insert into notes_details values ('2011-2012', 'SEM-7', 'Michel Suarez', 'DPP-3', 11.32, 4.0, 'A', 2, 2);
insert into notes_details values ('2011-2012', 'SEM-7', 'Michel Suarez', 'EAO-31', 11.32, 4.0, 'A', 2, 1);
insert into notes_details values ('2011-2012', 'SEM-7', 'Michel Suarez', 'EAO-32', 11.32, 1.67, 'A', 0, 1);
insert into notes_details values ('2011-2012', 'SEM-7', 'Michel Suarez', 'EAO-32', 11.32, 1.67, 'A', 0, 2);
insert into contentieux values ('2011-2012', 'SEM-7', 'Michel Suarez', 'EAO-32');
insert into notes_details values ('2011-2012', 'SEM-7', 'Michel Suarez', 'EAO-33', 11.32, 2.0, 'A', 0, 1);
insert into notes_details values ('2011-2012', 'SEM-7', 'Michel Suarez', 'EAO-33', 11.32, 3.33, 'A', 2, 2);
insert into notes_details values ('2011-2012', 'SEM-7', 'Michel Suarez', 'EAO-34', 11.32, 1.0, 'A', 0, 1);
insert into notes_details values ('2011-2012', 'SEM-7', 'Michel Suarez', 'EAO-34', 11.32, 3.0, 'A', 2, 2);
insert into notes_details values ('2011-2012', 'SEM-7', 'Michel Suarez', 'EAO-35', 11.32, 2.67, 'A', 2, 1);
insert into notes_details values ('2011-2012', 'SEM-7', 'Michel Suarez', 'LCI-3', 11.32, 2.67, 'A', 3, 1);
insert into notes_details values ('2011-2012', 'SEM-7', 'Michel Suarez', 'MAT-3', 11.32, 2.33, 'A', 0, 1);
insert into notes_details values ('2011-2012', 'SEM-7', 'Michel Suarez', 'MAT-3', 11.32, 3.67, 'A', 3, 2);
insert into notes_details values ('2011-2012', 'SEM-7', 'Michel Suarez', 'MNG-3', 11.32, 1.0, 'A', 0, 1);
insert into notes_details values ('2011-2012', 'SEM-7', 'Michel Suarez', 'MNG-3', 11.32, 1.0, 'A', 0, 2);
insert into contentieux values ('2011-2012', 'SEM-7', 'Michel Suarez', 'MNG-3');
insert into notes_details values ('2011-2012', 'SEM-7', 'Michel Suarez', 'PJT-3', 11.32, 1.33, 'A', 0, 1);
insert into notes_details values ('2011-2012', 'SEM-7', 'Michel Suarez', 'PJT-3', 11.32, 3.33, 'A', 5, 2);
insert into notes_details values ('2011-2012', 'SEM-7', 'Michel Suarez', 'STD-3', 11.32, 3.33, 'A', 2, 1);
insert into gpa values ('2010-2011', 'SEM-5', 'Michel Suarez', 3.27);
insert into gpa values ('2010-2011', 'SEM-6', 'Michel Suarez', 2.53);
insert into gpa values ('2011-2012', 'SEM-7', 'Michel Suarez', 2.5);
insert into eleves values ('Zelie David', 1, 'S', 'Tres bien', 'MP', null, 'zdavid');
insert into notes_details values ('2011-2012', 'SEM-5', 'Zelie David', 'ALG-1', 11.32, 2.0, 'A', 0, 1);
insert into notes_details values ('2011-2012', 'SEM-5', 'Zelie David', 'ALG-1', 11.32, 1.33, 'A', 3, 99);
insert into notes_details values ('2011-2012', 'SEM-5', 'Zelie David', 'DPP-1', 11.32, 1.67, 'A', 0, 1);
insert into notes_details values ('2011-2012', 'SEM-5', 'Zelie David', 'DPP-1', 11.32, 3.33, 'A', 2, 2);
insert into notes_details values ('2011-2012', 'SEM-5', 'Zelie David', 'ELE-1', 11.32, 4.0, 'A', 3, 1);
insert into notes_details values ('2011-2012', 'SEM-5', 'Zelie David', 'INP-1', 11.32, 1.0, 'A', 0, 1);
insert into notes_details values ('2011-2012', 'SEM-5', 'Zelie David', 'INP-1', 11.32, 3.33, 'A', 3, 2);
insert into notes_details values ('2011-2012', 'SEM-5', 'Zelie David', 'LCI-1', 11.32, 3.67, 'A', 3, 1);
insert into notes_details values ('2011-2012', 'SEM-5', 'Zelie David', 'MAT-1', 11.32, 3.0, 'A', 3, 1);
insert into notes_details values ('2011-2012', 'SEM-5', 'Zelie David', 'MGP-1', 11.32, 4.0, 'A', 4, 1);
insert into notes_details values ('2011-2012', 'SEM-5', 'Zelie David', 'PHO-1', 11.32, 1.33, 'A', 0, 1);
insert into notes_details values ('2011-2012', 'SEM-5', 'Zelie David', 'PHO-1', 11.32, 3.33, 'A', 3, 2);
insert into notes_details values ('2011-2012', 'SEM-5', 'Zelie David', 'PHQ-1', 11.32, 1.0, 'A', 0, 1);
insert into notes_details values ('2011-2012', 'SEM-5', 'Zelie David', 'PHQ-1', 11.32, 2.33, 'A', 3, 99);
insert into notes_details values ('2011-2012', 'SEM-5', 'Zelie David', 'SPM-1', 11.32, 1.0, 'A', 0, 1);
insert into notes_details values ('2011-2012', 'SEM-5', 'Zelie David', 'SPM-1', 11.32, 4.0, 'A', 3, 2);
insert into notes_details values ('2011-2012', 'SEM-6', 'Zelie David', 'DPP-2', 11.32, 1.0, 'A', 0, 1);
insert into notes_details values ('2011-2012', 'SEM-6', 'Zelie David', 'DPP-2', 11.32, 4.0, 'A', 1, 2);
insert into notes_details values ('2011-2012', 'SEM-6', 'Zelie David', 'EAO-2', 11.32, 3.0, 'A', 3, 1);
insert into notes_details values ('2011-2012', 'SEM-6', 'Zelie David', 'ECO-2', 11.32, 4.0, 'A', 3, 1);
insert into notes_details values ('2011-2012', 'SEM-6', 'Zelie David', 'LCI-2', 11.32, 1.67, 'A', 0, 1);
insert into notes_details values ('2011-2012', 'SEM-6', 'Zelie David', 'LCI-2', 11.32, 4.0, 'A', 3, 2);
insert into notes_details values ('2011-2012', 'SEM-6', 'Zelie David', 'MAT-2', 11.32, 2.67, 'A', 2, 1);
insert into notes_details values ('2011-2012', 'SEM-6', 'Zelie David', 'MCO-2', 11.32, 3.67, 'A', 2, 1);
insert into notes_details values ('2011-2012', 'SEM-6', 'Zelie David', 'MGP-2', 11.32, 3.67, 'A', 4, 1);
insert into notes_details values ('2011-2012', 'SEM-6', 'Zelie David', 'PHS-2', 11.32, 2.67, 'A', 2, 1);
insert into notes_details values ('2011-2012', 'SEM-6', 'Zelie David', 'PJT-2', 11.32, 3.67, 'A', 1, 1);
insert into notes_details values ('2011-2012', 'SEM-6', 'Zelie David', 'RMS-2', 11.32, 2.33, 'A', 0, 1);
insert into notes_details values ('2011-2012', 'SEM-6', 'Zelie David', 'RMS-2', 11.32, 3.33, 'A', 4, 2);
insert into notes_details values ('2011-2012', 'SEM-6', 'Zelie David', 'STG-2', 11.32, 2.33, 'A', 0, 1);
insert into notes_details values ('2011-2012', 'SEM-6', 'Zelie David', 'STG-2', 11.32, 3.67, 'A', 2, 2);
insert into notes_details values ('2011-2012', 'SEM-6', 'Zelie David', 'THS-2', 11.32, 1.33, 'A', 0, 1);
insert into notes_details values ('2011-2012', 'SEM-6', 'Zelie David', 'THS-2', 11.32, 2.67, 'A', 3, 2);
insert into notes_details values ('2012-2013', 'SEM-7', 'Zelie David', 'ASL-3', 11.32, 1.0, 'A', 0, 1);
insert into notes_details values ('2012-2013', 'SEM-7', 'Zelie David', 'ASL-3', 11.32, 2.0, 'A', 0, 2);
insert into contentieux values ('2012-2013', 'SEM-7', 'Zelie David', 'ASL-3');
insert into notes_details values ('2012-2013', 'SEM-7', 'Zelie David', 'DPP-3', 11.32, 2.33, 'A', 0, 1);
insert into notes_details values ('2012-2013', 'SEM-7', 'Zelie David', 'DPP-3', 11.32, 1.67, 'A', 0, 2);
insert into contentieux values ('2012-2013', 'SEM-7', 'Zelie David', 'DPP-3');
insert into notes_details values ('2012-2013', 'SEM-7', 'Zelie David', 'EAO-31', 11.32, 2.0, 'A', 0, 1);
insert into notes_details values ('2012-2013', 'SEM-7', 'Zelie David', 'EAO-31', 11.32, 3.67, 'A', 2, 2);
insert into notes_details values ('2012-2013', 'SEM-7', 'Zelie David', 'EAO-32', 11.32, 1.0, 'A', 0, 1);
insert into notes_details values ('2012-2013', 'SEM-7', 'Zelie David', 'EAO-32', 11.32, 1.33, 'A', 0, 2);
insert into contentieux values ('2012-2013', 'SEM-7', 'Zelie David', 'EAO-32');
insert into notes_details values ('2012-2013', 'SEM-7', 'Zelie David', 'EAO-33', 11.32, 1.33, 'A', 0, 1);
insert into notes_details values ('2012-2013', 'SEM-7', 'Zelie David', 'EAO-33', 11.32, 2.0, 'A', 0, 2);
insert into contentieux values ('2012-2013', 'SEM-7', 'Zelie David', 'EAO-33');
insert into notes_details values ('2012-2013', 'SEM-7', 'Zelie David', 'EAO-34', 11.32, 1.33, 'A', 0, 1);
insert into notes_details values ('2012-2013', 'SEM-7', 'Zelie David', 'EAO-34', 11.32, 1.33, 'A', 0, 2);
insert into contentieux values ('2012-2013', 'SEM-7', 'Zelie David', 'EAO-34');
insert into notes_details values ('2012-2013', 'SEM-7', 'Zelie David', 'EAO-35', 11.32, 3.33, 'A', 2, 1);
insert into notes_details values ('2012-2013', 'SEM-7', 'Zelie David', 'LCI-3', 11.32, 1.0, 'A', 0, 1);
insert into notes_details values ('2012-2013', 'SEM-7', 'Zelie David', 'LCI-3', 11.32, 2.67, 'A', 3, 2);
insert into notes_details values ('2012-2013', 'SEM-7', 'Zelie David', 'MAT-3', 11.32, 3.33, 'A', 3, 1);
insert into notes_details values ('2012-2013', 'SEM-7', 'Zelie David', 'MNG-3', 11.32, 3.0, 'A', 3, 1);
insert into notes_details values ('2012-2013', 'SEM-7', 'Zelie David', 'PJT-3', 11.32, 4.0, 'A', 5, 1);
insert into notes_details values ('2012-2013', 'SEM-7', 'Zelie David', 'STD-3', 11.32, 4.0, 'A', 2, 1);
insert into gpa values ('2011-2012', 'SEM-5', 'Zelie David', 3.07);
insert into gpa values ('2011-2012', 'SEM-6', 'Zelie David', 3.57);
insert into gpa values ('2012-2013', 'SEM-7', 'Zelie David', 3.3);
insert into eleves values ('Urbain Roux', 1, 'S', 'Tres bien', 'MP', null, 'uroux');
insert into notes_details values ('2010-2011', 'SEM-5', 'Urbain Roux', 'ALG-1', 11.32, 3.33, 'A', 3, 1);
insert into notes_details values ('2010-2011', 'SEM-5', 'Urbain Roux', 'DPP-1', 11.32, 2.0, 'A', 0, 1);
insert into notes_details values ('2010-2011', 'SEM-5', 'Urbain Roux', 'DPP-1', 11.32, 3.67, 'A', 2, 2);
insert into notes_details values ('2010-2011', 'SEM-5', 'Urbain Roux', 'ELE-1', 11.32, 3.67, 'A', 3, 1);
insert into notes_details values ('2010-2011', 'SEM-5', 'Urbain Roux', 'INP-1', 11.32, 4.0, 'A', 3, 1);
insert into notes_details values ('2010-2011', 'SEM-5', 'Urbain Roux', 'LCI-1', 11.32, 1.0, 'A', 0, 1);
insert into notes_details values ('2010-2011', 'SEM-5', 'Urbain Roux', 'LCI-1', 11.32, 3.67, 'A', 3, 2);
insert into notes_details values ('2010-2011', 'SEM-5', 'Urbain Roux', 'MAT-1', 11.32, 1.0, 'A', 0, 1);
insert into notes_details values ('2010-2011', 'SEM-5', 'Urbain Roux', 'MAT-1', 11.32, 3.67, 'A', 3, 2);
insert into notes_details values ('2010-2011', 'SEM-5', 'Urbain Roux', 'MGP-1', 11.32, 2.67, 'A', 4, 1);
insert into notes_details values ('2010-2011', 'SEM-5', 'Urbain Roux', 'PHO-1', 11.32, 1.33, 'A', 0, 1);
insert into notes_details values ('2010-2011', 'SEM-5', 'Urbain Roux', 'PHO-1', 11.32, 3.67, 'A', 3, 2);
insert into notes_details values ('2010-2011', 'SEM-5', 'Urbain Roux', 'PHQ-1', 11.32, 1.33, 'A', 0, 1);
insert into notes_details values ('2010-2011', 'SEM-5', 'Urbain Roux', 'PHQ-1', 11.32, 2.67, 'A', 3, 2);
insert into notes_details values ('2010-2011', 'SEM-5', 'Urbain Roux', 'SPM-1', 11.32, 2.0, 'A', 0, 1);
insert into notes_details values ('2010-2011', 'SEM-5', 'Urbain Roux', 'SPM-1', 11.32, 2.67, 'A', 3, 2);
insert into notes_details values ('2010-2011', 'SEM-6', 'Urbain Roux', 'DPP-2', 11.32, 4.0, 'A', 1, 1);
insert into notes_details values ('2010-2011', 'SEM-6', 'Urbain Roux', 'EAO-2', 11.32, 1.67, 'A', 0, 1);
insert into notes_details values ('2010-2011', 'SEM-6', 'Urbain Roux', 'EAO-2', 11.32, 3.0, 'A', 3, 2);
insert into notes_details values ('2010-2011', 'SEM-6', 'Urbain Roux', 'ECO-2', 11.32, 1.67, 'A', 0, 1);
insert into notes_details values ('2010-2011', 'SEM-6', 'Urbain Roux', 'ECO-2', 11.32, 2.67, 'A', 3, 2);
insert into notes_details values ('2010-2011', 'SEM-6', 'Urbain Roux', 'LCI-2', 11.32, 1.33, 'A', 0, 1);
insert into notes_details values ('2010-2011', 'SEM-6', 'Urbain Roux', 'LCI-2', 11.32, 4.0, 'A', 3, 2);
insert into notes_details values ('2010-2011', 'SEM-6', 'Urbain Roux', 'MAT-2', 11.32, 3.67, 'A', 2, 1);
insert into notes_details values ('2010-2011', 'SEM-6', 'Urbain Roux', 'MCO-2', 11.32, 4.0, 'A', 2, 1);
insert into notes_details values ('2010-2011', 'SEM-6', 'Urbain Roux', 'MGP-2', 11.32, 3.67, 'A', 4, 1);
insert into notes_details values ('2010-2011', 'SEM-6', 'Urbain Roux', 'PHS-2', 11.32, 3.33, 'A', 2, 1);
insert into notes_details values ('2010-2011', 'SEM-6', 'Urbain Roux', 'PJT-2', 11.32, 2.0, 'A', 0, 1);
insert into notes_details values ('2010-2011', 'SEM-6', 'Urbain Roux', 'PJT-2', 11.32, 3.0, 'A', 1, 2);
insert into notes_details values ('2010-2011', 'SEM-6', 'Urbain Roux', 'RMS-2', 11.32, 3.33, 'A', 4, 1);
insert into notes_details values ('2010-2011', 'SEM-6', 'Urbain Roux', 'STG-2', 11.32, 2.67, 'A', 2, 1);
insert into notes_details values ('2010-2011', 'SEM-6', 'Urbain Roux', 'THS-2', 11.32, 1.33, 'A', 0, 1);
insert into notes_details values ('2010-2011', 'SEM-6', 'Urbain Roux', 'THS-2', 11.32, 2.67, 'A', 3, 2);
insert into notes_details values ('2011-2012', 'SEM-7', 'Urbain Roux', 'ASL-3', 11.32, 2.33, 'A', 0, 1);
insert into notes_details values ('2011-2012', 'SEM-7', 'Urbain Roux', 'ASL-3', 11.32, 1.0, 'A', 0, 2);
insert into contentieux values ('2011-2012', 'SEM-7', 'Urbain Roux', 'ASL-3');
insert into notes_details values ('2011-2012', 'SEM-7', 'Urbain Roux', 'DPP-3', 11.32, 2.67, 'A', 2, 1);
insert into notes_details values ('2011-2012', 'SEM-7', 'Urbain Roux', 'EAO-31', 11.32, 3.0, 'A', 2, 1);
insert into notes_details values ('2011-2012', 'SEM-7', 'Urbain Roux', 'EAO-32', 11.32, 1.0, 'A', 0, 1);
insert into notes_details values ('2011-2012', 'SEM-7', 'Urbain Roux', 'EAO-32', 11.32, 3.33, 'A', 2, 2);
insert into notes_details values ('2011-2012', 'SEM-7', 'Urbain Roux', 'EAO-33', 11.32, 3.0, 'A', 2, 1);
insert into notes_details values ('2011-2012', 'SEM-7', 'Urbain Roux', 'EAO-34', 11.32, 2.67, 'A', 2, 1);
insert into notes_details values ('2011-2012', 'SEM-7', 'Urbain Roux', 'EAO-35', 11.32, 2.67, 'A', 2, 1);
insert into notes_details values ('2011-2012', 'SEM-7', 'Urbain Roux', 'LCI-3', 11.32, 2.0, 'A', 0, 1);
insert into notes_details values ('2011-2012', 'SEM-7', 'Urbain Roux', 'LCI-3', 11.32, 2.67, 'A', 3, 2);
insert into notes_details values ('2011-2012', 'SEM-7', 'Urbain Roux', 'MAT-3', 11.32, 2.33, 'A', 0, 1);
insert into notes_details values ('2011-2012', 'SEM-7', 'Urbain Roux', 'MAT-3', 11.32, 2.0, 'A', 3, 99);
insert into notes_details values ('2011-2012', 'SEM-7', 'Urbain Roux', 'MNG-3', 11.32, 2.0, 'A', 0, 1);
insert into notes_details values ('2011-2012', 'SEM-7', 'Urbain Roux', 'MNG-3', 11.32, 1.67, 'A', 0, 2);
insert into contentieux values ('2011-2012', 'SEM-7', 'Urbain Roux', 'MNG-3');
insert into notes_details values ('2011-2012', 'SEM-7', 'Urbain Roux', 'PJT-3', 11.32, 1.33, 'A', 0, 1);
insert into notes_details values ('2011-2012', 'SEM-7', 'Urbain Roux', 'PJT-3', 11.32, 2.67, 'A', 5, 2);
insert into notes_details values ('2011-2012', 'SEM-7', 'Urbain Roux', 'STD-3', 11.32, 2.33, 'A', 0, 1);
insert into notes_details values ('2011-2012', 'SEM-7', 'Urbain Roux', 'STD-3', 11.32, 1.67, 'A', 0, 2);
insert into contentieux values ('2011-2012', 'SEM-7', 'Urbain Roux', 'STD-3');
insert into gpa values ('2010-2011', 'SEM-5', 'Urbain Roux', 3.25);
insert into gpa values ('2010-2011', 'SEM-6', 'Urbain Roux', 2.02);
insert into gpa values ('2011-2012', 'SEM-7', 'Urbain Roux', 3.91);
insert into eleves values ('Calvin Durand', 1, 'S', 'Tres bien', 'Etranger', null, 'cdurand');
insert into notes_details values ('2011-2012', 'SEM-5', 'Calvin Durand', 'ALG-1', 11.32, 2.33, 'A', 0, 1);
insert into notes_details values ('2011-2012', 'SEM-5', 'Calvin Durand', 'ALG-1', 11.32, 1.33, 'A', 3, 99);
insert into notes_details values ('2011-2012', 'SEM-5', 'Calvin Durand', 'DPP-1', 11.32, 3.67, 'A', 2, 1);
insert into notes_details values ('2011-2012', 'SEM-5', 'Calvin Durand', 'ELE-1', 11.32, 1.0, 'A', 0, 1);
insert into notes_details values ('2011-2012', 'SEM-5', 'Calvin Durand', 'ELE-1', 11.32, 1.0, 'A', 3, 99);
insert into notes_details values ('2011-2012', 'SEM-5', 'Calvin Durand', 'INP-1', 11.32, 1.0, 'A', 0, 1);
insert into notes_details values ('2011-2012', 'SEM-5', 'Calvin Durand', 'INP-1', 11.32, 3.0, 'A', 3, 2);
insert into notes_details values ('2011-2012', 'SEM-5', 'Calvin Durand', 'LCI-1', 11.32, 3.67, 'A', 3, 1);
insert into notes_details values ('2011-2012', 'SEM-5', 'Calvin Durand', 'MAT-1', 11.32, 3.0, 'A', 3, 1);
insert into notes_details values ('2011-2012', 'SEM-5', 'Calvin Durand', 'MGP-1', 11.32, 2.33, 'A', 0, 1);
insert into notes_details values ('2011-2012', 'SEM-5', 'Calvin Durand', 'MGP-1', 11.32, 3.33, 'A', 4, 2);
insert into notes_details values ('2011-2012', 'SEM-5', 'Calvin Durand', 'PHO-1', 11.32, 2.67, 'A', 3, 1);
insert into notes_details values ('2011-2012', 'SEM-5', 'Calvin Durand', 'PHQ-1', 11.32, 2.67, 'A', 3, 1);
insert into notes_details values ('2011-2012', 'SEM-5', 'Calvin Durand', 'SPM-1', 11.32, 1.0, 'A', 0, 1);
insert into notes_details values ('2011-2012', 'SEM-5', 'Calvin Durand', 'SPM-1', 11.32, 3.0, 'A', 3, 2);
insert into notes_details values ('2011-2012', 'SEM-6', 'Calvin Durand', 'DPP-2', 11.32, 1.0, 'A', 0, 1);
insert into notes_details values ('2011-2012', 'SEM-6', 'Calvin Durand', 'DPP-2', 11.32, 3.67, 'A', 1, 2);
insert into notes_details values ('2011-2012', 'SEM-6', 'Calvin Durand', 'EAO-2', 11.32, 1.0, 'A', 0, 1);
insert into notes_details values ('2011-2012', 'SEM-6', 'Calvin Durand', 'EAO-2', 11.32, 3.67, 'A', 3, 2);
insert into notes_details values ('2011-2012', 'SEM-6', 'Calvin Durand', 'ECO-2', 11.32, 1.67, 'A', 0, 1);
insert into notes_details values ('2011-2012', 'SEM-6', 'Calvin Durand', 'ECO-2', 11.32, 2.33, 'A', 3, 99);
insert into notes_details values ('2011-2012', 'SEM-6', 'Calvin Durand', 'LCI-2', 11.32, 4.0, 'A', 3, 1);
insert into notes_details values ('2011-2012', 'SEM-6', 'Calvin Durand', 'MAT-2', 11.32, 2.33, 'A', 0, 1);
insert into notes_details values ('2011-2012', 'SEM-6', 'Calvin Durand', 'MAT-2', 11.32, 1.0, 'A', 2, 99);
insert into notes_details values ('2011-2012', 'SEM-6', 'Calvin Durand', 'MCO-2', 11.32, 4.0, 'A', 2, 1);
insert into notes_details values ('2011-2012', 'SEM-6', 'Calvin Durand', 'MGP-2', 11.32, 2.0, 'A', 0, 1);
insert into notes_details values ('2011-2012', 'SEM-6', 'Calvin Durand', 'MGP-2', 11.32, 3.0, 'A', 4, 2);
insert into notes_details values ('2011-2012', 'SEM-6', 'Calvin Durand', 'PHS-2', 11.32, 1.67, 'A', 0, 1);
insert into notes_details values ('2011-2012', 'SEM-6', 'Calvin Durand', 'PHS-2', 11.32, 3.0, 'A', 2, 2);
insert into notes_details values ('2011-2012', 'SEM-6', 'Calvin Durand', 'PJT-2', 11.32, 2.0, 'A', 0, 1);
insert into notes_details values ('2011-2012', 'SEM-6', 'Calvin Durand', 'PJT-2', 11.32, 3.33, 'A', 1, 2);
insert into notes_details values ('2011-2012', 'SEM-6', 'Calvin Durand', 'RMS-2', 11.32, 1.33, 'A', 0, 1);
insert into notes_details values ('2011-2012', 'SEM-6', 'Calvin Durand', 'RMS-2', 11.32, 2.0, 'A', 4, 99);
insert into notes_details values ('2011-2012', 'SEM-6', 'Calvin Durand', 'STG-2', 11.32, 1.0, 'A', 0, 1);
insert into notes_details values ('2011-2012', 'SEM-6', 'Calvin Durand', 'STG-2', 11.32, 1.33, 'A', 2, 99);
insert into notes_details values ('2011-2012', 'SEM-6', 'Calvin Durand', 'THS-2', 11.32, 3.67, 'A', 3, 1);
insert into notes_details values ('2012-2013', 'SEM-7', 'Calvin Durand', 'ASL-3', 11.32, 4.0, 'A', 2, 1);
insert into notes_details values ('2012-2013', 'SEM-7', 'Calvin Durand', 'DPP-3', 11.32, 3.0, 'A', 2, 1);
insert into notes_details values ('2012-2013', 'SEM-7', 'Calvin Durand', 'EAO-31', 11.32, 3.67, 'A', 2, 1);
insert into notes_details values ('2012-2013', 'SEM-7', 'Calvin Durand', 'EAO-32', 11.32, 2.33, 'A', 0, 1);
insert into notes_details values ('2012-2013', 'SEM-7', 'Calvin Durand', 'EAO-32', 11.32, 1.67, 'A', 0, 2);
insert into contentieux values ('2012-2013', 'SEM-7', 'Calvin Durand', 'EAO-32');
insert into notes_details values ('2012-2013', 'SEM-7', 'Calvin Durand', 'EAO-33', 11.32, 2.33, 'A', 0, 1);
insert into notes_details values ('2012-2013', 'SEM-7', 'Calvin Durand', 'EAO-33', 11.32, 2.33, 'A', 0, 2);
insert into contentieux values ('2012-2013', 'SEM-7', 'Calvin Durand', 'EAO-33');
insert into notes_details values ('2012-2013', 'SEM-7', 'Calvin Durand', 'EAO-34', 11.32, 1.67, 'A', 0, 1);
insert into notes_details values ('2012-2013', 'SEM-7', 'Calvin Durand', 'EAO-34', 11.32, 3.33, 'A', 2, 2);
insert into notes_details values ('2012-2013', 'SEM-7', 'Calvin Durand', 'EAO-35', 11.32, 2.0, 'A', 0, 1);
insert into notes_details values ('2012-2013', 'SEM-7', 'Calvin Durand', 'EAO-35', 11.32, 3.0, 'A', 2, 2);
insert into notes_details values ('2012-2013', 'SEM-7', 'Calvin Durand', 'LCI-3', 11.32, 1.33, 'A', 0, 1);
insert into notes_details values ('2012-2013', 'SEM-7', 'Calvin Durand', 'LCI-3', 11.32, 3.67, 'A', 3, 2);
insert into notes_details values ('2012-2013', 'SEM-7', 'Calvin Durand', 'MAT-3', 11.32, 2.33, 'A', 0, 1);
insert into notes_details values ('2012-2013', 'SEM-7', 'Calvin Durand', 'MAT-3', 11.32, 2.33, 'A', 3, 99);
insert into notes_details values ('2012-2013', 'SEM-7', 'Calvin Durand', 'MNG-3', 11.32, 3.0, 'A', 3, 1);
insert into notes_details values ('2012-2013', 'SEM-7', 'Calvin Durand', 'PJT-3', 11.32, 1.0, 'A', 0, 1);
insert into notes_details values ('2012-2013', 'SEM-7', 'Calvin Durand', 'PJT-3', 11.32, 1.33, 'A', 0, 2);
insert into contentieux values ('2012-2013', 'SEM-7', 'Calvin Durand', 'PJT-3');
insert into notes_details values ('2012-2013', 'SEM-7', 'Calvin Durand', 'STD-3', 11.32, 1.0, 'A', 0, 1);
insert into notes_details values ('2012-2013', 'SEM-7', 'Calvin Durand', 'STD-3', 11.32, 3.67, 'A', 2, 2);
insert into gpa values ('2011-2012', 'SEM-5', 'Calvin Durand', 3.41);
insert into gpa values ('2011-2012', 'SEM-6', 'Calvin Durand', 2.33);
insert into gpa values ('2012-2013', 'SEM-7', 'Calvin Durand', 3.11);
insert into eleves values ('Adrien Lopez', 1, 'S', 'Tres bien', 'Etranger', null, 'alopez');
insert into notes_details values ('2010-2011', 'SEM-5', 'Adrien Lopez', 'ALG-1', 11.32, 1.33, 'A', 0, 1);
insert into notes_details values ('2010-2011', 'SEM-5', 'Adrien Lopez', 'ALG-1', 11.32, 4.0, 'A', 3, 2);
insert into notes_details values ('2010-2011', 'SEM-5', 'Adrien Lopez', 'DPP-1', 11.32, 3.0, 'A', 2, 1);
insert into notes_details values ('2010-2011', 'SEM-5', 'Adrien Lopez', 'ELE-1', 11.32, 3.0, 'A', 3, 1);
insert into notes_details values ('2010-2011', 'SEM-5', 'Adrien Lopez', 'INP-1', 11.32, 1.33, 'A', 0, 1);
insert into notes_details values ('2010-2011', 'SEM-5', 'Adrien Lopez', 'INP-1', 11.32, 4.0, 'A', 3, 2);
insert into notes_details values ('2010-2011', 'SEM-5', 'Adrien Lopez', 'LCI-1', 11.32, 2.33, 'A', 0, 1);
insert into notes_details values ('2010-2011', 'SEM-5', 'Adrien Lopez', 'LCI-1', 11.32, 3.67, 'A', 3, 2);
insert into notes_details values ('2010-2011', 'SEM-5', 'Adrien Lopez', 'MAT-1', 11.32, 4.0, 'A', 3, 1);
insert into notes_details values ('2010-2011', 'SEM-5', 'Adrien Lopez', 'MGP-1', 11.32, 2.0, 'A', 0, 1);
insert into notes_details values ('2010-2011', 'SEM-5', 'Adrien Lopez', 'MGP-1', 11.32, 3.67, 'A', 4, 2);
insert into notes_details values ('2010-2011', 'SEM-5', 'Adrien Lopez', 'PHO-1', 11.32, 2.0, 'A', 0, 1);
insert into notes_details values ('2010-2011', 'SEM-5', 'Adrien Lopez', 'PHO-1', 11.32, 4.0, 'A', 3, 2);
insert into notes_details values ('2010-2011', 'SEM-5', 'Adrien Lopez', 'PHQ-1', 11.32, 2.0, 'A', 0, 1);
insert into notes_details values ('2010-2011', 'SEM-5', 'Adrien Lopez', 'PHQ-1', 11.32, 2.67, 'A', 3, 2);
insert into notes_details values ('2010-2011', 'SEM-5', 'Adrien Lopez', 'SPM-1', 11.32, 1.33, 'A', 0, 1);
insert into notes_details values ('2010-2011', 'SEM-5', 'Adrien Lopez', 'SPM-1', 11.32, 3.33, 'A', 3, 2);
insert into notes_details values ('2010-2011', 'SEM-6', 'Adrien Lopez', 'DPP-2', 11.32, 4.0, 'A', 1, 1);
insert into notes_details values ('2010-2011', 'SEM-6', 'Adrien Lopez', 'EAO-2', 11.32, 2.0, 'A', 0, 1);
insert into notes_details values ('2010-2011', 'SEM-6', 'Adrien Lopez', 'EAO-2', 11.32, 2.67, 'A', 3, 2);
insert into notes_details values ('2010-2011', 'SEM-6', 'Adrien Lopez', 'ECO-2', 11.32, 1.33, 'A', 0, 1);
insert into notes_details values ('2010-2011', 'SEM-6', 'Adrien Lopez', 'ECO-2', 11.32, 3.33, 'A', 3, 2);
insert into notes_details values ('2010-2011', 'SEM-6', 'Adrien Lopez', 'LCI-2', 11.32, 3.67, 'A', 3, 1);
insert into notes_details values ('2010-2011', 'SEM-6', 'Adrien Lopez', 'MAT-2', 11.32, 3.33, 'A', 2, 1);
insert into notes_details values ('2010-2011', 'SEM-6', 'Adrien Lopez', 'MCO-2', 11.32, 3.67, 'A', 2, 1);
insert into notes_details values ('2010-2011', 'SEM-6', 'Adrien Lopez', 'MGP-2', 11.32, 3.67, 'A', 4, 1);
insert into notes_details values ('2010-2011', 'SEM-6', 'Adrien Lopez', 'PHS-2', 11.32, 1.67, 'A', 0, 1);
insert into notes_details values ('2010-2011', 'SEM-6', 'Adrien Lopez', 'PHS-2', 11.32, 3.33, 'A', 2, 2);
insert into notes_details values ('2010-2011', 'SEM-6', 'Adrien Lopez', 'PJT-2', 11.32, 2.0, 'A', 0, 1);
insert into notes_details values ('2010-2011', 'SEM-6', 'Adrien Lopez', 'PJT-2', 11.32, 2.33, 'A', 1, 99);
insert into notes_details values ('2010-2011', 'SEM-6', 'Adrien Lopez', 'RMS-2', 11.32, 4.0, 'A', 4, 1);
insert into notes_details values ('2010-2011', 'SEM-6', 'Adrien Lopez', 'STG-2', 11.32, 3.67, 'A', 2, 1);
insert into notes_details values ('2010-2011', 'SEM-6', 'Adrien Lopez', 'THS-2', 11.32, 3.67, 'A', 3, 1);
insert into notes_details values ('2011-2012', 'SEM-7', 'Adrien Lopez', 'ASL-3', 11.32, 3.33, 'A', 2, 1);
insert into notes_details values ('2011-2012', 'SEM-7', 'Adrien Lopez', 'DPP-3', 11.32, 2.67, 'A', 2, 1);
insert into notes_details values ('2011-2012', 'SEM-7', 'Adrien Lopez', 'EAO-31', 11.32, 2.33, 'A', 0, 1);
insert into notes_details values ('2011-2012', 'SEM-7', 'Adrien Lopez', 'EAO-31', 11.32, 3.33, 'A', 2, 2);
insert into notes_details values ('2011-2012', 'SEM-7', 'Adrien Lopez', 'EAO-32', 11.32, 3.33, 'A', 2, 1);
insert into notes_details values ('2011-2012', 'SEM-7', 'Adrien Lopez', 'EAO-33', 11.32, 3.67, 'A', 2, 1);
insert into notes_details values ('2011-2012', 'SEM-7', 'Adrien Lopez', 'EAO-34', 11.32, 1.0, 'A', 0, 1);
insert into notes_details values ('2011-2012', 'SEM-7', 'Adrien Lopez', 'EAO-34', 11.32, 1.67, 'A', 0, 2);
insert into contentieux values ('2011-2012', 'SEM-7', 'Adrien Lopez', 'EAO-34');
insert into notes_details values ('2011-2012', 'SEM-7', 'Adrien Lopez', 'EAO-35', 11.32, 1.33, 'A', 0, 1);
insert into notes_details values ('2011-2012', 'SEM-7', 'Adrien Lopez', 'EAO-35', 11.32, 2.0, 'A', 2, 99);
insert into notes_details values ('2011-2012', 'SEM-7', 'Adrien Lopez', 'LCI-3', 11.32, 1.0, 'A', 0, 1);
insert into notes_details values ('2011-2012', 'SEM-7', 'Adrien Lopez', 'LCI-3', 11.32, 2.67, 'A', 3, 2);
insert into notes_details values ('2011-2012', 'SEM-7', 'Adrien Lopez', 'MAT-3', 11.32, 1.33, 'A', 0, 1);
insert into notes_details values ('2011-2012', 'SEM-7', 'Adrien Lopez', 'MAT-3', 11.32, 2.67, 'A', 3, 2);
insert into notes_details values ('2011-2012', 'SEM-7', 'Adrien Lopez', 'MNG-3', 11.32, 1.67, 'A', 0, 1);
insert into notes_details values ('2011-2012', 'SEM-7', 'Adrien Lopez', 'MNG-3', 11.32, 2.67, 'A', 3, 2);
insert into notes_details values ('2011-2012', 'SEM-7', 'Adrien Lopez', 'PJT-3', 11.32, 1.33, 'A', 0, 1);
insert into notes_details values ('2011-2012', 'SEM-7', 'Adrien Lopez', 'PJT-3', 11.32, 2.67, 'A', 5, 2);
insert into notes_details values ('2011-2012', 'SEM-7', 'Adrien Lopez', 'STD-3', 11.32, 2.33, 'A', 0, 1);
insert into notes_details values ('2011-2012', 'SEM-7', 'Adrien Lopez', 'STD-3', 11.32, 1.0, 'A', 0, 2);
insert into contentieux values ('2011-2012', 'SEM-7', 'Adrien Lopez', 'STD-3');
insert into gpa values ('2010-2011', 'SEM-5', 'Adrien Lopez', 2.35);
insert into gpa values ('2010-2011', 'SEM-6', 'Adrien Lopez', 3.19);
insert into gpa values ('2011-2012', 'SEM-7', 'Adrien Lopez', 2.22);
insert into eleves values ('Thomas Demers', 1, 'S', 'Tres bien', 'MP', null, 'tdemers');
insert into notes_details values ('2011-2012', 'SEM-5', 'Thomas Demers', 'ALG-1', 11.32, 1.0, 'A', 0, 1);
insert into notes_details values ('2011-2012', 'SEM-5', 'Thomas Demers', 'ALG-1', 11.32, 2.67, 'A', 3, 2);
insert into notes_details values ('2011-2012', 'SEM-5', 'Thomas Demers', 'DPP-1', 11.32, 3.0, 'A', 2, 1);
insert into notes_details values ('2011-2012', 'SEM-5', 'Thomas Demers', 'ELE-1', 11.32, 3.0, 'A', 3, 1);
insert into notes_details values ('2011-2012', 'SEM-5', 'Thomas Demers', 'INP-1', 11.32, 1.0, 'A', 0, 1);
insert into notes_details values ('2011-2012', 'SEM-5', 'Thomas Demers', 'INP-1', 11.32, 4.0, 'A', 3, 2);
insert into notes_details values ('2011-2012', 'SEM-5', 'Thomas Demers', 'LCI-1', 11.32, 1.67, 'A', 0, 1);
insert into notes_details values ('2011-2012', 'SEM-5', 'Thomas Demers', 'LCI-1', 11.32, 3.0, 'A', 3, 2);
insert into notes_details values ('2011-2012', 'SEM-5', 'Thomas Demers', 'MAT-1', 11.32, 3.67, 'A', 3, 1);
insert into notes_details values ('2011-2012', 'SEM-5', 'Thomas Demers', 'MGP-1', 11.32, 3.33, 'A', 4, 1);
insert into notes_details values ('2011-2012', 'SEM-5', 'Thomas Demers', 'PHO-1', 11.32, 2.33, 'A', 0, 1);
insert into notes_details values ('2011-2012', 'SEM-5', 'Thomas Demers', 'PHO-1', 11.32, 3.0, 'A', 3, 2);
insert into notes_details values ('2011-2012', 'SEM-5', 'Thomas Demers', 'PHQ-1', 11.32, 3.33, 'A', 3, 1);
insert into notes_details values ('2011-2012', 'SEM-5', 'Thomas Demers', 'SPM-1', 11.32, 3.33, 'A', 3, 1);
insert into notes_details values ('2011-2012', 'SEM-6', 'Thomas Demers', 'DPP-2', 11.32, 2.67, 'A', 1, 1);
insert into notes_details values ('2011-2012', 'SEM-6', 'Thomas Demers', 'EAO-2', 11.32, 2.67, 'A', 3, 1);
insert into notes_details values ('2011-2012', 'SEM-6', 'Thomas Demers', 'ECO-2', 11.32, 3.33, 'A', 3, 1);
insert into notes_details values ('2011-2012', 'SEM-6', 'Thomas Demers', 'LCI-2', 11.32, 3.33, 'A', 3, 1);
insert into notes_details values ('2011-2012', 'SEM-6', 'Thomas Demers', 'MAT-2', 11.32, 1.67, 'A', 0, 1);
insert into notes_details values ('2011-2012', 'SEM-6', 'Thomas Demers', 'MAT-2', 11.32, 3.67, 'A', 2, 2);
insert into notes_details values ('2011-2012', 'SEM-6', 'Thomas Demers', 'MCO-2', 11.32, 3.33, 'A', 2, 1);
insert into notes_details values ('2011-2012', 'SEM-6', 'Thomas Demers', 'MGP-2', 11.32, 4.0, 'A', 4, 1);
insert into notes_details values ('2011-2012', 'SEM-6', 'Thomas Demers', 'PHS-2', 11.32, 3.67, 'A', 2, 1);
insert into notes_details values ('2011-2012', 'SEM-6', 'Thomas Demers', 'PJT-2', 11.32, 1.67, 'A', 0, 1);
insert into notes_details values ('2011-2012', 'SEM-6', 'Thomas Demers', 'PJT-2', 11.32, 3.33, 'A', 1, 2);
insert into notes_details values ('2011-2012', 'SEM-6', 'Thomas Demers', 'RMS-2', 11.32, 1.67, 'A', 0, 1);
insert into notes_details values ('2011-2012', 'SEM-6', 'Thomas Demers', 'RMS-2', 11.32, 1.33, 'A', 4, 99);
insert into notes_details values ('2011-2012', 'SEM-6', 'Thomas Demers', 'STG-2', 11.32, 3.67, 'A', 2, 1);
insert into notes_details values ('2011-2012', 'SEM-6', 'Thomas Demers', 'THS-2', 11.32, 1.0, 'A', 0, 1);
insert into notes_details values ('2011-2012', 'SEM-6', 'Thomas Demers', 'THS-2', 11.32, 2.33, 'A', 3, 99);
insert into notes_details values ('2012-2013', 'SEM-7', 'Thomas Demers', 'ASL-3', 11.32, 4.0, 'A', 2, 1);
insert into notes_details values ('2012-2013', 'SEM-7', 'Thomas Demers', 'DPP-3', 11.32, 1.67, 'A', 0, 1);
insert into notes_details values ('2012-2013', 'SEM-7', 'Thomas Demers', 'DPP-3', 11.32, 2.67, 'A', 2, 2);
insert into notes_details values ('2012-2013', 'SEM-7', 'Thomas Demers', 'EAO-31', 11.32, 2.0, 'A', 0, 1);
insert into notes_details values ('2012-2013', 'SEM-7', 'Thomas Demers', 'EAO-31', 11.32, 3.67, 'A', 2, 2);
insert into notes_details values ('2012-2013', 'SEM-7', 'Thomas Demers', 'EAO-32', 11.32, 1.67, 'A', 0, 1);
insert into notes_details values ('2012-2013', 'SEM-7', 'Thomas Demers', 'EAO-32', 11.32, 3.0, 'A', 2, 2);
insert into notes_details values ('2012-2013', 'SEM-7', 'Thomas Demers', 'EAO-33', 11.32, 3.67, 'A', 2, 1);
insert into notes_details values ('2012-2013', 'SEM-7', 'Thomas Demers', 'EAO-34', 11.32, 2.67, 'A', 2, 1);
insert into notes_details values ('2012-2013', 'SEM-7', 'Thomas Demers', 'EAO-35', 11.32, 3.33, 'A', 2, 1);
insert into notes_details values ('2012-2013', 'SEM-7', 'Thomas Demers', 'LCI-3', 11.32, 3.67, 'A', 3, 1);
insert into notes_details values ('2012-2013', 'SEM-7', 'Thomas Demers', 'MAT-3', 11.32, 1.33, 'A', 0, 1);
insert into notes_details values ('2012-2013', 'SEM-7', 'Thomas Demers', 'MAT-3', 11.32, 4.0, 'A', 3, 2);
insert into notes_details values ('2012-2013', 'SEM-7', 'Thomas Demers', 'MNG-3', 11.32, 2.0, 'A', 0, 1);
insert into notes_details values ('2012-2013', 'SEM-7', 'Thomas Demers', 'MNG-3', 11.32, 1.0, 'A', 0, 2);
insert into contentieux values ('2012-2013', 'SEM-7', 'Thomas Demers', 'MNG-3');
insert into notes_details values ('2012-2013', 'SEM-7', 'Thomas Demers', 'PJT-3', 11.32, 1.0, 'A', 0, 1);
insert into notes_details values ('2012-2013', 'SEM-7', 'Thomas Demers', 'PJT-3', 11.32, 4.0, 'A', 5, 2);
insert into notes_details values ('2012-2013', 'SEM-7', 'Thomas Demers', 'STD-3', 11.32, 1.0, 'A', 0, 1);
insert into notes_details values ('2012-2013', 'SEM-7', 'Thomas Demers', 'STD-3', 11.32, 3.67, 'A', 2, 2);
insert into gpa values ('2011-2012', 'SEM-5', 'Thomas Demers', 3.51);
insert into gpa values ('2011-2012', 'SEM-6', 'Thomas Demers', 3.95);
insert into gpa values ('2012-2013', 'SEM-7', 'Thomas Demers', 2.27);
insert into eleves values ('Isabelle Olivier', 1, 'S', 'Tres bien', 'MP', null, 'iolivier');
insert into notes_details values ('2010-2011', 'SEM-5', 'Isabelle Olivier', 'ALG-1', 11.32, 2.67, 'A', 3, 1);
insert into notes_details values ('2010-2011', 'SEM-5', 'Isabelle Olivier', 'DPP-1', 11.32, 3.0, 'A', 2, 1);
insert into notes_details values ('2010-2011', 'SEM-5', 'Isabelle Olivier', 'ELE-1', 11.32, 3.67, 'A', 3, 1);
insert into notes_details values ('2010-2011', 'SEM-5', 'Isabelle Olivier', 'INP-1', 11.32, 3.0, 'A', 3, 1);
insert into notes_details values ('2010-2011', 'SEM-5', 'Isabelle Olivier', 'LCI-1', 11.32, 3.33, 'A', 3, 1);
insert into notes_details values ('2010-2011', 'SEM-5', 'Isabelle Olivier', 'MAT-1', 11.32, 1.0, 'A', 0, 1);
insert into notes_details values ('2010-2011', 'SEM-5', 'Isabelle Olivier', 'MAT-1', 11.32, 3.0, 'A', 3, 2);
insert into notes_details values ('2010-2011', 'SEM-5', 'Isabelle Olivier', 'MGP-1', 11.32, 4.0, 'A', 4, 1);
insert into notes_details values ('2010-2011', 'SEM-5', 'Isabelle Olivier', 'PHO-1', 11.32, 2.0, 'A', 0, 1);
insert into notes_details values ('2010-2011', 'SEM-5', 'Isabelle Olivier', 'PHO-1', 11.32, 4.0, 'A', 3, 2);
insert into notes_details values ('2010-2011', 'SEM-5', 'Isabelle Olivier', 'PHQ-1', 11.32, 3.0, 'A', 3, 1);
insert into notes_details values ('2010-2011', 'SEM-5', 'Isabelle Olivier', 'SPM-1', 11.32, 3.0, 'A', 3, 1);
insert into notes_details values ('2010-2011', 'SEM-6', 'Isabelle Olivier', 'DPP-2', 11.32, 3.0, 'A', 1, 1);
insert into notes_details values ('2010-2011', 'SEM-6', 'Isabelle Olivier', 'EAO-2', 11.32, 2.33, 'A', 0, 1);
insert into notes_details values ('2010-2011', 'SEM-6', 'Isabelle Olivier', 'EAO-2', 11.32, 3.0, 'A', 3, 2);
insert into notes_details values ('2010-2011', 'SEM-6', 'Isabelle Olivier', 'ECO-2', 11.32, 3.33, 'A', 3, 1);
insert into notes_details values ('2010-2011', 'SEM-6', 'Isabelle Olivier', 'LCI-2', 11.32, 3.67, 'A', 3, 1);
insert into notes_details values ('2010-2011', 'SEM-6', 'Isabelle Olivier', 'MAT-2', 11.32, 1.0, 'A', 0, 1);
insert into notes_details values ('2010-2011', 'SEM-6', 'Isabelle Olivier', 'MAT-2', 11.32, 3.67, 'A', 2, 2);
insert into notes_details values ('2010-2011', 'SEM-6', 'Isabelle Olivier', 'MCO-2', 11.32, 1.33, 'A', 0, 1);
insert into notes_details values ('2010-2011', 'SEM-6', 'Isabelle Olivier', 'MCO-2', 11.32, 3.67, 'A', 2, 2);
insert into notes_details values ('2010-2011', 'SEM-6', 'Isabelle Olivier', 'MGP-2', 11.32, 2.67, 'A', 4, 1);
insert into notes_details values ('2010-2011', 'SEM-6', 'Isabelle Olivier', 'PHS-2', 11.32, 3.33, 'A', 2, 1);
insert into notes_details values ('2010-2011', 'SEM-6', 'Isabelle Olivier', 'PJT-2', 11.32, 1.67, 'A', 0, 1);
insert into notes_details values ('2010-2011', 'SEM-6', 'Isabelle Olivier', 'PJT-2', 11.32, 4.0, 'A', 1, 2);
insert into notes_details values ('2010-2011', 'SEM-6', 'Isabelle Olivier', 'RMS-2', 11.32, 1.33, 'A', 0, 1);
insert into notes_details values ('2010-2011', 'SEM-6', 'Isabelle Olivier', 'RMS-2', 11.32, 3.67, 'A', 4, 2);
insert into notes_details values ('2010-2011', 'SEM-6', 'Isabelle Olivier', 'STG-2', 11.32, 1.67, 'A', 0, 1);
insert into notes_details values ('2010-2011', 'SEM-6', 'Isabelle Olivier', 'STG-2', 11.32, 2.0, 'A', 2, 99);
insert into notes_details values ('2010-2011', 'SEM-6', 'Isabelle Olivier', 'THS-2', 11.32, 1.67, 'A', 0, 1);
insert into notes_details values ('2010-2011', 'SEM-6', 'Isabelle Olivier', 'THS-2', 11.32, 3.0, 'A', 3, 2);
insert into notes_details values ('2011-2012', 'SEM-7', 'Isabelle Olivier', 'ASL-3', 11.32, 4.0, 'A', 2, 1);
insert into notes_details values ('2011-2012', 'SEM-7', 'Isabelle Olivier', 'DPP-3', 11.32, 2.33, 'A', 0, 1);
insert into notes_details values ('2011-2012', 'SEM-7', 'Isabelle Olivier', 'DPP-3', 11.32, 2.67, 'A', 2, 2);
insert into notes_details values ('2011-2012', 'SEM-7', 'Isabelle Olivier', 'EAO-31', 11.32, 4.0, 'A', 2, 1);
insert into notes_details values ('2011-2012', 'SEM-7', 'Isabelle Olivier', 'EAO-32', 11.32, 4.0, 'A', 2, 1);
insert into notes_details values ('2011-2012', 'SEM-7', 'Isabelle Olivier', 'EAO-33', 11.32, 3.33, 'A', 2, 1);
insert into notes_details values ('2011-2012', 'SEM-7', 'Isabelle Olivier', 'EAO-34', 11.32, 2.67, 'A', 2, 1);
insert into notes_details values ('2011-2012', 'SEM-7', 'Isabelle Olivier', 'EAO-35', 11.32, 1.67, 'A', 0, 1);
insert into notes_details values ('2011-2012', 'SEM-7', 'Isabelle Olivier', 'EAO-35', 11.32, 3.67, 'A', 2, 2);
insert into notes_details values ('2011-2012', 'SEM-7', 'Isabelle Olivier', 'LCI-3', 11.32, 1.67, 'A', 0, 1);
insert into notes_details values ('2011-2012', 'SEM-7', 'Isabelle Olivier', 'LCI-3', 11.32, 4.0, 'A', 3, 2);
insert into notes_details values ('2011-2012', 'SEM-7', 'Isabelle Olivier', 'MAT-3', 11.32, 1.0, 'A', 0, 1);
insert into notes_details values ('2011-2012', 'SEM-7', 'Isabelle Olivier', 'MAT-3', 11.32, 1.67, 'A', 0, 2);
insert into contentieux values ('2011-2012', 'SEM-7', 'Isabelle Olivier', 'MAT-3');
insert into notes_details values ('2011-2012', 'SEM-7', 'Isabelle Olivier', 'MNG-3', 11.32, 2.67, 'A', 3, 1);
insert into notes_details values ('2011-2012', 'SEM-7', 'Isabelle Olivier', 'PJT-3', 11.32, 2.33, 'A', 0, 1);
insert into notes_details values ('2011-2012', 'SEM-7', 'Isabelle Olivier', 'PJT-3', 11.32, 1.0, 'A', 0, 2);
insert into contentieux values ('2011-2012', 'SEM-7', 'Isabelle Olivier', 'PJT-3');
insert into notes_details values ('2011-2012', 'SEM-7', 'Isabelle Olivier', 'STD-3', 11.32, 2.0, 'A', 0, 1);
insert into notes_details values ('2011-2012', 'SEM-7', 'Isabelle Olivier', 'STD-3', 11.32, 1.33, 'A', 0, 2);
insert into contentieux values ('2011-2012', 'SEM-7', 'Isabelle Olivier', 'STD-3');
insert into gpa values ('2010-2011', 'SEM-5', 'Isabelle Olivier', 2.91);
insert into gpa values ('2010-2011', 'SEM-6', 'Isabelle Olivier', 3.23);
insert into gpa values ('2011-2012', 'SEM-7', 'Isabelle Olivier', 2.96);
insert into cesure values ('Isabelle Olivier', 'CESURE');
insert into eleves values ('Achille Viktor', 1, 'S', 'Tres bien', 'MP', null, 'aviktor');
insert into notes_details values ('2011-2012', 'SEM-5', 'Achille Viktor', 'ALG-1', 11.32, 1.0, 'A', 0, 1);
insert into notes_details values ('2011-2012', 'SEM-5', 'Achille Viktor', 'ALG-1', 11.32, 3.0, 'A', 3, 2);
insert into notes_details values ('2011-2012', 'SEM-5', 'Achille Viktor', 'DPP-1', 11.32, 2.0, 'A', 0, 1);
insert into notes_details values ('2011-2012', 'SEM-5', 'Achille Viktor', 'DPP-1', 11.32, 2.67, 'A', 2, 2);
insert into notes_details values ('2011-2012', 'SEM-5', 'Achille Viktor', 'ELE-1', 11.32, 2.0, 'A', 0, 1);
insert into notes_details values ('2011-2012', 'SEM-5', 'Achille Viktor', 'ELE-1', 11.32, 4.0, 'A', 3, 2);
insert into notes_details values ('2011-2012', 'SEM-5', 'Achille Viktor', 'INP-1', 11.32, 1.33, 'A', 0, 1);
insert into notes_details values ('2011-2012', 'SEM-5', 'Achille Viktor', 'INP-1', 11.32, 1.0, 'A', 3, 99);
insert into notes_details values ('2011-2012', 'SEM-5', 'Achille Viktor', 'LCI-1', 11.32, 2.33, 'A', 0, 1);
insert into notes_details values ('2011-2012', 'SEM-5', 'Achille Viktor', 'LCI-1', 11.32, 4.0, 'A', 3, 2);
insert into notes_details values ('2011-2012', 'SEM-5', 'Achille Viktor', 'MAT-1', 11.32, 2.0, 'A', 0, 1);
insert into notes_details values ('2011-2012', 'SEM-5', 'Achille Viktor', 'MAT-1', 11.32, 3.0, 'A', 3, 2);
insert into notes_details values ('2011-2012', 'SEM-5', 'Achille Viktor', 'MGP-1', 11.32, 1.33, 'A', 0, 1);
insert into notes_details values ('2011-2012', 'SEM-5', 'Achille Viktor', 'MGP-1', 11.32, 4.0, 'A', 4, 2);
insert into notes_details values ('2011-2012', 'SEM-5', 'Achille Viktor', 'PHO-1', 11.32, 3.67, 'A', 3, 1);
insert into notes_details values ('2011-2012', 'SEM-5', 'Achille Viktor', 'PHQ-1', 11.32, 1.33, 'A', 0, 1);
insert into notes_details values ('2011-2012', 'SEM-5', 'Achille Viktor', 'PHQ-1', 11.32, 3.33, 'A', 3, 2);
insert into notes_details values ('2011-2012', 'SEM-5', 'Achille Viktor', 'SPM-1', 11.32, 2.67, 'A', 3, 1);
insert into notes_details values ('2011-2012', 'SEM-6', 'Achille Viktor', 'DPP-2', 11.32, 1.33, 'A', 0, 1);
insert into notes_details values ('2011-2012', 'SEM-6', 'Achille Viktor', 'DPP-2', 11.32, 1.67, 'A', 1, 99);
insert into notes_details values ('2011-2012', 'SEM-6', 'Achille Viktor', 'EAO-2', 11.32, 3.33, 'A', 3, 1);
insert into notes_details values ('2011-2012', 'SEM-6', 'Achille Viktor', 'ECO-2', 11.32, 3.0, 'A', 3, 1);
insert into notes_details values ('2011-2012', 'SEM-6', 'Achille Viktor', 'LCI-2', 11.32, 2.0, 'A', 0, 1);
insert into notes_details values ('2011-2012', 'SEM-6', 'Achille Viktor', 'LCI-2', 11.32, 4.0, 'A', 3, 2);
insert into notes_details values ('2011-2012', 'SEM-6', 'Achille Viktor', 'MAT-2', 11.32, 1.0, 'A', 0, 1);
insert into notes_details values ('2011-2012', 'SEM-6', 'Achille Viktor', 'MAT-2', 11.32, 3.33, 'A', 2, 2);
insert into notes_details values ('2011-2012', 'SEM-6', 'Achille Viktor', 'MCO-2', 11.32, 4.0, 'A', 2, 1);
insert into notes_details values ('2011-2012', 'SEM-6', 'Achille Viktor', 'MGP-2', 11.32, 2.67, 'A', 4, 1);
insert into notes_details values ('2011-2012', 'SEM-6', 'Achille Viktor', 'PHS-2', 11.32, 2.67, 'A', 2, 1);
insert into notes_details values ('2011-2012', 'SEM-6', 'Achille Viktor', 'PJT-2', 11.32, 1.0, 'A', 0, 1);
insert into notes_details values ('2011-2012', 'SEM-6', 'Achille Viktor', 'PJT-2', 11.32, 4.0, 'A', 1, 2);
insert into notes_details values ('2011-2012', 'SEM-6', 'Achille Viktor', 'RMS-2', 11.32, 1.67, 'A', 0, 1);
insert into notes_details values ('2011-2012', 'SEM-6', 'Achille Viktor', 'RMS-2', 11.32, 3.0, 'A', 4, 2);
insert into notes_details values ('2011-2012', 'SEM-6', 'Achille Viktor', 'STG-2', 11.32, 2.33, 'A', 0, 1);
insert into notes_details values ('2011-2012', 'SEM-6', 'Achille Viktor', 'STG-2', 11.32, 3.0, 'A', 2, 2);
insert into notes_details values ('2011-2012', 'SEM-6', 'Achille Viktor', 'THS-2', 11.32, 2.0, 'A', 0, 1);
insert into notes_details values ('2011-2012', 'SEM-6', 'Achille Viktor', 'THS-2', 11.32, 3.33, 'A', 3, 2);
insert into notes_details values ('2012-2013', 'SEM-7', 'Achille Viktor', 'ASL-3', 11.32, 1.33, 'A', 0, 1);
insert into notes_details values ('2012-2013', 'SEM-7', 'Achille Viktor', 'ASL-3', 11.32, 2.0, 'A', 0, 2);
insert into contentieux values ('2012-2013', 'SEM-7', 'Achille Viktor', 'ASL-3');
insert into notes_details values ('2012-2013', 'SEM-7', 'Achille Viktor', 'DPP-3', 11.32, 2.33, 'A', 0, 1);
insert into notes_details values ('2012-2013', 'SEM-7', 'Achille Viktor', 'DPP-3', 11.32, 2.0, 'A', 0, 2);
insert into contentieux values ('2012-2013', 'SEM-7', 'Achille Viktor', 'DPP-3');
insert into notes_details values ('2012-2013', 'SEM-7', 'Achille Viktor', 'EAO-31', 11.32, 1.33, 'A', 0, 1);
insert into notes_details values ('2012-2013', 'SEM-7', 'Achille Viktor', 'EAO-31', 11.32, 2.67, 'A', 2, 2);
insert into notes_details values ('2012-2013', 'SEM-7', 'Achille Viktor', 'EAO-32', 11.32, 2.33, 'A', 0, 1);
insert into notes_details values ('2012-2013', 'SEM-7', 'Achille Viktor', 'EAO-32', 11.32, 1.0, 'A', 0, 2);
insert into contentieux values ('2012-2013', 'SEM-7', 'Achille Viktor', 'EAO-32');
insert into notes_details values ('2012-2013', 'SEM-7', 'Achille Viktor', 'EAO-33', 11.32, 2.0, 'A', 0, 1);
insert into notes_details values ('2012-2013', 'SEM-7', 'Achille Viktor', 'EAO-33', 11.32, 3.0, 'A', 2, 2);
insert into notes_details values ('2012-2013', 'SEM-7', 'Achille Viktor', 'EAO-34', 11.32, 3.0, 'A', 2, 1);
insert into notes_details values ('2012-2013', 'SEM-7', 'Achille Viktor', 'EAO-35', 11.32, 2.67, 'A', 2, 1);
insert into notes_details values ('2012-2013', 'SEM-7', 'Achille Viktor', 'LCI-3', 11.32, 1.67, 'A', 0, 1);
insert into notes_details values ('2012-2013', 'SEM-7', 'Achille Viktor', 'LCI-3', 11.32, 2.0, 'A', 0, 2);
insert into contentieux values ('2012-2013', 'SEM-7', 'Achille Viktor', 'LCI-3');
insert into notes_details values ('2012-2013', 'SEM-7', 'Achille Viktor', 'MAT-3', 11.32, 2.33, 'A', 0, 1);
insert into notes_details values ('2012-2013', 'SEM-7', 'Achille Viktor', 'MAT-3', 11.32, 2.0, 'A', 3, 99);
insert into notes_details values ('2012-2013', 'SEM-7', 'Achille Viktor', 'MNG-3', 11.32, 3.67, 'A', 3, 1);
insert into notes_details values ('2012-2013', 'SEM-7', 'Achille Viktor', 'PJT-3', 11.32, 2.33, 'A', 0, 1);
insert into notes_details values ('2012-2013', 'SEM-7', 'Achille Viktor', 'PJT-3', 11.32, 2.33, 'A', 0, 2);
insert into contentieux values ('2012-2013', 'SEM-7', 'Achille Viktor', 'PJT-3');
insert into notes_details values ('2012-2013', 'SEM-7', 'Achille Viktor', 'STD-3', 11.32, 4.0, 'A', 2, 1);
insert into gpa values ('2011-2012', 'SEM-5', 'Achille Viktor', 2.21);
insert into gpa values ('2011-2012', 'SEM-6', 'Achille Viktor', 3.73);
insert into gpa values ('2012-2013', 'SEM-7', 'Achille Viktor', 3.71);
insert into eleves values ('Tatiana Maillard', 1, 'S', 'Tres bien', 'MP', null, 'tmaillard');
insert into notes_details values ('2010-2011', 'SEM-5', 'Tatiana Maillard', 'ALG-1', 11.32, 3.0, 'A', 3, 1);
insert into notes_details values ('2010-2011', 'SEM-5', 'Tatiana Maillard', 'DPP-1', 11.32, 1.67, 'A', 0, 1);
insert into notes_details values ('2010-2011', 'SEM-5', 'Tatiana Maillard', 'DPP-1', 11.32, 3.33, 'A', 2, 2);
insert into notes_details values ('2010-2011', 'SEM-5', 'Tatiana Maillard', 'ELE-1', 11.32, 1.67, 'A', 0, 1);
insert into notes_details values ('2010-2011', 'SEM-5', 'Tatiana Maillard', 'ELE-1', 11.32, 3.0, 'A', 3, 2);
insert into notes_details values ('2010-2011', 'SEM-5', 'Tatiana Maillard', 'INP-1', 11.32, 4.0, 'A', 3, 1);
insert into notes_details values ('2010-2011', 'SEM-5', 'Tatiana Maillard', 'LCI-1', 11.32, 3.67, 'A', 3, 1);
insert into notes_details values ('2010-2011', 'SEM-5', 'Tatiana Maillard', 'MAT-1', 11.32, 1.33, 'A', 0, 1);
insert into notes_details values ('2010-2011', 'SEM-5', 'Tatiana Maillard', 'MAT-1', 11.32, 4.0, 'A', 3, 2);
insert into notes_details values ('2010-2011', 'SEM-5', 'Tatiana Maillard', 'MGP-1', 11.32, 2.0, 'A', 0, 1);
insert into notes_details values ('2010-2011', 'SEM-5', 'Tatiana Maillard', 'MGP-1', 11.32, 2.67, 'A', 4, 2);
insert into notes_details values ('2010-2011', 'SEM-5', 'Tatiana Maillard', 'PHO-1', 11.32, 4.0, 'A', 3, 1);
insert into notes_details values ('2010-2011', 'SEM-5', 'Tatiana Maillard', 'PHQ-1', 11.32, 1.0, 'A', 0, 1);
insert into notes_details values ('2010-2011', 'SEM-5', 'Tatiana Maillard', 'PHQ-1', 11.32, 2.67, 'A', 3, 2);
insert into notes_details values ('2010-2011', 'SEM-5', 'Tatiana Maillard', 'SPM-1', 11.32, 3.67, 'A', 3, 1);
insert into notes_details values ('2010-2011', 'SEM-6', 'Tatiana Maillard', 'DPP-2', 11.32, 1.67, 'A', 0, 1);
insert into notes_details values ('2010-2011', 'SEM-6', 'Tatiana Maillard', 'DPP-2', 11.32, 3.33, 'A', 1, 2);
insert into notes_details values ('2010-2011', 'SEM-6', 'Tatiana Maillard', 'EAO-2', 11.32, 3.67, 'A', 3, 1);
insert into notes_details values ('2010-2011', 'SEM-6', 'Tatiana Maillard', 'ECO-2', 11.32, 3.67, 'A', 3, 1);
insert into notes_details values ('2010-2011', 'SEM-6', 'Tatiana Maillard', 'LCI-2', 11.32, 1.0, 'A', 0, 1);
insert into notes_details values ('2010-2011', 'SEM-6', 'Tatiana Maillard', 'LCI-2', 11.32, 2.67, 'A', 3, 2);
insert into notes_details values ('2010-2011', 'SEM-6', 'Tatiana Maillard', 'MAT-2', 11.32, 1.67, 'A', 0, 1);
insert into notes_details values ('2010-2011', 'SEM-6', 'Tatiana Maillard', 'MAT-2', 11.32, 3.33, 'A', 2, 2);
insert into notes_details values ('2010-2011', 'SEM-6', 'Tatiana Maillard', 'MCO-2', 11.32, 2.67, 'A', 2, 1);
insert into notes_details values ('2010-2011', 'SEM-6', 'Tatiana Maillard', 'MGP-2', 11.32, 4.0, 'A', 4, 1);
insert into notes_details values ('2010-2011', 'SEM-6', 'Tatiana Maillard', 'PHS-2', 11.32, 2.67, 'A', 2, 1);
insert into notes_details values ('2010-2011', 'SEM-6', 'Tatiana Maillard', 'PJT-2', 11.32, 3.67, 'A', 1, 1);
insert into notes_details values ('2010-2011', 'SEM-6', 'Tatiana Maillard', 'RMS-2', 11.32, 1.0, 'A', 0, 1);
insert into notes_details values ('2010-2011', 'SEM-6', 'Tatiana Maillard', 'RMS-2', 11.32, 3.33, 'A', 4, 2);
insert into notes_details values ('2010-2011', 'SEM-6', 'Tatiana Maillard', 'STG-2', 11.32, 1.67, 'A', 0, 1);
insert into notes_details values ('2010-2011', 'SEM-6', 'Tatiana Maillard', 'STG-2', 11.32, 3.67, 'A', 2, 2);
insert into notes_details values ('2010-2011', 'SEM-6', 'Tatiana Maillard', 'THS-2', 11.32, 4.0, 'A', 3, 1);
insert into notes_details values ('2011-2012', 'SEM-7', 'Tatiana Maillard', 'ASL-3', 11.32, 1.0, 'A', 0, 1);
insert into notes_details values ('2011-2012', 'SEM-7', 'Tatiana Maillard', 'ASL-3', 11.32, 2.0, 'A', 0, 2);
insert into contentieux values ('2011-2012', 'SEM-7', 'Tatiana Maillard', 'ASL-3');
insert into notes_details values ('2011-2012', 'SEM-7', 'Tatiana Maillard', 'DPP-3', 11.32, 2.33, 'A', 0, 1);
insert into notes_details values ('2011-2012', 'SEM-7', 'Tatiana Maillard', 'DPP-3', 11.32, 1.33, 'A', 0, 2);
insert into contentieux values ('2011-2012', 'SEM-7', 'Tatiana Maillard', 'DPP-3');
insert into notes_details values ('2011-2012', 'SEM-7', 'Tatiana Maillard', 'EAO-31', 11.32, 2.0, 'A', 0, 1);
insert into notes_details values ('2011-2012', 'SEM-7', 'Tatiana Maillard', 'EAO-31', 11.32, 2.33, 'A', 0, 2);
insert into contentieux values ('2011-2012', 'SEM-7', 'Tatiana Maillard', 'EAO-31');
insert into notes_details values ('2011-2012', 'SEM-7', 'Tatiana Maillard', 'EAO-32', 11.32, 2.0, 'A', 0, 1);
insert into notes_details values ('2011-2012', 'SEM-7', 'Tatiana Maillard', 'EAO-32', 11.32, 3.33, 'A', 2, 2);
insert into notes_details values ('2011-2012', 'SEM-7', 'Tatiana Maillard', 'EAO-33', 11.32, 4.0, 'A', 2, 1);
insert into notes_details values ('2011-2012', 'SEM-7', 'Tatiana Maillard', 'EAO-34', 11.32, 2.0, 'A', 0, 1);
insert into notes_details values ('2011-2012', 'SEM-7', 'Tatiana Maillard', 'EAO-34', 11.32, 3.67, 'A', 2, 2);
insert into notes_details values ('2011-2012', 'SEM-7', 'Tatiana Maillard', 'EAO-35', 11.32, 1.33, 'A', 0, 1);
insert into notes_details values ('2011-2012', 'SEM-7', 'Tatiana Maillard', 'EAO-35', 11.32, 3.67, 'A', 2, 2);
insert into notes_details values ('2011-2012', 'SEM-7', 'Tatiana Maillard', 'LCI-3', 11.32, 1.0, 'A', 0, 1);
insert into notes_details values ('2011-2012', 'SEM-7', 'Tatiana Maillard', 'LCI-3', 11.32, 2.0, 'A', 0, 2);
insert into contentieux values ('2011-2012', 'SEM-7', 'Tatiana Maillard', 'LCI-3');
insert into notes_details values ('2011-2012', 'SEM-7', 'Tatiana Maillard', 'MAT-3', 11.32, 2.33, 'A', 0, 1);
insert into notes_details values ('2011-2012', 'SEM-7', 'Tatiana Maillard', 'MAT-3', 11.32, 2.0, 'A', 0, 2);
insert into contentieux values ('2011-2012', 'SEM-7', 'Tatiana Maillard', 'MAT-3');
insert into notes_details values ('2011-2012', 'SEM-7', 'Tatiana Maillard', 'MNG-3', 11.32, 1.67, 'A', 0, 1);
insert into notes_details values ('2011-2012', 'SEM-7', 'Tatiana Maillard', 'MNG-3', 11.32, 2.0, 'A', 0, 2);
insert into contentieux values ('2011-2012', 'SEM-7', 'Tatiana Maillard', 'MNG-3');
insert into notes_details values ('2011-2012', 'SEM-7', 'Tatiana Maillard', 'PJT-3', 11.32, 1.0, 'A', 0, 1);
insert into notes_details values ('2011-2012', 'SEM-7', 'Tatiana Maillard', 'PJT-3', 11.32, 2.67, 'A', 5, 2);
insert into notes_details values ('2011-2012', 'SEM-7', 'Tatiana Maillard', 'STD-3', 11.32, 2.0, 'A', 0, 1);
insert into notes_details values ('2011-2012', 'SEM-7', 'Tatiana Maillard', 'STD-3', 11.32, 3.0, 'A', 2, 2);
insert into gpa values ('2010-2011', 'SEM-5', 'Tatiana Maillard', 3.08);
insert into gpa values ('2010-2011', 'SEM-6', 'Tatiana Maillard', 2.31);
insert into gpa values ('2011-2012', 'SEM-7', 'Tatiana Maillard', 2.5);
insert into eleves values ('Zelie Brochard', 1, 'S', 'Tres bien', 'MP', null, 'zbrochard');
insert into notes_details values ('2011-2012', 'SEM-5', 'Zelie Brochard', 'ALG-1', 11.32, 4.0, 'A', 3, 1);
insert into notes_details values ('2011-2012', 'SEM-5', 'Zelie Brochard', 'DPP-1', 11.32, 3.0, 'A', 2, 1);
insert into notes_details values ('2011-2012', 'SEM-5', 'Zelie Brochard', 'ELE-1', 11.32, 1.33, 'A', 0, 1);
insert into notes_details values ('2011-2012', 'SEM-5', 'Zelie Brochard', 'ELE-1', 11.32, 2.67, 'A', 3, 2);
insert into notes_details values ('2011-2012', 'SEM-5', 'Zelie Brochard', 'INP-1', 11.32, 4.0, 'A', 3, 1);
insert into notes_details values ('2011-2012', 'SEM-5', 'Zelie Brochard', 'LCI-1', 11.32, 2.33, 'A', 0, 1);
insert into notes_details values ('2011-2012', 'SEM-5', 'Zelie Brochard', 'LCI-1', 11.32, 3.33, 'A', 3, 2);
insert into notes_details values ('2011-2012', 'SEM-5', 'Zelie Brochard', 'MAT-1', 11.32, 2.67, 'A', 3, 1);
insert into notes_details values ('2011-2012', 'SEM-5', 'Zelie Brochard', 'MGP-1', 11.32, 2.33, 'A', 0, 1);
insert into notes_details values ('2011-2012', 'SEM-5', 'Zelie Brochard', 'MGP-1', 11.32, 3.33, 'A', 4, 2);
insert into notes_details values ('2011-2012', 'SEM-5', 'Zelie Brochard', 'PHO-1', 11.32, 3.33, 'A', 3, 1);
insert into notes_details values ('2011-2012', 'SEM-5', 'Zelie Brochard', 'PHQ-1', 11.32, 1.33, 'A', 0, 1);
insert into notes_details values ('2011-2012', 'SEM-5', 'Zelie Brochard', 'PHQ-1', 11.32, 3.33, 'A', 3, 2);
insert into notes_details values ('2011-2012', 'SEM-5', 'Zelie Brochard', 'SPM-1', 11.32, 3.0, 'A', 3, 1);
insert into notes_details values ('2011-2012', 'SEM-6', 'Zelie Brochard', 'DPP-2', 11.32, 1.67, 'A', 0, 1);
insert into notes_details values ('2011-2012', 'SEM-6', 'Zelie Brochard', 'DPP-2', 11.32, 2.67, 'A', 1, 2);
insert into notes_details values ('2011-2012', 'SEM-6', 'Zelie Brochard', 'EAO-2', 11.32, 1.67, 'A', 0, 1);
insert into notes_details values ('2011-2012', 'SEM-6', 'Zelie Brochard', 'EAO-2', 11.32, 3.67, 'A', 3, 2);
insert into notes_details values ('2011-2012', 'SEM-6', 'Zelie Brochard', 'ECO-2', 11.32, 4.0, 'A', 3, 1);
insert into notes_details values ('2011-2012', 'SEM-6', 'Zelie Brochard', 'LCI-2', 11.32, 2.33, 'A', 0, 1);
insert into notes_details values ('2011-2012', 'SEM-6', 'Zelie Brochard', 'LCI-2', 11.32, 3.33, 'A', 3, 2);
insert into notes_details values ('2011-2012', 'SEM-6', 'Zelie Brochard', 'MAT-2', 11.32, 3.33, 'A', 2, 1);
insert into notes_details values ('2011-2012', 'SEM-6', 'Zelie Brochard', 'MCO-2', 11.32, 2.0, 'A', 0, 1);
insert into notes_details values ('2011-2012', 'SEM-6', 'Zelie Brochard', 'MCO-2', 11.32, 3.0, 'A', 2, 2);
insert into notes_details values ('2011-2012', 'SEM-6', 'Zelie Brochard', 'MGP-2', 11.32, 1.0, 'A', 0, 1);
insert into notes_details values ('2011-2012', 'SEM-6', 'Zelie Brochard', 'MGP-2', 11.32, 2.0, 'A', 4, 99);
insert into notes_details values ('2011-2012', 'SEM-6', 'Zelie Brochard', 'PHS-2', 11.32, 1.67, 'A', 0, 1);
insert into notes_details values ('2011-2012', 'SEM-6', 'Zelie Brochard', 'PHS-2', 11.32, 4.0, 'A', 2, 2);
insert into notes_details values ('2011-2012', 'SEM-6', 'Zelie Brochard', 'PJT-2', 11.32, 3.33, 'A', 1, 1);
insert into notes_details values ('2011-2012', 'SEM-6', 'Zelie Brochard', 'RMS-2', 11.32, 2.0, 'A', 0, 1);
insert into notes_details values ('2011-2012', 'SEM-6', 'Zelie Brochard', 'RMS-2', 11.32, 3.33, 'A', 4, 2);
insert into notes_details values ('2011-2012', 'SEM-6', 'Zelie Brochard', 'STG-2', 11.32, 1.67, 'A', 0, 1);
insert into notes_details values ('2011-2012', 'SEM-6', 'Zelie Brochard', 'STG-2', 11.32, 2.67, 'A', 2, 2);
insert into notes_details values ('2011-2012', 'SEM-6', 'Zelie Brochard', 'THS-2', 11.32, 1.33, 'A', 0, 1);
insert into notes_details values ('2011-2012', 'SEM-6', 'Zelie Brochard', 'THS-2', 11.32, 1.67, 'A', 3, 99);
insert into notes_details values ('2012-2013', 'SEM-7', 'Zelie Brochard', 'ASL-3', 11.32, 1.0, 'A', 0, 1);
insert into notes_details values ('2012-2013', 'SEM-7', 'Zelie Brochard', 'ASL-3', 11.32, 3.0, 'A', 2, 2);
insert into notes_details values ('2012-2013', 'SEM-7', 'Zelie Brochard', 'DPP-3', 11.32, 3.67, 'A', 2, 1);
insert into notes_details values ('2012-2013', 'SEM-7', 'Zelie Brochard', 'EAO-31', 11.32, 1.0, 'A', 0, 1);
insert into notes_details values ('2012-2013', 'SEM-7', 'Zelie Brochard', 'EAO-31', 11.32, 1.67, 'A', 0, 2);
insert into contentieux values ('2012-2013', 'SEM-7', 'Zelie Brochard', 'EAO-31');
insert into notes_details values ('2012-2013', 'SEM-7', 'Zelie Brochard', 'EAO-32', 11.32, 3.67, 'A', 2, 1);
insert into notes_details values ('2012-2013', 'SEM-7', 'Zelie Brochard', 'EAO-33', 11.32, 1.0, 'A', 0, 1);
insert into notes_details values ('2012-2013', 'SEM-7', 'Zelie Brochard', 'EAO-33', 11.32, 2.0, 'A', 0, 2);
insert into contentieux values ('2012-2013', 'SEM-7', 'Zelie Brochard', 'EAO-33');
insert into notes_details values ('2012-2013', 'SEM-7', 'Zelie Brochard', 'EAO-34', 11.32, 1.67, 'A', 0, 1);
insert into notes_details values ('2012-2013', 'SEM-7', 'Zelie Brochard', 'EAO-34', 11.32, 3.33, 'A', 2, 2);
insert into notes_details values ('2012-2013', 'SEM-7', 'Zelie Brochard', 'EAO-35', 11.32, 3.67, 'A', 2, 1);
insert into notes_details values ('2012-2013', 'SEM-7', 'Zelie Brochard', 'LCI-3', 11.32, 3.33, 'A', 3, 1);
insert into notes_details values ('2012-2013', 'SEM-7', 'Zelie Brochard', 'MAT-3', 11.32, 3.67, 'A', 3, 1);
insert into notes_details values ('2012-2013', 'SEM-7', 'Zelie Brochard', 'MNG-3', 11.32, 4.0, 'A', 3, 1);
insert into notes_details values ('2012-2013', 'SEM-7', 'Zelie Brochard', 'PJT-3', 11.32, 1.33, 'A', 0, 1);
insert into notes_details values ('2012-2013', 'SEM-7', 'Zelie Brochard', 'PJT-3', 11.32, 3.33, 'A', 5, 2);
insert into notes_details values ('2012-2013', 'SEM-7', 'Zelie Brochard', 'STD-3', 11.32, 2.0, 'A', 0, 1);
insert into notes_details values ('2012-2013', 'SEM-7', 'Zelie Brochard', 'STD-3', 11.32, 1.67, 'A', 2, 99);
insert into gpa values ('2011-2012', 'SEM-5', 'Zelie Brochard', 3.74);
insert into gpa values ('2011-2012', 'SEM-6', 'Zelie Brochard', 2.76);
insert into gpa values ('2012-2013', 'SEM-7', 'Zelie Brochard', 3.43);
insert into eleves values ('Camron Tessier', 1, 'S', 'Tres bien', 'Etranger', null, 'ctessier');
insert into notes_details values ('2010-2011', 'SEM-5', 'Camron Tessier', 'ALG-1', 11.32, 3.33, 'A', 3, 1);
insert into notes_details values ('2010-2011', 'SEM-5', 'Camron Tessier', 'DPP-1', 11.32, 1.33, 'A', 0, 1);
insert into notes_details values ('2010-2011', 'SEM-5', 'Camron Tessier', 'DPP-1', 11.32, 2.67, 'A', 2, 2);
insert into notes_details values ('2010-2011', 'SEM-5', 'Camron Tessier', 'ELE-1', 11.32, 2.33, 'A', 0, 1);
insert into notes_details values ('2010-2011', 'SEM-5', 'Camron Tessier', 'ELE-1', 11.32, 2.67, 'A', 3, 2);
insert into notes_details values ('2010-2011', 'SEM-5', 'Camron Tessier', 'INP-1', 11.32, 1.0, 'A', 0, 1);
insert into notes_details values ('2010-2011', 'SEM-5', 'Camron Tessier', 'INP-1', 11.32, 3.67, 'A', 3, 2);
insert into notes_details values ('2010-2011', 'SEM-5', 'Camron Tessier', 'LCI-1', 11.32, 2.33, 'A', 0, 1);
insert into notes_details values ('2010-2011', 'SEM-5', 'Camron Tessier', 'LCI-1', 11.32, 4.0, 'A', 3, 2);
insert into notes_details values ('2010-2011', 'SEM-5', 'Camron Tessier', 'MAT-1', 11.32, 2.33, 'A', 0, 1);
insert into notes_details values ('2010-2011', 'SEM-5', 'Camron Tessier', 'MAT-1', 11.32, 3.0, 'A', 3, 2);
insert into notes_details values ('2010-2011', 'SEM-5', 'Camron Tessier', 'MGP-1', 11.32, 4.0, 'A', 4, 1);
insert into notes_details values ('2010-2011', 'SEM-5', 'Camron Tessier', 'PHO-1', 11.32, 3.67, 'A', 3, 1);
insert into notes_details values ('2010-2011', 'SEM-5', 'Camron Tessier', 'PHQ-1', 11.32, 2.0, 'A', 0, 1);
insert into notes_details values ('2010-2011', 'SEM-5', 'Camron Tessier', 'PHQ-1', 11.32, 3.33, 'A', 3, 2);
insert into notes_details values ('2010-2011', 'SEM-5', 'Camron Tessier', 'SPM-1', 11.32, 1.33, 'A', 0, 1);
insert into notes_details values ('2010-2011', 'SEM-5', 'Camron Tessier', 'SPM-1', 11.32, 1.33, 'A', 3, 99);
insert into notes_details values ('2010-2011', 'SEM-6', 'Camron Tessier', 'DPP-2', 11.32, 3.33, 'A', 1, 1);
insert into notes_details values ('2010-2011', 'SEM-6', 'Camron Tessier', 'EAO-2', 11.32, 1.67, 'A', 0, 1);
insert into notes_details values ('2010-2011', 'SEM-6', 'Camron Tessier', 'EAO-2', 11.32, 3.67, 'A', 3, 2);
insert into notes_details values ('2010-2011', 'SEM-6', 'Camron Tessier', 'ECO-2', 11.32, 1.0, 'A', 0, 1);
insert into notes_details values ('2010-2011', 'SEM-6', 'Camron Tessier', 'ECO-2', 11.32, 3.67, 'A', 3, 2);
insert into notes_details values ('2010-2011', 'SEM-6', 'Camron Tessier', 'LCI-2', 11.32, 2.33, 'A', 0, 1);
insert into notes_details values ('2010-2011', 'SEM-6', 'Camron Tessier', 'LCI-2', 11.32, 3.0, 'A', 3, 2);
insert into notes_details values ('2010-2011', 'SEM-6', 'Camron Tessier', 'MAT-2', 11.32, 2.33, 'A', 0, 1);
insert into notes_details values ('2010-2011', 'SEM-6', 'Camron Tessier', 'MAT-2', 11.32, 3.67, 'A', 2, 2);
insert into notes_details values ('2010-2011', 'SEM-6', 'Camron Tessier', 'MCO-2', 11.32, 2.67, 'A', 2, 1);
insert into notes_details values ('2010-2011', 'SEM-6', 'Camron Tessier', 'MGP-2', 11.32, 1.33, 'A', 0, 1);
insert into notes_details values ('2010-2011', 'SEM-6', 'Camron Tessier', 'MGP-2', 11.32, 3.33, 'A', 4, 2);
insert into notes_details values ('2010-2011', 'SEM-6', 'Camron Tessier', 'PHS-2', 11.32, 1.0, 'A', 0, 1);
insert into notes_details values ('2010-2011', 'SEM-6', 'Camron Tessier', 'PHS-2', 11.32, 3.33, 'A', 2, 2);
insert into notes_details values ('2010-2011', 'SEM-6', 'Camron Tessier', 'PJT-2', 11.32, 3.0, 'A', 1, 1);
insert into notes_details values ('2010-2011', 'SEM-6', 'Camron Tessier', 'RMS-2', 11.32, 3.0, 'A', 4, 1);
insert into notes_details values ('2010-2011', 'SEM-6', 'Camron Tessier', 'STG-2', 11.32, 1.33, 'A', 0, 1);
insert into notes_details values ('2010-2011', 'SEM-6', 'Camron Tessier', 'STG-2', 11.32, 4.0, 'A', 2, 2);
insert into notes_details values ('2010-2011', 'SEM-6', 'Camron Tessier', 'THS-2', 11.32, 1.33, 'A', 0, 1);
insert into notes_details values ('2010-2011', 'SEM-6', 'Camron Tessier', 'THS-2', 11.32, 3.0, 'A', 3, 2);
insert into notes_details values ('2011-2012', 'SEM-7', 'Camron Tessier', 'ASL-3', 11.32, 1.67, 'A', 0, 1);
insert into notes_details values ('2011-2012', 'SEM-7', 'Camron Tessier', 'ASL-3', 11.32, 2.67, 'A', 2, 2);
insert into notes_details values ('2011-2012', 'SEM-7', 'Camron Tessier', 'DPP-3', 11.32, 2.0, 'A', 0, 1);
insert into notes_details values ('2011-2012', 'SEM-7', 'Camron Tessier', 'DPP-3', 11.32, 3.67, 'A', 2, 2);
insert into notes_details values ('2011-2012', 'SEM-7', 'Camron Tessier', 'EAO-31', 11.32, 2.33, 'A', 0, 1);
insert into notes_details values ('2011-2012', 'SEM-7', 'Camron Tessier', 'EAO-31', 11.32, 4.0, 'A', 2, 2);
insert into notes_details values ('2011-2012', 'SEM-7', 'Camron Tessier', 'EAO-32', 11.32, 4.0, 'A', 2, 1);
insert into notes_details values ('2011-2012', 'SEM-7', 'Camron Tessier', 'EAO-33', 11.32, 1.67, 'A', 0, 1);
insert into notes_details values ('2011-2012', 'SEM-7', 'Camron Tessier', 'EAO-33', 11.32, 3.33, 'A', 2, 2);
insert into notes_details values ('2011-2012', 'SEM-7', 'Camron Tessier', 'EAO-34', 11.32, 2.33, 'A', 0, 1);
insert into notes_details values ('2011-2012', 'SEM-7', 'Camron Tessier', 'EAO-34', 11.32, 2.0, 'A', 0, 2);
insert into contentieux values ('2011-2012', 'SEM-7', 'Camron Tessier', 'EAO-34');
insert into notes_details values ('2011-2012', 'SEM-7', 'Camron Tessier', 'EAO-35', 11.32, 2.0, 'A', 0, 1);
insert into notes_details values ('2011-2012', 'SEM-7', 'Camron Tessier', 'EAO-35', 11.32, 3.33, 'A', 2, 2);
insert into notes_details values ('2011-2012', 'SEM-7', 'Camron Tessier', 'LCI-3', 11.32, 2.0, 'A', 0, 1);
insert into notes_details values ('2011-2012', 'SEM-7', 'Camron Tessier', 'LCI-3', 11.32, 1.0, 'A', 3, 99);
insert into notes_details values ('2011-2012', 'SEM-7', 'Camron Tessier', 'MAT-3', 11.32, 3.67, 'A', 3, 1);
insert into notes_details values ('2011-2012', 'SEM-7', 'Camron Tessier', 'MNG-3', 11.32, 3.0, 'A', 3, 1);
insert into notes_details values ('2011-2012', 'SEM-7', 'Camron Tessier', 'PJT-3', 11.32, 3.33, 'A', 5, 1);
insert into notes_details values ('2011-2012', 'SEM-7', 'Camron Tessier', 'STD-3', 11.32, 3.67, 'A', 2, 1);
insert into gpa values ('2010-2011', 'SEM-5', 'Camron Tessier', 2.39);
insert into gpa values ('2010-2011', 'SEM-6', 'Camron Tessier', 2.83);
insert into gpa values ('2011-2012', 'SEM-7', 'Camron Tessier', 2.82);
insert into eleves values ('Alphonse Schmitt', 1, 'S', 'Tres bien', 'MP', null, 'aschmitt');
insert into notes_details values ('2011-2012', 'SEM-5', 'Alphonse Schmitt', 'ALG-1', 11.32, 1.0, 'A', 0, 1);
insert into notes_details values ('2011-2012', 'SEM-5', 'Alphonse Schmitt', 'ALG-1', 11.32, 3.67, 'A', 3, 2);
insert into notes_details values ('2011-2012', 'SEM-5', 'Alphonse Schmitt', 'DPP-1', 11.32, 1.0, 'A', 0, 1);
insert into notes_details values ('2011-2012', 'SEM-5', 'Alphonse Schmitt', 'DPP-1', 11.32, 4.0, 'A', 2, 2);
insert into notes_details values ('2011-2012', 'SEM-5', 'Alphonse Schmitt', 'ELE-1', 11.32, 4.0, 'A', 3, 1);
insert into notes_details values ('2011-2012', 'SEM-5', 'Alphonse Schmitt', 'INP-1', 11.32, 3.33, 'A', 3, 1);
insert into notes_details values ('2011-2012', 'SEM-5', 'Alphonse Schmitt', 'LCI-1', 11.32, 2.0, 'A', 0, 1);
insert into notes_details values ('2011-2012', 'SEM-5', 'Alphonse Schmitt', 'LCI-1', 11.32, 1.0, 'A', 3, 99);
insert into notes_details values ('2011-2012', 'SEM-5', 'Alphonse Schmitt', 'MAT-1', 11.32, 3.33, 'A', 3, 1);
insert into notes_details values ('2011-2012', 'SEM-5', 'Alphonse Schmitt', 'MGP-1', 11.32, 4.0, 'A', 4, 1);
insert into notes_details values ('2011-2012', 'SEM-5', 'Alphonse Schmitt', 'PHO-1', 11.32, 3.67, 'A', 3, 1);
insert into notes_details values ('2011-2012', 'SEM-5', 'Alphonse Schmitt', 'PHQ-1', 11.32, 2.0, 'A', 0, 1);
insert into notes_details values ('2011-2012', 'SEM-5', 'Alphonse Schmitt', 'PHQ-1', 11.32, 1.0, 'A', 3, 99);
insert into notes_details values ('2011-2012', 'SEM-5', 'Alphonse Schmitt', 'SPM-1', 11.32, 1.33, 'A', 0, 1);
insert into notes_details values ('2011-2012', 'SEM-5', 'Alphonse Schmitt', 'SPM-1', 11.32, 3.67, 'A', 3, 2);
insert into notes_details values ('2011-2012', 'SEM-6', 'Alphonse Schmitt', 'DPP-2', 11.32, 3.0, 'A', 1, 1);
insert into notes_details values ('2011-2012', 'SEM-6', 'Alphonse Schmitt', 'EAO-2', 11.32, 1.0, 'A', 0, 1);
insert into notes_details values ('2011-2012', 'SEM-6', 'Alphonse Schmitt', 'EAO-2', 11.32, 2.67, 'A', 3, 2);
insert into notes_details values ('2011-2012', 'SEM-6', 'Alphonse Schmitt', 'ECO-2', 11.32, 3.67, 'A', 3, 1);
insert into notes_details values ('2011-2012', 'SEM-6', 'Alphonse Schmitt', 'LCI-2', 11.32, 1.33, 'A', 0, 1);
insert into notes_details values ('2011-2012', 'SEM-6', 'Alphonse Schmitt', 'LCI-2', 11.32, 2.67, 'A', 3, 2);
insert into notes_details values ('2011-2012', 'SEM-6', 'Alphonse Schmitt', 'MAT-2', 11.32, 2.0, 'A', 0, 1);
insert into notes_details values ('2011-2012', 'SEM-6', 'Alphonse Schmitt', 'MAT-2', 11.32, 1.67, 'A', 2, 99);
insert into notes_details values ('2011-2012', 'SEM-6', 'Alphonse Schmitt', 'MCO-2', 11.32, 2.33, 'A', 0, 1);
insert into notes_details values ('2011-2012', 'SEM-6', 'Alphonse Schmitt', 'MCO-2', 11.32, 3.33, 'A', 2, 2);
insert into notes_details values ('2011-2012', 'SEM-6', 'Alphonse Schmitt', 'MGP-2', 11.32, 3.67, 'A', 4, 1);
insert into notes_details values ('2011-2012', 'SEM-6', 'Alphonse Schmitt', 'PHS-2', 11.32, 4.0, 'A', 2, 1);
insert into notes_details values ('2011-2012', 'SEM-6', 'Alphonse Schmitt', 'PJT-2', 11.32, 3.33, 'A', 1, 1);
insert into notes_details values ('2011-2012', 'SEM-6', 'Alphonse Schmitt', 'RMS-2', 11.32, 2.67, 'A', 4, 1);
insert into notes_details values ('2011-2012', 'SEM-6', 'Alphonse Schmitt', 'STG-2', 11.32, 3.67, 'A', 2, 1);
insert into notes_details values ('2011-2012', 'SEM-6', 'Alphonse Schmitt', 'THS-2', 11.32, 2.0, 'A', 0, 1);
insert into notes_details values ('2011-2012', 'SEM-6', 'Alphonse Schmitt', 'THS-2', 11.32, 2.67, 'A', 3, 2);
insert into notes_details values ('2012-2013', 'SEM-7', 'Alphonse Schmitt', 'ASL-3', 11.32, 1.0, 'A', 0, 1);
insert into notes_details values ('2012-2013', 'SEM-7', 'Alphonse Schmitt', 'ASL-3', 11.32, 3.67, 'A', 2, 2);
insert into notes_details values ('2012-2013', 'SEM-7', 'Alphonse Schmitt', 'DPP-3', 11.32, 1.0, 'A', 0, 1);
insert into notes_details values ('2012-2013', 'SEM-7', 'Alphonse Schmitt', 'DPP-3', 11.32, 3.0, 'A', 2, 2);
insert into notes_details values ('2012-2013', 'SEM-7', 'Alphonse Schmitt', 'EAO-31', 11.32, 2.33, 'A', 0, 1);
insert into notes_details values ('2012-2013', 'SEM-7', 'Alphonse Schmitt', 'EAO-31', 11.32, 2.33, 'A', 0, 2);
insert into contentieux values ('2012-2013', 'SEM-7', 'Alphonse Schmitt', 'EAO-31');
insert into notes_details values ('2012-2013', 'SEM-7', 'Alphonse Schmitt', 'EAO-32', 11.32, 3.33, 'A', 2, 1);
insert into notes_details values ('2012-2013', 'SEM-7', 'Alphonse Schmitt', 'EAO-33', 11.32, 3.33, 'A', 2, 1);
insert into notes_details values ('2012-2013', 'SEM-7', 'Alphonse Schmitt', 'EAO-34', 11.32, 2.67, 'A', 2, 1);
insert into notes_details values ('2012-2013', 'SEM-7', 'Alphonse Schmitt', 'EAO-35', 11.32, 2.33, 'A', 0, 1);
insert into notes_details values ('2012-2013', 'SEM-7', 'Alphonse Schmitt', 'EAO-35', 11.32, 2.67, 'A', 2, 2);
insert into notes_details values ('2012-2013', 'SEM-7', 'Alphonse Schmitt', 'LCI-3', 11.32, 2.67, 'A', 3, 1);
insert into notes_details values ('2012-2013', 'SEM-7', 'Alphonse Schmitt', 'MAT-3', 11.32, 1.0, 'A', 0, 1);
insert into notes_details values ('2012-2013', 'SEM-7', 'Alphonse Schmitt', 'MAT-3', 11.32, 3.33, 'A', 3, 2);
insert into notes_details values ('2012-2013', 'SEM-7', 'Alphonse Schmitt', 'MNG-3', 11.32, 2.0, 'A', 0, 1);
insert into notes_details values ('2012-2013', 'SEM-7', 'Alphonse Schmitt', 'MNG-3', 11.32, 3.67, 'A', 3, 2);
insert into notes_details values ('2012-2013', 'SEM-7', 'Alphonse Schmitt', 'PJT-3', 11.32, 1.33, 'A', 0, 1);
insert into notes_details values ('2012-2013', 'SEM-7', 'Alphonse Schmitt', 'PJT-3', 11.32, 2.0, 'A', 0, 2);
insert into contentieux values ('2012-2013', 'SEM-7', 'Alphonse Schmitt', 'PJT-3');
insert into notes_details values ('2012-2013', 'SEM-7', 'Alphonse Schmitt', 'STD-3', 11.32, 2.33, 'A', 0, 1);
insert into notes_details values ('2012-2013', 'SEM-7', 'Alphonse Schmitt', 'STD-3', 11.32, 1.0, 'A', 2, 99);
insert into gpa values ('2011-2012', 'SEM-5', 'Alphonse Schmitt', 3.09);
insert into gpa values ('2011-2012', 'SEM-6', 'Alphonse Schmitt', 2.07);
insert into gpa values ('2012-2013', 'SEM-7', 'Alphonse Schmitt', 3.05);
insert into eleves values ('Ludovic Beckenbauer', 1, 'S', 'Tres bien', 'MP', null, 'lbeckenbauer');
insert into notes_details values ('2010-2011', 'SEM-5', 'Ludovic Beckenbauer', 'ALG-1', 11.32, 2.67, 'A', 3, 1);
insert into notes_details values ('2010-2011', 'SEM-5', 'Ludovic Beckenbauer', 'DPP-1', 11.32, 2.67, 'A', 2, 1);
insert into notes_details values ('2010-2011', 'SEM-5', 'Ludovic Beckenbauer', 'ELE-1', 11.32, 1.67, 'A', 0, 1);
insert into notes_details values ('2010-2011', 'SEM-5', 'Ludovic Beckenbauer', 'ELE-1', 11.32, 3.33, 'A', 3, 2);
insert into notes_details values ('2010-2011', 'SEM-5', 'Ludovic Beckenbauer', 'INP-1', 11.32, 2.33, 'A', 0, 1);
insert into notes_details values ('2010-2011', 'SEM-5', 'Ludovic Beckenbauer', 'INP-1', 11.32, 3.0, 'A', 3, 2);
insert into notes_details values ('2010-2011', 'SEM-5', 'Ludovic Beckenbauer', 'LCI-1', 11.32, 4.0, 'A', 3, 1);
insert into notes_details values ('2010-2011', 'SEM-5', 'Ludovic Beckenbauer', 'MAT-1', 11.32, 1.67, 'A', 0, 1);
insert into notes_details values ('2010-2011', 'SEM-5', 'Ludovic Beckenbauer', 'MAT-1', 11.32, 3.0, 'A', 3, 2);
insert into notes_details values ('2010-2011', 'SEM-5', 'Ludovic Beckenbauer', 'MGP-1', 11.32, 1.33, 'A', 0, 1);
insert into notes_details values ('2010-2011', 'SEM-5', 'Ludovic Beckenbauer', 'MGP-1', 11.32, 3.0, 'A', 4, 2);
insert into notes_details values ('2010-2011', 'SEM-5', 'Ludovic Beckenbauer', 'PHO-1', 11.32, 1.67, 'A', 0, 1);
insert into notes_details values ('2010-2011', 'SEM-5', 'Ludovic Beckenbauer', 'PHO-1', 11.32, 4.0, 'A', 3, 2);
insert into notes_details values ('2010-2011', 'SEM-5', 'Ludovic Beckenbauer', 'PHQ-1', 11.32, 2.0, 'A', 0, 1);
insert into notes_details values ('2010-2011', 'SEM-5', 'Ludovic Beckenbauer', 'PHQ-1', 11.32, 4.0, 'A', 3, 2);
insert into notes_details values ('2010-2011', 'SEM-5', 'Ludovic Beckenbauer', 'SPM-1', 11.32, 2.67, 'A', 3, 1);
insert into notes_details values ('2010-2011', 'SEM-6', 'Ludovic Beckenbauer', 'DPP-2', 11.32, 2.33, 'A', 0, 1);
insert into notes_details values ('2010-2011', 'SEM-6', 'Ludovic Beckenbauer', 'DPP-2', 11.32, 4.0, 'A', 1, 2);
insert into notes_details values ('2010-2011', 'SEM-6', 'Ludovic Beckenbauer', 'EAO-2', 11.32, 2.67, 'A', 3, 1);
insert into notes_details values ('2010-2011', 'SEM-6', 'Ludovic Beckenbauer', 'ECO-2', 11.32, 1.33, 'A', 0, 1);
insert into notes_details values ('2010-2011', 'SEM-6', 'Ludovic Beckenbauer', 'ECO-2', 11.32, 2.67, 'A', 3, 2);
insert into notes_details values ('2010-2011', 'SEM-6', 'Ludovic Beckenbauer', 'LCI-2', 11.32, 3.67, 'A', 3, 1);
insert into notes_details values ('2010-2011', 'SEM-6', 'Ludovic Beckenbauer', 'MAT-2', 11.32, 1.67, 'A', 0, 1);
insert into notes_details values ('2010-2011', 'SEM-6', 'Ludovic Beckenbauer', 'MAT-2', 11.32, 3.0, 'A', 2, 2);
insert into notes_details values ('2010-2011', 'SEM-6', 'Ludovic Beckenbauer', 'MCO-2', 11.32, 4.0, 'A', 2, 1);
insert into notes_details values ('2010-2011', 'SEM-6', 'Ludovic Beckenbauer', 'MGP-2', 11.32, 1.0, 'A', 0, 1);
insert into notes_details values ('2010-2011', 'SEM-6', 'Ludovic Beckenbauer', 'MGP-2', 11.32, 1.33, 'A', 4, 99);
insert into notes_details values ('2010-2011', 'SEM-6', 'Ludovic Beckenbauer', 'PHS-2', 11.32, 3.0, 'A', 2, 1);
insert into notes_details values ('2010-2011', 'SEM-6', 'Ludovic Beckenbauer', 'PJT-2', 11.32, 2.0, 'A', 0, 1);
insert into notes_details values ('2010-2011', 'SEM-6', 'Ludovic Beckenbauer', 'PJT-2', 11.32, 2.0, 'A', 1, 99);
insert into notes_details values ('2010-2011', 'SEM-6', 'Ludovic Beckenbauer', 'RMS-2', 11.32, 2.33, 'A', 0, 1);
insert into notes_details values ('2010-2011', 'SEM-6', 'Ludovic Beckenbauer', 'RMS-2', 11.32, 1.0, 'A', 4, 99);
insert into notes_details values ('2010-2011', 'SEM-6', 'Ludovic Beckenbauer', 'STG-2', 11.32, 2.0, 'A', 0, 1);
insert into notes_details values ('2010-2011', 'SEM-6', 'Ludovic Beckenbauer', 'STG-2', 11.32, 1.0, 'A', 2, 99);
insert into notes_details values ('2010-2011', 'SEM-6', 'Ludovic Beckenbauer', 'THS-2', 11.32, 2.67, 'A', 3, 1);
insert into notes_details values ('2011-2012', 'SEM-7', 'Ludovic Beckenbauer', 'ASL-3', 11.32, 3.67, 'A', 2, 1);
insert into notes_details values ('2011-2012', 'SEM-7', 'Ludovic Beckenbauer', 'DPP-3', 11.32, 2.0, 'A', 0, 1);
insert into notes_details values ('2011-2012', 'SEM-7', 'Ludovic Beckenbauer', 'DPP-3', 11.32, 3.33, 'A', 2, 2);
insert into notes_details values ('2011-2012', 'SEM-7', 'Ludovic Beckenbauer', 'EAO-31', 11.32, 3.67, 'A', 2, 1);
insert into notes_details values ('2011-2012', 'SEM-7', 'Ludovic Beckenbauer', 'EAO-32', 11.32, 2.33, 'A', 0, 1);
insert into notes_details values ('2011-2012', 'SEM-7', 'Ludovic Beckenbauer', 'EAO-32', 11.32, 3.33, 'A', 2, 2);
insert into notes_details values ('2011-2012', 'SEM-7', 'Ludovic Beckenbauer', 'EAO-33', 11.32, 3.33, 'A', 2, 1);
insert into notes_details values ('2011-2012', 'SEM-7', 'Ludovic Beckenbauer', 'EAO-34', 11.32, 2.67, 'A', 2, 1);
insert into notes_details values ('2011-2012', 'SEM-7', 'Ludovic Beckenbauer', 'EAO-35', 11.32, 1.33, 'A', 0, 1);
insert into notes_details values ('2011-2012', 'SEM-7', 'Ludovic Beckenbauer', 'EAO-35', 11.32, 2.33, 'A', 0, 2);
insert into contentieux values ('2011-2012', 'SEM-7', 'Ludovic Beckenbauer', 'EAO-35');
insert into notes_details values ('2011-2012', 'SEM-7', 'Ludovic Beckenbauer', 'LCI-3', 11.32, 3.33, 'A', 3, 1);
insert into notes_details values ('2011-2012', 'SEM-7', 'Ludovic Beckenbauer', 'MAT-3', 11.32, 2.0, 'A', 0, 1);
insert into notes_details values ('2011-2012', 'SEM-7', 'Ludovic Beckenbauer', 'MAT-3', 11.32, 3.67, 'A', 3, 2);
insert into notes_details values ('2011-2012', 'SEM-7', 'Ludovic Beckenbauer', 'MNG-3', 11.32, 3.33, 'A', 3, 1);
insert into notes_details values ('2011-2012', 'SEM-7', 'Ludovic Beckenbauer', 'PJT-3', 11.32, 2.33, 'A', 0, 1);
insert into notes_details values ('2011-2012', 'SEM-7', 'Ludovic Beckenbauer', 'PJT-3', 11.32, 3.67, 'A', 5, 2);
insert into notes_details values ('2011-2012', 'SEM-7', 'Ludovic Beckenbauer', 'STD-3', 11.32, 2.67, 'A', 2, 1);
insert into gpa values ('2010-2011', 'SEM-5', 'Ludovic Beckenbauer', 3.67);
insert into gpa values ('2010-2011', 'SEM-6', 'Ludovic Beckenbauer', 3.68);
insert into gpa values ('2011-2012', 'SEM-7', 'Ludovic Beckenbauer', 3.08);
insert into eleves values ('Robert Lemond', 1, 'S', 'Tres bien', 'MP', null, 'rlemond');
insert into notes_details values ('2011-2012', 'SEM-5', 'Robert Lemond', 'ALG-1', 11.32, 1.67, 'A', 0, 1);
insert into notes_details values ('2011-2012', 'SEM-5', 'Robert Lemond', 'ALG-1', 11.32, 1.67, 'A', 3, 99);
insert into notes_details values ('2011-2012', 'SEM-5', 'Robert Lemond', 'DPP-1', 11.32, 2.67, 'A', 2, 1);
insert into notes_details values ('2011-2012', 'SEM-5', 'Robert Lemond', 'ELE-1', 11.32, 2.33, 'A', 0, 1);
insert into notes_details values ('2011-2012', 'SEM-5', 'Robert Lemond', 'ELE-1', 11.32, 3.0, 'A', 3, 2);
insert into notes_details values ('2011-2012', 'SEM-5', 'Robert Lemond', 'INP-1', 11.32, 3.33, 'A', 3, 1);
insert into notes_details values ('2011-2012', 'SEM-5', 'Robert Lemond', 'LCI-1', 11.32, 1.33, 'A', 0, 1);
insert into notes_details values ('2011-2012', 'SEM-5', 'Robert Lemond', 'LCI-1', 11.32, 3.67, 'A', 3, 2);
insert into notes_details values ('2011-2012', 'SEM-5', 'Robert Lemond', 'MAT-1', 11.32, 2.0, 'A', 0, 1);
insert into notes_details values ('2011-2012', 'SEM-5', 'Robert Lemond', 'MAT-1', 11.32, 3.33, 'A', 3, 2);
insert into notes_details values ('2011-2012', 'SEM-5', 'Robert Lemond', 'MGP-1', 11.32, 3.67, 'A', 4, 1);
insert into notes_details values ('2011-2012', 'SEM-5', 'Robert Lemond', 'PHO-1', 11.32, 4.0, 'A', 3, 1);
insert into notes_details values ('2011-2012', 'SEM-5', 'Robert Lemond', 'PHQ-1', 11.32, 3.0, 'A', 3, 1);
insert into notes_details values ('2011-2012', 'SEM-5', 'Robert Lemond', 'SPM-1', 11.32, 2.0, 'A', 0, 1);
insert into notes_details values ('2011-2012', 'SEM-5', 'Robert Lemond', 'SPM-1', 11.32, 4.0, 'A', 3, 2);
insert into notes_details values ('2011-2012', 'SEM-6', 'Robert Lemond', 'DPP-2', 11.32, 2.0, 'A', 0, 1);
insert into notes_details values ('2011-2012', 'SEM-6', 'Robert Lemond', 'DPP-2', 11.32, 3.33, 'A', 1, 2);
insert into notes_details values ('2011-2012', 'SEM-6', 'Robert Lemond', 'EAO-2', 11.32, 3.67, 'A', 3, 1);
insert into notes_details values ('2011-2012', 'SEM-6', 'Robert Lemond', 'ECO-2', 11.32, 4.0, 'A', 3, 1);
insert into notes_details values ('2011-2012', 'SEM-6', 'Robert Lemond', 'LCI-2', 11.32, 4.0, 'A', 3, 1);
insert into notes_details values ('2011-2012', 'SEM-6', 'Robert Lemond', 'MAT-2', 11.32, 1.67, 'A', 0, 1);
insert into notes_details values ('2011-2012', 'SEM-6', 'Robert Lemond', 'MAT-2', 11.32, 2.67, 'A', 2, 2);
insert into notes_details values ('2011-2012', 'SEM-6', 'Robert Lemond', 'MCO-2', 11.32, 2.33, 'A', 0, 1);
insert into notes_details values ('2011-2012', 'SEM-6', 'Robert Lemond', 'MCO-2', 11.32, 3.0, 'A', 2, 2);
insert into notes_details values ('2011-2012', 'SEM-6', 'Robert Lemond', 'MGP-2', 11.32, 3.67, 'A', 4, 1);
insert into notes_details values ('2011-2012', 'SEM-6', 'Robert Lemond', 'PHS-2', 11.32, 2.67, 'A', 2, 1);
insert into notes_details values ('2011-2012', 'SEM-6', 'Robert Lemond', 'PJT-2', 11.32, 2.0, 'A', 0, 1);
insert into notes_details values ('2011-2012', 'SEM-6', 'Robert Lemond', 'PJT-2', 11.32, 2.67, 'A', 1, 2);
insert into notes_details values ('2011-2012', 'SEM-6', 'Robert Lemond', 'RMS-2', 11.32, 2.67, 'A', 4, 1);
insert into notes_details values ('2011-2012', 'SEM-6', 'Robert Lemond', 'STG-2', 11.32, 3.33, 'A', 2, 1);
insert into notes_details values ('2011-2012', 'SEM-6', 'Robert Lemond', 'THS-2', 11.32, 1.67, 'A', 0, 1);
insert into notes_details values ('2011-2012', 'SEM-6', 'Robert Lemond', 'THS-2', 11.32, 3.33, 'A', 3, 2);
insert into notes_details values ('2012-2013', 'SEM-7', 'Robert Lemond', 'ASL-3', 11.32, 2.33, 'A', 0, 1);
insert into notes_details values ('2012-2013', 'SEM-7', 'Robert Lemond', 'ASL-3', 11.32, 2.0, 'A', 0, 2);
insert into contentieux values ('2012-2013', 'SEM-7', 'Robert Lemond', 'ASL-3');
insert into notes_details values ('2012-2013', 'SEM-7', 'Robert Lemond', 'DPP-3', 11.32, 2.0, 'A', 0, 1);
insert into notes_details values ('2012-2013', 'SEM-7', 'Robert Lemond', 'DPP-3', 11.32, 3.0, 'A', 2, 2);
insert into notes_details values ('2012-2013', 'SEM-7', 'Robert Lemond', 'EAO-31', 11.32, 2.67, 'A', 2, 1);
insert into notes_details values ('2012-2013', 'SEM-7', 'Robert Lemond', 'EAO-32', 11.32, 1.0, 'A', 0, 1);
insert into notes_details values ('2012-2013', 'SEM-7', 'Robert Lemond', 'EAO-32', 11.32, 4.0, 'A', 2, 2);
insert into notes_details values ('2012-2013', 'SEM-7', 'Robert Lemond', 'EAO-33', 11.32, 4.0, 'A', 2, 1);
insert into notes_details values ('2012-2013', 'SEM-7', 'Robert Lemond', 'EAO-34', 11.32, 1.67, 'A', 0, 1);
insert into notes_details values ('2012-2013', 'SEM-7', 'Robert Lemond', 'EAO-34', 11.32, 4.0, 'A', 2, 2);
insert into notes_details values ('2012-2013', 'SEM-7', 'Robert Lemond', 'EAO-35', 11.32, 1.33, 'A', 0, 1);
insert into notes_details values ('2012-2013', 'SEM-7', 'Robert Lemond', 'EAO-35', 11.32, 2.0, 'A', 0, 2);
insert into contentieux values ('2012-2013', 'SEM-7', 'Robert Lemond', 'EAO-35');
insert into notes_details values ('2012-2013', 'SEM-7', 'Robert Lemond', 'LCI-3', 11.32, 1.33, 'A', 0, 1);
insert into notes_details values ('2012-2013', 'SEM-7', 'Robert Lemond', 'LCI-3', 11.32, 2.33, 'A', 0, 2);
insert into contentieux values ('2012-2013', 'SEM-7', 'Robert Lemond', 'LCI-3');
insert into notes_details values ('2012-2013', 'SEM-7', 'Robert Lemond', 'MAT-3', 11.32, 2.67, 'A', 3, 1);
insert into notes_details values ('2012-2013', 'SEM-7', 'Robert Lemond', 'MNG-3', 11.32, 2.67, 'A', 3, 1);
insert into notes_details values ('2012-2013', 'SEM-7', 'Robert Lemond', 'PJT-3', 11.32, 1.67, 'A', 0, 1);
insert into notes_details values ('2012-2013', 'SEM-7', 'Robert Lemond', 'PJT-3', 11.32, 3.0, 'A', 5, 2);
insert into notes_details values ('2012-2013', 'SEM-7', 'Robert Lemond', 'STD-3', 11.32, 3.0, 'A', 2, 1);
insert into gpa values ('2011-2012', 'SEM-5', 'Robert Lemond', 2.51);
insert into gpa values ('2011-2012', 'SEM-6', 'Robert Lemond', 2.57);
insert into gpa values ('2012-2013', 'SEM-7', 'Robert Lemond', 3.23);
insert into eleves values ('Baldric Moreau', 1, 'S', 'Tres bien', 'Credits', null, 'bmoreau');
insert into notes_details values ('2010-2011', 'SEM-5', 'Baldric Moreau', 'ALG-1', 11.32, 2.33, 'A', 0, 1);
insert into notes_details values ('2010-2011', 'SEM-5', 'Baldric Moreau', 'ALG-1', 11.32, 4.0, 'A', 3, 2);
insert into notes_details values ('2010-2011', 'SEM-5', 'Baldric Moreau', 'DPP-1', 11.32, 2.0, 'A', 0, 1);
insert into notes_details values ('2010-2011', 'SEM-5', 'Baldric Moreau', 'DPP-1', 11.32, 3.0, 'A', 2, 2);
insert into notes_details values ('2010-2011', 'SEM-5', 'Baldric Moreau', 'ELE-1', 11.32, 3.67, 'A', 3, 1);
insert into notes_details values ('2010-2011', 'SEM-5', 'Baldric Moreau', 'INP-1', 11.32, 3.33, 'A', 3, 1);
insert into notes_details values ('2010-2011', 'SEM-5', 'Baldric Moreau', 'LCI-1', 11.32, 3.0, 'A', 3, 1);
insert into notes_details values ('2010-2011', 'SEM-5', 'Baldric Moreau', 'MAT-1', 11.32, 4.0, 'A', 3, 1);
insert into notes_details values ('2010-2011', 'SEM-5', 'Baldric Moreau', 'MGP-1', 11.32, 1.0, 'A', 0, 1);
insert into notes_details values ('2010-2011', 'SEM-5', 'Baldric Moreau', 'MGP-1', 11.32, 4.0, 'A', 4, 2);
insert into notes_details values ('2010-2011', 'SEM-5', 'Baldric Moreau', 'PHO-1', 11.32, 3.0, 'A', 3, 1);
insert into notes_details values ('2010-2011', 'SEM-5', 'Baldric Moreau', 'PHQ-1', 11.32, 3.67, 'A', 3, 1);
insert into notes_details values ('2010-2011', 'SEM-5', 'Baldric Moreau', 'SPM-1', 11.32, 4.0, 'A', 3, 1);
insert into notes_details values ('2010-2011', 'SEM-6', 'Baldric Moreau', 'DPP-2', 11.32, 2.67, 'A', 1, 1);
insert into notes_details values ('2010-2011', 'SEM-6', 'Baldric Moreau', 'EAO-2', 11.32, 2.67, 'A', 3, 1);
insert into notes_details values ('2010-2011', 'SEM-6', 'Baldric Moreau', 'ECO-2', 11.32, 1.0, 'A', 0, 1);
insert into notes_details values ('2010-2011', 'SEM-6', 'Baldric Moreau', 'ECO-2', 11.32, 4.0, 'A', 3, 2);
insert into notes_details values ('2010-2011', 'SEM-6', 'Baldric Moreau', 'LCI-2', 11.32, 3.67, 'A', 3, 1);
insert into notes_details values ('2010-2011', 'SEM-6', 'Baldric Moreau', 'MAT-2', 11.32, 1.0, 'A', 0, 1);
insert into notes_details values ('2010-2011', 'SEM-6', 'Baldric Moreau', 'MAT-2', 11.32, 2.67, 'A', 2, 2);
insert into notes_details values ('2010-2011', 'SEM-6', 'Baldric Moreau', 'MCO-2', 11.32, 1.67, 'A', 0, 1);
insert into notes_details values ('2010-2011', 'SEM-6', 'Baldric Moreau', 'MCO-2', 11.32, 3.0, 'A', 2, 2);
insert into notes_details values ('2010-2011', 'SEM-6', 'Baldric Moreau', 'MGP-2', 11.32, 1.0, 'A', 0, 1);
insert into notes_details values ('2010-2011', 'SEM-6', 'Baldric Moreau', 'MGP-2', 11.32, 3.67, 'A', 4, 2);
insert into notes_details values ('2010-2011', 'SEM-6', 'Baldric Moreau', 'PHS-2', 11.32, 2.0, 'A', 0, 1);
insert into notes_details values ('2010-2011', 'SEM-6', 'Baldric Moreau', 'PHS-2', 11.32, 3.33, 'A', 2, 2);
insert into notes_details values ('2010-2011', 'SEM-6', 'Baldric Moreau', 'PJT-2', 11.32, 1.67, 'A', 0, 1);
insert into notes_details values ('2010-2011', 'SEM-6', 'Baldric Moreau', 'PJT-2', 11.32, 3.0, 'A', 1, 2);
insert into notes_details values ('2010-2011', 'SEM-6', 'Baldric Moreau', 'RMS-2', 11.32, 2.67, 'A', 4, 1);
insert into notes_details values ('2010-2011', 'SEM-6', 'Baldric Moreau', 'STG-2', 11.32, 1.33, 'A', 0, 1);
insert into notes_details values ('2010-2011', 'SEM-6', 'Baldric Moreau', 'STG-2', 11.32, 2.33, 'A', 2, 99);
insert into notes_details values ('2010-2011', 'SEM-6', 'Baldric Moreau', 'THS-2', 11.32, 1.0, 'A', 0, 1);
insert into notes_details values ('2010-2011', 'SEM-6', 'Baldric Moreau', 'THS-2', 11.32, 2.67, 'A', 3, 2);
insert into notes_details values ('2011-2012', 'SEM-7', 'Baldric Moreau', 'ASL-3', 11.32, 3.0, 'A', 2, 1);
insert into notes_details values ('2011-2012', 'SEM-7', 'Baldric Moreau', 'DPP-3', 11.32, 1.33, 'A', 0, 1);
insert into notes_details values ('2011-2012', 'SEM-7', 'Baldric Moreau', 'DPP-3', 11.32, 3.67, 'A', 2, 2);
insert into notes_details values ('2011-2012', 'SEM-7', 'Baldric Moreau', 'EAO-31', 11.32, 3.67, 'A', 2, 1);
insert into notes_details values ('2011-2012', 'SEM-7', 'Baldric Moreau', 'EAO-32', 11.32, 2.0, 'A', 0, 1);
insert into notes_details values ('2011-2012', 'SEM-7', 'Baldric Moreau', 'EAO-32', 11.32, 1.0, 'A', 2, 99);
insert into notes_details values ('2011-2012', 'SEM-7', 'Baldric Moreau', 'EAO-33', 11.32, 4.0, 'A', 2, 1);
insert into notes_details values ('2011-2012', 'SEM-7', 'Baldric Moreau', 'EAO-34', 11.32, 1.0, 'A', 0, 1);
insert into notes_details values ('2011-2012', 'SEM-7', 'Baldric Moreau', 'EAO-34', 11.32, 4.0, 'A', 2, 2);
insert into notes_details values ('2011-2012', 'SEM-7', 'Baldric Moreau', 'EAO-35', 11.32, 3.33, 'A', 2, 1);
insert into notes_details values ('2011-2012', 'SEM-7', 'Baldric Moreau', 'LCI-3', 11.32, 1.67, 'A', 0, 1);
insert into notes_details values ('2011-2012', 'SEM-7', 'Baldric Moreau', 'LCI-3', 11.32, 2.33, 'A', 0, 2);
insert into contentieux values ('2011-2012', 'SEM-7', 'Baldric Moreau', 'LCI-3');
insert into notes_details values ('2011-2012', 'SEM-7', 'Baldric Moreau', 'MAT-3', 11.32, 2.67, 'A', 3, 1);
insert into notes_details values ('2011-2012', 'SEM-7', 'Baldric Moreau', 'MNG-3', 11.32, 2.0, 'A', 0, 1);
insert into notes_details values ('2011-2012', 'SEM-7', 'Baldric Moreau', 'MNG-3', 11.32, 2.0, 'A', 0, 2);
insert into contentieux values ('2011-2012', 'SEM-7', 'Baldric Moreau', 'MNG-3');
insert into notes_details values ('2011-2012', 'SEM-7', 'Baldric Moreau', 'PJT-3', 11.32, 4.0, 'A', 5, 1);
insert into notes_details values ('2011-2012', 'SEM-7', 'Baldric Moreau', 'STD-3', 11.32, 3.67, 'A', 2, 1);
insert into gpa values ('2010-2011', 'SEM-5', 'Baldric Moreau', 2.03);
insert into gpa values ('2010-2011', 'SEM-6', 'Baldric Moreau', 2.17);
insert into gpa values ('2011-2012', 'SEM-7', 'Baldric Moreau', 3.87);
insert into eleves values ('Isabelle Demers', 1, 'S', 'Tres bien', 'MP', null, 'idemers');
insert into notes_details values ('2011-2012', 'SEM-5', 'Isabelle Demers', 'ALG-1', 11.32, 4.0, 'A', 3, 1);
insert into notes_details values ('2011-2012', 'SEM-5', 'Isabelle Demers', 'DPP-1', 11.32, 1.0, 'A', 0, 1);
insert into notes_details values ('2011-2012', 'SEM-5', 'Isabelle Demers', 'DPP-1', 11.32, 4.0, 'A', 2, 2);
insert into notes_details values ('2011-2012', 'SEM-5', 'Isabelle Demers', 'ELE-1', 11.32, 3.0, 'A', 3, 1);
insert into notes_details values ('2011-2012', 'SEM-5', 'Isabelle Demers', 'INP-1', 11.32, 1.67, 'A', 0, 1);
insert into notes_details values ('2011-2012', 'SEM-5', 'Isabelle Demers', 'INP-1', 11.32, 3.67, 'A', 3, 2);
insert into notes_details values ('2011-2012', 'SEM-5', 'Isabelle Demers', 'LCI-1', 11.32, 1.33, 'A', 0, 1);
insert into notes_details values ('2011-2012', 'SEM-5', 'Isabelle Demers', 'LCI-1', 11.32, 1.33, 'A', 3, 99);
insert into notes_details values ('2011-2012', 'SEM-5', 'Isabelle Demers', 'MAT-1', 11.32, 4.0, 'A', 3, 1);
insert into notes_details values ('2011-2012', 'SEM-5', 'Isabelle Demers', 'MGP-1', 11.32, 1.67, 'A', 0, 1);
insert into notes_details values ('2011-2012', 'SEM-5', 'Isabelle Demers', 'MGP-1', 11.32, 3.33, 'A', 4, 2);
insert into notes_details values ('2011-2012', 'SEM-5', 'Isabelle Demers', 'PHO-1', 11.32, 2.0, 'A', 0, 1);
insert into notes_details values ('2011-2012', 'SEM-5', 'Isabelle Demers', 'PHO-1', 11.32, 2.33, 'A', 3, 99);
insert into notes_details values ('2011-2012', 'SEM-5', 'Isabelle Demers', 'PHQ-1', 11.32, 3.33, 'A', 3, 1);
insert into notes_details values ('2011-2012', 'SEM-5', 'Isabelle Demers', 'SPM-1', 11.32, 3.0, 'A', 3, 1);
insert into notes_details values ('2011-2012', 'SEM-6', 'Isabelle Demers', 'DPP-2', 11.32, 2.33, 'A', 0, 1);
insert into notes_details values ('2011-2012', 'SEM-6', 'Isabelle Demers', 'DPP-2', 11.32, 3.33, 'A', 1, 2);
insert into notes_details values ('2011-2012', 'SEM-6', 'Isabelle Demers', 'EAO-2', 11.32, 4.0, 'A', 3, 1);
insert into notes_details values ('2011-2012', 'SEM-6', 'Isabelle Demers', 'ECO-2', 11.32, 1.33, 'A', 0, 1);
insert into notes_details values ('2011-2012', 'SEM-6', 'Isabelle Demers', 'ECO-2', 11.32, 3.33, 'A', 3, 2);
insert into notes_details values ('2011-2012', 'SEM-6', 'Isabelle Demers', 'LCI-2', 11.32, 3.67, 'A', 3, 1);
insert into notes_details values ('2011-2012', 'SEM-6', 'Isabelle Demers', 'MAT-2', 11.32, 3.67, 'A', 2, 1);
insert into notes_details values ('2011-2012', 'SEM-6', 'Isabelle Demers', 'MCO-2', 11.32, 3.0, 'A', 2, 1);
insert into notes_details values ('2011-2012', 'SEM-6', 'Isabelle Demers', 'MGP-2', 11.32, 1.33, 'A', 0, 1);
insert into notes_details values ('2011-2012', 'SEM-6', 'Isabelle Demers', 'MGP-2', 11.32, 3.67, 'A', 4, 2);
insert into notes_details values ('2011-2012', 'SEM-6', 'Isabelle Demers', 'PHS-2', 11.32, 1.67, 'A', 0, 1);
insert into notes_details values ('2011-2012', 'SEM-6', 'Isabelle Demers', 'PHS-2', 11.32, 2.0, 'A', 2, 99);
insert into notes_details values ('2011-2012', 'SEM-6', 'Isabelle Demers', 'PJT-2', 11.32, 2.67, 'A', 1, 1);
insert into notes_details values ('2011-2012', 'SEM-6', 'Isabelle Demers', 'RMS-2', 11.32, 1.67, 'A', 0, 1);
insert into notes_details values ('2011-2012', 'SEM-6', 'Isabelle Demers', 'RMS-2', 11.32, 1.0, 'A', 4, 99);
insert into notes_details values ('2011-2012', 'SEM-6', 'Isabelle Demers', 'STG-2', 11.32, 3.67, 'A', 2, 1);
insert into notes_details values ('2011-2012', 'SEM-6', 'Isabelle Demers', 'THS-2', 11.32, 3.67, 'A', 3, 1);
insert into notes_details values ('2012-2013', 'SEM-7', 'Isabelle Demers', 'ASL-3', 11.32, 1.33, 'A', 0, 1);
insert into notes_details values ('2012-2013', 'SEM-7', 'Isabelle Demers', 'ASL-3', 11.32, 1.0, 'A', 0, 2);
insert into contentieux values ('2012-2013', 'SEM-7', 'Isabelle Demers', 'ASL-3');
insert into notes_details values ('2012-2013', 'SEM-7', 'Isabelle Demers', 'DPP-3', 11.32, 1.0, 'A', 0, 1);
insert into notes_details values ('2012-2013', 'SEM-7', 'Isabelle Demers', 'DPP-3', 11.32, 1.67, 'A', 0, 2);
insert into contentieux values ('2012-2013', 'SEM-7', 'Isabelle Demers', 'DPP-3');
insert into notes_details values ('2012-2013', 'SEM-7', 'Isabelle Demers', 'EAO-31', 11.32, 1.33, 'A', 0, 1);
insert into notes_details values ('2012-2013', 'SEM-7', 'Isabelle Demers', 'EAO-31', 11.32, 1.0, 'A', 0, 2);
insert into contentieux values ('2012-2013', 'SEM-7', 'Isabelle Demers', 'EAO-31');
insert into notes_details values ('2012-2013', 'SEM-7', 'Isabelle Demers', 'EAO-32', 11.32, 3.0, 'A', 2, 1);
insert into notes_details values ('2012-2013', 'SEM-7', 'Isabelle Demers', 'EAO-33', 11.32, 2.67, 'A', 2, 1);
insert into notes_details values ('2012-2013', 'SEM-7', 'Isabelle Demers', 'EAO-34', 11.32, 2.33, 'A', 0, 1);
insert into notes_details values ('2012-2013', 'SEM-7', 'Isabelle Demers', 'EAO-34', 11.32, 3.0, 'A', 2, 2);
insert into notes_details values ('2012-2013', 'SEM-7', 'Isabelle Demers', 'EAO-35', 11.32, 2.0, 'A', 0, 1);
insert into notes_details values ('2012-2013', 'SEM-7', 'Isabelle Demers', 'EAO-35', 11.32, 2.67, 'A', 2, 2);
insert into notes_details values ('2012-2013', 'SEM-7', 'Isabelle Demers', 'LCI-3', 11.32, 3.67, 'A', 3, 1);
insert into notes_details values ('2012-2013', 'SEM-7', 'Isabelle Demers', 'MAT-3', 11.32, 2.67, 'A', 3, 1);
insert into notes_details values ('2012-2013', 'SEM-7', 'Isabelle Demers', 'MNG-3', 11.32, 2.67, 'A', 3, 1);
insert into notes_details values ('2012-2013', 'SEM-7', 'Isabelle Demers', 'PJT-3', 11.32, 1.0, 'A', 0, 1);
insert into notes_details values ('2012-2013', 'SEM-7', 'Isabelle Demers', 'PJT-3', 11.32, 1.0, 'A', 0, 2);
insert into contentieux values ('2012-2013', 'SEM-7', 'Isabelle Demers', 'PJT-3');
insert into notes_details values ('2012-2013', 'SEM-7', 'Isabelle Demers', 'STD-3', 11.32, 3.0, 'A', 2, 1);
insert into gpa values ('2011-2012', 'SEM-5', 'Isabelle Demers', 2.2);
insert into gpa values ('2011-2012', 'SEM-6', 'Isabelle Demers', 2.55);
insert into gpa values ('2012-2013', 'SEM-7', 'Isabelle Demers', 2.77);
insert into eleves values ('Younes Bergeron', 1, 'S', 'Tres bien', 'MP', null, 'ybergeron');
insert into notes_details values ('2010-2011', 'SEM-5', 'Younes Bergeron', 'ALG-1', 11.32, 1.0, 'A', 0, 1);
insert into notes_details values ('2010-2011', 'SEM-5', 'Younes Bergeron', 'ALG-1', 11.32, 1.0, 'A', 3, 99);
insert into notes_details values ('2010-2011', 'SEM-5', 'Younes Bergeron', 'DPP-1', 11.32, 2.67, 'A', 2, 1);
insert into notes_details values ('2010-2011', 'SEM-5', 'Younes Bergeron', 'ELE-1', 11.32, 1.0, 'A', 0, 1);
insert into notes_details values ('2010-2011', 'SEM-5', 'Younes Bergeron', 'ELE-1', 11.32, 3.67, 'A', 3, 2);
insert into notes_details values ('2010-2011', 'SEM-5', 'Younes Bergeron', 'INP-1', 11.32, 2.67, 'A', 3, 1);
insert into notes_details values ('2010-2011', 'SEM-5', 'Younes Bergeron', 'LCI-1', 11.32, 2.0, 'A', 0, 1);
insert into notes_details values ('2010-2011', 'SEM-5', 'Younes Bergeron', 'LCI-1', 11.32, 3.67, 'A', 3, 2);
insert into notes_details values ('2010-2011', 'SEM-5', 'Younes Bergeron', 'MAT-1', 11.32, 3.0, 'A', 3, 1);
insert into notes_details values ('2010-2011', 'SEM-5', 'Younes Bergeron', 'MGP-1', 11.32, 1.33, 'A', 0, 1);
insert into notes_details values ('2010-2011', 'SEM-5', 'Younes Bergeron', 'MGP-1', 11.32, 3.0, 'A', 4, 2);
insert into notes_details values ('2010-2011', 'SEM-5', 'Younes Bergeron', 'PHO-1', 11.32, 2.67, 'A', 3, 1);
insert into notes_details values ('2010-2011', 'SEM-5', 'Younes Bergeron', 'PHQ-1', 11.32, 1.67, 'A', 0, 1);
insert into notes_details values ('2010-2011', 'SEM-5', 'Younes Bergeron', 'PHQ-1', 11.32, 4.0, 'A', 3, 2);
insert into notes_details values ('2010-2011', 'SEM-5', 'Younes Bergeron', 'SPM-1', 11.32, 3.33, 'A', 3, 1);
insert into notes_details values ('2010-2011', 'SEM-6', 'Younes Bergeron', 'DPP-2', 11.32, 2.0, 'A', 0, 1);
insert into notes_details values ('2010-2011', 'SEM-6', 'Younes Bergeron', 'DPP-2', 11.32, 3.67, 'A', 1, 2);
insert into notes_details values ('2010-2011', 'SEM-6', 'Younes Bergeron', 'EAO-2', 11.32, 4.0, 'A', 3, 1);
insert into notes_details values ('2010-2011', 'SEM-6', 'Younes Bergeron', 'ECO-2', 11.32, 1.33, 'A', 0, 1);
insert into notes_details values ('2010-2011', 'SEM-6', 'Younes Bergeron', 'ECO-2', 11.32, 1.67, 'A', 3, 99);
insert into notes_details values ('2010-2011', 'SEM-6', 'Younes Bergeron', 'LCI-2', 11.32, 4.0, 'A', 3, 1);
insert into notes_details values ('2010-2011', 'SEM-6', 'Younes Bergeron', 'MAT-2', 11.32, 1.67, 'A', 0, 1);
insert into notes_details values ('2010-2011', 'SEM-6', 'Younes Bergeron', 'MAT-2', 11.32, 1.33, 'A', 2, 99);
insert into notes_details values ('2010-2011', 'SEM-6', 'Younes Bergeron', 'MCO-2', 11.32, 1.33, 'A', 0, 1);
insert into notes_details values ('2010-2011', 'SEM-6', 'Younes Bergeron', 'MCO-2', 11.32, 4.0, 'A', 2, 2);
insert into notes_details values ('2010-2011', 'SEM-6', 'Younes Bergeron', 'MGP-2', 11.32, 3.0, 'A', 4, 1);
insert into notes_details values ('2010-2011', 'SEM-6', 'Younes Bergeron', 'PHS-2', 11.32, 4.0, 'A', 2, 1);
insert into notes_details values ('2010-2011', 'SEM-6', 'Younes Bergeron', 'PJT-2', 11.32, 3.33, 'A', 1, 1);
insert into notes_details values ('2010-2011', 'SEM-6', 'Younes Bergeron', 'RMS-2', 11.32, 4.0, 'A', 4, 1);
insert into notes_details values ('2010-2011', 'SEM-6', 'Younes Bergeron', 'STG-2', 11.32, 2.0, 'A', 0, 1);
insert into notes_details values ('2010-2011', 'SEM-6', 'Younes Bergeron', 'STG-2', 11.32, 3.67, 'A', 2, 2);
insert into notes_details values ('2010-2011', 'SEM-6', 'Younes Bergeron', 'THS-2', 11.32, 2.67, 'A', 3, 1);
insert into notes_details values ('2011-2012', 'SEM-7', 'Younes Bergeron', 'ASL-3', 11.32, 2.0, 'A', 0, 1);
insert into notes_details values ('2011-2012', 'SEM-7', 'Younes Bergeron', 'ASL-3', 11.32, 1.33, 'A', 0, 2);
insert into contentieux values ('2011-2012', 'SEM-7', 'Younes Bergeron', 'ASL-3');
insert into notes_details values ('2011-2012', 'SEM-7', 'Younes Bergeron', 'DPP-3', 11.32, 1.33, 'A', 0, 1);
insert into notes_details values ('2011-2012', 'SEM-7', 'Younes Bergeron', 'DPP-3', 11.32, 3.67, 'A', 2, 2);
insert into notes_details values ('2011-2012', 'SEM-7', 'Younes Bergeron', 'EAO-31', 11.32, 2.33, 'A', 0, 1);
insert into notes_details values ('2011-2012', 'SEM-7', 'Younes Bergeron', 'EAO-31', 11.32, 2.67, 'A', 2, 2);
insert into notes_details values ('2011-2012', 'SEM-7', 'Younes Bergeron', 'EAO-32', 11.32, 3.67, 'A', 2, 1);
insert into notes_details values ('2011-2012', 'SEM-7', 'Younes Bergeron', 'EAO-33', 11.32, 1.33, 'A', 0, 1);
insert into notes_details values ('2011-2012', 'SEM-7', 'Younes Bergeron', 'EAO-33', 11.32, 2.67, 'A', 2, 2);
insert into notes_details values ('2011-2012', 'SEM-7', 'Younes Bergeron', 'EAO-34', 11.32, 3.0, 'A', 2, 1);
insert into notes_details values ('2011-2012', 'SEM-7', 'Younes Bergeron', 'EAO-35', 11.32, 2.33, 'A', 0, 1);
insert into notes_details values ('2011-2012', 'SEM-7', 'Younes Bergeron', 'EAO-35', 11.32, 1.0, 'A', 0, 2);
insert into contentieux values ('2011-2012', 'SEM-7', 'Younes Bergeron', 'EAO-35');
insert into notes_details values ('2011-2012', 'SEM-7', 'Younes Bergeron', 'LCI-3', 11.32, 2.33, 'A', 0, 1);
insert into notes_details values ('2011-2012', 'SEM-7', 'Younes Bergeron', 'LCI-3', 11.32, 3.67, 'A', 3, 2);
insert into notes_details values ('2011-2012', 'SEM-7', 'Younes Bergeron', 'MAT-3', 11.32, 1.0, 'A', 0, 1);
insert into notes_details values ('2011-2012', 'SEM-7', 'Younes Bergeron', 'MAT-3', 11.32, 2.33, 'A', 0, 2);
insert into contentieux values ('2011-2012', 'SEM-7', 'Younes Bergeron', 'MAT-3');
insert into notes_details values ('2011-2012', 'SEM-7', 'Younes Bergeron', 'MNG-3', 11.32, 4.0, 'A', 3, 1);
insert into notes_details values ('2011-2012', 'SEM-7', 'Younes Bergeron', 'PJT-3', 11.32, 2.67, 'A', 5, 1);
insert into notes_details values ('2011-2012', 'SEM-7', 'Younes Bergeron', 'STD-3', 11.32, 1.33, 'A', 0, 1);
insert into notes_details values ('2011-2012', 'SEM-7', 'Younes Bergeron', 'STD-3', 11.32, 1.0, 'A', 0, 2);
insert into contentieux values ('2011-2012', 'SEM-7', 'Younes Bergeron', 'STD-3');
insert into gpa values ('2010-2011', 'SEM-5', 'Younes Bergeron', 3.36);
insert into gpa values ('2010-2011', 'SEM-6', 'Younes Bergeron', 3.79);
insert into gpa values ('2011-2012', 'SEM-7', 'Younes Bergeron', 2.08);
insert into cesure values ('Younes Bergeron', 'CESURE');
insert into eleves values ('Mathis Chamakh', 1, 'S', 'Tres bien', 'MP', null, 'mchamakh');
insert into notes_details values ('2011-2012', 'SEM-5', 'Mathis Chamakh', 'ALG-1', 11.32, 1.33, 'A', 0, 1);
insert into notes_details values ('2011-2012', 'SEM-5', 'Mathis Chamakh', 'ALG-1', 11.32, 3.0, 'A', 3, 2);
insert into notes_details values ('2011-2012', 'SEM-5', 'Mathis Chamakh', 'DPP-1', 11.32, 2.0, 'A', 0, 1);
insert into notes_details values ('2011-2012', 'SEM-5', 'Mathis Chamakh', 'DPP-1', 11.32, 3.33, 'A', 2, 2);
insert into notes_details values ('2011-2012', 'SEM-5', 'Mathis Chamakh', 'ELE-1', 11.32, 2.33, 'A', 0, 1);
insert into notes_details values ('2011-2012', 'SEM-5', 'Mathis Chamakh', 'ELE-1', 11.32, 2.67, 'A', 3, 2);
insert into notes_details values ('2011-2012', 'SEM-5', 'Mathis Chamakh', 'INP-1', 11.32, 3.67, 'A', 3, 1);
insert into notes_details values ('2011-2012', 'SEM-5', 'Mathis Chamakh', 'LCI-1', 11.32, 4.0, 'A', 3, 1);
insert into notes_details values ('2011-2012', 'SEM-5', 'Mathis Chamakh', 'MAT-1', 11.32, 3.67, 'A', 3, 1);
insert into notes_details values ('2011-2012', 'SEM-5', 'Mathis Chamakh', 'MGP-1', 11.32, 3.33, 'A', 4, 1);
insert into notes_details values ('2011-2012', 'SEM-5', 'Mathis Chamakh', 'PHO-1', 11.32, 2.33, 'A', 0, 1);
insert into notes_details values ('2011-2012', 'SEM-5', 'Mathis Chamakh', 'PHO-1', 11.32, 3.67, 'A', 3, 2);
insert into notes_details values ('2011-2012', 'SEM-5', 'Mathis Chamakh', 'PHQ-1', 11.32, 3.0, 'A', 3, 1);
insert into notes_details values ('2011-2012', 'SEM-5', 'Mathis Chamakh', 'SPM-1', 11.32, 2.33, 'A', 0, 1);
insert into notes_details values ('2011-2012', 'SEM-5', 'Mathis Chamakh', 'SPM-1', 11.32, 4.0, 'A', 3, 2);
insert into notes_details values ('2011-2012', 'SEM-6', 'Mathis Chamakh', 'DPP-2', 11.32, 1.33, 'A', 0, 1);
insert into notes_details values ('2011-2012', 'SEM-6', 'Mathis Chamakh', 'DPP-2', 11.32, 4.0, 'A', 1, 2);
insert into notes_details values ('2011-2012', 'SEM-6', 'Mathis Chamakh', 'EAO-2', 11.32, 3.33, 'A', 3, 1);
insert into notes_details values ('2011-2012', 'SEM-6', 'Mathis Chamakh', 'ECO-2', 11.32, 2.67, 'A', 3, 1);
insert into notes_details values ('2011-2012', 'SEM-6', 'Mathis Chamakh', 'LCI-2', 11.32, 2.33, 'A', 0, 1);
insert into notes_details values ('2011-2012', 'SEM-6', 'Mathis Chamakh', 'LCI-2', 11.32, 2.67, 'A', 3, 2);
insert into notes_details values ('2011-2012', 'SEM-6', 'Mathis Chamakh', 'MAT-2', 11.32, 2.67, 'A', 2, 1);
insert into notes_details values ('2011-2012', 'SEM-6', 'Mathis Chamakh', 'MCO-2', 11.32, 3.33, 'A', 2, 1);
insert into notes_details values ('2011-2012', 'SEM-6', 'Mathis Chamakh', 'MGP-2', 11.32, 2.33, 'A', 0, 1);
insert into notes_details values ('2011-2012', 'SEM-6', 'Mathis Chamakh', 'MGP-2', 11.32, 4.0, 'A', 4, 2);
insert into notes_details values ('2011-2012', 'SEM-6', 'Mathis Chamakh', 'PHS-2', 11.32, 1.67, 'A', 0, 1);
insert into notes_details values ('2011-2012', 'SEM-6', 'Mathis Chamakh', 'PHS-2', 11.32, 2.67, 'A', 2, 2);
insert into notes_details values ('2011-2012', 'SEM-6', 'Mathis Chamakh', 'PJT-2', 11.32, 1.0, 'A', 0, 1);
insert into notes_details values ('2011-2012', 'SEM-6', 'Mathis Chamakh', 'PJT-2', 11.32, 2.0, 'A', 1, 99);
insert into notes_details values ('2011-2012', 'SEM-6', 'Mathis Chamakh', 'RMS-2', 11.32, 2.67, 'A', 4, 1);
insert into notes_details values ('2011-2012', 'SEM-6', 'Mathis Chamakh', 'STG-2', 11.32, 1.67, 'A', 0, 1);
insert into notes_details values ('2011-2012', 'SEM-6', 'Mathis Chamakh', 'STG-2', 11.32, 3.33, 'A', 2, 2);
insert into notes_details values ('2011-2012', 'SEM-6', 'Mathis Chamakh', 'THS-2', 11.32, 4.0, 'A', 3, 1);
insert into notes_details values ('2012-2013', 'SEM-7', 'Mathis Chamakh', 'ASL-3', 11.32, 3.0, 'A', 2, 1);
insert into notes_details values ('2012-2013', 'SEM-7', 'Mathis Chamakh', 'DPP-3', 11.32, 3.0, 'A', 2, 1);
insert into notes_details values ('2012-2013', 'SEM-7', 'Mathis Chamakh', 'EAO-31', 11.32, 1.67, 'A', 0, 1);
insert into notes_details values ('2012-2013', 'SEM-7', 'Mathis Chamakh', 'EAO-31', 11.32, 2.0, 'A', 0, 2);
insert into contentieux values ('2012-2013', 'SEM-7', 'Mathis Chamakh', 'EAO-31');
insert into notes_details values ('2012-2013', 'SEM-7', 'Mathis Chamakh', 'EAO-32', 11.32, 4.0, 'A', 2, 1);
insert into notes_details values ('2012-2013', 'SEM-7', 'Mathis Chamakh', 'EAO-33', 11.32, 2.33, 'A', 0, 1);
insert into notes_details values ('2012-2013', 'SEM-7', 'Mathis Chamakh', 'EAO-33', 11.32, 1.67, 'A', 0, 2);
insert into contentieux values ('2012-2013', 'SEM-7', 'Mathis Chamakh', 'EAO-33');
insert into notes_details values ('2012-2013', 'SEM-7', 'Mathis Chamakh', 'EAO-34', 11.32, 2.33, 'A', 0, 1);
insert into notes_details values ('2012-2013', 'SEM-7', 'Mathis Chamakh', 'EAO-34', 11.32, 2.33, 'A', 0, 2);
insert into contentieux values ('2012-2013', 'SEM-7', 'Mathis Chamakh', 'EAO-34');
insert into notes_details values ('2012-2013', 'SEM-7', 'Mathis Chamakh', 'EAO-35', 11.32, 4.0, 'A', 2, 1);
insert into notes_details values ('2012-2013', 'SEM-7', 'Mathis Chamakh', 'LCI-3', 11.32, 1.33, 'A', 0, 1);
insert into notes_details values ('2012-2013', 'SEM-7', 'Mathis Chamakh', 'LCI-3', 11.32, 3.33, 'A', 3, 2);
insert into notes_details values ('2012-2013', 'SEM-7', 'Mathis Chamakh', 'MAT-3', 11.32, 3.33, 'A', 3, 1);
insert into notes_details values ('2012-2013', 'SEM-7', 'Mathis Chamakh', 'MNG-3', 11.32, 1.0, 'A', 0, 1);
insert into notes_details values ('2012-2013', 'SEM-7', 'Mathis Chamakh', 'MNG-3', 11.32, 1.0, 'A', 3, 99);
insert into notes_details values ('2012-2013', 'SEM-7', 'Mathis Chamakh', 'PJT-3', 11.32, 3.0, 'A', 5, 1);
insert into notes_details values ('2012-2013', 'SEM-7', 'Mathis Chamakh', 'STD-3', 11.32, 3.0, 'A', 2, 1);
insert into gpa values ('2011-2012', 'SEM-5', 'Mathis Chamakh', 2.1);
insert into gpa values ('2011-2012', 'SEM-6', 'Mathis Chamakh', 3.08);
insert into gpa values ('2012-2013', 'SEM-7', 'Mathis Chamakh', 3.63);
insert into eleves values ('Valerien Riis', 1, 'S', 'Tres bien', 'MP', null, 'vriis');
insert into notes_details values ('2010-2011', 'SEM-5', 'Valerien Riis', 'ALG-1', 11.32, 2.67, 'A', 3, 1);
insert into notes_details values ('2010-2011', 'SEM-5', 'Valerien Riis', 'DPP-1', 11.32, 3.0, 'A', 2, 1);
insert into notes_details values ('2010-2011', 'SEM-5', 'Valerien Riis', 'ELE-1', 11.32, 3.33, 'A', 3, 1);
insert into notes_details values ('2010-2011', 'SEM-5', 'Valerien Riis', 'INP-1', 11.32, 1.67, 'A', 0, 1);
insert into notes_details values ('2010-2011', 'SEM-5', 'Valerien Riis', 'INP-1', 11.32, 2.67, 'A', 3, 2);
insert into notes_details values ('2010-2011', 'SEM-5', 'Valerien Riis', 'LCI-1', 11.32, 4.0, 'A', 3, 1);
insert into notes_details values ('2010-2011', 'SEM-5', 'Valerien Riis', 'MAT-1', 11.32, 3.0, 'A', 3, 1);
insert into notes_details values ('2010-2011', 'SEM-5', 'Valerien Riis', 'MGP-1', 11.32, 2.67, 'A', 4, 1);
insert into notes_details values ('2010-2011', 'SEM-5', 'Valerien Riis', 'PHO-1', 11.32, 4.0, 'A', 3, 1);
insert into notes_details values ('2010-2011', 'SEM-5', 'Valerien Riis', 'PHQ-1', 11.32, 3.67, 'A', 3, 1);
insert into notes_details values ('2010-2011', 'SEM-5', 'Valerien Riis', 'SPM-1', 11.32, 1.0, 'A', 0, 1);
insert into notes_details values ('2010-2011', 'SEM-5', 'Valerien Riis', 'SPM-1', 11.32, 3.67, 'A', 3, 2);
insert into notes_details values ('2010-2011', 'SEM-6', 'Valerien Riis', 'DPP-2', 11.32, 2.67, 'A', 1, 1);
insert into notes_details values ('2010-2011', 'SEM-6', 'Valerien Riis', 'EAO-2', 11.32, 4.0, 'A', 3, 1);
insert into notes_details values ('2010-2011', 'SEM-6', 'Valerien Riis', 'ECO-2', 11.32, 2.67, 'A', 3, 1);
insert into notes_details values ('2010-2011', 'SEM-6', 'Valerien Riis', 'LCI-2', 11.32, 3.33, 'A', 3, 1);
insert into notes_details values ('2010-2011', 'SEM-6', 'Valerien Riis', 'MAT-2', 11.32, 2.33, 'A', 0, 1);
insert into notes_details values ('2010-2011', 'SEM-6', 'Valerien Riis', 'MAT-2', 11.32, 3.67, 'A', 2, 2);
insert into notes_details values ('2010-2011', 'SEM-6', 'Valerien Riis', 'MCO-2', 11.32, 2.33, 'A', 0, 1);
insert into notes_details values ('2010-2011', 'SEM-6', 'Valerien Riis', 'MCO-2', 11.32, 3.33, 'A', 2, 2);
insert into notes_details values ('2010-2011', 'SEM-6', 'Valerien Riis', 'MGP-2', 11.32, 1.67, 'A', 0, 1);
insert into notes_details values ('2010-2011', 'SEM-6', 'Valerien Riis', 'MGP-2', 11.32, 1.33, 'A', 4, 99);
insert into notes_details values ('2010-2011', 'SEM-6', 'Valerien Riis', 'PHS-2', 11.32, 3.67, 'A', 2, 1);
insert into notes_details values ('2010-2011', 'SEM-6', 'Valerien Riis', 'PJT-2', 11.32, 2.67, 'A', 1, 1);
insert into notes_details values ('2010-2011', 'SEM-6', 'Valerien Riis', 'RMS-2', 11.32, 3.0, 'A', 4, 1);
insert into notes_details values ('2010-2011', 'SEM-6', 'Valerien Riis', 'STG-2', 11.32, 1.33, 'A', 0, 1);
insert into notes_details values ('2010-2011', 'SEM-6', 'Valerien Riis', 'STG-2', 11.32, 3.33, 'A', 2, 2);
insert into notes_details values ('2010-2011', 'SEM-6', 'Valerien Riis', 'THS-2', 11.32, 2.67, 'A', 3, 1);
insert into notes_details values ('2011-2012', 'SEM-7', 'Valerien Riis', 'ASL-3', 11.32, 3.0, 'A', 2, 1);
insert into notes_details values ('2011-2012', 'SEM-7', 'Valerien Riis', 'DPP-3', 11.32, 3.33, 'A', 2, 1);
insert into notes_details values ('2011-2012', 'SEM-7', 'Valerien Riis', 'EAO-31', 11.32, 2.33, 'A', 0, 1);
insert into notes_details values ('2011-2012', 'SEM-7', 'Valerien Riis', 'EAO-31', 11.32, 2.0, 'A', 0, 2);
insert into contentieux values ('2011-2012', 'SEM-7', 'Valerien Riis', 'EAO-31');
insert into notes_details values ('2011-2012', 'SEM-7', 'Valerien Riis', 'EAO-32', 11.32, 1.67, 'A', 0, 1);
insert into notes_details values ('2011-2012', 'SEM-7', 'Valerien Riis', 'EAO-32', 11.32, 2.33, 'A', 0, 2);
insert into contentieux values ('2011-2012', 'SEM-7', 'Valerien Riis', 'EAO-32');
insert into notes_details values ('2011-2012', 'SEM-7', 'Valerien Riis', 'EAO-33', 11.32, 3.0, 'A', 2, 1);
insert into notes_details values ('2011-2012', 'SEM-7', 'Valerien Riis', 'EAO-34', 11.32, 1.67, 'A', 0, 1);
insert into notes_details values ('2011-2012', 'SEM-7', 'Valerien Riis', 'EAO-34', 11.32, 1.67, 'A', 0, 2);
insert into contentieux values ('2011-2012', 'SEM-7', 'Valerien Riis', 'EAO-34');
insert into notes_details values ('2011-2012', 'SEM-7', 'Valerien Riis', 'EAO-35', 11.32, 1.67, 'A', 0, 1);
insert into notes_details values ('2011-2012', 'SEM-7', 'Valerien Riis', 'EAO-35', 11.32, 4.0, 'A', 2, 2);
insert into notes_details values ('2011-2012', 'SEM-7', 'Valerien Riis', 'LCI-3', 11.32, 3.0, 'A', 3, 1);
insert into notes_details values ('2011-2012', 'SEM-7', 'Valerien Riis', 'MAT-3', 11.32, 1.33, 'A', 0, 1);
insert into notes_details values ('2011-2012', 'SEM-7', 'Valerien Riis', 'MAT-3', 11.32, 1.0, 'A', 0, 2);
insert into contentieux values ('2011-2012', 'SEM-7', 'Valerien Riis', 'MAT-3');
insert into notes_details values ('2011-2012', 'SEM-7', 'Valerien Riis', 'MNG-3', 11.32, 2.33, 'A', 0, 1);
insert into notes_details values ('2011-2012', 'SEM-7', 'Valerien Riis', 'MNG-3', 11.32, 2.0, 'A', 0, 2);
insert into contentieux values ('2011-2012', 'SEM-7', 'Valerien Riis', 'MNG-3');
insert into notes_details values ('2011-2012', 'SEM-7', 'Valerien Riis', 'PJT-3', 11.32, 2.0, 'A', 0, 1);
insert into notes_details values ('2011-2012', 'SEM-7', 'Valerien Riis', 'PJT-3', 11.32, 1.67, 'A', 0, 2);
insert into contentieux values ('2011-2012', 'SEM-7', 'Valerien Riis', 'PJT-3');
insert into notes_details values ('2011-2012', 'SEM-7', 'Valerien Riis', 'STD-3', 11.32, 1.33, 'A', 0, 1);
insert into notes_details values ('2011-2012', 'SEM-7', 'Valerien Riis', 'STD-3', 11.32, 3.67, 'A', 2, 2);
insert into gpa values ('2010-2011', 'SEM-5', 'Valerien Riis', 2.62);
insert into gpa values ('2010-2011', 'SEM-6', 'Valerien Riis', 2.8);
insert into gpa values ('2011-2012', 'SEM-7', 'Valerien Riis', 3.55);
insert into cesure values ('Valerien Riis', 'CESURE');
insert into eleves values ('Dexter Hache', 1, 'S', 'Tres bien', 'MP', null, 'dhache');
insert into notes_details values ('2011-2012', 'SEM-5', 'Dexter Hache', 'ALG-1', 11.32, 2.33, 'A', 0, 1);
insert into notes_details values ('2011-2012', 'SEM-5', 'Dexter Hache', 'ALG-1', 11.32, 3.67, 'A', 3, 2);
insert into notes_details values ('2011-2012', 'SEM-5', 'Dexter Hache', 'DPP-1', 11.32, 1.33, 'A', 0, 1);
insert into notes_details values ('2011-2012', 'SEM-5', 'Dexter Hache', 'DPP-1', 11.32, 1.33, 'A', 2, 99);
insert into notes_details values ('2011-2012', 'SEM-5', 'Dexter Hache', 'ELE-1', 11.32, 3.0, 'A', 3, 1);
insert into notes_details values ('2011-2012', 'SEM-5', 'Dexter Hache', 'INP-1', 11.32, 4.0, 'A', 3, 1);
insert into notes_details values ('2011-2012', 'SEM-5', 'Dexter Hache', 'LCI-1', 11.32, 3.33, 'A', 3, 1);
insert into notes_details values ('2011-2012', 'SEM-5', 'Dexter Hache', 'MAT-1', 11.32, 2.67, 'A', 3, 1);
insert into notes_details values ('2011-2012', 'SEM-5', 'Dexter Hache', 'MGP-1', 11.32, 3.67, 'A', 4, 1);
insert into notes_details values ('2011-2012', 'SEM-5', 'Dexter Hache', 'PHO-1', 11.32, 3.33, 'A', 3, 1);
insert into notes_details values ('2011-2012', 'SEM-5', 'Dexter Hache', 'PHQ-1', 11.32, 4.0, 'A', 3, 1);
insert into notes_details values ('2011-2012', 'SEM-5', 'Dexter Hache', 'SPM-1', 11.32, 1.0, 'A', 0, 1);
insert into notes_details values ('2011-2012', 'SEM-5', 'Dexter Hache', 'SPM-1', 11.32, 3.67, 'A', 3, 2);
insert into notes_details values ('2011-2012', 'SEM-6', 'Dexter Hache', 'DPP-2', 11.32, 3.33, 'A', 1, 1);
insert into notes_details values ('2011-2012', 'SEM-6', 'Dexter Hache', 'EAO-2', 11.32, 2.0, 'A', 0, 1);
insert into notes_details values ('2011-2012', 'SEM-6', 'Dexter Hache', 'EAO-2', 11.32, 3.0, 'A', 3, 2);
insert into notes_details values ('2011-2012', 'SEM-6', 'Dexter Hache', 'ECO-2', 11.32, 3.67, 'A', 3, 1);
insert into notes_details values ('2011-2012', 'SEM-6', 'Dexter Hache', 'LCI-2', 11.32, 2.33, 'A', 0, 1);
insert into notes_details values ('2011-2012', 'SEM-6', 'Dexter Hache', 'LCI-2', 11.32, 4.0, 'A', 3, 2);
insert into notes_details values ('2011-2012', 'SEM-6', 'Dexter Hache', 'MAT-2', 11.32, 2.0, 'A', 0, 1);
insert into notes_details values ('2011-2012', 'SEM-6', 'Dexter Hache', 'MAT-2', 11.32, 1.33, 'A', 2, 99);
insert into notes_details values ('2011-2012', 'SEM-6', 'Dexter Hache', 'MCO-2', 11.32, 2.33, 'A', 0, 1);
insert into notes_details values ('2011-2012', 'SEM-6', 'Dexter Hache', 'MCO-2', 11.32, 3.0, 'A', 2, 2);
insert into notes_details values ('2011-2012', 'SEM-6', 'Dexter Hache', 'MGP-2', 11.32, 4.0, 'A', 4, 1);
insert into notes_details values ('2011-2012', 'SEM-6', 'Dexter Hache', 'PHS-2', 11.32, 2.33, 'A', 0, 1);
insert into notes_details values ('2011-2012', 'SEM-6', 'Dexter Hache', 'PHS-2', 11.32, 3.0, 'A', 2, 2);
insert into notes_details values ('2011-2012', 'SEM-6', 'Dexter Hache', 'PJT-2', 11.32, 1.33, 'A', 0, 1);
insert into notes_details values ('2011-2012', 'SEM-6', 'Dexter Hache', 'PJT-2', 11.32, 1.0, 'A', 1, 99);
insert into notes_details values ('2011-2012', 'SEM-6', 'Dexter Hache', 'RMS-2', 11.32, 1.0, 'A', 0, 1);
insert into notes_details values ('2011-2012', 'SEM-6', 'Dexter Hache', 'RMS-2', 11.32, 4.0, 'A', 4, 2);
insert into notes_details values ('2011-2012', 'SEM-6', 'Dexter Hache', 'STG-2', 11.32, 3.33, 'A', 2, 1);
insert into notes_details values ('2011-2012', 'SEM-6', 'Dexter Hache', 'THS-2', 11.32, 1.0, 'A', 0, 1);
insert into notes_details values ('2011-2012', 'SEM-6', 'Dexter Hache', 'THS-2', 11.32, 3.0, 'A', 3, 2);
insert into notes_details values ('2012-2013', 'SEM-7', 'Dexter Hache', 'ASL-3', 11.32, 4.0, 'A', 2, 1);
insert into notes_details values ('2012-2013', 'SEM-7', 'Dexter Hache', 'DPP-3', 11.32, 3.33, 'A', 2, 1);
insert into notes_details values ('2012-2013', 'SEM-7', 'Dexter Hache', 'EAO-31', 11.32, 3.0, 'A', 2, 1);
insert into notes_details values ('2012-2013', 'SEM-7', 'Dexter Hache', 'EAO-32', 11.32, 2.33, 'A', 0, 1);
insert into notes_details values ('2012-2013', 'SEM-7', 'Dexter Hache', 'EAO-32', 11.32, 2.67, 'A', 2, 2);
insert into notes_details values ('2012-2013', 'SEM-7', 'Dexter Hache', 'EAO-33', 11.32, 2.67, 'A', 2, 1);
insert into notes_details values ('2012-2013', 'SEM-7', 'Dexter Hache', 'EAO-34', 11.32, 2.0, 'A', 0, 1);
insert into notes_details values ('2012-2013', 'SEM-7', 'Dexter Hache', 'EAO-34', 11.32, 3.67, 'A', 2, 2);
insert into notes_details values ('2012-2013', 'SEM-7', 'Dexter Hache', 'EAO-35', 11.32, 2.33, 'A', 0, 1);
insert into notes_details values ('2012-2013', 'SEM-7', 'Dexter Hache', 'EAO-35', 11.32, 1.67, 'A', 0, 2);
insert into contentieux values ('2012-2013', 'SEM-7', 'Dexter Hache', 'EAO-35');
insert into notes_details values ('2012-2013', 'SEM-7', 'Dexter Hache', 'LCI-3', 11.32, 1.67, 'A', 0, 1);
insert into notes_details values ('2012-2013', 'SEM-7', 'Dexter Hache', 'LCI-3', 11.32, 3.0, 'A', 3, 2);
insert into notes_details values ('2012-2013', 'SEM-7', 'Dexter Hache', 'MAT-3', 11.32, 1.0, 'A', 0, 1);
insert into notes_details values ('2012-2013', 'SEM-7', 'Dexter Hache', 'MAT-3', 11.32, 4.0, 'A', 3, 2);
insert into notes_details values ('2012-2013', 'SEM-7', 'Dexter Hache', 'MNG-3', 11.32, 2.0, 'A', 0, 1);
insert into notes_details values ('2012-2013', 'SEM-7', 'Dexter Hache', 'MNG-3', 11.32, 2.0, 'A', 0, 2);
insert into contentieux values ('2012-2013', 'SEM-7', 'Dexter Hache', 'MNG-3');
insert into notes_details values ('2012-2013', 'SEM-7', 'Dexter Hache', 'PJT-3', 11.32, 1.67, 'A', 0, 1);
insert into notes_details values ('2012-2013', 'SEM-7', 'Dexter Hache', 'PJT-3', 11.32, 1.33, 'A', 5, 99);
insert into notes_details values ('2012-2013', 'SEM-7', 'Dexter Hache', 'STD-3', 11.32, 2.33, 'A', 0, 1);
insert into notes_details values ('2012-2013', 'SEM-7', 'Dexter Hache', 'STD-3', 11.32, 3.67, 'A', 2, 2);
insert into gpa values ('2011-2012', 'SEM-5', 'Dexter Hache', 2.28);
insert into gpa values ('2011-2012', 'SEM-6', 'Dexter Hache', 2.02);
insert into gpa values ('2012-2013', 'SEM-7', 'Dexter Hache', 2.1);
insert into eleves values ('David Dessailly', 1, 'S', 'Tres bien', 'MP', null, 'ddessailly');
insert into notes_details values ('2010-2011', 'SEM-5', 'David Dessailly', 'ALG-1', 11.32, 2.33, 'A', 0, 1);
insert into notes_details values ('2010-2011', 'SEM-5', 'David Dessailly', 'ALG-1', 11.32, 1.33, 'A', 3, 99);
insert into notes_details values ('2010-2011', 'SEM-5', 'David Dessailly', 'DPP-1', 11.32, 3.33, 'A', 2, 1);
insert into notes_details values ('2010-2011', 'SEM-5', 'David Dessailly', 'ELE-1', 11.32, 4.0, 'A', 3, 1);
insert into notes_details values ('2010-2011', 'SEM-5', 'David Dessailly', 'INP-1', 11.32, 3.67, 'A', 3, 1);
insert into notes_details values ('2010-2011', 'SEM-5', 'David Dessailly', 'LCI-1', 11.32, 4.0, 'A', 3, 1);
insert into notes_details values ('2010-2011', 'SEM-5', 'David Dessailly', 'MAT-1', 11.32, 2.0, 'A', 0, 1);
insert into notes_details values ('2010-2011', 'SEM-5', 'David Dessailly', 'MAT-1', 11.32, 2.67, 'A', 3, 2);
insert into notes_details values ('2010-2011', 'SEM-5', 'David Dessailly', 'MGP-1', 11.32, 1.67, 'A', 0, 1);
insert into notes_details values ('2010-2011', 'SEM-5', 'David Dessailly', 'MGP-1', 11.32, 2.67, 'A', 4, 2);
insert into notes_details values ('2010-2011', 'SEM-5', 'David Dessailly', 'PHO-1', 11.32, 3.67, 'A', 3, 1);
insert into notes_details values ('2010-2011', 'SEM-5', 'David Dessailly', 'PHQ-1', 11.32, 3.0, 'A', 3, 1);
insert into notes_details values ('2010-2011', 'SEM-5', 'David Dessailly', 'SPM-1', 11.32, 4.0, 'A', 3, 1);
insert into notes_details values ('2010-2011', 'SEM-6', 'David Dessailly', 'DPP-2', 11.32, 1.0, 'A', 0, 1);
insert into notes_details values ('2010-2011', 'SEM-6', 'David Dessailly', 'DPP-2', 11.32, 3.67, 'A', 1, 2);
insert into notes_details values ('2010-2011', 'SEM-6', 'David Dessailly', 'EAO-2', 11.32, 1.0, 'A', 0, 1);
insert into notes_details values ('2010-2011', 'SEM-6', 'David Dessailly', 'EAO-2', 11.32, 1.33, 'A', 3, 99);
insert into notes_details values ('2010-2011', 'SEM-6', 'David Dessailly', 'ECO-2', 11.32, 2.0, 'A', 0, 1);
insert into notes_details values ('2010-2011', 'SEM-6', 'David Dessailly', 'ECO-2', 11.32, 3.67, 'A', 3, 2);
insert into notes_details values ('2010-2011', 'SEM-6', 'David Dessailly', 'LCI-2', 11.32, 1.0, 'A', 0, 1);
insert into notes_details values ('2010-2011', 'SEM-6', 'David Dessailly', 'LCI-2', 11.32, 4.0, 'A', 3, 2);
insert into notes_details values ('2010-2011', 'SEM-6', 'David Dessailly', 'MAT-2', 11.32, 1.33, 'A', 0, 1);
insert into notes_details values ('2010-2011', 'SEM-6', 'David Dessailly', 'MAT-2', 11.32, 3.67, 'A', 2, 2);
insert into notes_details values ('2010-2011', 'SEM-6', 'David Dessailly', 'MCO-2', 11.32, 2.33, 'A', 0, 1);
insert into notes_details values ('2010-2011', 'SEM-6', 'David Dessailly', 'MCO-2', 11.32, 2.67, 'A', 2, 2);
insert into notes_details values ('2010-2011', 'SEM-6', 'David Dessailly', 'MGP-2', 11.32, 2.67, 'A', 4, 1);
insert into notes_details values ('2010-2011', 'SEM-6', 'David Dessailly', 'PHS-2', 11.32, 2.0, 'A', 0, 1);
insert into notes_details values ('2010-2011', 'SEM-6', 'David Dessailly', 'PHS-2', 11.32, 2.67, 'A', 2, 2);
insert into notes_details values ('2010-2011', 'SEM-6', 'David Dessailly', 'PJT-2', 11.32, 1.0, 'A', 0, 1);
insert into notes_details values ('2010-2011', 'SEM-6', 'David Dessailly', 'PJT-2', 11.32, 3.33, 'A', 1, 2);
insert into notes_details values ('2010-2011', 'SEM-6', 'David Dessailly', 'RMS-2', 11.32, 1.0, 'A', 0, 1);
insert into notes_details values ('2010-2011', 'SEM-6', 'David Dessailly', 'RMS-2', 11.32, 2.67, 'A', 4, 2);
insert into notes_details values ('2010-2011', 'SEM-6', 'David Dessailly', 'STG-2', 11.32, 2.33, 'A', 0, 1);
insert into notes_details values ('2010-2011', 'SEM-6', 'David Dessailly', 'STG-2', 11.32, 1.67, 'A', 2, 99);
insert into notes_details values ('2010-2011', 'SEM-6', 'David Dessailly', 'THS-2', 11.32, 4.0, 'A', 3, 1);
insert into notes_details values ('2011-2012', 'SEM-7', 'David Dessailly', 'ASL-3', 11.32, 1.0, 'A', 0, 1);
insert into notes_details values ('2011-2012', 'SEM-7', 'David Dessailly', 'ASL-3', 11.32, 1.0, 'A', 0, 2);
insert into contentieux values ('2011-2012', 'SEM-7', 'David Dessailly', 'ASL-3');
insert into notes_details values ('2011-2012', 'SEM-7', 'David Dessailly', 'DPP-3', 11.32, 1.33, 'A', 0, 1);
insert into notes_details values ('2011-2012', 'SEM-7', 'David Dessailly', 'DPP-3', 11.32, 2.0, 'A', 0, 2);
insert into contentieux values ('2011-2012', 'SEM-7', 'David Dessailly', 'DPP-3');
insert into notes_details values ('2011-2012', 'SEM-7', 'David Dessailly', 'EAO-31', 11.32, 2.0, 'A', 0, 1);
insert into notes_details values ('2011-2012', 'SEM-7', 'David Dessailly', 'EAO-31', 11.32, 2.33, 'A', 0, 2);
insert into contentieux values ('2011-2012', 'SEM-7', 'David Dessailly', 'EAO-31');
insert into notes_details values ('2011-2012', 'SEM-7', 'David Dessailly', 'EAO-32', 11.32, 2.33, 'A', 0, 1);
insert into notes_details values ('2011-2012', 'SEM-7', 'David Dessailly', 'EAO-32', 11.32, 2.33, 'A', 2, 99);
insert into notes_details values ('2011-2012', 'SEM-7', 'David Dessailly', 'EAO-33', 11.32, 1.0, 'A', 0, 1);
insert into notes_details values ('2011-2012', 'SEM-7', 'David Dessailly', 'EAO-33', 11.32, 3.33, 'A', 2, 2);
insert into notes_details values ('2011-2012', 'SEM-7', 'David Dessailly', 'EAO-34', 11.32, 1.67, 'A', 0, 1);
insert into notes_details values ('2011-2012', 'SEM-7', 'David Dessailly', 'EAO-34', 11.32, 1.0, 'A', 0, 2);
insert into contentieux values ('2011-2012', 'SEM-7', 'David Dessailly', 'EAO-34');
insert into notes_details values ('2011-2012', 'SEM-7', 'David Dessailly', 'EAO-35', 11.32, 2.33, 'A', 0, 1);
insert into notes_details values ('2011-2012', 'SEM-7', 'David Dessailly', 'EAO-35', 11.32, 2.0, 'A', 0, 2);
insert into contentieux values ('2011-2012', 'SEM-7', 'David Dessailly', 'EAO-35');
insert into notes_details values ('2011-2012', 'SEM-7', 'David Dessailly', 'LCI-3', 11.32, 2.67, 'A', 3, 1);
insert into notes_details values ('2011-2012', 'SEM-7', 'David Dessailly', 'MAT-3', 11.32, 2.33, 'A', 0, 1);
insert into notes_details values ('2011-2012', 'SEM-7', 'David Dessailly', 'MAT-3', 11.32, 1.33, 'A', 0, 2);
insert into contentieux values ('2011-2012', 'SEM-7', 'David Dessailly', 'MAT-3');
insert into notes_details values ('2011-2012', 'SEM-7', 'David Dessailly', 'MNG-3', 11.32, 2.0, 'A', 0, 1);
insert into notes_details values ('2011-2012', 'SEM-7', 'David Dessailly', 'MNG-3', 11.32, 4.0, 'A', 3, 2);
insert into notes_details values ('2011-2012', 'SEM-7', 'David Dessailly', 'PJT-3', 11.32, 1.67, 'A', 0, 1);
insert into notes_details values ('2011-2012', 'SEM-7', 'David Dessailly', 'PJT-3', 11.32, 3.0, 'A', 5, 2);
insert into notes_details values ('2011-2012', 'SEM-7', 'David Dessailly', 'STD-3', 11.32, 1.67, 'A', 0, 1);
insert into notes_details values ('2011-2012', 'SEM-7', 'David Dessailly', 'STD-3', 11.32, 2.33, 'A', 0, 2);
insert into contentieux values ('2011-2012', 'SEM-7', 'David Dessailly', 'STD-3');
insert into gpa values ('2010-2011', 'SEM-5', 'David Dessailly', 3.36);
insert into gpa values ('2010-2011', 'SEM-6', 'David Dessailly', 3.3);
insert into gpa values ('2011-2012', 'SEM-7', 'David Dessailly', 2.66);
insert into eleves values ('Ninon Lizotte', 1, 'S', 'Tres bien', 'MP', null, 'nlizotte');
insert into notes_details values ('2011-2012', 'SEM-5', 'Ninon Lizotte', 'ALG-1', 11.32, 4.0, 'A', 3, 1);
insert into notes_details values ('2011-2012', 'SEM-5', 'Ninon Lizotte', 'DPP-1', 11.32, 3.67, 'A', 2, 1);
insert into notes_details values ('2011-2012', 'SEM-5', 'Ninon Lizotte', 'ELE-1', 11.32, 3.33, 'A', 3, 1);
insert into notes_details values ('2011-2012', 'SEM-5', 'Ninon Lizotte', 'INP-1', 11.32, 4.0, 'A', 3, 1);
insert into notes_details values ('2011-2012', 'SEM-5', 'Ninon Lizotte', 'LCI-1', 11.32, 2.33, 'A', 0, 1);
insert into notes_details values ('2011-2012', 'SEM-5', 'Ninon Lizotte', 'LCI-1', 11.32, 1.33, 'A', 3, 99);
insert into notes_details values ('2011-2012', 'SEM-5', 'Ninon Lizotte', 'MAT-1', 11.32, 1.0, 'A', 0, 1);
insert into notes_details values ('2011-2012', 'SEM-5', 'Ninon Lizotte', 'MAT-1', 11.32, 1.67, 'A', 3, 99);
insert into notes_details values ('2011-2012', 'SEM-5', 'Ninon Lizotte', 'MGP-1', 11.32, 1.33, 'A', 0, 1);
insert into notes_details values ('2011-2012', 'SEM-5', 'Ninon Lizotte', 'MGP-1', 11.32, 3.0, 'A', 4, 2);
insert into notes_details values ('2011-2012', 'SEM-5', 'Ninon Lizotte', 'PHO-1', 11.32, 3.0, 'A', 3, 1);
insert into notes_details values ('2011-2012', 'SEM-5', 'Ninon Lizotte', 'PHQ-1', 11.32, 3.0, 'A', 3, 1);
insert into notes_details values ('2011-2012', 'SEM-5', 'Ninon Lizotte', 'SPM-1', 11.32, 3.0, 'A', 3, 1);
insert into notes_details values ('2011-2012', 'SEM-6', 'Ninon Lizotte', 'DPP-2', 11.32, 1.0, 'A', 0, 1);
insert into notes_details values ('2011-2012', 'SEM-6', 'Ninon Lizotte', 'DPP-2', 11.32, 4.0, 'A', 1, 2);
insert into notes_details values ('2011-2012', 'SEM-6', 'Ninon Lizotte', 'EAO-2', 11.32, 1.0, 'A', 0, 1);
insert into notes_details values ('2011-2012', 'SEM-6', 'Ninon Lizotte', 'EAO-2', 11.32, 4.0, 'A', 3, 2);
insert into notes_details values ('2011-2012', 'SEM-6', 'Ninon Lizotte', 'ECO-2', 11.32, 3.33, 'A', 3, 1);
insert into notes_details values ('2011-2012', 'SEM-6', 'Ninon Lizotte', 'LCI-2', 11.32, 2.0, 'A', 0, 1);
insert into notes_details values ('2011-2012', 'SEM-6', 'Ninon Lizotte', 'LCI-2', 11.32, 2.33, 'A', 3, 99);
insert into notes_details values ('2011-2012', 'SEM-6', 'Ninon Lizotte', 'MAT-2', 11.32, 4.0, 'A', 2, 1);
insert into notes_details values ('2011-2012', 'SEM-6', 'Ninon Lizotte', 'MCO-2', 11.32, 2.67, 'A', 2, 1);
insert into notes_details values ('2011-2012', 'SEM-6', 'Ninon Lizotte', 'MGP-2', 11.32, 1.33, 'A', 0, 1);
insert into notes_details values ('2011-2012', 'SEM-6', 'Ninon Lizotte', 'MGP-2', 11.32, 3.33, 'A', 4, 2);
insert into notes_details values ('2011-2012', 'SEM-6', 'Ninon Lizotte', 'PHS-2', 11.32, 1.67, 'A', 0, 1);
insert into notes_details values ('2011-2012', 'SEM-6', 'Ninon Lizotte', 'PHS-2', 11.32, 1.67, 'A', 2, 99);
insert into notes_details values ('2011-2012', 'SEM-6', 'Ninon Lizotte', 'PJT-2', 11.32, 4.0, 'A', 1, 1);
insert into notes_details values ('2011-2012', 'SEM-6', 'Ninon Lizotte', 'RMS-2', 11.32, 1.33, 'A', 0, 1);
insert into notes_details values ('2011-2012', 'SEM-6', 'Ninon Lizotte', 'RMS-2', 11.32, 3.0, 'A', 4, 2);
insert into notes_details values ('2011-2012', 'SEM-6', 'Ninon Lizotte', 'STG-2', 11.32, 2.67, 'A', 2, 1);
insert into notes_details values ('2011-2012', 'SEM-6', 'Ninon Lizotte', 'THS-2', 11.32, 1.33, 'A', 0, 1);
insert into notes_details values ('2011-2012', 'SEM-6', 'Ninon Lizotte', 'THS-2', 11.32, 3.33, 'A', 3, 2);
insert into notes_details values ('2012-2013', 'SEM-7', 'Ninon Lizotte', 'ASL-3', 11.32, 2.0, 'A', 0, 1);
insert into notes_details values ('2012-2013', 'SEM-7', 'Ninon Lizotte', 'ASL-3', 11.32, 2.67, 'A', 2, 2);
insert into notes_details values ('2012-2013', 'SEM-7', 'Ninon Lizotte', 'DPP-3', 11.32, 1.67, 'A', 0, 1);
insert into notes_details values ('2012-2013', 'SEM-7', 'Ninon Lizotte', 'DPP-3', 11.32, 2.67, 'A', 2, 2);
insert into notes_details values ('2012-2013', 'SEM-7', 'Ninon Lizotte', 'EAO-31', 11.32, 3.0, 'A', 2, 1);
insert into notes_details values ('2012-2013', 'SEM-7', 'Ninon Lizotte', 'EAO-32', 11.32, 2.0, 'A', 0, 1);
insert into notes_details values ('2012-2013', 'SEM-7', 'Ninon Lizotte', 'EAO-32', 11.32, 2.0, 'A', 0, 2);
insert into contentieux values ('2012-2013', 'SEM-7', 'Ninon Lizotte', 'EAO-32');
insert into notes_details values ('2012-2013', 'SEM-7', 'Ninon Lizotte', 'EAO-33', 11.32, 2.67, 'A', 2, 1);
insert into notes_details values ('2012-2013', 'SEM-7', 'Ninon Lizotte', 'EAO-34', 11.32, 2.67, 'A', 2, 1);
insert into notes_details values ('2012-2013', 'SEM-7', 'Ninon Lizotte', 'EAO-35', 11.32, 2.0, 'A', 0, 1);
insert into notes_details values ('2012-2013', 'SEM-7', 'Ninon Lizotte', 'EAO-35', 11.32, 1.33, 'A', 0, 2);
insert into contentieux values ('2012-2013', 'SEM-7', 'Ninon Lizotte', 'EAO-35');
insert into notes_details values ('2012-2013', 'SEM-7', 'Ninon Lizotte', 'LCI-3', 11.32, 3.33, 'A', 3, 1);
insert into notes_details values ('2012-2013', 'SEM-7', 'Ninon Lizotte', 'MAT-3', 11.32, 1.33, 'A', 0, 1);
insert into notes_details values ('2012-2013', 'SEM-7', 'Ninon Lizotte', 'MAT-3', 11.32, 2.33, 'A', 0, 2);
insert into contentieux values ('2012-2013', 'SEM-7', 'Ninon Lizotte', 'MAT-3');
insert into notes_details values ('2012-2013', 'SEM-7', 'Ninon Lizotte', 'MNG-3', 11.32, 1.67, 'A', 0, 1);
insert into notes_details values ('2012-2013', 'SEM-7', 'Ninon Lizotte', 'MNG-3', 11.32, 3.67, 'A', 3, 2);
insert into notes_details values ('2012-2013', 'SEM-7', 'Ninon Lizotte', 'PJT-3', 11.32, 4.0, 'A', 5, 1);
insert into notes_details values ('2012-2013', 'SEM-7', 'Ninon Lizotte', 'STD-3', 11.32, 2.33, 'A', 0, 1);
insert into notes_details values ('2012-2013', 'SEM-7', 'Ninon Lizotte', 'STD-3', 11.32, 1.67, 'A', 0, 2);
insert into contentieux values ('2012-2013', 'SEM-7', 'Ninon Lizotte', 'STD-3');
insert into gpa values ('2011-2012', 'SEM-5', 'Ninon Lizotte', 2.12);
insert into gpa values ('2011-2012', 'SEM-6', 'Ninon Lizotte', 3.85);
insert into gpa values ('2012-2013', 'SEM-7', 'Ninon Lizotte', 3.06);
insert into eleves values ('Fabiola Lizotte', 1, 'S', 'Tres bien', 'MP', null, 'flizotte');
insert into notes_details values ('2010-2011', 'SEM-5', 'Fabiola Lizotte', 'ALG-1', 11.32, 2.67, 'A', 3, 1);
insert into notes_details values ('2010-2011', 'SEM-5', 'Fabiola Lizotte', 'DPP-1', 11.32, 3.33, 'A', 2, 1);
insert into notes_details values ('2010-2011', 'SEM-5', 'Fabiola Lizotte', 'ELE-1', 11.32, 3.0, 'A', 3, 1);
insert into notes_details values ('2010-2011', 'SEM-5', 'Fabiola Lizotte', 'INP-1', 11.32, 3.0, 'A', 3, 1);
insert into notes_details values ('2010-2011', 'SEM-5', 'Fabiola Lizotte', 'LCI-1', 11.32, 1.33, 'A', 0, 1);
insert into notes_details values ('2010-2011', 'SEM-5', 'Fabiola Lizotte', 'LCI-1', 11.32, 3.33, 'A', 3, 2);
insert into notes_details values ('2010-2011', 'SEM-5', 'Fabiola Lizotte', 'MAT-1', 11.32, 3.0, 'A', 3, 1);
insert into notes_details values ('2010-2011', 'SEM-5', 'Fabiola Lizotte', 'MGP-1', 11.32, 2.33, 'A', 0, 1);
insert into notes_details values ('2010-2011', 'SEM-5', 'Fabiola Lizotte', 'MGP-1', 11.32, 1.67, 'A', 4, 99);
insert into notes_details values ('2010-2011', 'SEM-5', 'Fabiola Lizotte', 'PHO-1', 11.32, 1.0, 'A', 0, 1);
insert into notes_details values ('2010-2011', 'SEM-5', 'Fabiola Lizotte', 'PHO-1', 11.32, 3.33, 'A', 3, 2);
insert into notes_details values ('2010-2011', 'SEM-5', 'Fabiola Lizotte', 'PHQ-1', 11.32, 4.0, 'A', 3, 1);
insert into notes_details values ('2010-2011', 'SEM-5', 'Fabiola Lizotte', 'SPM-1', 11.32, 2.33, 'A', 0, 1);
insert into notes_details values ('2010-2011', 'SEM-5', 'Fabiola Lizotte', 'SPM-1', 11.32, 2.67, 'A', 3, 2);
insert into notes_details values ('2010-2011', 'SEM-6', 'Fabiola Lizotte', 'DPP-2', 11.32, 3.33, 'A', 1, 1);
insert into notes_details values ('2010-2011', 'SEM-6', 'Fabiola Lizotte', 'EAO-2', 11.32, 2.33, 'A', 0, 1);
insert into notes_details values ('2010-2011', 'SEM-6', 'Fabiola Lizotte', 'EAO-2', 11.32, 1.67, 'A', 3, 99);
insert into notes_details values ('2010-2011', 'SEM-6', 'Fabiola Lizotte', 'ECO-2', 11.32, 1.33, 'A', 0, 1);
insert into notes_details values ('2010-2011', 'SEM-6', 'Fabiola Lizotte', 'ECO-2', 11.32, 3.33, 'A', 3, 2);
insert into notes_details values ('2010-2011', 'SEM-6', 'Fabiola Lizotte', 'LCI-2', 11.32, 1.67, 'A', 0, 1);
insert into notes_details values ('2010-2011', 'SEM-6', 'Fabiola Lizotte', 'LCI-2', 11.32, 3.67, 'A', 3, 2);
insert into notes_details values ('2010-2011', 'SEM-6', 'Fabiola Lizotte', 'MAT-2', 11.32, 1.33, 'A', 0, 1);
insert into notes_details values ('2010-2011', 'SEM-6', 'Fabiola Lizotte', 'MAT-2', 11.32, 2.67, 'A', 2, 2);
insert into notes_details values ('2010-2011', 'SEM-6', 'Fabiola Lizotte', 'MCO-2', 11.32, 2.0, 'A', 0, 1);
insert into notes_details values ('2010-2011', 'SEM-6', 'Fabiola Lizotte', 'MCO-2', 11.32, 3.0, 'A', 2, 2);
insert into notes_details values ('2010-2011', 'SEM-6', 'Fabiola Lizotte', 'MGP-2', 11.32, 1.33, 'A', 0, 1);
insert into notes_details values ('2010-2011', 'SEM-6', 'Fabiola Lizotte', 'MGP-2', 11.32, 3.67, 'A', 4, 2);
insert into notes_details values ('2010-2011', 'SEM-6', 'Fabiola Lizotte', 'PHS-2', 11.32, 2.67, 'A', 2, 1);
insert into notes_details values ('2010-2011', 'SEM-6', 'Fabiola Lizotte', 'PJT-2', 11.32, 3.0, 'A', 1, 1);
insert into notes_details values ('2010-2011', 'SEM-6', 'Fabiola Lizotte', 'RMS-2', 11.32, 2.33, 'A', 0, 1);
insert into notes_details values ('2010-2011', 'SEM-6', 'Fabiola Lizotte', 'RMS-2', 11.32, 3.0, 'A', 4, 2);
insert into notes_details values ('2010-2011', 'SEM-6', 'Fabiola Lizotte', 'STG-2', 11.32, 3.33, 'A', 2, 1);
insert into notes_details values ('2010-2011', 'SEM-6', 'Fabiola Lizotte', 'THS-2', 11.32, 2.0, 'A', 0, 1);
insert into notes_details values ('2010-2011', 'SEM-6', 'Fabiola Lizotte', 'THS-2', 11.32, 3.33, 'A', 3, 2);
insert into notes_details values ('2011-2012', 'SEM-7', 'Fabiola Lizotte', 'ASL-3', 11.32, 1.67, 'A', 0, 1);
insert into notes_details values ('2011-2012', 'SEM-7', 'Fabiola Lizotte', 'ASL-3', 11.32, 2.33, 'A', 2, 99);
insert into notes_details values ('2011-2012', 'SEM-7', 'Fabiola Lizotte', 'DPP-3', 11.32, 3.0, 'A', 2, 1);
insert into notes_details values ('2011-2012', 'SEM-7', 'Fabiola Lizotte', 'EAO-31', 11.32, 2.67, 'A', 2, 1);
insert into notes_details values ('2011-2012', 'SEM-7', 'Fabiola Lizotte', 'EAO-32', 11.32, 1.0, 'A', 0, 1);
insert into notes_details values ('2011-2012', 'SEM-7', 'Fabiola Lizotte', 'EAO-32', 11.32, 2.33, 'A', 0, 2);
insert into contentieux values ('2011-2012', 'SEM-7', 'Fabiola Lizotte', 'EAO-32');
insert into notes_details values ('2011-2012', 'SEM-7', 'Fabiola Lizotte', 'EAO-33', 11.32, 1.0, 'A', 0, 1);
insert into notes_details values ('2011-2012', 'SEM-7', 'Fabiola Lizotte', 'EAO-33', 11.32, 2.0, 'A', 0, 2);
insert into contentieux values ('2011-2012', 'SEM-7', 'Fabiola Lizotte', 'EAO-33');
insert into notes_details values ('2011-2012', 'SEM-7', 'Fabiola Lizotte', 'EAO-34', 11.32, 2.67, 'A', 2, 1);
insert into notes_details values ('2011-2012', 'SEM-7', 'Fabiola Lizotte', 'EAO-35', 11.32, 2.33, 'A', 0, 1);
insert into notes_details values ('2011-2012', 'SEM-7', 'Fabiola Lizotte', 'EAO-35', 11.32, 3.0, 'A', 2, 2);
insert into notes_details values ('2011-2012', 'SEM-7', 'Fabiola Lizotte', 'LCI-3', 11.32, 1.0, 'A', 0, 1);
insert into notes_details values ('2011-2012', 'SEM-7', 'Fabiola Lizotte', 'LCI-3', 11.32, 2.33, 'A', 0, 2);
insert into contentieux values ('2011-2012', 'SEM-7', 'Fabiola Lizotte', 'LCI-3');
insert into notes_details values ('2011-2012', 'SEM-7', 'Fabiola Lizotte', 'MAT-3', 11.32, 2.0, 'A', 0, 1);
insert into notes_details values ('2011-2012', 'SEM-7', 'Fabiola Lizotte', 'MAT-3', 11.32, 3.33, 'A', 3, 2);
insert into notes_details values ('2011-2012', 'SEM-7', 'Fabiola Lizotte', 'MNG-3', 11.32, 2.0, 'A', 0, 1);
insert into notes_details values ('2011-2012', 'SEM-7', 'Fabiola Lizotte', 'MNG-3', 11.32, 2.0, 'A', 0, 2);
insert into contentieux values ('2011-2012', 'SEM-7', 'Fabiola Lizotte', 'MNG-3');
insert into notes_details values ('2011-2012', 'SEM-7', 'Fabiola Lizotte', 'PJT-3', 11.32, 2.33, 'A', 0, 1);
insert into notes_details values ('2011-2012', 'SEM-7', 'Fabiola Lizotte', 'PJT-3', 11.32, 2.0, 'A', 0, 2);
insert into contentieux values ('2011-2012', 'SEM-7', 'Fabiola Lizotte', 'PJT-3');
insert into notes_details values ('2011-2012', 'SEM-7', 'Fabiola Lizotte', 'STD-3', 11.32, 2.33, 'A', 0, 1);
insert into notes_details values ('2011-2012', 'SEM-7', 'Fabiola Lizotte', 'STD-3', 11.32, 3.67, 'A', 2, 2);
insert into gpa values ('2010-2011', 'SEM-5', 'Fabiola Lizotte', 2.28);
insert into gpa values ('2010-2011', 'SEM-6', 'Fabiola Lizotte', 3.63);
insert into gpa values ('2011-2012', 'SEM-7', 'Fabiola Lizotte', 3.17);
insert into eleves values ('Imane Lama', 1, 'S', 'Tres bien', 'MP', null, 'ilama');
insert into notes_details values ('2011-2012', 'SEM-5', 'Imane Lama', 'ALG-1', 11.32, 2.33, 'A', 0, 1);
insert into notes_details values ('2011-2012', 'SEM-5', 'Imane Lama', 'ALG-1', 11.32, 3.67, 'A', 3, 2);
insert into notes_details values ('2011-2012', 'SEM-5', 'Imane Lama', 'DPP-1', 11.32, 4.0, 'A', 2, 1);
insert into notes_details values ('2011-2012', 'SEM-5', 'Imane Lama', 'ELE-1', 11.32, 3.67, 'A', 3, 1);
insert into notes_details values ('2011-2012', 'SEM-5', 'Imane Lama', 'INP-1', 11.32, 2.67, 'A', 3, 1);
insert into notes_details values ('2011-2012', 'SEM-5', 'Imane Lama', 'LCI-1', 11.32, 3.67, 'A', 3, 1);
insert into notes_details values ('2011-2012', 'SEM-5', 'Imane Lama', 'MAT-1', 11.32, 3.0, 'A', 3, 1);
insert into notes_details values ('2011-2012', 'SEM-5', 'Imane Lama', 'MGP-1', 11.32, 2.0, 'A', 0, 1);
insert into notes_details values ('2011-2012', 'SEM-5', 'Imane Lama', 'MGP-1', 11.32, 2.67, 'A', 4, 2);
insert into notes_details values ('2011-2012', 'SEM-5', 'Imane Lama', 'PHO-1', 11.32, 1.67, 'A', 0, 1);
insert into notes_details values ('2011-2012', 'SEM-5', 'Imane Lama', 'PHO-1', 11.32, 3.0, 'A', 3, 2);
insert into notes_details values ('2011-2012', 'SEM-5', 'Imane Lama', 'PHQ-1', 11.32, 3.0, 'A', 3, 1);
insert into notes_details values ('2011-2012', 'SEM-5', 'Imane Lama', 'SPM-1', 11.32, 1.67, 'A', 0, 1);
insert into notes_details values ('2011-2012', 'SEM-5', 'Imane Lama', 'SPM-1', 11.32, 4.0, 'A', 3, 2);
insert into notes_details values ('2011-2012', 'SEM-6', 'Imane Lama', 'DPP-2', 11.32, 3.33, 'A', 1, 1);
insert into notes_details values ('2011-2012', 'SEM-6', 'Imane Lama', 'EAO-2', 11.32, 1.33, 'A', 0, 1);
insert into notes_details values ('2011-2012', 'SEM-6', 'Imane Lama', 'EAO-2', 11.32, 4.0, 'A', 3, 2);
insert into notes_details values ('2011-2012', 'SEM-6', 'Imane Lama', 'ECO-2', 11.32, 1.0, 'A', 0, 1);
insert into notes_details values ('2011-2012', 'SEM-6', 'Imane Lama', 'ECO-2', 11.32, 2.67, 'A', 3, 2);
insert into notes_details values ('2011-2012', 'SEM-6', 'Imane Lama', 'LCI-2', 11.32, 2.0, 'A', 0, 1);
insert into notes_details values ('2011-2012', 'SEM-6', 'Imane Lama', 'LCI-2', 11.32, 3.33, 'A', 3, 2);
insert into notes_details values ('2011-2012', 'SEM-6', 'Imane Lama', 'MAT-2', 11.32, 1.0, 'A', 0, 1);
insert into notes_details values ('2011-2012', 'SEM-6', 'Imane Lama', 'MAT-2', 11.32, 3.67, 'A', 2, 2);
insert into notes_details values ('2011-2012', 'SEM-6', 'Imane Lama', 'MCO-2', 11.32, 1.0, 'A', 0, 1);
insert into notes_details values ('2011-2012', 'SEM-6', 'Imane Lama', 'MCO-2', 11.32, 3.0, 'A', 2, 2);
insert into notes_details values ('2011-2012', 'SEM-6', 'Imane Lama', 'MGP-2', 11.32, 1.33, 'A', 0, 1);
insert into notes_details values ('2011-2012', 'SEM-6', 'Imane Lama', 'MGP-2', 11.32, 3.0, 'A', 4, 2);
insert into notes_details values ('2011-2012', 'SEM-6', 'Imane Lama', 'PHS-2', 11.32, 4.0, 'A', 2, 1);
insert into notes_details values ('2011-2012', 'SEM-6', 'Imane Lama', 'PJT-2', 11.32, 1.0, 'A', 0, 1);
insert into notes_details values ('2011-2012', 'SEM-6', 'Imane Lama', 'PJT-2', 11.32, 3.0, 'A', 1, 2);
insert into notes_details values ('2011-2012', 'SEM-6', 'Imane Lama', 'RMS-2', 11.32, 2.0, 'A', 0, 1);
insert into notes_details values ('2011-2012', 'SEM-6', 'Imane Lama', 'RMS-2', 11.32, 3.33, 'A', 4, 2);
insert into notes_details values ('2011-2012', 'SEM-6', 'Imane Lama', 'STG-2', 11.32, 1.33, 'A', 0, 1);
insert into notes_details values ('2011-2012', 'SEM-6', 'Imane Lama', 'STG-2', 11.32, 4.0, 'A', 2, 2);
insert into notes_details values ('2011-2012', 'SEM-6', 'Imane Lama', 'THS-2', 11.32, 1.33, 'A', 0, 1);
insert into notes_details values ('2011-2012', 'SEM-6', 'Imane Lama', 'THS-2', 11.32, 1.0, 'A', 3, 99);
insert into notes_details values ('2012-2013', 'SEM-7', 'Imane Lama', 'ASL-3', 11.32, 2.67, 'A', 2, 1);
insert into notes_details values ('2012-2013', 'SEM-7', 'Imane Lama', 'DPP-3', 11.32, 2.33, 'A', 0, 1);
insert into notes_details values ('2012-2013', 'SEM-7', 'Imane Lama', 'DPP-3', 11.32, 3.33, 'A', 2, 2);
insert into notes_details values ('2012-2013', 'SEM-7', 'Imane Lama', 'EAO-31', 11.32, 1.0, 'A', 0, 1);
insert into notes_details values ('2012-2013', 'SEM-7', 'Imane Lama', 'EAO-31', 11.32, 4.0, 'A', 2, 2);
insert into notes_details values ('2012-2013', 'SEM-7', 'Imane Lama', 'EAO-32', 11.32, 4.0, 'A', 2, 1);
insert into notes_details values ('2012-2013', 'SEM-7', 'Imane Lama', 'EAO-33', 11.32, 3.67, 'A', 2, 1);
insert into notes_details values ('2012-2013', 'SEM-7', 'Imane Lama', 'EAO-34', 11.32, 2.33, 'A', 0, 1);
insert into notes_details values ('2012-2013', 'SEM-7', 'Imane Lama', 'EAO-34', 11.32, 2.33, 'A', 2, 99);
insert into notes_details values ('2012-2013', 'SEM-7', 'Imane Lama', 'EAO-35', 11.32, 1.33, 'A', 0, 1);
insert into notes_details values ('2012-2013', 'SEM-7', 'Imane Lama', 'EAO-35', 11.32, 1.33, 'A', 0, 2);
insert into contentieux values ('2012-2013', 'SEM-7', 'Imane Lama', 'EAO-35');
insert into notes_details values ('2012-2013', 'SEM-7', 'Imane Lama', 'LCI-3', 11.32, 1.33, 'A', 0, 1);
insert into notes_details values ('2012-2013', 'SEM-7', 'Imane Lama', 'LCI-3', 11.32, 3.67, 'A', 3, 2);
insert into notes_details values ('2012-2013', 'SEM-7', 'Imane Lama', 'MAT-3', 11.32, 2.33, 'A', 0, 1);
insert into notes_details values ('2012-2013', 'SEM-7', 'Imane Lama', 'MAT-3', 11.32, 1.33, 'A', 0, 2);
insert into contentieux values ('2012-2013', 'SEM-7', 'Imane Lama', 'MAT-3');
insert into notes_details values ('2012-2013', 'SEM-7', 'Imane Lama', 'MNG-3', 11.32, 2.67, 'A', 3, 1);
insert into notes_details values ('2012-2013', 'SEM-7', 'Imane Lama', 'PJT-3', 11.32, 3.0, 'A', 5, 1);
insert into notes_details values ('2012-2013', 'SEM-7', 'Imane Lama', 'STD-3', 11.32, 1.0, 'A', 0, 1);
insert into notes_details values ('2012-2013', 'SEM-7', 'Imane Lama', 'STD-3', 11.32, 2.0, 'A', 0, 2);
insert into contentieux values ('2012-2013', 'SEM-7', 'Imane Lama', 'STD-3');
insert into gpa values ('2011-2012', 'SEM-5', 'Imane Lama', 2.24);
insert into gpa values ('2011-2012', 'SEM-6', 'Imane Lama', 2.53);
insert into gpa values ('2012-2013', 'SEM-7', 'Imane Lama', 2.95);
insert into eleves values ('Quit Rose', 1, 'S', 'Tres bien', 'MP', null, 'qrose');
insert into notes_details values ('2010-2011', 'SEM-5', 'Quit Rose', 'ALG-1', 11.32, 1.33, 'A', 0, 1);
insert into notes_details values ('2010-2011', 'SEM-5', 'Quit Rose', 'ALG-1', 11.32, 3.0, 'A', 3, 2);
insert into notes_details values ('2010-2011', 'SEM-5', 'Quit Rose', 'DPP-1', 11.32, 4.0, 'A', 2, 1);
insert into notes_details values ('2010-2011', 'SEM-5', 'Quit Rose', 'ELE-1', 11.32, 1.33, 'A', 0, 1);
insert into notes_details values ('2010-2011', 'SEM-5', 'Quit Rose', 'ELE-1', 11.32, 2.67, 'A', 3, 2);
insert into notes_details values ('2010-2011', 'SEM-5', 'Quit Rose', 'INP-1', 11.32, 1.33, 'A', 0, 1);
insert into notes_details values ('2010-2011', 'SEM-5', 'Quit Rose', 'INP-1', 11.32, 2.0, 'A', 3, 99);
insert into notes_details values ('2010-2011', 'SEM-5', 'Quit Rose', 'LCI-1', 11.32, 2.33, 'A', 0, 1);
insert into notes_details values ('2010-2011', 'SEM-5', 'Quit Rose', 'LCI-1', 11.32, 3.33, 'A', 3, 2);
insert into notes_details values ('2010-2011', 'SEM-5', 'Quit Rose', 'MAT-1', 11.32, 2.33, 'A', 0, 1);
insert into notes_details values ('2010-2011', 'SEM-5', 'Quit Rose', 'MAT-1', 11.32, 3.0, 'A', 3, 2);
insert into notes_details values ('2010-2011', 'SEM-5', 'Quit Rose', 'MGP-1', 11.32, 3.67, 'A', 4, 1);
insert into notes_details values ('2010-2011', 'SEM-5', 'Quit Rose', 'PHO-1', 11.32, 2.33, 'A', 0, 1);
insert into notes_details values ('2010-2011', 'SEM-5', 'Quit Rose', 'PHO-1', 11.32, 3.0, 'A', 3, 2);
insert into notes_details values ('2010-2011', 'SEM-5', 'Quit Rose', 'PHQ-1', 11.32, 2.67, 'A', 3, 1);
insert into notes_details values ('2010-2011', 'SEM-5', 'Quit Rose', 'SPM-1', 11.32, 1.33, 'A', 0, 1);
insert into notes_details values ('2010-2011', 'SEM-5', 'Quit Rose', 'SPM-1', 11.32, 3.33, 'A', 3, 2);
insert into notes_details values ('2010-2011', 'SEM-6', 'Quit Rose', 'DPP-2', 11.32, 2.0, 'A', 0, 1);
insert into notes_details values ('2010-2011', 'SEM-6', 'Quit Rose', 'DPP-2', 11.32, 3.0, 'A', 1, 2);
insert into notes_details values ('2010-2011', 'SEM-6', 'Quit Rose', 'EAO-2', 11.32, 3.0, 'A', 3, 1);
insert into notes_details values ('2010-2011', 'SEM-6', 'Quit Rose', 'ECO-2', 11.32, 3.0, 'A', 3, 1);
insert into notes_details values ('2010-2011', 'SEM-6', 'Quit Rose', 'LCI-2', 11.32, 4.0, 'A', 3, 1);
insert into notes_details values ('2010-2011', 'SEM-6', 'Quit Rose', 'MAT-2', 11.32, 1.0, 'A', 0, 1);
insert into notes_details values ('2010-2011', 'SEM-6', 'Quit Rose', 'MAT-2', 11.32, 3.67, 'A', 2, 2);
insert into notes_details values ('2010-2011', 'SEM-6', 'Quit Rose', 'MCO-2', 11.32, 2.67, 'A', 2, 1);
insert into notes_details values ('2010-2011', 'SEM-6', 'Quit Rose', 'MGP-2', 11.32, 1.0, 'A', 0, 1);
insert into notes_details values ('2010-2011', 'SEM-6', 'Quit Rose', 'MGP-2', 11.32, 3.67, 'A', 4, 2);
insert into notes_details values ('2010-2011', 'SEM-6', 'Quit Rose', 'PHS-2', 11.32, 1.33, 'A', 0, 1);
insert into notes_details values ('2010-2011', 'SEM-6', 'Quit Rose', 'PHS-2', 11.32, 3.0, 'A', 2, 2);
insert into notes_details values ('2010-2011', 'SEM-6', 'Quit Rose', 'PJT-2', 11.32, 4.0, 'A', 1, 1);
insert into notes_details values ('2010-2011', 'SEM-6', 'Quit Rose', 'RMS-2', 11.32, 4.0, 'A', 4, 1);
insert into notes_details values ('2010-2011', 'SEM-6', 'Quit Rose', 'STG-2', 11.32, 2.33, 'A', 0, 1);
insert into notes_details values ('2010-2011', 'SEM-6', 'Quit Rose', 'STG-2', 11.32, 4.0, 'A', 2, 2);
insert into notes_details values ('2010-2011', 'SEM-6', 'Quit Rose', 'THS-2', 11.32, 4.0, 'A', 3, 1);
insert into notes_details values ('2011-2012', 'SEM-7', 'Quit Rose', 'ASL-3', 11.32, 1.0, 'A', 0, 1);
insert into notes_details values ('2011-2012', 'SEM-7', 'Quit Rose', 'ASL-3', 11.32, 3.33, 'A', 2, 2);
insert into notes_details values ('2011-2012', 'SEM-7', 'Quit Rose', 'DPP-3', 11.32, 1.67, 'A', 0, 1);
insert into notes_details values ('2011-2012', 'SEM-7', 'Quit Rose', 'DPP-3', 11.32, 1.0, 'A', 0, 2);
insert into contentieux values ('2011-2012', 'SEM-7', 'Quit Rose', 'DPP-3');
insert into notes_details values ('2011-2012', 'SEM-7', 'Quit Rose', 'EAO-31', 11.32, 3.67, 'A', 2, 1);
insert into notes_details values ('2011-2012', 'SEM-7', 'Quit Rose', 'EAO-32', 11.32, 2.0, 'A', 0, 1);
insert into notes_details values ('2011-2012', 'SEM-7', 'Quit Rose', 'EAO-32', 11.32, 2.0, 'A', 0, 2);
insert into contentieux values ('2011-2012', 'SEM-7', 'Quit Rose', 'EAO-32');
insert into notes_details values ('2011-2012', 'SEM-7', 'Quit Rose', 'EAO-33', 11.32, 4.0, 'A', 2, 1);
insert into notes_details values ('2011-2012', 'SEM-7', 'Quit Rose', 'EAO-34', 11.32, 1.67, 'A', 0, 1);
insert into notes_details values ('2011-2012', 'SEM-7', 'Quit Rose', 'EAO-34', 11.32, 2.0, 'A', 0, 2);
insert into contentieux values ('2011-2012', 'SEM-7', 'Quit Rose', 'EAO-34');
insert into notes_details values ('2011-2012', 'SEM-7', 'Quit Rose', 'EAO-35', 11.32, 3.33, 'A', 2, 1);
insert into notes_details values ('2011-2012', 'SEM-7', 'Quit Rose', 'LCI-3', 11.32, 3.0, 'A', 3, 1);
insert into notes_details values ('2011-2012', 'SEM-7', 'Quit Rose', 'MAT-3', 11.32, 3.67, 'A', 3, 1);
insert into notes_details values ('2011-2012', 'SEM-7', 'Quit Rose', 'MNG-3', 11.32, 2.0, 'A', 0, 1);
insert into notes_details values ('2011-2012', 'SEM-7', 'Quit Rose', 'MNG-3', 11.32, 1.0, 'A', 0, 2);
insert into contentieux values ('2011-2012', 'SEM-7', 'Quit Rose', 'MNG-3');
insert into notes_details values ('2011-2012', 'SEM-7', 'Quit Rose', 'PJT-3', 11.32, 1.67, 'A', 0, 1);
insert into notes_details values ('2011-2012', 'SEM-7', 'Quit Rose', 'PJT-3', 11.32, 4.0, 'A', 5, 2);
insert into notes_details values ('2011-2012', 'SEM-7', 'Quit Rose', 'STD-3', 11.32, 1.67, 'A', 0, 1);
insert into notes_details values ('2011-2012', 'SEM-7', 'Quit Rose', 'STD-3', 11.32, 2.67, 'A', 2, 2);
insert into gpa values ('2010-2011', 'SEM-5', 'Quit Rose', 3.4);
insert into gpa values ('2010-2011', 'SEM-6', 'Quit Rose', 2.45);
insert into gpa values ('2011-2012', 'SEM-7', 'Quit Rose', 3.47);
insert into eleves values ('Yannick Morel', 1, 'S', 'Tres bien', 'MP', null, 'ymorel');
insert into notes_details values ('2011-2012', 'SEM-5', 'Yannick Morel', 'ALG-1', 11.32, 1.67, 'A', 0, 1);
insert into notes_details values ('2011-2012', 'SEM-5', 'Yannick Morel', 'ALG-1', 11.32, 1.0, 'A', 3, 99);
insert into notes_details values ('2011-2012', 'SEM-5', 'Yannick Morel', 'DPP-1', 11.32, 2.33, 'A', 0, 1);
insert into notes_details values ('2011-2012', 'SEM-5', 'Yannick Morel', 'DPP-1', 11.32, 4.0, 'A', 2, 2);
insert into notes_details values ('2011-2012', 'SEM-5', 'Yannick Morel', 'ELE-1', 11.32, 1.0, 'A', 0, 1);
insert into notes_details values ('2011-2012', 'SEM-5', 'Yannick Morel', 'ELE-1', 11.32, 3.67, 'A', 3, 2);
insert into notes_details values ('2011-2012', 'SEM-5', 'Yannick Morel', 'INP-1', 11.32, 2.0, 'A', 0, 1);
insert into notes_details values ('2011-2012', 'SEM-5', 'Yannick Morel', 'INP-1', 11.32, 3.33, 'A', 3, 2);
insert into notes_details values ('2011-2012', 'SEM-5', 'Yannick Morel', 'LCI-1', 11.32, 3.0, 'A', 3, 1);
insert into notes_details values ('2011-2012', 'SEM-5', 'Yannick Morel', 'MAT-1', 11.32, 2.67, 'A', 3, 1);
insert into notes_details values ('2011-2012', 'SEM-5', 'Yannick Morel', 'MGP-1', 11.32, 1.0, 'A', 0, 1);
insert into notes_details values ('2011-2012', 'SEM-5', 'Yannick Morel', 'MGP-1', 11.32, 3.33, 'A', 4, 2);
insert into notes_details values ('2011-2012', 'SEM-5', 'Yannick Morel', 'PHO-1', 11.32, 2.33, 'A', 0, 1);
insert into notes_details values ('2011-2012', 'SEM-5', 'Yannick Morel', 'PHO-1', 11.32, 1.33, 'A', 3, 99);
insert into notes_details values ('2011-2012', 'SEM-5', 'Yannick Morel', 'PHQ-1', 11.32, 3.33, 'A', 3, 1);
insert into notes_details values ('2011-2012', 'SEM-5', 'Yannick Morel', 'SPM-1', 11.32, 3.67, 'A', 3, 1);
insert into notes_details values ('2011-2012', 'SEM-6', 'Yannick Morel', 'DPP-2', 11.32, 3.67, 'A', 1, 1);
insert into notes_details values ('2011-2012', 'SEM-6', 'Yannick Morel', 'EAO-2', 11.32, 1.67, 'A', 0, 1);
insert into notes_details values ('2011-2012', 'SEM-6', 'Yannick Morel', 'EAO-2', 11.32, 3.67, 'A', 3, 2);
insert into notes_details values ('2011-2012', 'SEM-6', 'Yannick Morel', 'ECO-2', 11.32, 2.33, 'A', 0, 1);
insert into notes_details values ('2011-2012', 'SEM-6', 'Yannick Morel', 'ECO-2', 11.32, 4.0, 'A', 3, 2);
insert into notes_details values ('2011-2012', 'SEM-6', 'Yannick Morel', 'LCI-2', 11.32, 3.0, 'A', 3, 1);
insert into notes_details values ('2011-2012', 'SEM-6', 'Yannick Morel', 'MAT-2', 11.32, 1.67, 'A', 0, 1);
insert into notes_details values ('2011-2012', 'SEM-6', 'Yannick Morel', 'MAT-2', 11.32, 2.67, 'A', 2, 2);
insert into notes_details values ('2011-2012', 'SEM-6', 'Yannick Morel', 'MCO-2', 11.32, 4.0, 'A', 2, 1);
insert into notes_details values ('2011-2012', 'SEM-6', 'Yannick Morel', 'MGP-2', 11.32, 4.0, 'A', 4, 1);
insert into notes_details values ('2011-2012', 'SEM-6', 'Yannick Morel', 'PHS-2', 11.32, 3.33, 'A', 2, 1);
insert into notes_details values ('2011-2012', 'SEM-6', 'Yannick Morel', 'PJT-2', 11.32, 3.33, 'A', 1, 1);
insert into notes_details values ('2011-2012', 'SEM-6', 'Yannick Morel', 'RMS-2', 11.32, 1.33, 'A', 0, 1);
insert into notes_details values ('2011-2012', 'SEM-6', 'Yannick Morel', 'RMS-2', 11.32, 3.0, 'A', 4, 2);
insert into notes_details values ('2011-2012', 'SEM-6', 'Yannick Morel', 'STG-2', 11.32, 1.67, 'A', 0, 1);
insert into notes_details values ('2011-2012', 'SEM-6', 'Yannick Morel', 'STG-2', 11.32, 2.67, 'A', 2, 2);
insert into notes_details values ('2011-2012', 'SEM-6', 'Yannick Morel', 'THS-2', 11.32, 3.33, 'A', 3, 1);
insert into notes_details values ('2012-2013', 'SEM-7', 'Yannick Morel', 'ASL-3', 11.32, 1.67, 'A', 0, 1);
insert into notes_details values ('2012-2013', 'SEM-7', 'Yannick Morel', 'ASL-3', 11.32, 2.33, 'A', 0, 2);
insert into contentieux values ('2012-2013', 'SEM-7', 'Yannick Morel', 'ASL-3');
insert into notes_details values ('2012-2013', 'SEM-7', 'Yannick Morel', 'DPP-3', 11.32, 2.33, 'A', 0, 1);
insert into notes_details values ('2012-2013', 'SEM-7', 'Yannick Morel', 'DPP-3', 11.32, 4.0, 'A', 2, 2);
insert into notes_details values ('2012-2013', 'SEM-7', 'Yannick Morel', 'EAO-31', 11.32, 1.0, 'A', 0, 1);
insert into notes_details values ('2012-2013', 'SEM-7', 'Yannick Morel', 'EAO-31', 11.32, 2.0, 'A', 0, 2);
insert into contentieux values ('2012-2013', 'SEM-7', 'Yannick Morel', 'EAO-31');
insert into notes_details values ('2012-2013', 'SEM-7', 'Yannick Morel', 'EAO-32', 11.32, 2.33, 'A', 0, 1);
insert into notes_details values ('2012-2013', 'SEM-7', 'Yannick Morel', 'EAO-32', 11.32, 2.67, 'A', 2, 2);
insert into notes_details values ('2012-2013', 'SEM-7', 'Yannick Morel', 'EAO-33', 11.32, 2.33, 'A', 0, 1);
insert into notes_details values ('2012-2013', 'SEM-7', 'Yannick Morel', 'EAO-33', 11.32, 2.0, 'A', 0, 2);
insert into contentieux values ('2012-2013', 'SEM-7', 'Yannick Morel', 'EAO-33');
insert into notes_details values ('2012-2013', 'SEM-7', 'Yannick Morel', 'EAO-34', 11.32, 3.67, 'A', 2, 1);
insert into notes_details values ('2012-2013', 'SEM-7', 'Yannick Morel', 'EAO-35', 11.32, 1.67, 'A', 0, 1);
insert into notes_details values ('2012-2013', 'SEM-7', 'Yannick Morel', 'EAO-35', 11.32, 1.0, 'A', 0, 2);
insert into contentieux values ('2012-2013', 'SEM-7', 'Yannick Morel', 'EAO-35');
insert into notes_details values ('2012-2013', 'SEM-7', 'Yannick Morel', 'LCI-3', 11.32, 2.0, 'A', 0, 1);
insert into notes_details values ('2012-2013', 'SEM-7', 'Yannick Morel', 'LCI-3', 11.32, 1.0, 'A', 3, 99);
insert into notes_details values ('2012-2013', 'SEM-7', 'Yannick Morel', 'MAT-3', 11.32, 3.0, 'A', 3, 1);
insert into notes_details values ('2012-2013', 'SEM-7', 'Yannick Morel', 'MNG-3', 11.32, 1.0, 'A', 0, 1);
insert into notes_details values ('2012-2013', 'SEM-7', 'Yannick Morel', 'MNG-3', 11.32, 4.0, 'A', 3, 2);
insert into notes_details values ('2012-2013', 'SEM-7', 'Yannick Morel', 'PJT-3', 11.32, 3.67, 'A', 5, 1);
insert into notes_details values ('2012-2013', 'SEM-7', 'Yannick Morel', 'STD-3', 11.32, 2.0, 'A', 0, 1);
insert into notes_details values ('2012-2013', 'SEM-7', 'Yannick Morel', 'STD-3', 11.32, 4.0, 'A', 2, 2);
insert into gpa values ('2011-2012', 'SEM-5', 'Yannick Morel', 3.51);
insert into gpa values ('2011-2012', 'SEM-6', 'Yannick Morel', 3.92);
insert into gpa values ('2012-2013', 'SEM-7', 'Yannick Morel', 3.76);
insert into eleves values ('Nadia Lejeune', 1, 'S', 'Tres bien', 'MP', null, 'nlejeune');
insert into notes_details values ('2010-2011', 'SEM-5', 'Nadia Lejeune', 'ALG-1', 11.32, 2.33, 'A', 0, 1);
insert into notes_details values ('2010-2011', 'SEM-5', 'Nadia Lejeune', 'ALG-1', 11.32, 4.0, 'A', 3, 2);
insert into notes_details values ('2010-2011', 'SEM-5', 'Nadia Lejeune', 'DPP-1', 11.32, 1.0, 'A', 0, 1);
insert into notes_details values ('2010-2011', 'SEM-5', 'Nadia Lejeune', 'DPP-1', 11.32, 3.0, 'A', 2, 2);
insert into notes_details values ('2010-2011', 'SEM-5', 'Nadia Lejeune', 'ELE-1', 11.32, 4.0, 'A', 3, 1);
insert into notes_details values ('2010-2011', 'SEM-5', 'Nadia Lejeune', 'INP-1', 11.32, 1.0, 'A', 0, 1);
insert into notes_details values ('2010-2011', 'SEM-5', 'Nadia Lejeune', 'INP-1', 11.32, 2.33, 'A', 3, 99);
insert into notes_details values ('2010-2011', 'SEM-5', 'Nadia Lejeune', 'LCI-1', 11.32, 1.33, 'A', 0, 1);
insert into notes_details values ('2010-2011', 'SEM-5', 'Nadia Lejeune', 'LCI-1', 11.32, 4.0, 'A', 3, 2);
insert into notes_details values ('2010-2011', 'SEM-5', 'Nadia Lejeune', 'MAT-1', 11.32, 1.33, 'A', 0, 1);
insert into notes_details values ('2010-2011', 'SEM-5', 'Nadia Lejeune', 'MAT-1', 11.32, 2.67, 'A', 3, 2);
insert into notes_details values ('2010-2011', 'SEM-5', 'Nadia Lejeune', 'MGP-1', 11.32, 4.0, 'A', 4, 1);
insert into notes_details values ('2010-2011', 'SEM-5', 'Nadia Lejeune', 'PHO-1', 11.32, 1.33, 'A', 0, 1);
insert into notes_details values ('2010-2011', 'SEM-5', 'Nadia Lejeune', 'PHO-1', 11.32, 3.67, 'A', 3, 2);
insert into notes_details values ('2010-2011', 'SEM-5', 'Nadia Lejeune', 'PHQ-1', 11.32, 1.0, 'A', 0, 1);
insert into notes_details values ('2010-2011', 'SEM-5', 'Nadia Lejeune', 'PHQ-1', 11.32, 1.33, 'A', 3, 99);
insert into notes_details values ('2010-2011', 'SEM-5', 'Nadia Lejeune', 'SPM-1', 11.32, 2.67, 'A', 3, 1);
insert into notes_details values ('2010-2011', 'SEM-6', 'Nadia Lejeune', 'DPP-2', 11.32, 2.33, 'A', 0, 1);
insert into notes_details values ('2010-2011', 'SEM-6', 'Nadia Lejeune', 'DPP-2', 11.32, 4.0, 'A', 1, 2);
insert into notes_details values ('2010-2011', 'SEM-6', 'Nadia Lejeune', 'EAO-2', 11.32, 1.33, 'A', 0, 1);
insert into notes_details values ('2010-2011', 'SEM-6', 'Nadia Lejeune', 'EAO-2', 11.32, 4.0, 'A', 3, 2);
insert into notes_details values ('2010-2011', 'SEM-6', 'Nadia Lejeune', 'ECO-2', 11.32, 3.67, 'A', 3, 1);
insert into notes_details values ('2010-2011', 'SEM-6', 'Nadia Lejeune', 'LCI-2', 11.32, 1.33, 'A', 0, 1);
insert into notes_details values ('2010-2011', 'SEM-6', 'Nadia Lejeune', 'LCI-2', 11.32, 2.67, 'A', 3, 2);
insert into notes_details values ('2010-2011', 'SEM-6', 'Nadia Lejeune', 'MAT-2', 11.32, 3.0, 'A', 2, 1);
insert into notes_details values ('2010-2011', 'SEM-6', 'Nadia Lejeune', 'MCO-2', 11.32, 1.0, 'A', 0, 1);
insert into notes_details values ('2010-2011', 'SEM-6', 'Nadia Lejeune', 'MCO-2', 11.32, 3.33, 'A', 2, 2);
insert into notes_details values ('2010-2011', 'SEM-6', 'Nadia Lejeune', 'MGP-2', 11.32, 1.33, 'A', 0, 1);
insert into notes_details values ('2010-2011', 'SEM-6', 'Nadia Lejeune', 'MGP-2', 11.32, 2.67, 'A', 4, 2);
insert into notes_details values ('2010-2011', 'SEM-6', 'Nadia Lejeune', 'PHS-2', 11.32, 3.0, 'A', 2, 1);
insert into notes_details values ('2010-2011', 'SEM-6', 'Nadia Lejeune', 'PJT-2', 11.32, 2.0, 'A', 0, 1);
insert into notes_details values ('2010-2011', 'SEM-6', 'Nadia Lejeune', 'PJT-2', 11.32, 3.33, 'A', 1, 2);
insert into notes_details values ('2010-2011', 'SEM-6', 'Nadia Lejeune', 'RMS-2', 11.32, 1.67, 'A', 0, 1);
insert into notes_details values ('2010-2011', 'SEM-6', 'Nadia Lejeune', 'RMS-2', 11.32, 4.0, 'A', 4, 2);
insert into notes_details values ('2010-2011', 'SEM-6', 'Nadia Lejeune', 'STG-2', 11.32, 2.33, 'A', 0, 1);
insert into notes_details values ('2010-2011', 'SEM-6', 'Nadia Lejeune', 'STG-2', 11.32, 3.0, 'A', 2, 2);
insert into notes_details values ('2010-2011', 'SEM-6', 'Nadia Lejeune', 'THS-2', 11.32, 2.0, 'A', 0, 1);
insert into notes_details values ('2010-2011', 'SEM-6', 'Nadia Lejeune', 'THS-2', 11.32, 3.0, 'A', 3, 2);
insert into notes_details values ('2011-2012', 'SEM-7', 'Nadia Lejeune', 'ASL-3', 11.32, 4.0, 'A', 2, 1);
insert into notes_details values ('2011-2012', 'SEM-7', 'Nadia Lejeune', 'DPP-3', 11.32, 3.0, 'A', 2, 1);
insert into notes_details values ('2011-2012', 'SEM-7', 'Nadia Lejeune', 'EAO-31', 11.32, 1.67, 'A', 0, 1);
insert into notes_details values ('2011-2012', 'SEM-7', 'Nadia Lejeune', 'EAO-31', 11.32, 3.67, 'A', 2, 2);
insert into notes_details values ('2011-2012', 'SEM-7', 'Nadia Lejeune', 'EAO-32', 11.32, 1.67, 'A', 0, 1);
insert into notes_details values ('2011-2012', 'SEM-7', 'Nadia Lejeune', 'EAO-32', 11.32, 2.33, 'A', 2, 99);
insert into notes_details values ('2011-2012', 'SEM-7', 'Nadia Lejeune', 'EAO-33', 11.32, 2.0, 'A', 0, 1);
insert into notes_details values ('2011-2012', 'SEM-7', 'Nadia Lejeune', 'EAO-33', 11.32, 3.33, 'A', 2, 2);
insert into notes_details values ('2011-2012', 'SEM-7', 'Nadia Lejeune', 'EAO-34', 11.32, 1.33, 'A', 0, 1);
insert into notes_details values ('2011-2012', 'SEM-7', 'Nadia Lejeune', 'EAO-34', 11.32, 2.33, 'A', 0, 2);
insert into contentieux values ('2011-2012', 'SEM-7', 'Nadia Lejeune', 'EAO-34');
insert into notes_details values ('2011-2012', 'SEM-7', 'Nadia Lejeune', 'EAO-35', 11.32, 1.67, 'A', 0, 1);
insert into notes_details values ('2011-2012', 'SEM-7', 'Nadia Lejeune', 'EAO-35', 11.32, 3.67, 'A', 2, 2);
insert into notes_details values ('2011-2012', 'SEM-7', 'Nadia Lejeune', 'LCI-3', 11.32, 2.67, 'A', 3, 1);
insert into notes_details values ('2011-2012', 'SEM-7', 'Nadia Lejeune', 'MAT-3', 11.32, 2.67, 'A', 3, 1);
insert into notes_details values ('2011-2012', 'SEM-7', 'Nadia Lejeune', 'MNG-3', 11.32, 3.33, 'A', 3, 1);
insert into notes_details values ('2011-2012', 'SEM-7', 'Nadia Lejeune', 'PJT-3', 11.32, 2.33, 'A', 0, 1);
insert into notes_details values ('2011-2012', 'SEM-7', 'Nadia Lejeune', 'PJT-3', 11.32, 2.67, 'A', 5, 2);
insert into notes_details values ('2011-2012', 'SEM-7', 'Nadia Lejeune', 'STD-3', 11.32, 2.33, 'A', 0, 1);
insert into notes_details values ('2011-2012', 'SEM-7', 'Nadia Lejeune', 'STD-3', 11.32, 1.67, 'A', 0, 2);
insert into contentieux values ('2011-2012', 'SEM-7', 'Nadia Lejeune', 'STD-3');
insert into gpa values ('2010-2011', 'SEM-5', 'Nadia Lejeune', 3.32);
insert into gpa values ('2010-2011', 'SEM-6', 'Nadia Lejeune', 3.31);
insert into gpa values ('2011-2012', 'SEM-7', 'Nadia Lejeune', 3.82);
insert into eleves values ('Martin Roussel', 1, 'S', 'Tres bien', 'MP', null, 'mroussel');
insert into notes_details values ('2011-2012', 'SEM-5', 'Martin Roussel', 'ALG-1', 11.32, 1.67, 'A', 0, 1);
insert into notes_details values ('2011-2012', 'SEM-5', 'Martin Roussel', 'ALG-1', 11.32, 3.0, 'A', 3, 2);
insert into notes_details values ('2011-2012', 'SEM-5', 'Martin Roussel', 'DPP-1', 11.32, 3.0, 'A', 2, 1);
insert into notes_details values ('2011-2012', 'SEM-5', 'Martin Roussel', 'ELE-1', 11.32, 2.33, 'A', 0, 1);
insert into notes_details values ('2011-2012', 'SEM-5', 'Martin Roussel', 'ELE-1', 11.32, 3.67, 'A', 3, 2);
insert into notes_details values ('2011-2012', 'SEM-5', 'Martin Roussel', 'INP-1', 11.32, 2.67, 'A', 3, 1);
insert into notes_details values ('2011-2012', 'SEM-5', 'Martin Roussel', 'LCI-1', 11.32, 2.33, 'A', 0, 1);
insert into notes_details values ('2011-2012', 'SEM-5', 'Martin Roussel', 'LCI-1', 11.32, 3.67, 'A', 3, 2);
insert into notes_details values ('2011-2012', 'SEM-5', 'Martin Roussel', 'MAT-1', 11.32, 3.0, 'A', 3, 1);
insert into notes_details values ('2011-2012', 'SEM-5', 'Martin Roussel', 'MGP-1', 11.32, 1.0, 'A', 0, 1);
insert into notes_details values ('2011-2012', 'SEM-5', 'Martin Roussel', 'MGP-1', 11.32, 2.67, 'A', 4, 2);
insert into notes_details values ('2011-2012', 'SEM-5', 'Martin Roussel', 'PHO-1', 11.32, 3.67, 'A', 3, 1);
insert into notes_details values ('2011-2012', 'SEM-5', 'Martin Roussel', 'PHQ-1', 11.32, 3.67, 'A', 3, 1);
insert into notes_details values ('2011-2012', 'SEM-5', 'Martin Roussel', 'SPM-1', 11.32, 3.67, 'A', 3, 1);
insert into notes_details values ('2011-2012', 'SEM-6', 'Martin Roussel', 'DPP-2', 11.32, 3.67, 'A', 1, 1);
insert into notes_details values ('2011-2012', 'SEM-6', 'Martin Roussel', 'EAO-2', 11.32, 4.0, 'A', 3, 1);
insert into notes_details values ('2011-2012', 'SEM-6', 'Martin Roussel', 'ECO-2', 11.32, 3.0, 'A', 3, 1);
insert into notes_details values ('2011-2012', 'SEM-6', 'Martin Roussel', 'LCI-2', 11.32, 3.33, 'A', 3, 1);
insert into notes_details values ('2011-2012', 'SEM-6', 'Martin Roussel', 'MAT-2', 11.32, 2.33, 'A', 0, 1);
insert into notes_details values ('2011-2012', 'SEM-6', 'Martin Roussel', 'MAT-2', 11.32, 2.67, 'A', 2, 2);
insert into notes_details values ('2011-2012', 'SEM-6', 'Martin Roussel', 'MCO-2', 11.32, 3.33, 'A', 2, 1);
insert into notes_details values ('2011-2012', 'SEM-6', 'Martin Roussel', 'MGP-2', 11.32, 1.67, 'A', 0, 1);
insert into notes_details values ('2011-2012', 'SEM-6', 'Martin Roussel', 'MGP-2', 11.32, 2.33, 'A', 4, 99);
insert into notes_details values ('2011-2012', 'SEM-6', 'Martin Roussel', 'PHS-2', 11.32, 2.0, 'A', 0, 1);
insert into notes_details values ('2011-2012', 'SEM-6', 'Martin Roussel', 'PHS-2', 11.32, 2.0, 'A', 2, 99);
insert into notes_details values ('2011-2012', 'SEM-6', 'Martin Roussel', 'PJT-2', 11.32, 2.0, 'A', 0, 1);
insert into notes_details values ('2011-2012', 'SEM-6', 'Martin Roussel', 'PJT-2', 11.32, 3.0, 'A', 1, 2);
insert into notes_details values ('2011-2012', 'SEM-6', 'Martin Roussel', 'RMS-2', 11.32, 2.33, 'A', 0, 1);
insert into notes_details values ('2011-2012', 'SEM-6', 'Martin Roussel', 'RMS-2', 11.32, 1.67, 'A', 4, 99);
insert into notes_details values ('2011-2012', 'SEM-6', 'Martin Roussel', 'STG-2', 11.32, 3.67, 'A', 2, 1);
insert into notes_details values ('2011-2012', 'SEM-6', 'Martin Roussel', 'THS-2', 11.32, 1.67, 'A', 0, 1);
insert into notes_details values ('2011-2012', 'SEM-6', 'Martin Roussel', 'THS-2', 11.32, 3.33, 'A', 3, 2);
insert into notes_details values ('2012-2013', 'SEM-7', 'Martin Roussel', 'ASL-3', 11.32, 3.67, 'A', 2, 1);
insert into notes_details values ('2012-2013', 'SEM-7', 'Martin Roussel', 'DPP-3', 11.32, 1.33, 'A', 0, 1);
insert into notes_details values ('2012-2013', 'SEM-7', 'Martin Roussel', 'DPP-3', 11.32, 4.0, 'A', 2, 2);
insert into notes_details values ('2012-2013', 'SEM-7', 'Martin Roussel', 'EAO-31', 11.32, 4.0, 'A', 2, 1);
insert into notes_details values ('2012-2013', 'SEM-7', 'Martin Roussel', 'EAO-32', 11.32, 1.33, 'A', 0, 1);
insert into notes_details values ('2012-2013', 'SEM-7', 'Martin Roussel', 'EAO-32', 11.32, 3.0, 'A', 2, 2);
insert into notes_details values ('2012-2013', 'SEM-7', 'Martin Roussel', 'EAO-33', 11.32, 2.0, 'A', 0, 1);
insert into notes_details values ('2012-2013', 'SEM-7', 'Martin Roussel', 'EAO-33', 11.32, 3.0, 'A', 2, 2);
insert into notes_details values ('2012-2013', 'SEM-7', 'Martin Roussel', 'EAO-34', 11.32, 3.33, 'A', 2, 1);
insert into notes_details values ('2012-2013', 'SEM-7', 'Martin Roussel', 'EAO-35', 11.32, 3.33, 'A', 2, 1);
insert into notes_details values ('2012-2013', 'SEM-7', 'Martin Roussel', 'LCI-3', 11.32, 2.67, 'A', 3, 1);
insert into notes_details values ('2012-2013', 'SEM-7', 'Martin Roussel', 'MAT-3', 11.32, 2.0, 'A', 0, 1);
insert into notes_details values ('2012-2013', 'SEM-7', 'Martin Roussel', 'MAT-3', 11.32, 2.33, 'A', 3, 99);
insert into notes_details values ('2012-2013', 'SEM-7', 'Martin Roussel', 'MNG-3', 11.32, 2.0, 'A', 0, 1);
insert into notes_details values ('2012-2013', 'SEM-7', 'Martin Roussel', 'MNG-3', 11.32, 1.33, 'A', 3, 99);
insert into notes_details values ('2012-2013', 'SEM-7', 'Martin Roussel', 'PJT-3', 11.32, 2.67, 'A', 5, 1);
insert into notes_details values ('2012-2013', 'SEM-7', 'Martin Roussel', 'STD-3', 11.32, 1.33, 'A', 0, 1);
insert into notes_details values ('2012-2013', 'SEM-7', 'Martin Roussel', 'STD-3', 11.32, 2.33, 'A', 0, 2);
insert into contentieux values ('2012-2013', 'SEM-7', 'Martin Roussel', 'STD-3');
insert into gpa values ('2011-2012', 'SEM-5', 'Martin Roussel', 2.78);
insert into gpa values ('2011-2012', 'SEM-6', 'Martin Roussel', 3.45);
insert into gpa values ('2012-2013', 'SEM-7', 'Martin Roussel', 2.63);
insert into eleves values ('Barnabe Fernandez', 1, 'S', 'Tres bien', 'MP', null, 'bfernandez');
insert into notes_details values ('2010-2011', 'SEM-5', 'Barnabe Fernandez', 'ALG-1', 11.32, 3.67, 'A', 3, 1);
insert into notes_details values ('2010-2011', 'SEM-5', 'Barnabe Fernandez', 'DPP-1', 11.32, 1.0, 'A', 0, 1);
insert into notes_details values ('2010-2011', 'SEM-5', 'Barnabe Fernandez', 'DPP-1', 11.32, 3.67, 'A', 2, 2);
insert into notes_details values ('2010-2011', 'SEM-5', 'Barnabe Fernandez', 'ELE-1', 11.32, 2.33, 'A', 0, 1);
insert into notes_details values ('2010-2011', 'SEM-5', 'Barnabe Fernandez', 'ELE-1', 11.32, 3.0, 'A', 3, 2);
insert into notes_details values ('2010-2011', 'SEM-5', 'Barnabe Fernandez', 'INP-1', 11.32, 1.0, 'A', 0, 1);
insert into notes_details values ('2010-2011', 'SEM-5', 'Barnabe Fernandez', 'INP-1', 11.32, 3.33, 'A', 3, 2);
insert into notes_details values ('2010-2011', 'SEM-5', 'Barnabe Fernandez', 'LCI-1', 11.32, 1.0, 'A', 0, 1);
insert into notes_details values ('2010-2011', 'SEM-5', 'Barnabe Fernandez', 'LCI-1', 11.32, 3.67, 'A', 3, 2);
insert into notes_details values ('2010-2011', 'SEM-5', 'Barnabe Fernandez', 'MAT-1', 11.32, 1.33, 'A', 0, 1);
insert into notes_details values ('2010-2011', 'SEM-5', 'Barnabe Fernandez', 'MAT-1', 11.32, 3.33, 'A', 3, 2);
insert into notes_details values ('2010-2011', 'SEM-5', 'Barnabe Fernandez', 'MGP-1', 11.32, 2.67, 'A', 4, 1);
insert into notes_details values ('2010-2011', 'SEM-5', 'Barnabe Fernandez', 'PHO-1', 11.32, 2.33, 'A', 0, 1);
insert into notes_details values ('2010-2011', 'SEM-5', 'Barnabe Fernandez', 'PHO-1', 11.32, 2.67, 'A', 3, 2);
insert into notes_details values ('2010-2011', 'SEM-5', 'Barnabe Fernandez', 'PHQ-1', 11.32, 1.67, 'A', 0, 1);
insert into notes_details values ('2010-2011', 'SEM-5', 'Barnabe Fernandez', 'PHQ-1', 11.32, 1.33, 'A', 3, 99);
insert into notes_details values ('2010-2011', 'SEM-5', 'Barnabe Fernandez', 'SPM-1', 11.32, 3.33, 'A', 3, 1);
insert into notes_details values ('2010-2011', 'SEM-6', 'Barnabe Fernandez', 'DPP-2', 11.32, 1.0, 'A', 0, 1);
insert into notes_details values ('2010-2011', 'SEM-6', 'Barnabe Fernandez', 'DPP-2', 11.32, 4.0, 'A', 1, 2);
insert into notes_details values ('2010-2011', 'SEM-6', 'Barnabe Fernandez', 'EAO-2', 11.32, 3.33, 'A', 3, 1);
insert into notes_details values ('2010-2011', 'SEM-6', 'Barnabe Fernandez', 'ECO-2', 11.32, 1.33, 'A', 0, 1);
insert into notes_details values ('2010-2011', 'SEM-6', 'Barnabe Fernandez', 'ECO-2', 11.32, 1.0, 'A', 3, 99);
insert into notes_details values ('2010-2011', 'SEM-6', 'Barnabe Fernandez', 'LCI-2', 11.32, 3.0, 'A', 3, 1);
insert into notes_details values ('2010-2011', 'SEM-6', 'Barnabe Fernandez', 'MAT-2', 11.32, 4.0, 'A', 2, 1);
insert into notes_details values ('2010-2011', 'SEM-6', 'Barnabe Fernandez', 'MCO-2', 11.32, 4.0, 'A', 2, 1);
insert into notes_details values ('2010-2011', 'SEM-6', 'Barnabe Fernandez', 'MGP-2', 11.32, 4.0, 'A', 4, 1);
insert into notes_details values ('2010-2011', 'SEM-6', 'Barnabe Fernandez', 'PHS-2', 11.32, 3.33, 'A', 2, 1);
insert into notes_details values ('2010-2011', 'SEM-6', 'Barnabe Fernandez', 'PJT-2', 11.32, 3.33, 'A', 1, 1);
insert into notes_details values ('2010-2011', 'SEM-6', 'Barnabe Fernandez', 'RMS-2', 11.32, 3.33, 'A', 4, 1);
insert into notes_details values ('2010-2011', 'SEM-6', 'Barnabe Fernandez', 'STG-2', 11.32, 1.0, 'A', 0, 1);
insert into notes_details values ('2010-2011', 'SEM-6', 'Barnabe Fernandez', 'STG-2', 11.32, 1.33, 'A', 2, 99);
insert into notes_details values ('2010-2011', 'SEM-6', 'Barnabe Fernandez', 'THS-2', 11.32, 4.0, 'A', 3, 1);
insert into notes_details values ('2011-2012', 'SEM-7', 'Barnabe Fernandez', 'ASL-3', 11.32, 2.33, 'A', 0, 1);
insert into notes_details values ('2011-2012', 'SEM-7', 'Barnabe Fernandez', 'ASL-3', 11.32, 3.67, 'A', 2, 2);
insert into notes_details values ('2011-2012', 'SEM-7', 'Barnabe Fernandez', 'DPP-3', 11.32, 2.33, 'A', 0, 1);
insert into notes_details values ('2011-2012', 'SEM-7', 'Barnabe Fernandez', 'DPP-3', 11.32, 2.0, 'A', 0, 2);
insert into contentieux values ('2011-2012', 'SEM-7', 'Barnabe Fernandez', 'DPP-3');
insert into notes_details values ('2011-2012', 'SEM-7', 'Barnabe Fernandez', 'EAO-31', 11.32, 1.0, 'A', 0, 1);
insert into notes_details values ('2011-2012', 'SEM-7', 'Barnabe Fernandez', 'EAO-31', 11.32, 1.67, 'A', 0, 2);
insert into contentieux values ('2011-2012', 'SEM-7', 'Barnabe Fernandez', 'EAO-31');
insert into notes_details values ('2011-2012', 'SEM-7', 'Barnabe Fernandez', 'EAO-32', 11.32, 3.67, 'A', 2, 1);
insert into notes_details values ('2011-2012', 'SEM-7', 'Barnabe Fernandez', 'EAO-33', 11.32, 1.67, 'A', 0, 1);
insert into notes_details values ('2011-2012', 'SEM-7', 'Barnabe Fernandez', 'EAO-33', 11.32, 4.0, 'A', 2, 2);
insert into notes_details values ('2011-2012', 'SEM-7', 'Barnabe Fernandez', 'EAO-34', 11.32, 2.33, 'A', 0, 1);
insert into notes_details values ('2011-2012', 'SEM-7', 'Barnabe Fernandez', 'EAO-34', 11.32, 4.0, 'A', 2, 2);
insert into notes_details values ('2011-2012', 'SEM-7', 'Barnabe Fernandez', 'EAO-35', 11.32, 2.33, 'A', 0, 1);
insert into notes_details values ('2011-2012', 'SEM-7', 'Barnabe Fernandez', 'EAO-35', 11.32, 3.33, 'A', 2, 2);
insert into notes_details values ('2011-2012', 'SEM-7', 'Barnabe Fernandez', 'LCI-3', 11.32, 1.67, 'A', 0, 1);
insert into notes_details values ('2011-2012', 'SEM-7', 'Barnabe Fernandez', 'LCI-3', 11.32, 2.33, 'A', 3, 99);
insert into notes_details values ('2011-2012', 'SEM-7', 'Barnabe Fernandez', 'MAT-3', 11.32, 3.0, 'A', 3, 1);
insert into notes_details values ('2011-2012', 'SEM-7', 'Barnabe Fernandez', 'MNG-3', 11.32, 3.0, 'A', 3, 1);
insert into notes_details values ('2011-2012', 'SEM-7', 'Barnabe Fernandez', 'PJT-3', 11.32, 3.33, 'A', 5, 1);
insert into notes_details values ('2011-2012', 'SEM-7', 'Barnabe Fernandez', 'STD-3', 11.32, 1.0, 'A', 0, 1);
insert into notes_details values ('2011-2012', 'SEM-7', 'Barnabe Fernandez', 'STD-3', 11.32, 3.67, 'A', 2, 2);
insert into gpa values ('2010-2011', 'SEM-5', 'Barnabe Fernandez', 2.59);
insert into gpa values ('2010-2011', 'SEM-6', 'Barnabe Fernandez', 2.83);
insert into gpa values ('2011-2012', 'SEM-7', 'Barnabe Fernandez', 2.61);
insert into cesure values ('Barnabe Fernandez', 'CESURE');
insert into eleves values ('Nadege Ribery', 1, 'S', 'Tres bien', 'MP', null, 'nribery');
insert into notes_details values ('2011-2012', 'SEM-5', 'Nadege Ribery', 'ALG-1', 11.32, 2.33, 'A', 0, 1);
insert into notes_details values ('2011-2012', 'SEM-5', 'Nadege Ribery', 'ALG-1', 11.32, 2.33, 'A', 3, 99);
insert into notes_details values ('2011-2012', 'SEM-5', 'Nadege Ribery', 'DPP-1', 11.32, 3.67, 'A', 2, 1);
insert into notes_details values ('2011-2012', 'SEM-5', 'Nadege Ribery', 'ELE-1', 11.32, 4.0, 'A', 3, 1);
insert into notes_details values ('2011-2012', 'SEM-5', 'Nadege Ribery', 'INP-1', 11.32, 1.67, 'A', 0, 1);
insert into notes_details values ('2011-2012', 'SEM-5', 'Nadege Ribery', 'INP-1', 11.32, 2.0, 'A', 3, 99);
insert into notes_details values ('2011-2012', 'SEM-5', 'Nadege Ribery', 'LCI-1', 11.32, 3.0, 'A', 3, 1);
insert into notes_details values ('2011-2012', 'SEM-5', 'Nadege Ribery', 'MAT-1', 11.32, 1.0, 'A', 0, 1);
insert into notes_details values ('2011-2012', 'SEM-5', 'Nadege Ribery', 'MAT-1', 11.32, 2.33, 'A', 3, 99);
insert into notes_details values ('2011-2012', 'SEM-5', 'Nadege Ribery', 'MGP-1', 11.32, 1.0, 'A', 0, 1);
insert into notes_details values ('2011-2012', 'SEM-5', 'Nadege Ribery', 'MGP-1', 11.32, 4.0, 'A', 4, 2);
insert into notes_details values ('2011-2012', 'SEM-5', 'Nadege Ribery', 'PHO-1', 11.32, 1.0, 'A', 0, 1);
insert into notes_details values ('2011-2012', 'SEM-5', 'Nadege Ribery', 'PHO-1', 11.32, 3.33, 'A', 3, 2);
insert into notes_details values ('2011-2012', 'SEM-5', 'Nadege Ribery', 'PHQ-1', 11.32, 2.67, 'A', 3, 1);
insert into notes_details values ('2011-2012', 'SEM-5', 'Nadege Ribery', 'SPM-1', 11.32, 2.0, 'A', 0, 1);
insert into notes_details values ('2011-2012', 'SEM-5', 'Nadege Ribery', 'SPM-1', 11.32, 3.67, 'A', 3, 2);
insert into notes_details values ('2011-2012', 'SEM-6', 'Nadege Ribery', 'DPP-2', 11.32, 1.33, 'A', 0, 1);
insert into notes_details values ('2011-2012', 'SEM-6', 'Nadege Ribery', 'DPP-2', 11.32, 3.33, 'A', 1, 2);
insert into notes_details values ('2011-2012', 'SEM-6', 'Nadege Ribery', 'EAO-2', 11.32, 4.0, 'A', 3, 1);
insert into notes_details values ('2011-2012', 'SEM-6', 'Nadege Ribery', 'ECO-2', 11.32, 3.67, 'A', 3, 1);
insert into notes_details values ('2011-2012', 'SEM-6', 'Nadege Ribery', 'LCI-2', 11.32, 1.33, 'A', 0, 1);
insert into notes_details values ('2011-2012', 'SEM-6', 'Nadege Ribery', 'LCI-2', 11.32, 2.67, 'A', 3, 2);
insert into notes_details values ('2011-2012', 'SEM-6', 'Nadege Ribery', 'MAT-2', 11.32, 3.67, 'A', 2, 1);
insert into notes_details values ('2011-2012', 'SEM-6', 'Nadege Ribery', 'MCO-2', 11.32, 1.0, 'A', 0, 1);
insert into notes_details values ('2011-2012', 'SEM-6', 'Nadege Ribery', 'MCO-2', 11.32, 1.67, 'A', 2, 99);
insert into notes_details values ('2011-2012', 'SEM-6', 'Nadege Ribery', 'MGP-2', 11.32, 1.33, 'A', 0, 1);
insert into notes_details values ('2011-2012', 'SEM-6', 'Nadege Ribery', 'MGP-2', 11.32, 3.0, 'A', 4, 2);
insert into notes_details values ('2011-2012', 'SEM-6', 'Nadege Ribery', 'PHS-2', 11.32, 3.33, 'A', 2, 1);
insert into notes_details values ('2011-2012', 'SEM-6', 'Nadege Ribery', 'PJT-2', 11.32, 2.67, 'A', 1, 1);
insert into notes_details values ('2011-2012', 'SEM-6', 'Nadege Ribery', 'RMS-2', 11.32, 2.33, 'A', 0, 1);
insert into notes_details values ('2011-2012', 'SEM-6', 'Nadege Ribery', 'RMS-2', 11.32, 3.0, 'A', 4, 2);
insert into notes_details values ('2011-2012', 'SEM-6', 'Nadege Ribery', 'STG-2', 11.32, 3.33, 'A', 2, 1);
insert into notes_details values ('2011-2012', 'SEM-6', 'Nadege Ribery', 'THS-2', 11.32, 1.0, 'A', 0, 1);
insert into notes_details values ('2011-2012', 'SEM-6', 'Nadege Ribery', 'THS-2', 11.32, 2.67, 'A', 3, 2);
insert into notes_details values ('2012-2013', 'SEM-7', 'Nadege Ribery', 'ASL-3', 11.32, 2.67, 'A', 2, 1);
insert into notes_details values ('2012-2013', 'SEM-7', 'Nadege Ribery', 'DPP-3', 11.32, 4.0, 'A', 2, 1);
insert into notes_details values ('2012-2013', 'SEM-7', 'Nadege Ribery', 'EAO-31', 11.32, 2.33, 'A', 0, 1);
insert into notes_details values ('2012-2013', 'SEM-7', 'Nadege Ribery', 'EAO-31', 11.32, 4.0, 'A', 2, 2);
insert into notes_details values ('2012-2013', 'SEM-7', 'Nadege Ribery', 'EAO-32', 11.32, 1.0, 'A', 0, 1);
insert into notes_details values ('2012-2013', 'SEM-7', 'Nadege Ribery', 'EAO-32', 11.32, 1.67, 'A', 0, 2);
insert into contentieux values ('2012-2013', 'SEM-7', 'Nadege Ribery', 'EAO-32');
insert into notes_details values ('2012-2013', 'SEM-7', 'Nadege Ribery', 'EAO-33', 11.32, 2.0, 'A', 0, 1);
insert into notes_details values ('2012-2013', 'SEM-7', 'Nadege Ribery', 'EAO-33', 11.32, 1.0, 'A', 0, 2);
insert into contentieux values ('2012-2013', 'SEM-7', 'Nadege Ribery', 'EAO-33');
insert into notes_details values ('2012-2013', 'SEM-7', 'Nadege Ribery', 'EAO-34', 11.32, 4.0, 'A', 2, 1);
insert into notes_details values ('2012-2013', 'SEM-7', 'Nadege Ribery', 'EAO-35', 11.32, 2.33, 'A', 0, 1);
insert into notes_details values ('2012-2013', 'SEM-7', 'Nadege Ribery', 'EAO-35', 11.32, 3.67, 'A', 2, 2);
insert into notes_details values ('2012-2013', 'SEM-7', 'Nadege Ribery', 'LCI-3', 11.32, 2.33, 'A', 0, 1);
insert into notes_details values ('2012-2013', 'SEM-7', 'Nadege Ribery', 'LCI-3', 11.32, 1.0, 'A', 3, 99);
insert into notes_details values ('2012-2013', 'SEM-7', 'Nadege Ribery', 'MAT-3', 11.32, 3.67, 'A', 3, 1);
insert into notes_details values ('2012-2013', 'SEM-7', 'Nadege Ribery', 'MNG-3', 11.32, 2.33, 'A', 0, 1);
insert into notes_details values ('2012-2013', 'SEM-7', 'Nadege Ribery', 'MNG-3', 11.32, 3.0, 'A', 3, 2);
insert into notes_details values ('2012-2013', 'SEM-7', 'Nadege Ribery', 'PJT-3', 11.32, 1.0, 'A', 0, 1);
insert into notes_details values ('2012-2013', 'SEM-7', 'Nadege Ribery', 'PJT-3', 11.32, 3.33, 'A', 5, 2);
insert into notes_details values ('2012-2013', 'SEM-7', 'Nadege Ribery', 'STD-3', 11.32, 2.33, 'A', 0, 1);
insert into notes_details values ('2012-2013', 'SEM-7', 'Nadege Ribery', 'STD-3', 11.32, 2.0, 'A', 0, 2);
insert into contentieux values ('2012-2013', 'SEM-7', 'Nadege Ribery', 'STD-3');
insert into gpa values ('2011-2012', 'SEM-5', 'Nadege Ribery', 3.92);
insert into gpa values ('2011-2012', 'SEM-6', 'Nadege Ribery', 2.25);
insert into gpa values ('2012-2013', 'SEM-7', 'Nadege Ribery', 2.81);
insert into eleves values ('Xito Boghossian', 1, 'S', 'Tres bien', 'MP', null, 'xboghossian');
insert into notes_details values ('2010-2011', 'SEM-5', 'Xito Boghossian', 'ALG-1', 11.32, 3.0, 'A', 3, 1);
insert into notes_details values ('2010-2011', 'SEM-5', 'Xito Boghossian', 'DPP-1', 11.32, 1.67, 'A', 0, 1);
insert into notes_details values ('2010-2011', 'SEM-5', 'Xito Boghossian', 'DPP-1', 11.32, 2.0, 'A', 2, 99);
insert into notes_details values ('2010-2011', 'SEM-5', 'Xito Boghossian', 'ELE-1', 11.32, 2.0, 'A', 0, 1);
insert into notes_details values ('2010-2011', 'SEM-5', 'Xito Boghossian', 'ELE-1', 11.32, 3.67, 'A', 3, 2);
insert into notes_details values ('2010-2011', 'SEM-5', 'Xito Boghossian', 'INP-1', 11.32, 4.0, 'A', 3, 1);
insert into notes_details values ('2010-2011', 'SEM-5', 'Xito Boghossian', 'LCI-1', 11.32, 3.0, 'A', 3, 1);
insert into notes_details values ('2010-2011', 'SEM-5', 'Xito Boghossian', 'MAT-1', 11.32, 1.0, 'A', 0, 1);
insert into notes_details values ('2010-2011', 'SEM-5', 'Xito Boghossian', 'MAT-1', 11.32, 4.0, 'A', 3, 2);
insert into notes_details values ('2010-2011', 'SEM-5', 'Xito Boghossian', 'MGP-1', 11.32, 2.67, 'A', 4, 1);
insert into notes_details values ('2010-2011', 'SEM-5', 'Xito Boghossian', 'PHO-1', 11.32, 1.67, 'A', 0, 1);
insert into notes_details values ('2010-2011', 'SEM-5', 'Xito Boghossian', 'PHO-1', 11.32, 2.67, 'A', 3, 2);
insert into notes_details values ('2010-2011', 'SEM-5', 'Xito Boghossian', 'PHQ-1', 11.32, 1.33, 'A', 0, 1);
insert into notes_details values ('2010-2011', 'SEM-5', 'Xito Boghossian', 'PHQ-1', 11.32, 3.67, 'A', 3, 2);
insert into notes_details values ('2010-2011', 'SEM-5', 'Xito Boghossian', 'SPM-1', 11.32, 2.33, 'A', 0, 1);
insert into notes_details values ('2010-2011', 'SEM-5', 'Xito Boghossian', 'SPM-1', 11.32, 3.0, 'A', 3, 2);
insert into notes_details values ('2010-2011', 'SEM-6', 'Xito Boghossian', 'DPP-2', 11.32, 2.33, 'A', 0, 1);
insert into notes_details values ('2010-2011', 'SEM-6', 'Xito Boghossian', 'DPP-2', 11.32, 3.67, 'A', 1, 2);
insert into notes_details values ('2010-2011', 'SEM-6', 'Xito Boghossian', 'EAO-2', 11.32, 4.0, 'A', 3, 1);
insert into notes_details values ('2010-2011', 'SEM-6', 'Xito Boghossian', 'ECO-2', 11.32, 3.33, 'A', 3, 1);
insert into notes_details values ('2010-2011', 'SEM-6', 'Xito Boghossian', 'LCI-2', 11.32, 3.67, 'A', 3, 1);
insert into notes_details values ('2010-2011', 'SEM-6', 'Xito Boghossian', 'MAT-2', 11.32, 4.0, 'A', 2, 1);
insert into notes_details values ('2010-2011', 'SEM-6', 'Xito Boghossian', 'MCO-2', 11.32, 2.67, 'A', 2, 1);
insert into notes_details values ('2010-2011', 'SEM-6', 'Xito Boghossian', 'MGP-2', 11.32, 2.33, 'A', 0, 1);
insert into notes_details values ('2010-2011', 'SEM-6', 'Xito Boghossian', 'MGP-2', 11.32, 4.0, 'A', 4, 2);
insert into notes_details values ('2010-2011', 'SEM-6', 'Xito Boghossian', 'PHS-2', 11.32, 3.33, 'A', 2, 1);
insert into notes_details values ('2010-2011', 'SEM-6', 'Xito Boghossian', 'PJT-2', 11.32, 1.67, 'A', 0, 1);
insert into notes_details values ('2010-2011', 'SEM-6', 'Xito Boghossian', 'PJT-2', 11.32, 3.33, 'A', 1, 2);
insert into notes_details values ('2010-2011', 'SEM-6', 'Xito Boghossian', 'RMS-2', 11.32, 3.0, 'A', 4, 1);
insert into notes_details values ('2010-2011', 'SEM-6', 'Xito Boghossian', 'STG-2', 11.32, 2.33, 'A', 0, 1);
insert into notes_details values ('2010-2011', 'SEM-6', 'Xito Boghossian', 'STG-2', 11.32, 3.67, 'A', 2, 2);
insert into notes_details values ('2010-2011', 'SEM-6', 'Xito Boghossian', 'THS-2', 11.32, 3.67, 'A', 3, 1);
insert into notes_details values ('2011-2012', 'SEM-7', 'Xito Boghossian', 'ASL-3', 11.32, 1.0, 'A', 0, 1);
insert into notes_details values ('2011-2012', 'SEM-7', 'Xito Boghossian', 'ASL-3', 11.32, 1.0, 'A', 2, 99);
insert into notes_details values ('2011-2012', 'SEM-7', 'Xito Boghossian', 'DPP-3', 11.32, 4.0, 'A', 2, 1);
insert into notes_details values ('2011-2012', 'SEM-7', 'Xito Boghossian', 'EAO-31', 11.32, 4.0, 'A', 2, 1);
insert into notes_details values ('2011-2012', 'SEM-7', 'Xito Boghossian', 'EAO-32', 11.32, 2.33, 'A', 0, 1);
insert into notes_details values ('2011-2012', 'SEM-7', 'Xito Boghossian', 'EAO-32', 11.32, 3.33, 'A', 2, 2);
insert into notes_details values ('2011-2012', 'SEM-7', 'Xito Boghossian', 'EAO-33', 11.32, 1.0, 'A', 0, 1);
insert into notes_details values ('2011-2012', 'SEM-7', 'Xito Boghossian', 'EAO-33', 11.32, 1.0, 'A', 0, 2);
insert into contentieux values ('2011-2012', 'SEM-7', 'Xito Boghossian', 'EAO-33');
insert into notes_details values ('2011-2012', 'SEM-7', 'Xito Boghossian', 'EAO-34', 11.32, 1.0, 'A', 0, 1);
insert into notes_details values ('2011-2012', 'SEM-7', 'Xito Boghossian', 'EAO-34', 11.32, 1.33, 'A', 0, 2);
insert into contentieux values ('2011-2012', 'SEM-7', 'Xito Boghossian', 'EAO-34');
insert into notes_details values ('2011-2012', 'SEM-7', 'Xito Boghossian', 'EAO-35', 11.32, 3.67, 'A', 2, 1);
insert into notes_details values ('2011-2012', 'SEM-7', 'Xito Boghossian', 'LCI-3', 11.32, 1.0, 'A', 0, 1);
insert into notes_details values ('2011-2012', 'SEM-7', 'Xito Boghossian', 'LCI-3', 11.32, 3.33, 'A', 3, 2);
insert into notes_details values ('2011-2012', 'SEM-7', 'Xito Boghossian', 'MAT-3', 11.32, 1.67, 'A', 0, 1);
insert into notes_details values ('2011-2012', 'SEM-7', 'Xito Boghossian', 'MAT-3', 11.32, 3.33, 'A', 3, 2);
insert into notes_details values ('2011-2012', 'SEM-7', 'Xito Boghossian', 'MNG-3', 11.32, 1.0, 'A', 0, 1);
insert into notes_details values ('2011-2012', 'SEM-7', 'Xito Boghossian', 'MNG-3', 11.32, 1.67, 'A', 0, 2);
insert into contentieux values ('2011-2012', 'SEM-7', 'Xito Boghossian', 'MNG-3');
insert into notes_details values ('2011-2012', 'SEM-7', 'Xito Boghossian', 'PJT-3', 11.32, 3.0, 'A', 5, 1);
insert into notes_details values ('2011-2012', 'SEM-7', 'Xito Boghossian', 'STD-3', 11.32, 1.67, 'A', 0, 1);
insert into notes_details values ('2011-2012', 'SEM-7', 'Xito Boghossian', 'STD-3', 11.32, 1.0, 'A', 2, 99);
insert into gpa values ('2010-2011', 'SEM-5', 'Xito Boghossian', 3.81);
insert into gpa values ('2010-2011', 'SEM-6', 'Xito Boghossian', 2.47);
insert into gpa values ('2011-2012', 'SEM-7', 'Xito Boghossian', 2.22);
insert into eleves values ('Erembourg Etienne', 1, 'S', 'Tres bien', 'MP', null, 'eetienne');
insert into notes_details values ('2011-2012', 'SEM-5', 'Erembourg Etienne', 'ALG-1', 11.32, 1.67, 'A', 0, 1);
insert into notes_details values ('2011-2012', 'SEM-5', 'Erembourg Etienne', 'ALG-1', 11.32, 4.0, 'A', 3, 2);
insert into notes_details values ('2011-2012', 'SEM-5', 'Erembourg Etienne', 'DPP-1', 11.32, 2.0, 'A', 0, 1);
insert into notes_details values ('2011-2012', 'SEM-5', 'Erembourg Etienne', 'DPP-1', 11.32, 3.0, 'A', 2, 2);
insert into notes_details values ('2011-2012', 'SEM-5', 'Erembourg Etienne', 'ELE-1', 11.32, 1.33, 'A', 0, 1);
insert into notes_details values ('2011-2012', 'SEM-5', 'Erembourg Etienne', 'ELE-1', 11.32, 3.67, 'A', 3, 2);
insert into notes_details values ('2011-2012', 'SEM-5', 'Erembourg Etienne', 'INP-1', 11.32, 3.0, 'A', 3, 1);
insert into notes_details values ('2011-2012', 'SEM-5', 'Erembourg Etienne', 'LCI-1', 11.32, 2.67, 'A', 3, 1);
insert into notes_details values ('2011-2012', 'SEM-5', 'Erembourg Etienne', 'MAT-1', 11.32, 3.33, 'A', 3, 1);
insert into notes_details values ('2011-2012', 'SEM-5', 'Erembourg Etienne', 'MGP-1', 11.32, 2.67, 'A', 4, 1);
insert into notes_details values ('2011-2012', 'SEM-5', 'Erembourg Etienne', 'PHO-1', 11.32, 1.0, 'A', 0, 1);
insert into notes_details values ('2011-2012', 'SEM-5', 'Erembourg Etienne', 'PHO-1', 11.32, 3.33, 'A', 3, 2);
insert into notes_details values ('2011-2012', 'SEM-5', 'Erembourg Etienne', 'PHQ-1', 11.32, 1.0, 'A', 0, 1);
insert into notes_details values ('2011-2012', 'SEM-5', 'Erembourg Etienne', 'PHQ-1', 11.32, 3.0, 'A', 3, 2);
insert into notes_details values ('2011-2012', 'SEM-5', 'Erembourg Etienne', 'SPM-1', 11.32, 2.33, 'A', 0, 1);
insert into notes_details values ('2011-2012', 'SEM-5', 'Erembourg Etienne', 'SPM-1', 11.32, 2.33, 'A', 3, 99);
insert into notes_details values ('2011-2012', 'SEM-6', 'Erembourg Etienne', 'DPP-2', 11.32, 3.67, 'A', 1, 1);
insert into notes_details values ('2011-2012', 'SEM-6', 'Erembourg Etienne', 'EAO-2', 11.32, 1.33, 'A', 0, 1);
insert into notes_details values ('2011-2012', 'SEM-6', 'Erembourg Etienne', 'EAO-2', 11.32, 1.67, 'A', 3, 99);
insert into notes_details values ('2011-2012', 'SEM-6', 'Erembourg Etienne', 'ECO-2', 11.32, 1.0, 'A', 0, 1);
insert into notes_details values ('2011-2012', 'SEM-6', 'Erembourg Etienne', 'ECO-2', 11.32, 2.67, 'A', 3, 2);
insert into notes_details values ('2011-2012', 'SEM-6', 'Erembourg Etienne', 'LCI-2', 11.32, 4.0, 'A', 3, 1);
insert into notes_details values ('2011-2012', 'SEM-6', 'Erembourg Etienne', 'MAT-2', 11.32, 2.33, 'A', 0, 1);
insert into notes_details values ('2011-2012', 'SEM-6', 'Erembourg Etienne', 'MAT-2', 11.32, 2.67, 'A', 2, 2);
insert into notes_details values ('2011-2012', 'SEM-6', 'Erembourg Etienne', 'MCO-2', 11.32, 2.67, 'A', 2, 1);
insert into notes_details values ('2011-2012', 'SEM-6', 'Erembourg Etienne', 'MGP-2', 11.32, 2.33, 'A', 0, 1);
insert into notes_details values ('2011-2012', 'SEM-6', 'Erembourg Etienne', 'MGP-2', 11.32, 3.33, 'A', 4, 2);
insert into notes_details values ('2011-2012', 'SEM-6', 'Erembourg Etienne', 'PHS-2', 11.32, 3.67, 'A', 2, 1);
insert into notes_details values ('2011-2012', 'SEM-6', 'Erembourg Etienne', 'PJT-2', 11.32, 1.67, 'A', 0, 1);
insert into notes_details values ('2011-2012', 'SEM-6', 'Erembourg Etienne', 'PJT-2', 11.32, 3.33, 'A', 1, 2);
insert into notes_details values ('2011-2012', 'SEM-6', 'Erembourg Etienne', 'RMS-2', 11.32, 4.0, 'A', 4, 1);
insert into notes_details values ('2011-2012', 'SEM-6', 'Erembourg Etienne', 'STG-2', 11.32, 3.0, 'A', 2, 1);
insert into notes_details values ('2011-2012', 'SEM-6', 'Erembourg Etienne', 'THS-2', 11.32, 2.33, 'A', 0, 1);
insert into notes_details values ('2011-2012', 'SEM-6', 'Erembourg Etienne', 'THS-2', 11.32, 2.0, 'A', 3, 99);
insert into notes_details values ('2012-2013', 'SEM-7', 'Erembourg Etienne', 'ASL-3', 11.32, 1.67, 'A', 0, 1);
insert into notes_details values ('2012-2013', 'SEM-7', 'Erembourg Etienne', 'ASL-3', 11.32, 3.0, 'A', 2, 2);
insert into notes_details values ('2012-2013', 'SEM-7', 'Erembourg Etienne', 'DPP-3', 11.32, 3.67, 'A', 2, 1);
insert into notes_details values ('2012-2013', 'SEM-7', 'Erembourg Etienne', 'EAO-31', 11.32, 1.33, 'A', 0, 1);
insert into notes_details values ('2012-2013', 'SEM-7', 'Erembourg Etienne', 'EAO-31', 11.32, 2.0, 'A', 0, 2);
insert into contentieux values ('2012-2013', 'SEM-7', 'Erembourg Etienne', 'EAO-31');
insert into notes_details values ('2012-2013', 'SEM-7', 'Erembourg Etienne', 'EAO-32', 11.32, 1.67, 'A', 0, 1);
insert into notes_details values ('2012-2013', 'SEM-7', 'Erembourg Etienne', 'EAO-32', 11.32, 2.67, 'A', 2, 2);
insert into notes_details values ('2012-2013', 'SEM-7', 'Erembourg Etienne', 'EAO-33', 11.32, 3.67, 'A', 2, 1);
insert into notes_details values ('2012-2013', 'SEM-7', 'Erembourg Etienne', 'EAO-34', 11.32, 1.0, 'A', 0, 1);
insert into notes_details values ('2012-2013', 'SEM-7', 'Erembourg Etienne', 'EAO-34', 11.32, 1.0, 'A', 0, 2);
insert into contentieux values ('2012-2013', 'SEM-7', 'Erembourg Etienne', 'EAO-34');
insert into notes_details values ('2012-2013', 'SEM-7', 'Erembourg Etienne', 'EAO-35', 11.32, 1.67, 'A', 0, 1);
insert into notes_details values ('2012-2013', 'SEM-7', 'Erembourg Etienne', 'EAO-35', 11.32, 1.33, 'A', 0, 2);
insert into contentieux values ('2012-2013', 'SEM-7', 'Erembourg Etienne', 'EAO-35');
insert into notes_details values ('2012-2013', 'SEM-7', 'Erembourg Etienne', 'LCI-3', 11.32, 4.0, 'A', 3, 1);
insert into notes_details values ('2012-2013', 'SEM-7', 'Erembourg Etienne', 'MAT-3', 11.32, 1.33, 'A', 0, 1);
insert into notes_details values ('2012-2013', 'SEM-7', 'Erembourg Etienne', 'MAT-3', 11.32, 1.0, 'A', 0, 2);
insert into contentieux values ('2012-2013', 'SEM-7', 'Erembourg Etienne', 'MAT-3');
insert into notes_details values ('2012-2013', 'SEM-7', 'Erembourg Etienne', 'MNG-3', 11.32, 3.67, 'A', 3, 1);
insert into notes_details values ('2012-2013', 'SEM-7', 'Erembourg Etienne', 'PJT-3', 11.32, 3.67, 'A', 5, 1);
insert into notes_details values ('2012-2013', 'SEM-7', 'Erembourg Etienne', 'STD-3', 11.32, 3.0, 'A', 2, 1);
insert into gpa values ('2011-2012', 'SEM-5', 'Erembourg Etienne', 3.5);
insert into gpa values ('2011-2012', 'SEM-6', 'Erembourg Etienne', 3.06);
insert into gpa values ('2012-2013', 'SEM-7', 'Erembourg Etienne', 2.61);
insert into eleves values ('Gaston Joly', 1, 'S', 'Tres bien', 'MP', null, 'gjoly');
insert into notes_details values ('2010-2011', 'SEM-5', 'Gaston Joly', 'ALG-1', 11.32, 1.0, 'A', 0, 1);
insert into notes_details values ('2010-2011', 'SEM-5', 'Gaston Joly', 'ALG-1', 11.32, 4.0, 'A', 3, 2);
insert into notes_details values ('2010-2011', 'SEM-5', 'Gaston Joly', 'DPP-1', 11.32, 2.33, 'A', 0, 1);
insert into notes_details values ('2010-2011', 'SEM-5', 'Gaston Joly', 'DPP-1', 11.32, 2.33, 'A', 2, 99);
insert into notes_details values ('2010-2011', 'SEM-5', 'Gaston Joly', 'ELE-1', 11.32, 2.0, 'A', 0, 1);
insert into notes_details values ('2010-2011', 'SEM-5', 'Gaston Joly', 'ELE-1', 11.32, 2.0, 'A', 3, 99);
insert into notes_details values ('2010-2011', 'SEM-5', 'Gaston Joly', 'INP-1', 11.32, 3.67, 'A', 3, 1);
insert into notes_details values ('2010-2011', 'SEM-5', 'Gaston Joly', 'LCI-1', 11.32, 2.0, 'A', 0, 1);
insert into notes_details values ('2010-2011', 'SEM-5', 'Gaston Joly', 'LCI-1', 11.32, 2.0, 'A', 3, 99);
insert into notes_details values ('2010-2011', 'SEM-5', 'Gaston Joly', 'MAT-1', 11.32, 1.67, 'A', 0, 1);
insert into notes_details values ('2010-2011', 'SEM-5', 'Gaston Joly', 'MAT-1', 11.32, 3.67, 'A', 3, 2);
insert into notes_details values ('2010-2011', 'SEM-5', 'Gaston Joly', 'MGP-1', 11.32, 3.0, 'A', 4, 1);
insert into notes_details values ('2010-2011', 'SEM-5', 'Gaston Joly', 'PHO-1', 11.32, 4.0, 'A', 3, 1);
insert into notes_details values ('2010-2011', 'SEM-5', 'Gaston Joly', 'PHQ-1', 11.32, 1.33, 'A', 0, 1);
insert into notes_details values ('2010-2011', 'SEM-5', 'Gaston Joly', 'PHQ-1', 11.32, 3.33, 'A', 3, 2);
insert into notes_details values ('2010-2011', 'SEM-5', 'Gaston Joly', 'SPM-1', 11.32, 3.0, 'A', 3, 1);
insert into notes_details values ('2010-2011', 'SEM-6', 'Gaston Joly', 'DPP-2', 11.32, 3.33, 'A', 1, 1);
insert into notes_details values ('2010-2011', 'SEM-6', 'Gaston Joly', 'EAO-2', 11.32, 2.0, 'A', 0, 1);
insert into notes_details values ('2010-2011', 'SEM-6', 'Gaston Joly', 'EAO-2', 11.32, 3.0, 'A', 3, 2);
insert into notes_details values ('2010-2011', 'SEM-6', 'Gaston Joly', 'ECO-2', 11.32, 1.67, 'A', 0, 1);
insert into notes_details values ('2010-2011', 'SEM-6', 'Gaston Joly', 'ECO-2', 11.32, 3.33, 'A', 3, 2);
insert into notes_details values ('2010-2011', 'SEM-6', 'Gaston Joly', 'LCI-2', 11.32, 4.0, 'A', 3, 1);
insert into notes_details values ('2010-2011', 'SEM-6', 'Gaston Joly', 'MAT-2', 11.32, 2.0, 'A', 0, 1);
insert into notes_details values ('2010-2011', 'SEM-6', 'Gaston Joly', 'MAT-2', 11.32, 2.33, 'A', 2, 99);
insert into notes_details values ('2010-2011', 'SEM-6', 'Gaston Joly', 'MCO-2', 11.32, 2.0, 'A', 0, 1);
insert into notes_details values ('2010-2011', 'SEM-6', 'Gaston Joly', 'MCO-2', 11.32, 2.67, 'A', 2, 2);
insert into notes_details values ('2010-2011', 'SEM-6', 'Gaston Joly', 'MGP-2', 11.32, 3.0, 'A', 4, 1);
insert into notes_details values ('2010-2011', 'SEM-6', 'Gaston Joly', 'PHS-2', 11.32, 1.67, 'A', 0, 1);
insert into notes_details values ('2010-2011', 'SEM-6', 'Gaston Joly', 'PHS-2', 11.32, 4.0, 'A', 2, 2);
insert into notes_details values ('2010-2011', 'SEM-6', 'Gaston Joly', 'PJT-2', 11.32, 3.67, 'A', 1, 1);
insert into notes_details values ('2010-2011', 'SEM-6', 'Gaston Joly', 'RMS-2', 11.32, 2.0, 'A', 0, 1);
insert into notes_details values ('2010-2011', 'SEM-6', 'Gaston Joly', 'RMS-2', 11.32, 2.33, 'A', 4, 99);
insert into notes_details values ('2010-2011', 'SEM-6', 'Gaston Joly', 'STG-2', 11.32, 2.33, 'A', 0, 1);
insert into notes_details values ('2010-2011', 'SEM-6', 'Gaston Joly', 'STG-2', 11.32, 3.33, 'A', 2, 2);
insert into notes_details values ('2010-2011', 'SEM-6', 'Gaston Joly', 'THS-2', 11.32, 2.67, 'A', 3, 1);
insert into notes_details values ('2011-2012', 'SEM-7', 'Gaston Joly', 'ASL-3', 11.32, 1.67, 'A', 0, 1);
insert into notes_details values ('2011-2012', 'SEM-7', 'Gaston Joly', 'ASL-3', 11.32, 1.67, 'A', 0, 2);
insert into contentieux values ('2011-2012', 'SEM-7', 'Gaston Joly', 'ASL-3');
insert into notes_details values ('2011-2012', 'SEM-7', 'Gaston Joly', 'DPP-3', 11.32, 1.33, 'A', 0, 1);
insert into notes_details values ('2011-2012', 'SEM-7', 'Gaston Joly', 'DPP-3', 11.32, 3.67, 'A', 2, 2);
insert into notes_details values ('2011-2012', 'SEM-7', 'Gaston Joly', 'EAO-31', 11.32, 3.33, 'A', 2, 1);
insert into notes_details values ('2011-2012', 'SEM-7', 'Gaston Joly', 'EAO-32', 11.32, 3.33, 'A', 2, 1);
insert into notes_details values ('2011-2012', 'SEM-7', 'Gaston Joly', 'EAO-33', 11.32, 1.0, 'A', 0, 1);
insert into notes_details values ('2011-2012', 'SEM-7', 'Gaston Joly', 'EAO-33', 11.32, 2.67, 'A', 2, 2);
insert into notes_details values ('2011-2012', 'SEM-7', 'Gaston Joly', 'EAO-34', 11.32, 4.0, 'A', 2, 1);
insert into notes_details values ('2011-2012', 'SEM-7', 'Gaston Joly', 'EAO-35', 11.32, 2.67, 'A', 2, 1);
insert into notes_details values ('2011-2012', 'SEM-7', 'Gaston Joly', 'LCI-3', 11.32, 2.33, 'A', 0, 1);
insert into notes_details values ('2011-2012', 'SEM-7', 'Gaston Joly', 'LCI-3', 11.32, 3.0, 'A', 3, 2);
insert into notes_details values ('2011-2012', 'SEM-7', 'Gaston Joly', 'MAT-3', 11.32, 1.33, 'A', 0, 1);
insert into notes_details values ('2011-2012', 'SEM-7', 'Gaston Joly', 'MAT-3', 11.32, 2.0, 'A', 0, 2);
insert into contentieux values ('2011-2012', 'SEM-7', 'Gaston Joly', 'MAT-3');
insert into notes_details values ('2011-2012', 'SEM-7', 'Gaston Joly', 'MNG-3', 11.32, 2.0, 'A', 0, 1);
insert into notes_details values ('2011-2012', 'SEM-7', 'Gaston Joly', 'MNG-3', 11.32, 1.0, 'A', 0, 2);
insert into contentieux values ('2011-2012', 'SEM-7', 'Gaston Joly', 'MNG-3');
insert into notes_details values ('2011-2012', 'SEM-7', 'Gaston Joly', 'PJT-3', 11.32, 2.33, 'A', 0, 1);
insert into notes_details values ('2011-2012', 'SEM-7', 'Gaston Joly', 'PJT-3', 11.32, 2.33, 'A', 0, 2);
insert into contentieux values ('2011-2012', 'SEM-7', 'Gaston Joly', 'PJT-3');
insert into notes_details values ('2011-2012', 'SEM-7', 'Gaston Joly', 'STD-3', 11.32, 1.67, 'A', 0, 1);
insert into notes_details values ('2011-2012', 'SEM-7', 'Gaston Joly', 'STD-3', 11.32, 2.0, 'A', 0, 2);
insert into contentieux values ('2011-2012', 'SEM-7', 'Gaston Joly', 'STD-3');
insert into gpa values ('2010-2011', 'SEM-5', 'Gaston Joly', 3.52);
insert into gpa values ('2010-2011', 'SEM-6', 'Gaston Joly', 2.52);
insert into gpa values ('2011-2012', 'SEM-7', 'Gaston Joly', 3.19);
insert into cesure values ('Gaston Joly', 'CESURE');
insert into eleves values ('Huette Law', 1, 'S', 'Tres bien', 'MP', null, 'hlaw');
insert into notes_details values ('2011-2012', 'SEM-5', 'Huette Law', 'ALG-1', 11.32, 1.33, 'A', 0, 1);
insert into notes_details values ('2011-2012', 'SEM-5', 'Huette Law', 'ALG-1', 11.32, 4.0, 'A', 3, 2);
insert into notes_details values ('2011-2012', 'SEM-5', 'Huette Law', 'DPP-1', 11.32, 4.0, 'A', 2, 1);
insert into notes_details values ('2011-2012', 'SEM-5', 'Huette Law', 'ELE-1', 11.32, 2.67, 'A', 3, 1);
insert into notes_details values ('2011-2012', 'SEM-5', 'Huette Law', 'INP-1', 11.32, 3.67, 'A', 3, 1);
insert into notes_details values ('2011-2012', 'SEM-5', 'Huette Law', 'LCI-1', 11.32, 3.67, 'A', 3, 1);
insert into notes_details values ('2011-2012', 'SEM-5', 'Huette Law', 'MAT-1', 11.32, 3.0, 'A', 3, 1);
insert into notes_details values ('2011-2012', 'SEM-5', 'Huette Law', 'MGP-1', 11.32, 3.0, 'A', 4, 1);
insert into notes_details values ('2011-2012', 'SEM-5', 'Huette Law', 'PHO-1', 11.32, 1.33, 'A', 0, 1);
insert into notes_details values ('2011-2012', 'SEM-5', 'Huette Law', 'PHO-1', 11.32, 2.0, 'A', 3, 99);
insert into notes_details values ('2011-2012', 'SEM-5', 'Huette Law', 'PHQ-1', 11.32, 1.33, 'A', 0, 1);
insert into notes_details values ('2011-2012', 'SEM-5', 'Huette Law', 'PHQ-1', 11.32, 4.0, 'A', 3, 2);
insert into notes_details values ('2011-2012', 'SEM-5', 'Huette Law', 'SPM-1', 11.32, 4.0, 'A', 3, 1);
insert into notes_details values ('2011-2012', 'SEM-6', 'Huette Law', 'DPP-2', 11.32, 4.0, 'A', 1, 1);
insert into notes_details values ('2011-2012', 'SEM-6', 'Huette Law', 'EAO-2', 11.32, 1.0, 'A', 0, 1);
insert into notes_details values ('2011-2012', 'SEM-6', 'Huette Law', 'EAO-2', 11.32, 3.67, 'A', 3, 2);
insert into notes_details values ('2011-2012', 'SEM-6', 'Huette Law', 'ECO-2', 11.32, 3.0, 'A', 3, 1);
insert into notes_details values ('2011-2012', 'SEM-6', 'Huette Law', 'LCI-2', 11.32, 1.0, 'A', 0, 1);
insert into notes_details values ('2011-2012', 'SEM-6', 'Huette Law', 'LCI-2', 11.32, 2.0, 'A', 3, 99);
insert into notes_details values ('2011-2012', 'SEM-6', 'Huette Law', 'MAT-2', 11.32, 2.0, 'A', 0, 1);
insert into notes_details values ('2011-2012', 'SEM-6', 'Huette Law', 'MAT-2', 11.32, 1.0, 'A', 2, 99);
insert into notes_details values ('2011-2012', 'SEM-6', 'Huette Law', 'MCO-2', 11.32, 1.33, 'A', 0, 1);
insert into notes_details values ('2011-2012', 'SEM-6', 'Huette Law', 'MCO-2', 11.32, 1.0, 'A', 2, 99);
insert into notes_details values ('2011-2012', 'SEM-6', 'Huette Law', 'MGP-2', 11.32, 2.33, 'A', 0, 1);
insert into notes_details values ('2011-2012', 'SEM-6', 'Huette Law', 'MGP-2', 11.32, 1.33, 'A', 4, 99);
insert into notes_details values ('2011-2012', 'SEM-6', 'Huette Law', 'PHS-2', 11.32, 3.0, 'A', 2, 1);
insert into notes_details values ('2011-2012', 'SEM-6', 'Huette Law', 'PJT-2', 11.32, 1.33, 'A', 0, 1);
insert into notes_details values ('2011-2012', 'SEM-6', 'Huette Law', 'PJT-2', 11.32, 4.0, 'A', 1, 2);
insert into notes_details values ('2011-2012', 'SEM-6', 'Huette Law', 'RMS-2', 11.32, 3.0, 'A', 4, 1);
insert into notes_details values ('2011-2012', 'SEM-6', 'Huette Law', 'STG-2', 11.32, 2.33, 'A', 0, 1);
insert into notes_details values ('2011-2012', 'SEM-6', 'Huette Law', 'STG-2', 11.32, 3.33, 'A', 2, 2);
insert into notes_details values ('2011-2012', 'SEM-6', 'Huette Law', 'THS-2', 11.32, 1.67, 'A', 0, 1);
insert into notes_details values ('2011-2012', 'SEM-6', 'Huette Law', 'THS-2', 11.32, 3.33, 'A', 3, 2);
insert into notes_details values ('2012-2013', 'SEM-7', 'Huette Law', 'ASL-3', 11.32, 2.0, 'A', 0, 1);
insert into notes_details values ('2012-2013', 'SEM-7', 'Huette Law', 'ASL-3', 11.32, 1.67, 'A', 0, 2);
insert into contentieux values ('2012-2013', 'SEM-7', 'Huette Law', 'ASL-3');
insert into notes_details values ('2012-2013', 'SEM-7', 'Huette Law', 'DPP-3', 11.32, 3.67, 'A', 2, 1);
insert into notes_details values ('2012-2013', 'SEM-7', 'Huette Law', 'EAO-31', 11.32, 2.33, 'A', 0, 1);
insert into notes_details values ('2012-2013', 'SEM-7', 'Huette Law', 'EAO-31', 11.32, 3.67, 'A', 2, 2);
insert into notes_details values ('2012-2013', 'SEM-7', 'Huette Law', 'EAO-32', 11.32, 2.33, 'A', 0, 1);
insert into notes_details values ('2012-2013', 'SEM-7', 'Huette Law', 'EAO-32', 11.32, 2.0, 'A', 0, 2);
insert into contentieux values ('2012-2013', 'SEM-7', 'Huette Law', 'EAO-32');
insert into notes_details values ('2012-2013', 'SEM-7', 'Huette Law', 'EAO-33', 11.32, 3.0, 'A', 2, 1);
insert into notes_details values ('2012-2013', 'SEM-7', 'Huette Law', 'EAO-34', 11.32, 1.33, 'A', 0, 1);
insert into notes_details values ('2012-2013', 'SEM-7', 'Huette Law', 'EAO-34', 11.32, 3.67, 'A', 2, 2);
insert into notes_details values ('2012-2013', 'SEM-7', 'Huette Law', 'EAO-35', 11.32, 3.67, 'A', 2, 1);
insert into notes_details values ('2012-2013', 'SEM-7', 'Huette Law', 'LCI-3', 11.32, 2.33, 'A', 0, 1);
insert into notes_details values ('2012-2013', 'SEM-7', 'Huette Law', 'LCI-3', 11.32, 3.67, 'A', 3, 2);
insert into notes_details values ('2012-2013', 'SEM-7', 'Huette Law', 'MAT-3', 11.32, 1.33, 'A', 0, 1);
insert into notes_details values ('2012-2013', 'SEM-7', 'Huette Law', 'MAT-3', 11.32, 1.67, 'A', 0, 2);
insert into contentieux values ('2012-2013', 'SEM-7', 'Huette Law', 'MAT-3');
insert into notes_details values ('2012-2013', 'SEM-7', 'Huette Law', 'MNG-3', 11.32, 2.0, 'A', 0, 1);
insert into notes_details values ('2012-2013', 'SEM-7', 'Huette Law', 'MNG-3', 11.32, 2.0, 'A', 0, 2);
insert into contentieux values ('2012-2013', 'SEM-7', 'Huette Law', 'MNG-3');
insert into notes_details values ('2012-2013', 'SEM-7', 'Huette Law', 'PJT-3', 11.32, 1.33, 'A', 0, 1);
insert into notes_details values ('2012-2013', 'SEM-7', 'Huette Law', 'PJT-3', 11.32, 2.33, 'A', 0, 2);
insert into contentieux values ('2012-2013', 'SEM-7', 'Huette Law', 'PJT-3');
insert into notes_details values ('2012-2013', 'SEM-7', 'Huette Law', 'STD-3', 11.32, 3.0, 'A', 2, 1);
insert into gpa values ('2011-2012', 'SEM-5', 'Huette Law', 2.84);
insert into gpa values ('2011-2012', 'SEM-6', 'Huette Law', 2.77);
insert into gpa values ('2012-2013', 'SEM-7', 'Huette Law', 3.25);
insert into eleves values ('Theo Ribery', 1, 'S', 'Tres bien', 'MP', null, 'tribery');
insert into notes_details values ('2011-2012', 'SEM-5', 'Theo Ribery', 'ALG-1', 11.32, 1.0, 'A', 0, 1);
insert into notes_details values ('2011-2012', 'SEM-5', 'Theo Ribery', 'ALG-1', 11.32, 2.67, 'A', 3, 2);
insert into notes_details values ('2011-2012', 'SEM-5', 'Theo Ribery', 'DPP-1', 11.32, 2.33, 'A', 0, 1);
insert into notes_details values ('2011-2012', 'SEM-5', 'Theo Ribery', 'DPP-1', 11.32, 3.67, 'A', 2, 2);
insert into notes_details values ('2011-2012', 'SEM-5', 'Theo Ribery', 'ELE-1', 11.32, 2.67, 'A', 3, 1);
insert into notes_details values ('2011-2012', 'SEM-5', 'Theo Ribery', 'INP-1', 11.32, 2.67, 'A', 3, 1);
insert into notes_details values ('2011-2012', 'SEM-5', 'Theo Ribery', 'LCI-1', 11.32, 2.67, 'A', 3, 1);
insert into notes_details values ('2011-2012', 'SEM-5', 'Theo Ribery', 'MAT-1', 11.32, 1.0, 'A', 0, 1);
insert into notes_details values ('2011-2012', 'SEM-5', 'Theo Ribery', 'MAT-1', 11.32, 1.0, 'A', 3, 99);
insert into notes_details values ('2011-2012', 'SEM-5', 'Theo Ribery', 'MGP-1', 11.32, 2.0, 'A', 0, 1);
insert into notes_details values ('2011-2012', 'SEM-5', 'Theo Ribery', 'MGP-1', 11.32, 3.33, 'A', 4, 2);
insert into notes_details values ('2011-2012', 'SEM-5', 'Theo Ribery', 'PHO-1', 11.32, 2.33, 'A', 0, 1);
insert into notes_details values ('2011-2012', 'SEM-5', 'Theo Ribery', 'PHO-1', 11.32, 3.67, 'A', 3, 2);
insert into notes_details values ('2011-2012', 'SEM-5', 'Theo Ribery', 'PHQ-1', 11.32, 1.0, 'A', 0, 1);
insert into notes_details values ('2011-2012', 'SEM-5', 'Theo Ribery', 'PHQ-1', 11.32, 3.0, 'A', 3, 2);
insert into notes_details values ('2011-2012', 'SEM-5', 'Theo Ribery', 'SPM-1', 11.32, 2.67, 'A', 3, 1);
insert into notes_details values ('2011-2012', 'SEM-6', 'Theo Ribery', 'DPP-2', 11.32, 2.67, 'A', 1, 1);
insert into notes_details values ('2011-2012', 'SEM-6', 'Theo Ribery', 'EAO-2', 11.32, 3.0, 'A', 3, 1);
insert into notes_details values ('2011-2012', 'SEM-6', 'Theo Ribery', 'ECO-2', 11.32, 3.33, 'A', 3, 1);
insert into notes_details values ('2011-2012', 'SEM-6', 'Theo Ribery', 'LCI-2', 11.32, 3.33, 'A', 3, 1);
insert into notes_details values ('2011-2012', 'SEM-6', 'Theo Ribery', 'MAT-2', 11.32, 4.0, 'A', 2, 1);
insert into notes_details values ('2011-2012', 'SEM-6', 'Theo Ribery', 'MCO-2', 11.32, 1.33, 'A', 0, 1);
insert into notes_details values ('2011-2012', 'SEM-6', 'Theo Ribery', 'MCO-2', 11.32, 3.33, 'A', 2, 2);
insert into notes_details values ('2011-2012', 'SEM-6', 'Theo Ribery', 'MGP-2', 11.32, 2.33, 'A', 0, 1);
insert into notes_details values ('2011-2012', 'SEM-6', 'Theo Ribery', 'MGP-2', 11.32, 3.67, 'A', 4, 2);
insert into notes_details values ('2011-2012', 'SEM-6', 'Theo Ribery', 'PHS-2', 11.32, 4.0, 'A', 2, 1);
insert into notes_details values ('2011-2012', 'SEM-6', 'Theo Ribery', 'PJT-2', 11.32, 4.0, 'A', 1, 1);
insert into notes_details values ('2011-2012', 'SEM-6', 'Theo Ribery', 'RMS-2', 11.32, 1.0, 'A', 0, 1);
insert into notes_details values ('2011-2012', 'SEM-6', 'Theo Ribery', 'RMS-2', 11.32, 3.0, 'A', 4, 2);
insert into notes_details values ('2011-2012', 'SEM-6', 'Theo Ribery', 'STG-2', 11.32, 1.67, 'A', 0, 1);
insert into notes_details values ('2011-2012', 'SEM-6', 'Theo Ribery', 'STG-2', 11.32, 3.0, 'A', 2, 2);
insert into notes_details values ('2011-2012', 'SEM-6', 'Theo Ribery', 'THS-2', 11.32, 2.67, 'A', 3, 1);
insert into notes_details values ('2012-2013', 'SEM-7', 'Theo Ribery', 'ASL-3', 11.32, 2.67, 'A', 2, 1);
insert into notes_details values ('2012-2013', 'SEM-7', 'Theo Ribery', 'DPP-3', 11.32, 1.33, 'A', 0, 1);
insert into notes_details values ('2012-2013', 'SEM-7', 'Theo Ribery', 'DPP-3', 11.32, 1.0, 'A', 0, 2);
insert into contentieux values ('2012-2013', 'SEM-7', 'Theo Ribery', 'DPP-3');
insert into notes_details values ('2012-2013', 'SEM-7', 'Theo Ribery', 'EAO-31', 11.32, 2.67, 'A', 2, 1);
insert into notes_details values ('2012-2013', 'SEM-7', 'Theo Ribery', 'EAO-32', 11.32, 3.0, 'A', 2, 1);
insert into notes_details values ('2012-2013', 'SEM-7', 'Theo Ribery', 'EAO-33', 11.32, 3.0, 'A', 2, 1);
insert into notes_details values ('2012-2013', 'SEM-7', 'Theo Ribery', 'EAO-34', 11.32, 1.33, 'A', 0, 1);
insert into notes_details values ('2012-2013', 'SEM-7', 'Theo Ribery', 'EAO-34', 11.32, 3.33, 'A', 2, 2);
insert into notes_details values ('2012-2013', 'SEM-7', 'Theo Ribery', 'EAO-35', 11.32, 1.67, 'A', 0, 1);
insert into notes_details values ('2012-2013', 'SEM-7', 'Theo Ribery', 'EAO-35', 11.32, 2.0, 'A', 2, 99);
insert into notes_details values ('2012-2013', 'SEM-7', 'Theo Ribery', 'LCI-3', 11.32, 1.0, 'A', 0, 1);
insert into notes_details values ('2012-2013', 'SEM-7', 'Theo Ribery', 'LCI-3', 11.32, 1.0, 'A', 3, 99);
insert into notes_details values ('2012-2013', 'SEM-7', 'Theo Ribery', 'MAT-3', 11.32, 1.67, 'A', 0, 1);
insert into notes_details values ('2012-2013', 'SEM-7', 'Theo Ribery', 'MAT-3', 11.32, 4.0, 'A', 3, 2);
insert into notes_details values ('2012-2013', 'SEM-7', 'Theo Ribery', 'MNG-3', 11.32, 3.0, 'A', 3, 1);
insert into notes_details values ('2012-2013', 'SEM-7', 'Theo Ribery', 'PJT-3', 11.32, 4.0, 'A', 5, 1);
insert into notes_details values ('2012-2013', 'SEM-7', 'Theo Ribery', 'STD-3', 11.32, 1.67, 'A', 0, 1);
insert into notes_details values ('2012-2013', 'SEM-7', 'Theo Ribery', 'STD-3', 11.32, 3.67, 'A', 2, 2);
insert into gpa values ('2011-2012', 'SEM-5', 'Theo Ribery', 3.19);
insert into gpa values ('2011-2012', 'SEM-6', 'Theo Ribery', 3.27);
insert into gpa values ('2012-2013', 'SEM-7', 'Theo Ribery', 2.12);
insert into eleves values ('Pascalle Germain', 1, 'S', 'Tres bien', 'MP', null, 'pgermain');
insert into notes_details values ('2010-2011', 'SEM-5', 'Pascalle Germain', 'ALG-1', 11.32, 4.0, 'A', 3, 1);
insert into notes_details values ('2010-2011', 'SEM-5', 'Pascalle Germain', 'DPP-1', 11.32, 1.0, 'A', 0, 1);
insert into notes_details values ('2010-2011', 'SEM-5', 'Pascalle Germain', 'DPP-1', 11.32, 3.0, 'A', 2, 2);
insert into notes_details values ('2010-2011', 'SEM-5', 'Pascalle Germain', 'ELE-1', 11.32, 2.33, 'A', 0, 1);
insert into notes_details values ('2010-2011', 'SEM-5', 'Pascalle Germain', 'ELE-1', 11.32, 4.0, 'A', 3, 2);
insert into notes_details values ('2010-2011', 'SEM-5', 'Pascalle Germain', 'INP-1', 11.32, 3.33, 'A', 3, 1);
insert into notes_details values ('2010-2011', 'SEM-5', 'Pascalle Germain', 'LCI-1', 11.32, 3.33, 'A', 3, 1);
insert into notes_details values ('2010-2011', 'SEM-5', 'Pascalle Germain', 'MAT-1', 11.32, 1.33, 'A', 0, 1);
insert into notes_details values ('2010-2011', 'SEM-5', 'Pascalle Germain', 'MAT-1', 11.32, 3.33, 'A', 3, 2);
insert into notes_details values ('2010-2011', 'SEM-5', 'Pascalle Germain', 'MGP-1', 11.32, 3.33, 'A', 4, 1);
insert into notes_details values ('2010-2011', 'SEM-5', 'Pascalle Germain', 'PHO-1', 11.32, 3.33, 'A', 3, 1);
insert into notes_details values ('2010-2011', 'SEM-5', 'Pascalle Germain', 'PHQ-1', 11.32, 1.67, 'A', 0, 1);
insert into notes_details values ('2010-2011', 'SEM-5', 'Pascalle Germain', 'PHQ-1', 11.32, 1.33, 'A', 3, 99);
insert into notes_details values ('2010-2011', 'SEM-5', 'Pascalle Germain', 'SPM-1', 11.32, 3.0, 'A', 3, 1);
insert into notes_details values ('2010-2011', 'SEM-6', 'Pascalle Germain', 'DPP-2', 11.32, 1.33, 'A', 0, 1);
insert into notes_details values ('2010-2011', 'SEM-6', 'Pascalle Germain', 'DPP-2', 11.32, 3.67, 'A', 1, 2);
insert into notes_details values ('2010-2011', 'SEM-6', 'Pascalle Germain', 'EAO-2', 11.32, 1.0, 'A', 0, 1);
insert into notes_details values ('2010-2011', 'SEM-6', 'Pascalle Germain', 'EAO-2', 11.32, 3.67, 'A', 3, 2);
insert into notes_details values ('2010-2011', 'SEM-6', 'Pascalle Germain', 'ECO-2', 11.32, 1.33, 'A', 0, 1);
insert into notes_details values ('2010-2011', 'SEM-6', 'Pascalle Germain', 'ECO-2', 11.32, 1.0, 'A', 3, 99);
insert into notes_details values ('2010-2011', 'SEM-6', 'Pascalle Germain', 'LCI-2', 11.32, 2.67, 'A', 3, 1);
insert into notes_details values ('2010-2011', 'SEM-6', 'Pascalle Germain', 'MAT-2', 11.32, 1.33, 'A', 0, 1);
insert into notes_details values ('2010-2011', 'SEM-6', 'Pascalle Germain', 'MAT-2', 11.32, 3.0, 'A', 2, 2);
insert into notes_details values ('2010-2011', 'SEM-6', 'Pascalle Germain', 'MCO-2', 11.32, 3.67, 'A', 2, 1);
insert into notes_details values ('2010-2011', 'SEM-6', 'Pascalle Germain', 'MGP-2', 11.32, 2.33, 'A', 0, 1);
insert into notes_details values ('2010-2011', 'SEM-6', 'Pascalle Germain', 'MGP-2', 11.32, 1.0, 'A', 4, 99);
insert into notes_details values ('2010-2011', 'SEM-6', 'Pascalle Germain', 'PHS-2', 11.32, 2.0, 'A', 0, 1);
insert into notes_details values ('2010-2011', 'SEM-6', 'Pascalle Germain', 'PHS-2', 11.32, 1.67, 'A', 2, 99);
insert into notes_details values ('2010-2011', 'SEM-6', 'Pascalle Germain', 'PJT-2', 11.32, 2.0, 'A', 0, 1);
insert into notes_details values ('2010-2011', 'SEM-6', 'Pascalle Germain', 'PJT-2', 11.32, 2.0, 'A', 1, 99);
insert into notes_details values ('2010-2011', 'SEM-6', 'Pascalle Germain', 'RMS-2', 11.32, 3.0, 'A', 4, 1);
insert into notes_details values ('2010-2011', 'SEM-6', 'Pascalle Germain', 'STG-2', 11.32, 3.67, 'A', 2, 1);
insert into notes_details values ('2010-2011', 'SEM-6', 'Pascalle Germain', 'THS-2', 11.32, 1.0, 'A', 0, 1);
insert into notes_details values ('2010-2011', 'SEM-6', 'Pascalle Germain', 'THS-2', 11.32, 3.0, 'A', 3, 2);
insert into notes_details values ('2011-2012', 'SEM-7', 'Pascalle Germain', 'ASL-3', 11.32, 3.0, 'A', 2, 1);
insert into notes_details values ('2011-2012', 'SEM-7', 'Pascalle Germain', 'DPP-3', 11.32, 1.67, 'A', 0, 1);
insert into notes_details values ('2011-2012', 'SEM-7', 'Pascalle Germain', 'DPP-3', 11.32, 3.67, 'A', 2, 2);
insert into notes_details values ('2011-2012', 'SEM-7', 'Pascalle Germain', 'EAO-31', 11.32, 1.67, 'A', 0, 1);
insert into notes_details values ('2011-2012', 'SEM-7', 'Pascalle Germain', 'EAO-31', 11.32, 3.33, 'A', 2, 2);
insert into notes_details values ('2011-2012', 'SEM-7', 'Pascalle Germain', 'EAO-32', 11.32, 1.0, 'A', 0, 1);
insert into notes_details values ('2011-2012', 'SEM-7', 'Pascalle Germain', 'EAO-32', 11.32, 2.0, 'A', 0, 2);
insert into contentieux values ('2011-2012', 'SEM-7', 'Pascalle Germain', 'EAO-32');
insert into notes_details values ('2011-2012', 'SEM-7', 'Pascalle Germain', 'EAO-33', 11.32, 3.67, 'A', 2, 1);
insert into notes_details values ('2011-2012', 'SEM-7', 'Pascalle Germain', 'EAO-34', 11.32, 4.0, 'A', 2, 1);
insert into notes_details values ('2011-2012', 'SEM-7', 'Pascalle Germain', 'EAO-35', 11.32, 2.0, 'A', 0, 1);
insert into notes_details values ('2011-2012', 'SEM-7', 'Pascalle Germain', 'EAO-35', 11.32, 1.33, 'A', 2, 99);
insert into notes_details values ('2011-2012', 'SEM-7', 'Pascalle Germain', 'LCI-3', 11.32, 1.0, 'A', 0, 1);
insert into notes_details values ('2011-2012', 'SEM-7', 'Pascalle Germain', 'LCI-3', 11.32, 1.33, 'A', 0, 2);
insert into contentieux values ('2011-2012', 'SEM-7', 'Pascalle Germain', 'LCI-3');
insert into notes_details values ('2011-2012', 'SEM-7', 'Pascalle Germain', 'MAT-3', 11.32, 3.0, 'A', 3, 1);
insert into notes_details values ('2011-2012', 'SEM-7', 'Pascalle Germain', 'MNG-3', 11.32, 1.33, 'A', 0, 1);
insert into notes_details values ('2011-2012', 'SEM-7', 'Pascalle Germain', 'MNG-3', 11.32, 3.0, 'A', 3, 2);
insert into notes_details values ('2011-2012', 'SEM-7', 'Pascalle Germain', 'PJT-3', 11.32, 2.67, 'A', 5, 1);
insert into notes_details values ('2011-2012', 'SEM-7', 'Pascalle Germain', 'STD-3', 11.32, 1.33, 'A', 0, 1);
insert into notes_details values ('2011-2012', 'SEM-7', 'Pascalle Germain', 'STD-3', 11.32, 3.67, 'A', 2, 2);
insert into gpa values ('2010-2011', 'SEM-5', 'Pascalle Germain', 3.67);
insert into gpa values ('2010-2011', 'SEM-6', 'Pascalle Germain', 2.47);
insert into gpa values ('2011-2012', 'SEM-7', 'Pascalle Germain', 3.21);
insert into eleves values ('Oceane Chouinard', 1, 'S', 'Tres bien', 'Credits', null, 'ochouinard');
insert into notes_details values ('2011-2012', 'SEM-5', 'Oceane Chouinard', 'ALG-1', 11.32, 2.67, 'A', 3, 1);
insert into notes_details values ('2011-2012', 'SEM-5', 'Oceane Chouinard', 'DPP-1', 11.32, 1.0, 'A', 0, 1);
insert into notes_details values ('2011-2012', 'SEM-5', 'Oceane Chouinard', 'DPP-1', 11.32, 2.67, 'A', 2, 2);
insert into notes_details values ('2011-2012', 'SEM-5', 'Oceane Chouinard', 'ELE-1', 11.32, 1.33, 'A', 0, 1);
insert into notes_details values ('2011-2012', 'SEM-5', 'Oceane Chouinard', 'ELE-1', 11.32, 3.33, 'A', 3, 2);
insert into notes_details values ('2011-2012', 'SEM-5', 'Oceane Chouinard', 'INP-1', 11.32, 4.0, 'A', 3, 1);
insert into notes_details values ('2011-2012', 'SEM-5', 'Oceane Chouinard', 'LCI-1', 11.32, 1.33, 'A', 0, 1);
insert into notes_details values ('2011-2012', 'SEM-5', 'Oceane Chouinard', 'LCI-1', 11.32, 1.33, 'A', 3, 99);
insert into notes_details values ('2011-2012', 'SEM-5', 'Oceane Chouinard', 'MAT-1', 11.32, 2.33, 'A', 0, 1);
insert into notes_details values ('2011-2012', 'SEM-5', 'Oceane Chouinard', 'MAT-1', 11.32, 1.0, 'A', 3, 99);
insert into notes_details values ('2011-2012', 'SEM-5', 'Oceane Chouinard', 'MGP-1', 11.32, 4.0, 'A', 4, 1);
insert into notes_details values ('2011-2012', 'SEM-5', 'Oceane Chouinard', 'PHO-1', 11.32, 3.67, 'A', 3, 1);
insert into notes_details values ('2011-2012', 'SEM-5', 'Oceane Chouinard', 'PHQ-1', 11.32, 4.0, 'A', 3, 1);
insert into notes_details values ('2011-2012', 'SEM-5', 'Oceane Chouinard', 'SPM-1', 11.32, 1.67, 'A', 0, 1);
insert into notes_details values ('2011-2012', 'SEM-5', 'Oceane Chouinard', 'SPM-1', 11.32, 4.0, 'A', 3, 2);
insert into notes_details values ('2011-2012', 'SEM-6', 'Oceane Chouinard', 'DPP-2', 11.32, 2.33, 'A', 0, 1);
insert into notes_details values ('2011-2012', 'SEM-6', 'Oceane Chouinard', 'DPP-2', 11.32, 3.33, 'A', 1, 2);
insert into notes_details values ('2011-2012', 'SEM-6', 'Oceane Chouinard', 'EAO-2', 11.32, 3.67, 'A', 3, 1);
insert into notes_details values ('2011-2012', 'SEM-6', 'Oceane Chouinard', 'ECO-2', 11.32, 2.33, 'A', 0, 1);
insert into notes_details values ('2011-2012', 'SEM-6', 'Oceane Chouinard', 'ECO-2', 11.32, 4.0, 'A', 3, 2);
insert into notes_details values ('2011-2012', 'SEM-6', 'Oceane Chouinard', 'LCI-2', 11.32, 1.67, 'A', 0, 1);
insert into notes_details values ('2011-2012', 'SEM-6', 'Oceane Chouinard', 'LCI-2', 11.32, 1.33, 'A', 3, 99);
insert into notes_details values ('2011-2012', 'SEM-6', 'Oceane Chouinard', 'MAT-2', 11.32, 1.0, 'A', 0, 1);
insert into notes_details values ('2011-2012', 'SEM-6', 'Oceane Chouinard', 'MAT-2', 11.32, 2.67, 'A', 2, 2);
insert into notes_details values ('2011-2012', 'SEM-6', 'Oceane Chouinard', 'MCO-2', 11.32, 2.0, 'A', 0, 1);
insert into notes_details values ('2011-2012', 'SEM-6', 'Oceane Chouinard', 'MCO-2', 11.32, 2.67, 'A', 2, 2);
insert into notes_details values ('2011-2012', 'SEM-6', 'Oceane Chouinard', 'MGP-2', 11.32, 2.33, 'A', 0, 1);
insert into notes_details values ('2011-2012', 'SEM-6', 'Oceane Chouinard', 'MGP-2', 11.32, 3.67, 'A', 4, 2);
insert into notes_details values ('2011-2012', 'SEM-6', 'Oceane Chouinard', 'PHS-2', 11.32, 3.67, 'A', 2, 1);
insert into notes_details values ('2011-2012', 'SEM-6', 'Oceane Chouinard', 'PJT-2', 11.32, 4.0, 'A', 1, 1);
insert into notes_details values ('2011-2012', 'SEM-6', 'Oceane Chouinard', 'RMS-2', 11.32, 3.67, 'A', 4, 1);
insert into notes_details values ('2011-2012', 'SEM-6', 'Oceane Chouinard', 'STG-2', 11.32, 4.0, 'A', 2, 1);
insert into notes_details values ('2011-2012', 'SEM-6', 'Oceane Chouinard', 'THS-2', 11.32, 2.33, 'A', 0, 1);
insert into notes_details values ('2011-2012', 'SEM-6', 'Oceane Chouinard', 'THS-2', 11.32, 3.0, 'A', 3, 2);
insert into notes_details values ('2012-2013', 'SEM-7', 'Oceane Chouinard', 'ASL-3', 11.32, 1.0, 'A', 0, 1);
insert into notes_details values ('2012-2013', 'SEM-7', 'Oceane Chouinard', 'ASL-3', 11.32, 1.33, 'A', 0, 2);
insert into contentieux values ('2012-2013', 'SEM-7', 'Oceane Chouinard', 'ASL-3');
insert into notes_details values ('2012-2013', 'SEM-7', 'Oceane Chouinard', 'DPP-3', 11.32, 3.0, 'A', 2, 1);
insert into notes_details values ('2012-2013', 'SEM-7', 'Oceane Chouinard', 'EAO-31', 11.32, 2.0, 'A', 0, 1);
insert into notes_details values ('2012-2013', 'SEM-7', 'Oceane Chouinard', 'EAO-31', 11.32, 1.67, 'A', 2, 99);
insert into notes_details values ('2012-2013', 'SEM-7', 'Oceane Chouinard', 'EAO-32', 11.32, 1.67, 'A', 0, 1);
insert into notes_details values ('2012-2013', 'SEM-7', 'Oceane Chouinard', 'EAO-32', 11.32, 3.33, 'A', 2, 2);
insert into notes_details values ('2012-2013', 'SEM-7', 'Oceane Chouinard', 'EAO-33', 11.32, 1.0, 'A', 0, 1);
insert into notes_details values ('2012-2013', 'SEM-7', 'Oceane Chouinard', 'EAO-33', 11.32, 1.0, 'A', 0, 2);
insert into contentieux values ('2012-2013', 'SEM-7', 'Oceane Chouinard', 'EAO-33');
insert into notes_details values ('2012-2013', 'SEM-7', 'Oceane Chouinard', 'EAO-34', 11.32, 1.33, 'A', 0, 1);
insert into notes_details values ('2012-2013', 'SEM-7', 'Oceane Chouinard', 'EAO-34', 11.32, 2.67, 'A', 2, 2);
insert into notes_details values ('2012-2013', 'SEM-7', 'Oceane Chouinard', 'EAO-35', 11.32, 3.0, 'A', 2, 1);
insert into notes_details values ('2012-2013', 'SEM-7', 'Oceane Chouinard', 'LCI-3', 11.32, 2.0, 'A', 0, 1);
insert into notes_details values ('2012-2013', 'SEM-7', 'Oceane Chouinard', 'LCI-3', 11.32, 1.67, 'A', 0, 2);
insert into contentieux values ('2012-2013', 'SEM-7', 'Oceane Chouinard', 'LCI-3');
insert into notes_details values ('2012-2013', 'SEM-7', 'Oceane Chouinard', 'MAT-3', 11.32, 3.0, 'A', 3, 1);
insert into notes_details values ('2012-2013', 'SEM-7', 'Oceane Chouinard', 'MNG-3', 11.32, 2.33, 'A', 0, 1);
insert into notes_details values ('2012-2013', 'SEM-7', 'Oceane Chouinard', 'MNG-3', 11.32, 1.33, 'A', 0, 2);
insert into contentieux values ('2012-2013', 'SEM-7', 'Oceane Chouinard', 'MNG-3');
insert into notes_details values ('2012-2013', 'SEM-7', 'Oceane Chouinard', 'PJT-3', 11.32, 2.67, 'A', 5, 1);
insert into notes_details values ('2012-2013', 'SEM-7', 'Oceane Chouinard', 'STD-3', 11.32, 2.0, 'A', 0, 1);
insert into notes_details values ('2012-2013', 'SEM-7', 'Oceane Chouinard', 'STD-3', 11.32, 3.67, 'A', 2, 2);
insert into gpa values ('2011-2012', 'SEM-5', 'Oceane Chouinard', 2.09);
insert into gpa values ('2011-2012', 'SEM-6', 'Oceane Chouinard', 2.34);
insert into gpa values ('2012-2013', 'SEM-7', 'Oceane Chouinard', 3.02);
insert into eleves values ('Benoit Schneider', 1, 'S', 'Tres bien', 'MP', null, 'bschneider');
insert into notes_details values ('2010-2011', 'SEM-5', 'Benoit Schneider', 'ALG-1', 11.32, 1.33, 'A', 0, 1);
insert into notes_details values ('2010-2011', 'SEM-5', 'Benoit Schneider', 'ALG-1', 11.32, 2.67, 'A', 3, 2);
insert into notes_details values ('2010-2011', 'SEM-5', 'Benoit Schneider', 'DPP-1', 11.32, 2.33, 'A', 0, 1);
insert into notes_details values ('2010-2011', 'SEM-5', 'Benoit Schneider', 'DPP-1', 11.32, 3.33, 'A', 2, 2);
insert into notes_details values ('2010-2011', 'SEM-5', 'Benoit Schneider', 'ELE-1', 11.32, 3.33, 'A', 3, 1);
insert into notes_details values ('2010-2011', 'SEM-5', 'Benoit Schneider', 'INP-1', 11.32, 2.0, 'A', 0, 1);
insert into notes_details values ('2010-2011', 'SEM-5', 'Benoit Schneider', 'INP-1', 11.32, 3.33, 'A', 3, 2);
insert into notes_details values ('2010-2011', 'SEM-5', 'Benoit Schneider', 'LCI-1', 11.32, 4.0, 'A', 3, 1);
insert into notes_details values ('2010-2011', 'SEM-5', 'Benoit Schneider', 'MAT-1', 11.32, 4.0, 'A', 3, 1);
insert into notes_details values ('2010-2011', 'SEM-5', 'Benoit Schneider', 'MGP-1', 11.32, 2.33, 'A', 0, 1);
insert into notes_details values ('2010-2011', 'SEM-5', 'Benoit Schneider', 'MGP-1', 11.32, 3.33, 'A', 4, 2);
insert into notes_details values ('2010-2011', 'SEM-5', 'Benoit Schneider', 'PHO-1', 11.32, 3.0, 'A', 3, 1);
insert into notes_details values ('2010-2011', 'SEM-5', 'Benoit Schneider', 'PHQ-1', 11.32, 1.33, 'A', 0, 1);
insert into notes_details values ('2010-2011', 'SEM-5', 'Benoit Schneider', 'PHQ-1', 11.32, 3.0, 'A', 3, 2);
insert into notes_details values ('2010-2011', 'SEM-5', 'Benoit Schneider', 'SPM-1', 11.32, 3.67, 'A', 3, 1);
insert into notes_details values ('2010-2011', 'SEM-6', 'Benoit Schneider', 'DPP-2', 11.32, 1.33, 'A', 0, 1);
insert into notes_details values ('2010-2011', 'SEM-6', 'Benoit Schneider', 'DPP-2', 11.32, 3.33, 'A', 1, 2);
insert into notes_details values ('2010-2011', 'SEM-6', 'Benoit Schneider', 'EAO-2', 11.32, 3.0, 'A', 3, 1);
insert into notes_details values ('2010-2011', 'SEM-6', 'Benoit Schneider', 'ECO-2', 11.32, 2.67, 'A', 3, 1);
insert into notes_details values ('2010-2011', 'SEM-6', 'Benoit Schneider', 'LCI-2', 11.32, 4.0, 'A', 3, 1);
insert into notes_details values ('2010-2011', 'SEM-6', 'Benoit Schneider', 'MAT-2', 11.32, 3.0, 'A', 2, 1);
insert into notes_details values ('2010-2011', 'SEM-6', 'Benoit Schneider', 'MCO-2', 11.32, 2.0, 'A', 0, 1);
insert into notes_details values ('2010-2011', 'SEM-6', 'Benoit Schneider', 'MCO-2', 11.32, 4.0, 'A', 2, 2);
insert into notes_details values ('2010-2011', 'SEM-6', 'Benoit Schneider', 'MGP-2', 11.32, 1.33, 'A', 0, 1);
insert into notes_details values ('2010-2011', 'SEM-6', 'Benoit Schneider', 'MGP-2', 11.32, 4.0, 'A', 4, 2);
insert into notes_details values ('2010-2011', 'SEM-6', 'Benoit Schneider', 'PHS-2', 11.32, 3.67, 'A', 2, 1);
insert into notes_details values ('2010-2011', 'SEM-6', 'Benoit Schneider', 'PJT-2', 11.32, 2.0, 'A', 0, 1);
insert into notes_details values ('2010-2011', 'SEM-6', 'Benoit Schneider', 'PJT-2', 11.32, 4.0, 'A', 1, 2);
insert into notes_details values ('2010-2011', 'SEM-6', 'Benoit Schneider', 'RMS-2', 11.32, 1.0, 'A', 0, 1);
insert into notes_details values ('2010-2011', 'SEM-6', 'Benoit Schneider', 'RMS-2', 11.32, 3.33, 'A', 4, 2);
insert into notes_details values ('2010-2011', 'SEM-6', 'Benoit Schneider', 'STG-2', 11.32, 1.0, 'A', 0, 1);
insert into notes_details values ('2010-2011', 'SEM-6', 'Benoit Schneider', 'STG-2', 11.32, 1.67, 'A', 2, 99);
insert into notes_details values ('2010-2011', 'SEM-6', 'Benoit Schneider', 'THS-2', 11.32, 2.67, 'A', 3, 1);
insert into notes_details values ('2011-2012', 'SEM-7', 'Benoit Schneider', 'ASL-3', 11.32, 4.0, 'A', 2, 1);
insert into notes_details values ('2011-2012', 'SEM-7', 'Benoit Schneider', 'DPP-3', 11.32, 1.67, 'A', 0, 1);
insert into notes_details values ('2011-2012', 'SEM-7', 'Benoit Schneider', 'DPP-3', 11.32, 1.33, 'A', 0, 2);
insert into contentieux values ('2011-2012', 'SEM-7', 'Benoit Schneider', 'DPP-3');
insert into notes_details values ('2011-2012', 'SEM-7', 'Benoit Schneider', 'EAO-31', 11.32, 3.0, 'A', 2, 1);
insert into notes_details values ('2011-2012', 'SEM-7', 'Benoit Schneider', 'EAO-32', 11.32, 1.0, 'A', 0, 1);
insert into notes_details values ('2011-2012', 'SEM-7', 'Benoit Schneider', 'EAO-32', 11.32, 4.0, 'A', 2, 2);
insert into notes_details values ('2011-2012', 'SEM-7', 'Benoit Schneider', 'EAO-33', 11.32, 3.0, 'A', 2, 1);
insert into notes_details values ('2011-2012', 'SEM-7', 'Benoit Schneider', 'EAO-34', 11.32, 1.33, 'A', 0, 1);
insert into notes_details values ('2011-2012', 'SEM-7', 'Benoit Schneider', 'EAO-34', 11.32, 1.33, 'A', 2, 99);
insert into notes_details values ('2011-2012', 'SEM-7', 'Benoit Schneider', 'EAO-35', 11.32, 3.67, 'A', 2, 1);
insert into notes_details values ('2011-2012', 'SEM-7', 'Benoit Schneider', 'LCI-3', 11.32, 2.33, 'A', 0, 1);
insert into notes_details values ('2011-2012', 'SEM-7', 'Benoit Schneider', 'LCI-3', 11.32, 1.0, 'A', 0, 2);
insert into contentieux values ('2011-2012', 'SEM-7', 'Benoit Schneider', 'LCI-3');
insert into notes_details values ('2011-2012', 'SEM-7', 'Benoit Schneider', 'MAT-3', 11.32, 2.33, 'A', 0, 1);
insert into notes_details values ('2011-2012', 'SEM-7', 'Benoit Schneider', 'MAT-3', 11.32, 1.0, 'A', 0, 2);
insert into contentieux values ('2011-2012', 'SEM-7', 'Benoit Schneider', 'MAT-3');
insert into notes_details values ('2011-2012', 'SEM-7', 'Benoit Schneider', 'MNG-3', 11.32, 1.33, 'A', 0, 1);
insert into notes_details values ('2011-2012', 'SEM-7', 'Benoit Schneider', 'MNG-3', 11.32, 3.33, 'A', 3, 2);
insert into notes_details values ('2011-2012', 'SEM-7', 'Benoit Schneider', 'PJT-3', 11.32, 1.0, 'A', 0, 1);
insert into notes_details values ('2011-2012', 'SEM-7', 'Benoit Schneider', 'PJT-3', 11.32, 3.67, 'A', 5, 2);
insert into notes_details values ('2011-2012', 'SEM-7', 'Benoit Schneider', 'STD-3', 11.32, 2.33, 'A', 0, 1);
insert into notes_details values ('2011-2012', 'SEM-7', 'Benoit Schneider', 'STD-3', 11.32, 2.67, 'A', 2, 2);
insert into gpa values ('2010-2011', 'SEM-5', 'Benoit Schneider', 3.91);
insert into gpa values ('2010-2011', 'SEM-6', 'Benoit Schneider', 2.31);
insert into gpa values ('2011-2012', 'SEM-7', 'Benoit Schneider', 2.81);
insert into eleves values ('Romain Noel', 1, 'S', 'Tres bien', 'MP', null, 'rnoel');
insert into notes_details values ('2011-2012', 'SEM-5', 'Romain Noel', 'ALG-1', 11.32, 2.0, 'A', 0, 1);
insert into notes_details values ('2011-2012', 'SEM-5', 'Romain Noel', 'ALG-1', 11.32, 2.33, 'A', 3, 99);
insert into notes_details values ('2011-2012', 'SEM-5', 'Romain Noel', 'DPP-1', 11.32, 1.33, 'A', 0, 1);
insert into notes_details values ('2011-2012', 'SEM-5', 'Romain Noel', 'DPP-1', 11.32, 3.0, 'A', 2, 2);
insert into notes_details values ('2011-2012', 'SEM-5', 'Romain Noel', 'ELE-1', 11.32, 4.0, 'A', 3, 1);
insert into notes_details values ('2011-2012', 'SEM-5', 'Romain Noel', 'INP-1', 11.32, 4.0, 'A', 3, 1);
insert into notes_details values ('2011-2012', 'SEM-5', 'Romain Noel', 'LCI-1', 11.32, 1.67, 'A', 0, 1);
insert into notes_details values ('2011-2012', 'SEM-5', 'Romain Noel', 'LCI-1', 11.32, 3.33, 'A', 3, 2);
insert into notes_details values ('2011-2012', 'SEM-5', 'Romain Noel', 'MAT-1', 11.32, 3.67, 'A', 3, 1);
insert into notes_details values ('2011-2012', 'SEM-5', 'Romain Noel', 'MGP-1', 11.32, 3.67, 'A', 4, 1);
insert into notes_details values ('2011-2012', 'SEM-5', 'Romain Noel', 'PHO-1', 11.32, 4.0, 'A', 3, 1);
insert into notes_details values ('2011-2012', 'SEM-5', 'Romain Noel', 'PHQ-1', 11.32, 4.0, 'A', 3, 1);
insert into notes_details values ('2011-2012', 'SEM-5', 'Romain Noel', 'SPM-1', 11.32, 1.0, 'A', 0, 1);
insert into notes_details values ('2011-2012', 'SEM-5', 'Romain Noel', 'SPM-1', 11.32, 2.33, 'A', 3, 99);
insert into notes_details values ('2011-2012', 'SEM-6', 'Romain Noel', 'DPP-2', 11.32, 2.67, 'A', 1, 1);
insert into notes_details values ('2011-2012', 'SEM-6', 'Romain Noel', 'EAO-2', 11.32, 2.33, 'A', 0, 1);
insert into notes_details values ('2011-2012', 'SEM-6', 'Romain Noel', 'EAO-2', 11.32, 2.0, 'A', 3, 99);
insert into notes_details values ('2011-2012', 'SEM-6', 'Romain Noel', 'ECO-2', 11.32, 3.0, 'A', 3, 1);
insert into notes_details values ('2011-2012', 'SEM-6', 'Romain Noel', 'LCI-2', 11.32, 1.67, 'A', 0, 1);
insert into notes_details values ('2011-2012', 'SEM-6', 'Romain Noel', 'LCI-2', 11.32, 3.33, 'A', 3, 2);
insert into notes_details values ('2011-2012', 'SEM-6', 'Romain Noel', 'MAT-2', 11.32, 1.67, 'A', 0, 1);
insert into notes_details values ('2011-2012', 'SEM-6', 'Romain Noel', 'MAT-2', 11.32, 3.0, 'A', 2, 2);
insert into notes_details values ('2011-2012', 'SEM-6', 'Romain Noel', 'MCO-2', 11.32, 2.33, 'A', 0, 1);
insert into notes_details values ('2011-2012', 'SEM-6', 'Romain Noel', 'MCO-2', 11.32, 4.0, 'A', 2, 2);
insert into notes_details values ('2011-2012', 'SEM-6', 'Romain Noel', 'MGP-2', 11.32, 3.33, 'A', 4, 1);
insert into notes_details values ('2011-2012', 'SEM-6', 'Romain Noel', 'PHS-2', 11.32, 4.0, 'A', 2, 1);
insert into notes_details values ('2011-2012', 'SEM-6', 'Romain Noel', 'PJT-2', 11.32, 3.0, 'A', 1, 1);
insert into notes_details values ('2011-2012', 'SEM-6', 'Romain Noel', 'RMS-2', 11.32, 2.67, 'A', 4, 1);
insert into notes_details values ('2011-2012', 'SEM-6', 'Romain Noel', 'STG-2', 11.32, 2.0, 'A', 0, 1);
insert into notes_details values ('2011-2012', 'SEM-6', 'Romain Noel', 'STG-2', 11.32, 2.67, 'A', 2, 2);
insert into notes_details values ('2011-2012', 'SEM-6', 'Romain Noel', 'THS-2', 11.32, 1.33, 'A', 0, 1);
insert into notes_details values ('2011-2012', 'SEM-6', 'Romain Noel', 'THS-2', 11.32, 3.0, 'A', 3, 2);
insert into notes_details values ('2012-2013', 'SEM-7', 'Romain Noel', 'ASL-3', 11.32, 2.33, 'A', 0, 1);
insert into notes_details values ('2012-2013', 'SEM-7', 'Romain Noel', 'ASL-3', 11.32, 1.67, 'A', 0, 2);
insert into contentieux values ('2012-2013', 'SEM-7', 'Romain Noel', 'ASL-3');
insert into notes_details values ('2012-2013', 'SEM-7', 'Romain Noel', 'DPP-3', 11.32, 1.0, 'A', 0, 1);
insert into notes_details values ('2012-2013', 'SEM-7', 'Romain Noel', 'DPP-3', 11.32, 3.0, 'A', 2, 2);
insert into notes_details values ('2012-2013', 'SEM-7', 'Romain Noel', 'EAO-31', 11.32, 2.33, 'A', 0, 1);
insert into notes_details values ('2012-2013', 'SEM-7', 'Romain Noel', 'EAO-31', 11.32, 4.0, 'A', 2, 2);
insert into notes_details values ('2012-2013', 'SEM-7', 'Romain Noel', 'EAO-32', 11.32, 2.0, 'A', 0, 1);
insert into notes_details values ('2012-2013', 'SEM-7', 'Romain Noel', 'EAO-32', 11.32, 1.67, 'A', 0, 2);
insert into contentieux values ('2012-2013', 'SEM-7', 'Romain Noel', 'EAO-32');
insert into notes_details values ('2012-2013', 'SEM-7', 'Romain Noel', 'EAO-33', 11.32, 1.67, 'A', 0, 1);
insert into notes_details values ('2012-2013', 'SEM-7', 'Romain Noel', 'EAO-33', 11.32, 1.67, 'A', 0, 2);
insert into contentieux values ('2012-2013', 'SEM-7', 'Romain Noel', 'EAO-33');
insert into notes_details values ('2012-2013', 'SEM-7', 'Romain Noel', 'EAO-34', 11.32, 1.33, 'A', 0, 1);
insert into notes_details values ('2012-2013', 'SEM-7', 'Romain Noel', 'EAO-34', 11.32, 3.0, 'A', 2, 2);
insert into notes_details values ('2012-2013', 'SEM-7', 'Romain Noel', 'EAO-35', 11.32, 1.67, 'A', 0, 1);
insert into notes_details values ('2012-2013', 'SEM-7', 'Romain Noel', 'EAO-35', 11.32, 2.67, 'A', 2, 2);
insert into notes_details values ('2012-2013', 'SEM-7', 'Romain Noel', 'LCI-3', 11.32, 2.33, 'A', 0, 1);
insert into notes_details values ('2012-2013', 'SEM-7', 'Romain Noel', 'LCI-3', 11.32, 2.67, 'A', 3, 2);
insert into notes_details values ('2012-2013', 'SEM-7', 'Romain Noel', 'MAT-3', 11.32, 1.33, 'A', 0, 1);
insert into notes_details values ('2012-2013', 'SEM-7', 'Romain Noel', 'MAT-3', 11.32, 1.33, 'A', 3, 99);
insert into notes_details values ('2012-2013', 'SEM-7', 'Romain Noel', 'MNG-3', 11.32, 3.67, 'A', 3, 1);
insert into notes_details values ('2012-2013', 'SEM-7', 'Romain Noel', 'PJT-3', 11.32, 2.0, 'A', 0, 1);
insert into notes_details values ('2012-2013', 'SEM-7', 'Romain Noel', 'PJT-3', 11.32, 1.0, 'A', 0, 2);
insert into contentieux values ('2012-2013', 'SEM-7', 'Romain Noel', 'PJT-3');
insert into notes_details values ('2012-2013', 'SEM-7', 'Romain Noel', 'STD-3', 11.32, 2.0, 'A', 0, 1);
insert into notes_details values ('2012-2013', 'SEM-7', 'Romain Noel', 'STD-3', 11.32, 3.0, 'A', 2, 2);
insert into gpa values ('2011-2012', 'SEM-5', 'Romain Noel', 3.18);
insert into gpa values ('2011-2012', 'SEM-6', 'Romain Noel', 2.64);
insert into gpa values ('2012-2013', 'SEM-7', 'Romain Noel', 2.11);
insert into eleves values ('Lisa Julien', 1, 'S', 'Tres bien', 'Etranger', null, 'ljulien');
insert into notes_details values ('2010-2011', 'SEM-5', 'Lisa Julien', 'ALG-1', 11.32, 1.0, 'A', 0, 1);
insert into notes_details values ('2010-2011', 'SEM-5', 'Lisa Julien', 'ALG-1', 11.32, 3.33, 'A', 3, 2);
insert into notes_details values ('2010-2011', 'SEM-5', 'Lisa Julien', 'DPP-1', 11.32, 3.33, 'A', 2, 1);
insert into notes_details values ('2010-2011', 'SEM-5', 'Lisa Julien', 'ELE-1', 11.32, 1.0, 'A', 0, 1);
insert into notes_details values ('2010-2011', 'SEM-5', 'Lisa Julien', 'ELE-1', 11.32, 3.67, 'A', 3, 2);
insert into notes_details values ('2010-2011', 'SEM-5', 'Lisa Julien', 'INP-1', 11.32, 4.0, 'A', 3, 1);
insert into notes_details values ('2010-2011', 'SEM-5', 'Lisa Julien', 'LCI-1', 11.32, 2.33, 'A', 0, 1);
insert into notes_details values ('2010-2011', 'SEM-5', 'Lisa Julien', 'LCI-1', 11.32, 3.0, 'A', 3, 2);
insert into notes_details values ('2010-2011', 'SEM-5', 'Lisa Julien', 'MAT-1', 11.32, 3.0, 'A', 3, 1);
insert into notes_details values ('2010-2011', 'SEM-5', 'Lisa Julien', 'MGP-1', 11.32, 1.33, 'A', 0, 1);
insert into notes_details values ('2010-2011', 'SEM-5', 'Lisa Julien', 'MGP-1', 11.32, 2.33, 'A', 4, 99);
insert into notes_details values ('2010-2011', 'SEM-5', 'Lisa Julien', 'PHO-1', 11.32, 1.67, 'A', 0, 1);
insert into notes_details values ('2010-2011', 'SEM-5', 'Lisa Julien', 'PHO-1', 11.32, 3.67, 'A', 3, 2);
insert into notes_details values ('2010-2011', 'SEM-5', 'Lisa Julien', 'PHQ-1', 11.32, 4.0, 'A', 3, 1);
insert into notes_details values ('2010-2011', 'SEM-5', 'Lisa Julien', 'SPM-1', 11.32, 3.33, 'A', 3, 1);
insert into notes_details values ('2010-2011', 'SEM-6', 'Lisa Julien', 'DPP-2', 11.32, 3.0, 'A', 1, 1);
insert into notes_details values ('2010-2011', 'SEM-6', 'Lisa Julien', 'EAO-2', 11.32, 1.33, 'A', 0, 1);
insert into notes_details values ('2010-2011', 'SEM-6', 'Lisa Julien', 'EAO-2', 11.32, 3.0, 'A', 3, 2);
insert into notes_details values ('2010-2011', 'SEM-6', 'Lisa Julien', 'ECO-2', 11.32, 1.33, 'A', 0, 1);
insert into notes_details values ('2010-2011', 'SEM-6', 'Lisa Julien', 'ECO-2', 11.32, 3.33, 'A', 3, 2);
insert into notes_details values ('2010-2011', 'SEM-6', 'Lisa Julien', 'LCI-2', 11.32, 1.0, 'A', 0, 1);
insert into notes_details values ('2010-2011', 'SEM-6', 'Lisa Julien', 'LCI-2', 11.32, 4.0, 'A', 3, 2);
insert into notes_details values ('2010-2011', 'SEM-6', 'Lisa Julien', 'MAT-2', 11.32, 2.0, 'A', 0, 1);
insert into notes_details values ('2010-2011', 'SEM-6', 'Lisa Julien', 'MAT-2', 11.32, 3.33, 'A', 2, 2);
insert into notes_details values ('2010-2011', 'SEM-6', 'Lisa Julien', 'MCO-2', 11.32, 1.67, 'A', 0, 1);
insert into notes_details values ('2010-2011', 'SEM-6', 'Lisa Julien', 'MCO-2', 11.32, 2.67, 'A', 2, 2);
insert into notes_details values ('2010-2011', 'SEM-6', 'Lisa Julien', 'MGP-2', 11.32, 3.33, 'A', 4, 1);
insert into notes_details values ('2010-2011', 'SEM-6', 'Lisa Julien', 'PHS-2', 11.32, 1.67, 'A', 0, 1);
insert into notes_details values ('2010-2011', 'SEM-6', 'Lisa Julien', 'PHS-2', 11.32, 4.0, 'A', 2, 2);
insert into notes_details values ('2010-2011', 'SEM-6', 'Lisa Julien', 'PJT-2', 11.32, 2.67, 'A', 1, 1);
insert into notes_details values ('2010-2011', 'SEM-6', 'Lisa Julien', 'RMS-2', 11.32, 2.67, 'A', 4, 1);
insert into notes_details values ('2010-2011', 'SEM-6', 'Lisa Julien', 'STG-2', 11.32, 1.0, 'A', 0, 1);
insert into notes_details values ('2010-2011', 'SEM-6', 'Lisa Julien', 'STG-2', 11.32, 3.67, 'A', 2, 2);
insert into notes_details values ('2010-2011', 'SEM-6', 'Lisa Julien', 'THS-2', 11.32, 1.0, 'A', 0, 1);
insert into notes_details values ('2010-2011', 'SEM-6', 'Lisa Julien', 'THS-2', 11.32, 2.33, 'A', 3, 99);
insert into notes_details values ('2011-2012', 'SEM-7', 'Lisa Julien', 'ASL-3', 11.32, 2.0, 'A', 0, 1);
insert into notes_details values ('2011-2012', 'SEM-7', 'Lisa Julien', 'ASL-3', 11.32, 1.33, 'A', 2, 99);
insert into notes_details values ('2011-2012', 'SEM-7', 'Lisa Julien', 'DPP-3', 11.32, 3.67, 'A', 2, 1);
insert into notes_details values ('2011-2012', 'SEM-7', 'Lisa Julien', 'EAO-31', 11.32, 4.0, 'A', 2, 1);
insert into notes_details values ('2011-2012', 'SEM-7', 'Lisa Julien', 'EAO-32', 11.32, 2.0, 'A', 0, 1);
insert into notes_details values ('2011-2012', 'SEM-7', 'Lisa Julien', 'EAO-32', 11.32, 4.0, 'A', 2, 2);
insert into notes_details values ('2011-2012', 'SEM-7', 'Lisa Julien', 'EAO-33', 11.32, 1.0, 'A', 0, 1);
insert into notes_details values ('2011-2012', 'SEM-7', 'Lisa Julien', 'EAO-33', 11.32, 2.33, 'A', 2, 99);
insert into notes_details values ('2011-2012', 'SEM-7', 'Lisa Julien', 'EAO-34', 11.32, 2.0, 'A', 0, 1);
insert into notes_details values ('2011-2012', 'SEM-7', 'Lisa Julien', 'EAO-34', 11.32, 1.67, 'A', 0, 2);
insert into contentieux values ('2011-2012', 'SEM-7', 'Lisa Julien', 'EAO-34');
insert into notes_details values ('2011-2012', 'SEM-7', 'Lisa Julien', 'EAO-35', 11.32, 1.0, 'A', 0, 1);
insert into notes_details values ('2011-2012', 'SEM-7', 'Lisa Julien', 'EAO-35', 11.32, 1.0, 'A', 0, 2);
insert into contentieux values ('2011-2012', 'SEM-7', 'Lisa Julien', 'EAO-35');
insert into notes_details values ('2011-2012', 'SEM-7', 'Lisa Julien', 'LCI-3', 11.32, 1.0, 'A', 0, 1);
insert into notes_details values ('2011-2012', 'SEM-7', 'Lisa Julien', 'LCI-3', 11.32, 3.0, 'A', 3, 2);
insert into notes_details values ('2011-2012', 'SEM-7', 'Lisa Julien', 'MAT-3', 11.32, 2.0, 'A', 0, 1);
insert into notes_details values ('2011-2012', 'SEM-7', 'Lisa Julien', 'MAT-3', 11.32, 1.0, 'A', 0, 2);
insert into contentieux values ('2011-2012', 'SEM-7', 'Lisa Julien', 'MAT-3');
insert into notes_details values ('2011-2012', 'SEM-7', 'Lisa Julien', 'MNG-3', 11.32, 1.67, 'A', 0, 1);
insert into notes_details values ('2011-2012', 'SEM-7', 'Lisa Julien', 'MNG-3', 11.32, 3.33, 'A', 3, 2);
insert into notes_details values ('2011-2012', 'SEM-7', 'Lisa Julien', 'PJT-3', 11.32, 2.33, 'A', 0, 1);
insert into notes_details values ('2011-2012', 'SEM-7', 'Lisa Julien', 'PJT-3', 11.32, 4.0, 'A', 5, 2);
insert into notes_details values ('2011-2012', 'SEM-7', 'Lisa Julien', 'STD-3', 11.32, 3.0, 'A', 2, 1);
insert into gpa values ('2010-2011', 'SEM-5', 'Lisa Julien', 2.57);
insert into gpa values ('2010-2011', 'SEM-6', 'Lisa Julien', 2.09);
insert into gpa values ('2011-2012', 'SEM-7', 'Lisa Julien', 3.02);
insert into eleves values ('Luis Faure', 1, 'S', 'Tres bien', 'MP', null, 'lfaure');
insert into notes_details values ('2011-2012', 'SEM-5', 'Luis Faure', 'ALG-1', 11.32, 2.0, 'A', 0, 1);
insert into notes_details values ('2011-2012', 'SEM-5', 'Luis Faure', 'ALG-1', 11.32, 3.33, 'A', 3, 2);
insert into notes_details values ('2011-2012', 'SEM-5', 'Luis Faure', 'DPP-1', 11.32, 2.0, 'A', 0, 1);
insert into notes_details values ('2011-2012', 'SEM-5', 'Luis Faure', 'DPP-1', 11.32, 2.67, 'A', 2, 2);
insert into notes_details values ('2011-2012', 'SEM-5', 'Luis Faure', 'ELE-1', 11.32, 1.67, 'A', 0, 1);
insert into notes_details values ('2011-2012', 'SEM-5', 'Luis Faure', 'ELE-1', 11.32, 2.67, 'A', 3, 2);
insert into notes_details values ('2011-2012', 'SEM-5', 'Luis Faure', 'INP-1', 11.32, 2.0, 'A', 0, 1);
insert into notes_details values ('2011-2012', 'SEM-5', 'Luis Faure', 'INP-1', 11.32, 2.67, 'A', 3, 2);
insert into notes_details values ('2011-2012', 'SEM-5', 'Luis Faure', 'LCI-1', 11.32, 1.67, 'A', 0, 1);
insert into notes_details values ('2011-2012', 'SEM-5', 'Luis Faure', 'LCI-1', 11.32, 4.0, 'A', 3, 2);
insert into notes_details values ('2011-2012', 'SEM-5', 'Luis Faure', 'MAT-1', 11.32, 3.33, 'A', 3, 1);
insert into notes_details values ('2011-2012', 'SEM-5', 'Luis Faure', 'MGP-1', 11.32, 3.33, 'A', 4, 1);
insert into notes_details values ('2011-2012', 'SEM-5', 'Luis Faure', 'PHO-1', 11.32, 1.0, 'A', 0, 1);
insert into notes_details values ('2011-2012', 'SEM-5', 'Luis Faure', 'PHO-1', 11.32, 3.0, 'A', 3, 2);
insert into notes_details values ('2011-2012', 'SEM-5', 'Luis Faure', 'PHQ-1', 11.32, 2.33, 'A', 0, 1);
insert into notes_details values ('2011-2012', 'SEM-5', 'Luis Faure', 'PHQ-1', 11.32, 2.0, 'A', 3, 99);
insert into notes_details values ('2011-2012', 'SEM-5', 'Luis Faure', 'SPM-1', 11.32, 3.67, 'A', 3, 1);
insert into notes_details values ('2011-2012', 'SEM-6', 'Luis Faure', 'DPP-2', 11.32, 2.67, 'A', 1, 1);
insert into notes_details values ('2011-2012', 'SEM-6', 'Luis Faure', 'EAO-2', 11.32, 3.0, 'A', 3, 1);
insert into notes_details values ('2011-2012', 'SEM-6', 'Luis Faure', 'ECO-2', 11.32, 3.0, 'A', 3, 1);
insert into notes_details values ('2011-2012', 'SEM-6', 'Luis Faure', 'LCI-2', 11.32, 2.33, 'A', 0, 1);
insert into notes_details values ('2011-2012', 'SEM-6', 'Luis Faure', 'LCI-2', 11.32, 3.67, 'A', 3, 2);
insert into notes_details values ('2011-2012', 'SEM-6', 'Luis Faure', 'MAT-2', 11.32, 1.67, 'A', 0, 1);
insert into notes_details values ('2011-2012', 'SEM-6', 'Luis Faure', 'MAT-2', 11.32, 3.67, 'A', 2, 2);
insert into notes_details values ('2011-2012', 'SEM-6', 'Luis Faure', 'MCO-2', 11.32, 1.0, 'A', 0, 1);
insert into notes_details values ('2011-2012', 'SEM-6', 'Luis Faure', 'MCO-2', 11.32, 4.0, 'A', 2, 2);
insert into notes_details values ('2011-2012', 'SEM-6', 'Luis Faure', 'MGP-2', 11.32, 1.33, 'A', 0, 1);
insert into notes_details values ('2011-2012', 'SEM-6', 'Luis Faure', 'MGP-2', 11.32, 1.33, 'A', 4, 99);
insert into notes_details values ('2011-2012', 'SEM-6', 'Luis Faure', 'PHS-2', 11.32, 4.0, 'A', 2, 1);
insert into notes_details values ('2011-2012', 'SEM-6', 'Luis Faure', 'PJT-2', 11.32, 2.67, 'A', 1, 1);
insert into notes_details values ('2011-2012', 'SEM-6', 'Luis Faure', 'RMS-2', 11.32, 2.33, 'A', 0, 1);
insert into notes_details values ('2011-2012', 'SEM-6', 'Luis Faure', 'RMS-2', 11.32, 3.67, 'A', 4, 2);
insert into notes_details values ('2011-2012', 'SEM-6', 'Luis Faure', 'STG-2', 11.32, 1.67, 'A', 0, 1);
insert into notes_details values ('2011-2012', 'SEM-6', 'Luis Faure', 'STG-2', 11.32, 4.0, 'A', 2, 2);
insert into notes_details values ('2011-2012', 'SEM-6', 'Luis Faure', 'THS-2', 11.32, 2.33, 'A', 0, 1);
insert into notes_details values ('2011-2012', 'SEM-6', 'Luis Faure', 'THS-2', 11.32, 3.0, 'A', 3, 2);
insert into notes_details values ('2012-2013', 'SEM-7', 'Luis Faure', 'ASL-3', 11.32, 2.33, 'A', 0, 1);
insert into notes_details values ('2012-2013', 'SEM-7', 'Luis Faure', 'ASL-3', 11.32, 2.0, 'A', 0, 2);
insert into contentieux values ('2012-2013', 'SEM-7', 'Luis Faure', 'ASL-3');
insert into notes_details values ('2012-2013', 'SEM-7', 'Luis Faure', 'DPP-3', 11.32, 2.33, 'A', 0, 1);
insert into notes_details values ('2012-2013', 'SEM-7', 'Luis Faure', 'DPP-3', 11.32, 3.33, 'A', 2, 2);
insert into notes_details values ('2012-2013', 'SEM-7', 'Luis Faure', 'EAO-31', 11.32, 2.67, 'A', 2, 1);
insert into notes_details values ('2012-2013', 'SEM-7', 'Luis Faure', 'EAO-32', 11.32, 2.33, 'A', 0, 1);
insert into notes_details values ('2012-2013', 'SEM-7', 'Luis Faure', 'EAO-32', 11.32, 3.67, 'A', 2, 2);
insert into notes_details values ('2012-2013', 'SEM-7', 'Luis Faure', 'EAO-33', 11.32, 1.67, 'A', 0, 1);
insert into notes_details values ('2012-2013', 'SEM-7', 'Luis Faure', 'EAO-33', 11.32, 2.67, 'A', 2, 2);
insert into notes_details values ('2012-2013', 'SEM-7', 'Luis Faure', 'EAO-34', 11.32, 1.33, 'A', 0, 1);
insert into notes_details values ('2012-2013', 'SEM-7', 'Luis Faure', 'EAO-34', 11.32, 1.33, 'A', 0, 2);
insert into contentieux values ('2012-2013', 'SEM-7', 'Luis Faure', 'EAO-34');
insert into notes_details values ('2012-2013', 'SEM-7', 'Luis Faure', 'EAO-35', 11.32, 1.0, 'A', 0, 1);
insert into notes_details values ('2012-2013', 'SEM-7', 'Luis Faure', 'EAO-35', 11.32, 1.33, 'A', 0, 2);
insert into contentieux values ('2012-2013', 'SEM-7', 'Luis Faure', 'EAO-35');
insert into notes_details values ('2012-2013', 'SEM-7', 'Luis Faure', 'LCI-3', 11.32, 2.33, 'A', 0, 1);
insert into notes_details values ('2012-2013', 'SEM-7', 'Luis Faure', 'LCI-3', 11.32, 2.33, 'A', 0, 2);
insert into contentieux values ('2012-2013', 'SEM-7', 'Luis Faure', 'LCI-3');
insert into notes_details values ('2012-2013', 'SEM-7', 'Luis Faure', 'MAT-3', 11.32, 1.67, 'A', 0, 1);
insert into notes_details values ('2012-2013', 'SEM-7', 'Luis Faure', 'MAT-3', 11.32, 4.0, 'A', 3, 2);
insert into notes_details values ('2012-2013', 'SEM-7', 'Luis Faure', 'MNG-3', 11.32, 2.67, 'A', 3, 1);
insert into notes_details values ('2012-2013', 'SEM-7', 'Luis Faure', 'PJT-3', 11.32, 2.0, 'A', 0, 1);
insert into notes_details values ('2012-2013', 'SEM-7', 'Luis Faure', 'PJT-3', 11.32, 2.33, 'A', 0, 2);
insert into contentieux values ('2012-2013', 'SEM-7', 'Luis Faure', 'PJT-3');
insert into notes_details values ('2012-2013', 'SEM-7', 'Luis Faure', 'STD-3', 11.32, 3.0, 'A', 2, 1);
insert into gpa values ('2011-2012', 'SEM-5', 'Luis Faure', 3.14);
insert into gpa values ('2011-2012', 'SEM-6', 'Luis Faure', 3.29);
insert into gpa values ('2012-2013', 'SEM-7', 'Luis Faure', 2.2);
insert into eleves values ('Xito Ribery', 1, 'S', 'Tres bien', 'MP', null, 'xribery');
insert into notes_details values ('2010-2011', 'SEM-5', 'Xito Ribery', 'ALG-1', 11.32, 2.0, 'A', 0, 1);
insert into notes_details values ('2010-2011', 'SEM-5', 'Xito Ribery', 'ALG-1', 11.32, 3.67, 'A', 3, 2);
insert into notes_details values ('2010-2011', 'SEM-5', 'Xito Ribery', 'DPP-1', 11.32, 3.33, 'A', 2, 1);
insert into notes_details values ('2010-2011', 'SEM-5', 'Xito Ribery', 'ELE-1', 11.32, 1.0, 'A', 0, 1);
insert into notes_details values ('2010-2011', 'SEM-5', 'Xito Ribery', 'ELE-1', 11.32, 3.33, 'A', 3, 2);
insert into notes_details values ('2010-2011', 'SEM-5', 'Xito Ribery', 'INP-1', 11.32, 1.67, 'A', 0, 1);
insert into notes_details values ('2010-2011', 'SEM-5', 'Xito Ribery', 'INP-1', 11.32, 3.33, 'A', 3, 2);
insert into notes_details values ('2010-2011', 'SEM-5', 'Xito Ribery', 'LCI-1', 11.32, 4.0, 'A', 3, 1);
insert into notes_details values ('2010-2011', 'SEM-5', 'Xito Ribery', 'MAT-1', 11.32, 2.0, 'A', 0, 1);
insert into notes_details values ('2010-2011', 'SEM-5', 'Xito Ribery', 'MAT-1', 11.32, 2.0, 'A', 3, 99);
insert into notes_details values ('2010-2011', 'SEM-5', 'Xito Ribery', 'MGP-1', 11.32, 2.0, 'A', 0, 1);
insert into notes_details values ('2010-2011', 'SEM-5', 'Xito Ribery', 'MGP-1', 11.32, 3.67, 'A', 4, 2);
insert into notes_details values ('2010-2011', 'SEM-5', 'Xito Ribery', 'PHO-1', 11.32, 3.67, 'A', 3, 1);
insert into notes_details values ('2010-2011', 'SEM-5', 'Xito Ribery', 'PHQ-1', 11.32, 3.33, 'A', 3, 1);
insert into notes_details values ('2010-2011', 'SEM-5', 'Xito Ribery', 'SPM-1', 11.32, 1.67, 'A', 0, 1);
insert into notes_details values ('2010-2011', 'SEM-5', 'Xito Ribery', 'SPM-1', 11.32, 3.33, 'A', 3, 2);
insert into notes_details values ('2010-2011', 'SEM-6', 'Xito Ribery', 'DPP-2', 11.32, 1.67, 'A', 0, 1);
insert into notes_details values ('2010-2011', 'SEM-6', 'Xito Ribery', 'DPP-2', 11.32, 1.33, 'A', 1, 99);
insert into notes_details values ('2010-2011', 'SEM-6', 'Xito Ribery', 'EAO-2', 11.32, 2.33, 'A', 0, 1);
insert into notes_details values ('2010-2011', 'SEM-6', 'Xito Ribery', 'EAO-2', 11.32, 3.67, 'A', 3, 2);
insert into notes_details values ('2010-2011', 'SEM-6', 'Xito Ribery', 'ECO-2', 11.32, 4.0, 'A', 3, 1);
insert into notes_details values ('2010-2011', 'SEM-6', 'Xito Ribery', 'LCI-2', 11.32, 1.0, 'A', 0, 1);
insert into notes_details values ('2010-2011', 'SEM-6', 'Xito Ribery', 'LCI-2', 11.32, 3.67, 'A', 3, 2);
insert into notes_details values ('2010-2011', 'SEM-6', 'Xito Ribery', 'MAT-2', 11.32, 1.0, 'A', 0, 1);
insert into notes_details values ('2010-2011', 'SEM-6', 'Xito Ribery', 'MAT-2', 11.32, 2.67, 'A', 2, 2);
insert into notes_details values ('2010-2011', 'SEM-6', 'Xito Ribery', 'MCO-2', 11.32, 2.33, 'A', 0, 1);
insert into notes_details values ('2010-2011', 'SEM-6', 'Xito Ribery', 'MCO-2', 11.32, 3.67, 'A', 2, 2);
insert into notes_details values ('2010-2011', 'SEM-6', 'Xito Ribery', 'MGP-2', 11.32, 3.33, 'A', 4, 1);
insert into notes_details values ('2010-2011', 'SEM-6', 'Xito Ribery', 'PHS-2', 11.32, 2.0, 'A', 0, 1);
insert into notes_details values ('2010-2011', 'SEM-6', 'Xito Ribery', 'PHS-2', 11.32, 1.33, 'A', 2, 99);
insert into notes_details values ('2010-2011', 'SEM-6', 'Xito Ribery', 'PJT-2', 11.32, 4.0, 'A', 1, 1);
insert into notes_details values ('2010-2011', 'SEM-6', 'Xito Ribery', 'RMS-2', 11.32, 3.67, 'A', 4, 1);
insert into notes_details values ('2010-2011', 'SEM-6', 'Xito Ribery', 'STG-2', 11.32, 3.0, 'A', 2, 1);
insert into notes_details values ('2010-2011', 'SEM-6', 'Xito Ribery', 'THS-2', 11.32, 1.33, 'A', 0, 1);
insert into notes_details values ('2010-2011', 'SEM-6', 'Xito Ribery', 'THS-2', 11.32, 2.67, 'A', 3, 2);
insert into notes_details values ('2011-2012', 'SEM-7', 'Xito Ribery', 'ASL-3', 11.32, 3.33, 'A', 2, 1);
insert into notes_details values ('2011-2012', 'SEM-7', 'Xito Ribery', 'DPP-3', 11.32, 1.0, 'A', 0, 1);
insert into notes_details values ('2011-2012', 'SEM-7', 'Xito Ribery', 'DPP-3', 11.32, 3.0, 'A', 2, 2);
insert into notes_details values ('2011-2012', 'SEM-7', 'Xito Ribery', 'EAO-31', 11.32, 3.0, 'A', 2, 1);
insert into notes_details values ('2011-2012', 'SEM-7', 'Xito Ribery', 'EAO-32', 11.32, 1.67, 'A', 0, 1);
insert into notes_details values ('2011-2012', 'SEM-7', 'Xito Ribery', 'EAO-32', 11.32, 2.0, 'A', 0, 2);
insert into contentieux values ('2011-2012', 'SEM-7', 'Xito Ribery', 'EAO-32');
insert into notes_details values ('2011-2012', 'SEM-7', 'Xito Ribery', 'EAO-33', 11.32, 1.67, 'A', 0, 1);
insert into notes_details values ('2011-2012', 'SEM-7', 'Xito Ribery', 'EAO-33', 11.32, 2.33, 'A', 2, 99);
insert into notes_details values ('2011-2012', 'SEM-7', 'Xito Ribery', 'EAO-34', 11.32, 3.0, 'A', 2, 1);
insert into notes_details values ('2011-2012', 'SEM-7', 'Xito Ribery', 'EAO-35', 11.32, 2.67, 'A', 2, 1);
insert into notes_details values ('2011-2012', 'SEM-7', 'Xito Ribery', 'LCI-3', 11.32, 2.33, 'A', 0, 1);
insert into notes_details values ('2011-2012', 'SEM-7', 'Xito Ribery', 'LCI-3', 11.32, 2.67, 'A', 3, 2);
insert into notes_details values ('2011-2012', 'SEM-7', 'Xito Ribery', 'MAT-3', 11.32, 2.0, 'A', 0, 1);
insert into notes_details values ('2011-2012', 'SEM-7', 'Xito Ribery', 'MAT-3', 11.32, 3.67, 'A', 3, 2);
insert into notes_details values ('2011-2012', 'SEM-7', 'Xito Ribery', 'MNG-3', 11.32, 2.33, 'A', 0, 1);
insert into notes_details values ('2011-2012', 'SEM-7', 'Xito Ribery', 'MNG-3', 11.32, 3.67, 'A', 3, 2);
insert into notes_details values ('2011-2012', 'SEM-7', 'Xito Ribery', 'PJT-3', 11.32, 1.33, 'A', 0, 1);
insert into notes_details values ('2011-2012', 'SEM-7', 'Xito Ribery', 'PJT-3', 11.32, 2.67, 'A', 5, 2);
insert into notes_details values ('2011-2012', 'SEM-7', 'Xito Ribery', 'STD-3', 11.32, 2.67, 'A', 2, 1);
insert into gpa values ('2010-2011', 'SEM-5', 'Xito Ribery', 2.73);
insert into gpa values ('2010-2011', 'SEM-6', 'Xito Ribery', 3.72);
insert into gpa values ('2011-2012', 'SEM-7', 'Xito Ribery', 3.52);
insert into eleves values ('Ulric Trezeguet', 1, 'S', 'Tres bien', 'Etranger', null, 'utrezeguet');
insert into notes_details values ('2011-2012', 'SEM-5', 'Ulric Trezeguet', 'ALG-1', 11.32, 2.0, 'A', 0, 1);
insert into notes_details values ('2011-2012', 'SEM-5', 'Ulric Trezeguet', 'ALG-1', 11.32, 3.67, 'A', 3, 2);
insert into notes_details values ('2011-2012', 'SEM-5', 'Ulric Trezeguet', 'DPP-1', 11.32, 2.67, 'A', 2, 1);
insert into notes_details values ('2011-2012', 'SEM-5', 'Ulric Trezeguet', 'ELE-1', 11.32, 2.33, 'A', 0, 1);
insert into notes_details values ('2011-2012', 'SEM-5', 'Ulric Trezeguet', 'ELE-1', 11.32, 2.67, 'A', 3, 2);
insert into notes_details values ('2011-2012', 'SEM-5', 'Ulric Trezeguet', 'INP-1', 11.32, 2.33, 'A', 0, 1);
insert into notes_details values ('2011-2012', 'SEM-5', 'Ulric Trezeguet', 'INP-1', 11.32, 2.0, 'A', 3, 99);
insert into notes_details values ('2011-2012', 'SEM-5', 'Ulric Trezeguet', 'LCI-1', 11.32, 1.0, 'A', 0, 1);
insert into notes_details values ('2011-2012', 'SEM-5', 'Ulric Trezeguet', 'LCI-1', 11.32, 3.0, 'A', 3, 2);
insert into notes_details values ('2011-2012', 'SEM-5', 'Ulric Trezeguet', 'MAT-1', 11.32, 2.33, 'A', 0, 1);
insert into notes_details values ('2011-2012', 'SEM-5', 'Ulric Trezeguet', 'MAT-1', 11.32, 4.0, 'A', 3, 2);
insert into notes_details values ('2011-2012', 'SEM-5', 'Ulric Trezeguet', 'MGP-1', 11.32, 3.0, 'A', 4, 1);
insert into notes_details values ('2011-2012', 'SEM-5', 'Ulric Trezeguet', 'PHO-1', 11.32, 3.67, 'A', 3, 1);
insert into notes_details values ('2011-2012', 'SEM-5', 'Ulric Trezeguet', 'PHQ-1', 11.32, 4.0, 'A', 3, 1);
insert into notes_details values ('2011-2012', 'SEM-5', 'Ulric Trezeguet', 'SPM-1', 11.32, 3.0, 'A', 3, 1);
insert into notes_details values ('2011-2012', 'SEM-6', 'Ulric Trezeguet', 'DPP-2', 11.32, 1.0, 'A', 0, 1);
insert into notes_details values ('2011-2012', 'SEM-6', 'Ulric Trezeguet', 'DPP-2', 11.32, 4.0, 'A', 1, 2);
insert into notes_details values ('2011-2012', 'SEM-6', 'Ulric Trezeguet', 'EAO-2', 11.32, 2.33, 'A', 0, 1);
insert into notes_details values ('2011-2012', 'SEM-6', 'Ulric Trezeguet', 'EAO-2', 11.32, 3.33, 'A', 3, 2);
insert into notes_details values ('2011-2012', 'SEM-6', 'Ulric Trezeguet', 'ECO-2', 11.32, 2.33, 'A', 0, 1);
insert into notes_details values ('2011-2012', 'SEM-6', 'Ulric Trezeguet', 'ECO-2', 11.32, 1.67, 'A', 3, 99);
insert into notes_details values ('2011-2012', 'SEM-6', 'Ulric Trezeguet', 'LCI-2', 11.32, 1.0, 'A', 0, 1);
insert into notes_details values ('2011-2012', 'SEM-6', 'Ulric Trezeguet', 'LCI-2', 11.32, 3.0, 'A', 3, 2);
insert into notes_details values ('2011-2012', 'SEM-6', 'Ulric Trezeguet', 'MAT-2', 11.32, 4.0, 'A', 2, 1);
insert into notes_details values ('2011-2012', 'SEM-6', 'Ulric Trezeguet', 'MCO-2', 11.32, 2.67, 'A', 2, 1);
insert into notes_details values ('2011-2012', 'SEM-6', 'Ulric Trezeguet', 'MGP-2', 11.32, 1.67, 'A', 0, 1);
insert into notes_details values ('2011-2012', 'SEM-6', 'Ulric Trezeguet', 'MGP-2', 11.32, 3.67, 'A', 4, 2);
insert into notes_details values ('2011-2012', 'SEM-6', 'Ulric Trezeguet', 'PHS-2', 11.32, 3.0, 'A', 2, 1);
insert into notes_details values ('2011-2012', 'SEM-6', 'Ulric Trezeguet', 'PJT-2', 11.32, 4.0, 'A', 1, 1);
insert into notes_details values ('2011-2012', 'SEM-6', 'Ulric Trezeguet', 'RMS-2', 11.32, 3.67, 'A', 4, 1);
insert into notes_details values ('2011-2012', 'SEM-6', 'Ulric Trezeguet', 'STG-2', 11.32, 3.33, 'A', 2, 1);
insert into notes_details values ('2011-2012', 'SEM-6', 'Ulric Trezeguet', 'THS-2', 11.32, 1.33, 'A', 0, 1);
insert into notes_details values ('2011-2012', 'SEM-6', 'Ulric Trezeguet', 'THS-2', 11.32, 3.33, 'A', 3, 2);
insert into notes_details values ('2012-2013', 'SEM-7', 'Ulric Trezeguet', 'ASL-3', 11.32, 4.0, 'A', 2, 1);
insert into notes_details values ('2012-2013', 'SEM-7', 'Ulric Trezeguet', 'DPP-3', 11.32, 2.33, 'A', 0, 1);
insert into notes_details values ('2012-2013', 'SEM-7', 'Ulric Trezeguet', 'DPP-3', 11.32, 4.0, 'A', 2, 2);
insert into notes_details values ('2012-2013', 'SEM-7', 'Ulric Trezeguet', 'EAO-31', 11.32, 1.33, 'A', 0, 1);
insert into notes_details values ('2012-2013', 'SEM-7', 'Ulric Trezeguet', 'EAO-31', 11.32, 4.0, 'A', 2, 2);
insert into notes_details values ('2012-2013', 'SEM-7', 'Ulric Trezeguet', 'EAO-32', 11.32, 4.0, 'A', 2, 1);
insert into notes_details values ('2012-2013', 'SEM-7', 'Ulric Trezeguet', 'EAO-33', 11.32, 3.33, 'A', 2, 1);
insert into notes_details values ('2012-2013', 'SEM-7', 'Ulric Trezeguet', 'EAO-34', 11.32, 4.0, 'A', 2, 1);
insert into notes_details values ('2012-2013', 'SEM-7', 'Ulric Trezeguet', 'EAO-35', 11.32, 2.0, 'A', 0, 1);
insert into notes_details values ('2012-2013', 'SEM-7', 'Ulric Trezeguet', 'EAO-35', 11.32, 3.33, 'A', 2, 2);
insert into notes_details values ('2012-2013', 'SEM-7', 'Ulric Trezeguet', 'LCI-3', 11.32, 1.67, 'A', 0, 1);
insert into notes_details values ('2012-2013', 'SEM-7', 'Ulric Trezeguet', 'LCI-3', 11.32, 1.67, 'A', 0, 2);
insert into contentieux values ('2012-2013', 'SEM-7', 'Ulric Trezeguet', 'LCI-3');
insert into notes_details values ('2012-2013', 'SEM-7', 'Ulric Trezeguet', 'MAT-3', 11.32, 1.67, 'A', 0, 1);
insert into notes_details values ('2012-2013', 'SEM-7', 'Ulric Trezeguet', 'MAT-3', 11.32, 4.0, 'A', 3, 2);
insert into notes_details values ('2012-2013', 'SEM-7', 'Ulric Trezeguet', 'MNG-3', 11.32, 1.0, 'A', 0, 1);
insert into notes_details values ('2012-2013', 'SEM-7', 'Ulric Trezeguet', 'MNG-3', 11.32, 1.67, 'A', 0, 2);
insert into contentieux values ('2012-2013', 'SEM-7', 'Ulric Trezeguet', 'MNG-3');
insert into notes_details values ('2012-2013', 'SEM-7', 'Ulric Trezeguet', 'PJT-3', 11.32, 3.0, 'A', 5, 1);
insert into notes_details values ('2012-2013', 'SEM-7', 'Ulric Trezeguet', 'STD-3', 11.32, 2.33, 'A', 0, 1);
insert into notes_details values ('2012-2013', 'SEM-7', 'Ulric Trezeguet', 'STD-3', 11.32, 2.0, 'A', 0, 2);
insert into contentieux values ('2012-2013', 'SEM-7', 'Ulric Trezeguet', 'STD-3');
insert into gpa values ('2011-2012', 'SEM-5', 'Ulric Trezeguet', 3.16);
insert into gpa values ('2011-2012', 'SEM-6', 'Ulric Trezeguet', 3.27);
insert into gpa values ('2012-2013', 'SEM-7', 'Ulric Trezeguet', 3.53);
insert into eleves values ('Xavier Perrier', 1, 'S', 'Tres bien', 'Credits', null, 'xperrier');
insert into notes_details values ('2010-2011', 'SEM-5', 'Xavier Perrier', 'ALG-1', 11.32, 1.0, 'A', 0, 1);
insert into notes_details values ('2010-2011', 'SEM-5', 'Xavier Perrier', 'ALG-1', 11.32, 3.0, 'A', 3, 2);
insert into notes_details values ('2010-2011', 'SEM-5', 'Xavier Perrier', 'DPP-1', 11.32, 4.0, 'A', 2, 1);
insert into notes_details values ('2010-2011', 'SEM-5', 'Xavier Perrier', 'ELE-1', 11.32, 4.0, 'A', 3, 1);
insert into notes_details values ('2010-2011', 'SEM-5', 'Xavier Perrier', 'INP-1', 11.32, 3.33, 'A', 3, 1);
insert into notes_details values ('2010-2011', 'SEM-5', 'Xavier Perrier', 'LCI-1', 11.32, 1.67, 'A', 0, 1);
insert into notes_details values ('2010-2011', 'SEM-5', 'Xavier Perrier', 'LCI-1', 11.32, 3.67, 'A', 3, 2);
insert into notes_details values ('2010-2011', 'SEM-5', 'Xavier Perrier', 'MAT-1', 11.32, 2.0, 'A', 0, 1);
insert into notes_details values ('2010-2011', 'SEM-5', 'Xavier Perrier', 'MAT-1', 11.32, 3.0, 'A', 3, 2);
insert into notes_details values ('2010-2011', 'SEM-5', 'Xavier Perrier', 'MGP-1', 11.32, 3.33, 'A', 4, 1);
insert into notes_details values ('2010-2011', 'SEM-5', 'Xavier Perrier', 'PHO-1', 11.32, 2.67, 'A', 3, 1);
insert into notes_details values ('2010-2011', 'SEM-5', 'Xavier Perrier', 'PHQ-1', 11.32, 1.33, 'A', 0, 1);
insert into notes_details values ('2010-2011', 'SEM-5', 'Xavier Perrier', 'PHQ-1', 11.32, 4.0, 'A', 3, 2);
insert into notes_details values ('2010-2011', 'SEM-5', 'Xavier Perrier', 'SPM-1', 11.32, 2.33, 'A', 0, 1);
insert into notes_details values ('2010-2011', 'SEM-5', 'Xavier Perrier', 'SPM-1', 11.32, 1.33, 'A', 3, 99);
insert into notes_details values ('2010-2011', 'SEM-6', 'Xavier Perrier', 'DPP-2', 11.32, 4.0, 'A', 1, 1);
insert into notes_details values ('2010-2011', 'SEM-6', 'Xavier Perrier', 'EAO-2', 11.32, 1.33, 'A', 0, 1);
insert into notes_details values ('2010-2011', 'SEM-6', 'Xavier Perrier', 'EAO-2', 11.32, 2.67, 'A', 3, 2);
insert into notes_details values ('2010-2011', 'SEM-6', 'Xavier Perrier', 'ECO-2', 11.32, 1.0, 'A', 0, 1);
insert into notes_details values ('2010-2011', 'SEM-6', 'Xavier Perrier', 'ECO-2', 11.32, 2.67, 'A', 3, 2);
insert into notes_details values ('2010-2011', 'SEM-6', 'Xavier Perrier', 'LCI-2', 11.32, 4.0, 'A', 3, 1);
insert into notes_details values ('2010-2011', 'SEM-6', 'Xavier Perrier', 'MAT-2', 11.32, 1.0, 'A', 0, 1);
insert into notes_details values ('2010-2011', 'SEM-6', 'Xavier Perrier', 'MAT-2', 11.32, 2.33, 'A', 2, 99);
insert into notes_details values ('2010-2011', 'SEM-6', 'Xavier Perrier', 'MCO-2', 11.32, 3.67, 'A', 2, 1);
insert into notes_details values ('2010-2011', 'SEM-6', 'Xavier Perrier', 'MGP-2', 11.32, 1.0, 'A', 0, 1);
insert into notes_details values ('2010-2011', 'SEM-6', 'Xavier Perrier', 'MGP-2', 11.32, 3.67, 'A', 4, 2);
insert into notes_details values ('2010-2011', 'SEM-6', 'Xavier Perrier', 'PHS-2', 11.32, 1.67, 'A', 0, 1);
insert into notes_details values ('2010-2011', 'SEM-6', 'Xavier Perrier', 'PHS-2', 11.32, 3.67, 'A', 2, 2);
insert into notes_details values ('2010-2011', 'SEM-6', 'Xavier Perrier', 'PJT-2', 11.32, 2.67, 'A', 1, 1);
insert into notes_details values ('2010-2011', 'SEM-6', 'Xavier Perrier', 'RMS-2', 11.32, 3.67, 'A', 4, 1);
insert into notes_details values ('2010-2011', 'SEM-6', 'Xavier Perrier', 'STG-2', 11.32, 2.0, 'A', 0, 1);
insert into notes_details values ('2010-2011', 'SEM-6', 'Xavier Perrier', 'STG-2', 11.32, 4.0, 'A', 2, 2);
insert into notes_details values ('2010-2011', 'SEM-6', 'Xavier Perrier', 'THS-2', 11.32, 1.0, 'A', 0, 1);
insert into notes_details values ('2010-2011', 'SEM-6', 'Xavier Perrier', 'THS-2', 11.32, 4.0, 'A', 3, 2);
insert into notes_details values ('2011-2012', 'SEM-7', 'Xavier Perrier', 'ASL-3', 11.32, 1.33, 'A', 0, 1);
insert into notes_details values ('2011-2012', 'SEM-7', 'Xavier Perrier', 'ASL-3', 11.32, 1.67, 'A', 0, 2);
insert into contentieux values ('2011-2012', 'SEM-7', 'Xavier Perrier', 'ASL-3');
insert into notes_details values ('2011-2012', 'SEM-7', 'Xavier Perrier', 'DPP-3', 11.32, 3.67, 'A', 2, 1);
insert into notes_details values ('2011-2012', 'SEM-7', 'Xavier Perrier', 'EAO-31', 11.32, 2.0, 'A', 0, 1);
insert into notes_details values ('2011-2012', 'SEM-7', 'Xavier Perrier', 'EAO-31', 11.32, 3.0, 'A', 2, 2);
insert into notes_details values ('2011-2012', 'SEM-7', 'Xavier Perrier', 'EAO-32', 11.32, 3.0, 'A', 2, 1);
insert into notes_details values ('2011-2012', 'SEM-7', 'Xavier Perrier', 'EAO-33', 11.32, 1.0, 'A', 0, 1);
insert into notes_details values ('2011-2012', 'SEM-7', 'Xavier Perrier', 'EAO-33', 11.32, 1.0, 'A', 0, 2);
insert into contentieux values ('2011-2012', 'SEM-7', 'Xavier Perrier', 'EAO-33');
insert into notes_details values ('2011-2012', 'SEM-7', 'Xavier Perrier', 'EAO-34', 11.32, 3.33, 'A', 2, 1);
insert into notes_details values ('2011-2012', 'SEM-7', 'Xavier Perrier', 'EAO-35', 11.32, 2.33, 'A', 0, 1);
insert into notes_details values ('2011-2012', 'SEM-7', 'Xavier Perrier', 'EAO-35', 11.32, 1.0, 'A', 0, 2);
insert into contentieux values ('2011-2012', 'SEM-7', 'Xavier Perrier', 'EAO-35');
insert into notes_details values ('2011-2012', 'SEM-7', 'Xavier Perrier', 'LCI-3', 11.32, 3.33, 'A', 3, 1);
insert into notes_details values ('2011-2012', 'SEM-7', 'Xavier Perrier', 'MAT-3', 11.32, 1.0, 'A', 0, 1);
insert into notes_details values ('2011-2012', 'SEM-7', 'Xavier Perrier', 'MAT-3', 11.32, 2.0, 'A', 0, 2);
insert into contentieux values ('2011-2012', 'SEM-7', 'Xavier Perrier', 'MAT-3');
insert into notes_details values ('2011-2012', 'SEM-7', 'Xavier Perrier', 'MNG-3', 11.32, 1.0, 'A', 0, 1);
insert into notes_details values ('2011-2012', 'SEM-7', 'Xavier Perrier', 'MNG-3', 11.32, 1.67, 'A', 3, 99);
insert into notes_details values ('2011-2012', 'SEM-7', 'Xavier Perrier', 'PJT-3', 11.32, 2.67, 'A', 5, 1);
insert into notes_details values ('2011-2012', 'SEM-7', 'Xavier Perrier', 'STD-3', 11.32, 2.0, 'A', 0, 1);
insert into notes_details values ('2011-2012', 'SEM-7', 'Xavier Perrier', 'STD-3', 11.32, 2.33, 'A', 0, 2);
insert into contentieux values ('2011-2012', 'SEM-7', 'Xavier Perrier', 'STD-3');
insert into gpa values ('2010-2011', 'SEM-5', 'Xavier Perrier', 3.18);
insert into gpa values ('2010-2011', 'SEM-6', 'Xavier Perrier', 3.2);
insert into gpa values ('2011-2012', 'SEM-7', 'Xavier Perrier', 3.06);
insert into eleves values ('Marjolaine Rey', 1, 'S', 'Tres bien', 'MP', null, 'mrey');
insert into notes_details values ('2011-2012', 'SEM-5', 'Marjolaine Rey', 'ALG-1', 11.32, 4.0, 'A', 3, 1);
insert into notes_details values ('2011-2012', 'SEM-5', 'Marjolaine Rey', 'DPP-1', 11.32, 1.67, 'A', 0, 1);
insert into notes_details values ('2011-2012', 'SEM-5', 'Marjolaine Rey', 'DPP-1', 11.32, 4.0, 'A', 2, 2);
insert into notes_details values ('2011-2012', 'SEM-5', 'Marjolaine Rey', 'ELE-1', 11.32, 2.33, 'A', 0, 1);
insert into notes_details values ('2011-2012', 'SEM-5', 'Marjolaine Rey', 'ELE-1', 11.32, 2.67, 'A', 3, 2);
insert into notes_details values ('2011-2012', 'SEM-5', 'Marjolaine Rey', 'INP-1', 11.32, 1.0, 'A', 0, 1);
insert into notes_details values ('2011-2012', 'SEM-5', 'Marjolaine Rey', 'INP-1', 11.32, 1.67, 'A', 3, 99);
insert into notes_details values ('2011-2012', 'SEM-5', 'Marjolaine Rey', 'LCI-1', 11.32, 2.67, 'A', 3, 1);
insert into notes_details values ('2011-2012', 'SEM-5', 'Marjolaine Rey', 'MAT-1', 11.32, 1.0, 'A', 0, 1);
insert into notes_details values ('2011-2012', 'SEM-5', 'Marjolaine Rey', 'MAT-1', 11.32, 4.0, 'A', 3, 2);
insert into notes_details values ('2011-2012', 'SEM-5', 'Marjolaine Rey', 'MGP-1', 11.32, 3.0, 'A', 4, 1);
insert into notes_details values ('2011-2012', 'SEM-5', 'Marjolaine Rey', 'PHO-1', 11.32, 3.0, 'A', 3, 1);
insert into notes_details values ('2011-2012', 'SEM-5', 'Marjolaine Rey', 'PHQ-1', 11.32, 4.0, 'A', 3, 1);
insert into notes_details values ('2011-2012', 'SEM-5', 'Marjolaine Rey', 'SPM-1', 11.32, 1.0, 'A', 0, 1);
insert into notes_details values ('2011-2012', 'SEM-5', 'Marjolaine Rey', 'SPM-1', 11.32, 3.33, 'A', 3, 2);
insert into notes_details values ('2011-2012', 'SEM-6', 'Marjolaine Rey', 'DPP-2', 11.32, 3.0, 'A', 1, 1);
insert into notes_details values ('2011-2012', 'SEM-6', 'Marjolaine Rey', 'EAO-2', 11.32, 1.67, 'A', 0, 1);
insert into notes_details values ('2011-2012', 'SEM-6', 'Marjolaine Rey', 'EAO-2', 11.32, 4.0, 'A', 3, 2);
insert into notes_details values ('2011-2012', 'SEM-6', 'Marjolaine Rey', 'ECO-2', 11.32, 2.33, 'A', 0, 1);
insert into notes_details values ('2011-2012', 'SEM-6', 'Marjolaine Rey', 'ECO-2', 11.32, 3.33, 'A', 3, 2);
insert into notes_details values ('2011-2012', 'SEM-6', 'Marjolaine Rey', 'LCI-2', 11.32, 3.67, 'A', 3, 1);
insert into notes_details values ('2011-2012', 'SEM-6', 'Marjolaine Rey', 'MAT-2', 11.32, 1.0, 'A', 0, 1);
insert into notes_details values ('2011-2012', 'SEM-6', 'Marjolaine Rey', 'MAT-2', 11.32, 3.33, 'A', 2, 2);
insert into notes_details values ('2011-2012', 'SEM-6', 'Marjolaine Rey', 'MCO-2', 11.32, 1.0, 'A', 0, 1);
insert into notes_details values ('2011-2012', 'SEM-6', 'Marjolaine Rey', 'MCO-2', 11.32, 1.0, 'A', 2, 99);
insert into notes_details values ('2011-2012', 'SEM-6', 'Marjolaine Rey', 'MGP-2', 11.32, 2.0, 'A', 0, 1);
insert into notes_details values ('2011-2012', 'SEM-6', 'Marjolaine Rey', 'MGP-2', 11.32, 3.33, 'A', 4, 2);
insert into notes_details values ('2011-2012', 'SEM-6', 'Marjolaine Rey', 'PHS-2', 11.32, 2.33, 'A', 0, 1);
insert into notes_details values ('2011-2012', 'SEM-6', 'Marjolaine Rey', 'PHS-2', 11.32, 2.33, 'A', 2, 99);
insert into notes_details values ('2011-2012', 'SEM-6', 'Marjolaine Rey', 'PJT-2', 11.32, 2.0, 'A', 0, 1);
insert into notes_details values ('2011-2012', 'SEM-6', 'Marjolaine Rey', 'PJT-2', 11.32, 3.0, 'A', 1, 2);
insert into notes_details values ('2011-2012', 'SEM-6', 'Marjolaine Rey', 'RMS-2', 11.32, 2.33, 'A', 0, 1);
insert into notes_details values ('2011-2012', 'SEM-6', 'Marjolaine Rey', 'RMS-2', 11.32, 3.67, 'A', 4, 2);
insert into notes_details values ('2011-2012', 'SEM-6', 'Marjolaine Rey', 'STG-2', 11.32, 3.0, 'A', 2, 1);
insert into notes_details values ('2011-2012', 'SEM-6', 'Marjolaine Rey', 'THS-2', 11.32, 2.33, 'A', 0, 1);
insert into notes_details values ('2011-2012', 'SEM-6', 'Marjolaine Rey', 'THS-2', 11.32, 3.67, 'A', 3, 2);
insert into notes_details values ('2012-2013', 'SEM-7', 'Marjolaine Rey', 'ASL-3', 11.32, 4.0, 'A', 2, 1);
insert into notes_details values ('2012-2013', 'SEM-7', 'Marjolaine Rey', 'DPP-3', 11.32, 2.0, 'A', 0, 1);
insert into notes_details values ('2012-2013', 'SEM-7', 'Marjolaine Rey', 'DPP-3', 11.32, 2.33, 'A', 0, 2);
insert into contentieux values ('2012-2013', 'SEM-7', 'Marjolaine Rey', 'DPP-3');
insert into notes_details values ('2012-2013', 'SEM-7', 'Marjolaine Rey', 'EAO-31', 11.32, 3.33, 'A', 2, 1);
insert into notes_details values ('2012-2013', 'SEM-7', 'Marjolaine Rey', 'EAO-32', 11.32, 1.67, 'A', 0, 1);
insert into notes_details values ('2012-2013', 'SEM-7', 'Marjolaine Rey', 'EAO-32', 11.32, 2.0, 'A', 0, 2);
insert into contentieux values ('2012-2013', 'SEM-7', 'Marjolaine Rey', 'EAO-32');
insert into notes_details values ('2012-2013', 'SEM-7', 'Marjolaine Rey', 'EAO-33', 11.32, 2.67, 'A', 2, 1);
insert into notes_details values ('2012-2013', 'SEM-7', 'Marjolaine Rey', 'EAO-34', 11.32, 3.0, 'A', 2, 1);
insert into notes_details values ('2012-2013', 'SEM-7', 'Marjolaine Rey', 'EAO-35', 11.32, 2.33, 'A', 0, 1);
insert into notes_details values ('2012-2013', 'SEM-7', 'Marjolaine Rey', 'EAO-35', 11.32, 2.67, 'A', 2, 2);
insert into notes_details values ('2012-2013', 'SEM-7', 'Marjolaine Rey', 'LCI-3', 11.32, 3.0, 'A', 3, 1);
insert into notes_details values ('2012-2013', 'SEM-7', 'Marjolaine Rey', 'MAT-3', 11.32, 1.0, 'A', 0, 1);
insert into notes_details values ('2012-2013', 'SEM-7', 'Marjolaine Rey', 'MAT-3', 11.32, 2.0, 'A', 0, 2);
insert into contentieux values ('2012-2013', 'SEM-7', 'Marjolaine Rey', 'MAT-3');
insert into notes_details values ('2012-2013', 'SEM-7', 'Marjolaine Rey', 'MNG-3', 11.32, 3.33, 'A', 3, 1);
insert into notes_details values ('2012-2013', 'SEM-7', 'Marjolaine Rey', 'PJT-3', 11.32, 3.0, 'A', 5, 1);
insert into notes_details values ('2012-2013', 'SEM-7', 'Marjolaine Rey', 'STD-3', 11.32, 1.0, 'A', 0, 1);
insert into notes_details values ('2012-2013', 'SEM-7', 'Marjolaine Rey', 'STD-3', 11.32, 2.0, 'A', 2, 99);
insert into gpa values ('2011-2012', 'SEM-5', 'Marjolaine Rey', 3.41);
insert into gpa values ('2011-2012', 'SEM-6', 'Marjolaine Rey', 2.57);
insert into gpa values ('2012-2013', 'SEM-7', 'Marjolaine Rey', 3.87);
insert into eleves values ('Leo Francois', 1, 'S', 'Tres bien', 'MP', null, 'lfrancois');
insert into notes_details values ('2010-2011', 'SEM-5', 'Leo Francois', 'ALG-1', 11.32, 3.33, 'A', 3, 1);
insert into notes_details values ('2010-2011', 'SEM-5', 'Leo Francois', 'DPP-1', 11.32, 2.67, 'A', 2, 1);
insert into notes_details values ('2010-2011', 'SEM-5', 'Leo Francois', 'ELE-1', 11.32, 2.0, 'A', 0, 1);
insert into notes_details values ('2010-2011', 'SEM-5', 'Leo Francois', 'ELE-1', 11.32, 3.0, 'A', 3, 2);
insert into notes_details values ('2010-2011', 'SEM-5', 'Leo Francois', 'INP-1', 11.32, 1.33, 'A', 0, 1);
insert into notes_details values ('2010-2011', 'SEM-5', 'Leo Francois', 'INP-1', 11.32, 4.0, 'A', 3, 2);
insert into notes_details values ('2010-2011', 'SEM-5', 'Leo Francois', 'LCI-1', 11.32, 3.0, 'A', 3, 1);
insert into notes_details values ('2010-2011', 'SEM-5', 'Leo Francois', 'MAT-1', 11.32, 1.67, 'A', 0, 1);
insert into notes_details values ('2010-2011', 'SEM-5', 'Leo Francois', 'MAT-1', 11.32, 2.33, 'A', 3, 99);
insert into notes_details values ('2010-2011', 'SEM-5', 'Leo Francois', 'MGP-1', 11.32, 1.0, 'A', 0, 1);
insert into notes_details values ('2010-2011', 'SEM-5', 'Leo Francois', 'MGP-1', 11.32, 2.67, 'A', 4, 2);
insert into notes_details values ('2010-2011', 'SEM-5', 'Leo Francois', 'PHO-1', 11.32, 3.0, 'A', 3, 1);
insert into notes_details values ('2010-2011', 'SEM-5', 'Leo Francois', 'PHQ-1', 11.32, 3.0, 'A', 3, 1);
insert into notes_details values ('2010-2011', 'SEM-5', 'Leo Francois', 'SPM-1', 11.32, 3.33, 'A', 3, 1);
insert into notes_details values ('2010-2011', 'SEM-6', 'Leo Francois', 'DPP-2', 11.32, 3.33, 'A', 1, 1);
insert into notes_details values ('2010-2011', 'SEM-6', 'Leo Francois', 'EAO-2', 11.32, 3.67, 'A', 3, 1);
insert into notes_details values ('2010-2011', 'SEM-6', 'Leo Francois', 'ECO-2', 11.32, 1.67, 'A', 0, 1);
insert into notes_details values ('2010-2011', 'SEM-6', 'Leo Francois', 'ECO-2', 11.32, 2.67, 'A', 3, 2);
insert into notes_details values ('2010-2011', 'SEM-6', 'Leo Francois', 'LCI-2', 11.32, 3.33, 'A', 3, 1);
insert into notes_details values ('2010-2011', 'SEM-6', 'Leo Francois', 'MAT-2', 11.32, 1.67, 'A', 0, 1);
insert into notes_details values ('2010-2011', 'SEM-6', 'Leo Francois', 'MAT-2', 11.32, 2.67, 'A', 2, 2);
insert into notes_details values ('2010-2011', 'SEM-6', 'Leo Francois', 'MCO-2', 11.32, 2.0, 'A', 0, 1);
insert into notes_details values ('2010-2011', 'SEM-6', 'Leo Francois', 'MCO-2', 11.32, 2.33, 'A', 2, 99);
insert into notes_details values ('2010-2011', 'SEM-6', 'Leo Francois', 'MGP-2', 11.32, 1.33, 'A', 0, 1);
insert into notes_details values ('2010-2011', 'SEM-6', 'Leo Francois', 'MGP-2', 11.32, 2.67, 'A', 4, 2);
insert into notes_details values ('2010-2011', 'SEM-6', 'Leo Francois', 'PHS-2', 11.32, 4.0, 'A', 2, 1);
insert into notes_details values ('2010-2011', 'SEM-6', 'Leo Francois', 'PJT-2', 11.32, 2.0, 'A', 0, 1);
insert into notes_details values ('2010-2011', 'SEM-6', 'Leo Francois', 'PJT-2', 11.32, 4.0, 'A', 1, 2);
insert into notes_details values ('2010-2011', 'SEM-6', 'Leo Francois', 'RMS-2', 11.32, 3.67, 'A', 4, 1);
insert into notes_details values ('2010-2011', 'SEM-6', 'Leo Francois', 'STG-2', 11.32, 3.33, 'A', 2, 1);
insert into notes_details values ('2010-2011', 'SEM-6', 'Leo Francois', 'THS-2', 11.32, 4.0, 'A', 3, 1);
insert into notes_details values ('2011-2012', 'SEM-7', 'Leo Francois', 'ASL-3', 11.32, 2.67, 'A', 2, 1);
insert into notes_details values ('2011-2012', 'SEM-7', 'Leo Francois', 'DPP-3', 11.32, 2.33, 'A', 0, 1);
insert into notes_details values ('2011-2012', 'SEM-7', 'Leo Francois', 'DPP-3', 11.32, 2.33, 'A', 0, 2);
insert into contentieux values ('2011-2012', 'SEM-7', 'Leo Francois', 'DPP-3');
insert into notes_details values ('2011-2012', 'SEM-7', 'Leo Francois', 'EAO-31', 11.32, 1.67, 'A', 0, 1);
insert into notes_details values ('2011-2012', 'SEM-7', 'Leo Francois', 'EAO-31', 11.32, 3.67, 'A', 2, 2);
insert into notes_details values ('2011-2012', 'SEM-7', 'Leo Francois', 'EAO-32', 11.32, 3.67, 'A', 2, 1);
insert into notes_details values ('2011-2012', 'SEM-7', 'Leo Francois', 'EAO-33', 11.32, 1.33, 'A', 0, 1);
insert into notes_details values ('2011-2012', 'SEM-7', 'Leo Francois', 'EAO-33', 11.32, 3.67, 'A', 2, 2);
insert into notes_details values ('2011-2012', 'SEM-7', 'Leo Francois', 'EAO-34', 11.32, 1.0, 'A', 0, 1);
insert into notes_details values ('2011-2012', 'SEM-7', 'Leo Francois', 'EAO-34', 11.32, 1.67, 'A', 0, 2);
insert into contentieux values ('2011-2012', 'SEM-7', 'Leo Francois', 'EAO-34');
insert into notes_details values ('2011-2012', 'SEM-7', 'Leo Francois', 'EAO-35', 11.32, 1.67, 'A', 0, 1);
insert into notes_details values ('2011-2012', 'SEM-7', 'Leo Francois', 'EAO-35', 11.32, 1.0, 'A', 0, 2);
insert into contentieux values ('2011-2012', 'SEM-7', 'Leo Francois', 'EAO-35');
insert into notes_details values ('2011-2012', 'SEM-7', 'Leo Francois', 'LCI-3', 11.32, 1.67, 'A', 0, 1);
insert into notes_details values ('2011-2012', 'SEM-7', 'Leo Francois', 'LCI-3', 11.32, 2.33, 'A', 3, 99);
insert into notes_details values ('2011-2012', 'SEM-7', 'Leo Francois', 'MAT-3', 11.32, 1.0, 'A', 0, 1);
insert into notes_details values ('2011-2012', 'SEM-7', 'Leo Francois', 'MAT-3', 11.32, 1.67, 'A', 0, 2);
insert into contentieux values ('2011-2012', 'SEM-7', 'Leo Francois', 'MAT-3');
insert into notes_details values ('2011-2012', 'SEM-7', 'Leo Francois', 'MNG-3', 11.32, 2.33, 'A', 0, 1);
insert into notes_details values ('2011-2012', 'SEM-7', 'Leo Francois', 'MNG-3', 11.32, 3.0, 'A', 3, 2);
insert into notes_details values ('2011-2012', 'SEM-7', 'Leo Francois', 'PJT-3', 11.32, 1.0, 'A', 0, 1);
insert into notes_details values ('2011-2012', 'SEM-7', 'Leo Francois', 'PJT-3', 11.32, 1.0, 'A', 5, 99);
insert into notes_details values ('2011-2012', 'SEM-7', 'Leo Francois', 'STD-3', 11.32, 1.67, 'A', 0, 1);
insert into notes_details values ('2011-2012', 'SEM-7', 'Leo Francois', 'STD-3', 11.32, 1.67, 'A', 0, 2);
insert into contentieux values ('2011-2012', 'SEM-7', 'Leo Francois', 'STD-3');
insert into gpa values ('2010-2011', 'SEM-5', 'Leo Francois', 2.92);
insert into gpa values ('2010-2011', 'SEM-6', 'Leo Francois', 3.55);
insert into gpa values ('2011-2012', 'SEM-7', 'Leo Francois', 2.42);
insert into eleves values ('Theodore Rummenigge', 1, 'S', 'Tres bien', 'Credits', null, 'trummenigge');
insert into notes_details values ('2011-2012', 'SEM-5', 'Theodore Rummenigge', 'ALG-1', 11.32, 3.67, 'A', 3, 1);
insert into notes_details values ('2011-2012', 'SEM-5', 'Theodore Rummenigge', 'DPP-1', 11.32, 2.33, 'A', 0, 1);
insert into notes_details values ('2011-2012', 'SEM-5', 'Theodore Rummenigge', 'DPP-1', 11.32, 3.0, 'A', 2, 2);
insert into notes_details values ('2011-2012', 'SEM-5', 'Theodore Rummenigge', 'ELE-1', 11.32, 1.67, 'A', 0, 1);
insert into notes_details values ('2011-2012', 'SEM-5', 'Theodore Rummenigge', 'ELE-1', 11.32, 3.67, 'A', 3, 2);
insert into notes_details values ('2011-2012', 'SEM-5', 'Theodore Rummenigge', 'INP-1', 11.32, 2.67, 'A', 3, 1);
insert into notes_details values ('2011-2012', 'SEM-5', 'Theodore Rummenigge', 'LCI-1', 11.32, 3.0, 'A', 3, 1);
insert into notes_details values ('2011-2012', 'SEM-5', 'Theodore Rummenigge', 'MAT-1', 11.32, 1.33, 'A', 0, 1);
insert into notes_details values ('2011-2012', 'SEM-5', 'Theodore Rummenigge', 'MAT-1', 11.32, 3.33, 'A', 3, 2);
insert into notes_details values ('2011-2012', 'SEM-5', 'Theodore Rummenigge', 'MGP-1', 11.32, 4.0, 'A', 4, 1);
insert into notes_details values ('2011-2012', 'SEM-5', 'Theodore Rummenigge', 'PHO-1', 11.32, 1.67, 'A', 0, 1);
insert into notes_details values ('2011-2012', 'SEM-5', 'Theodore Rummenigge', 'PHO-1', 11.32, 4.0, 'A', 3, 2);
insert into notes_details values ('2011-2012', 'SEM-5', 'Theodore Rummenigge', 'PHQ-1', 11.32, 2.67, 'A', 3, 1);
insert into notes_details values ('2011-2012', 'SEM-5', 'Theodore Rummenigge', 'SPM-1', 11.32, 3.33, 'A', 3, 1);
insert into notes_details values ('2011-2012', 'SEM-6', 'Theodore Rummenigge', 'DPP-2', 11.32, 1.33, 'A', 0, 1);
insert into notes_details values ('2011-2012', 'SEM-6', 'Theodore Rummenigge', 'DPP-2', 11.32, 3.0, 'A', 1, 2);
insert into notes_details values ('2011-2012', 'SEM-6', 'Theodore Rummenigge', 'EAO-2', 11.32, 1.67, 'A', 0, 1);
insert into notes_details values ('2011-2012', 'SEM-6', 'Theodore Rummenigge', 'EAO-2', 11.32, 3.0, 'A', 3, 2);
insert into notes_details values ('2011-2012', 'SEM-6', 'Theodore Rummenigge', 'ECO-2', 11.32, 3.33, 'A', 3, 1);
insert into notes_details values ('2011-2012', 'SEM-6', 'Theodore Rummenigge', 'LCI-2', 11.32, 1.0, 'A', 0, 1);
insert into notes_details values ('2011-2012', 'SEM-6', 'Theodore Rummenigge', 'LCI-2', 11.32, 2.67, 'A', 3, 2);
insert into notes_details values ('2011-2012', 'SEM-6', 'Theodore Rummenigge', 'MAT-2', 11.32, 4.0, 'A', 2, 1);
insert into notes_details values ('2011-2012', 'SEM-6', 'Theodore Rummenigge', 'MCO-2', 11.32, 1.33, 'A', 0, 1);
insert into notes_details values ('2011-2012', 'SEM-6', 'Theodore Rummenigge', 'MCO-2', 11.32, 3.0, 'A', 2, 2);
insert into notes_details values ('2011-2012', 'SEM-6', 'Theodore Rummenigge', 'MGP-2', 11.32, 2.33, 'A', 0, 1);
insert into notes_details values ('2011-2012', 'SEM-6', 'Theodore Rummenigge', 'MGP-2', 11.32, 3.0, 'A', 4, 2);
insert into notes_details values ('2011-2012', 'SEM-6', 'Theodore Rummenigge', 'PHS-2', 11.32, 1.0, 'A', 0, 1);
insert into notes_details values ('2011-2012', 'SEM-6', 'Theodore Rummenigge', 'PHS-2', 11.32, 3.0, 'A', 2, 2);
insert into notes_details values ('2011-2012', 'SEM-6', 'Theodore Rummenigge', 'PJT-2', 11.32, 2.67, 'A', 1, 1);
insert into notes_details values ('2011-2012', 'SEM-6', 'Theodore Rummenigge', 'RMS-2', 11.32, 3.33, 'A', 4, 1);
insert into notes_details values ('2011-2012', 'SEM-6', 'Theodore Rummenigge', 'STG-2', 11.32, 2.67, 'A', 2, 1);
insert into notes_details values ('2011-2012', 'SEM-6', 'Theodore Rummenigge', 'THS-2', 11.32, 3.33, 'A', 3, 1);
insert into notes_details values ('2012-2013', 'SEM-7', 'Theodore Rummenigge', 'ASL-3', 11.32, 1.33, 'A', 0, 1);
insert into notes_details values ('2012-2013', 'SEM-7', 'Theodore Rummenigge', 'ASL-3', 11.32, 3.33, 'A', 2, 2);
insert into notes_details values ('2012-2013', 'SEM-7', 'Theodore Rummenigge', 'DPP-3', 11.32, 2.0, 'A', 0, 1);
insert into notes_details values ('2012-2013', 'SEM-7', 'Theodore Rummenigge', 'DPP-3', 11.32, 1.33, 'A', 2, 99);
insert into notes_details values ('2012-2013', 'SEM-7', 'Theodore Rummenigge', 'EAO-31', 11.32, 2.0, 'A', 0, 1);
insert into notes_details values ('2012-2013', 'SEM-7', 'Theodore Rummenigge', 'EAO-31', 11.32, 3.33, 'A', 2, 2);
insert into notes_details values ('2012-2013', 'SEM-7', 'Theodore Rummenigge', 'EAO-32', 11.32, 3.33, 'A', 2, 1);
insert into notes_details values ('2012-2013', 'SEM-7', 'Theodore Rummenigge', 'EAO-33', 11.32, 2.0, 'A', 0, 1);
insert into notes_details values ('2012-2013', 'SEM-7', 'Theodore Rummenigge', 'EAO-33', 11.32, 2.0, 'A', 0, 2);
insert into contentieux values ('2012-2013', 'SEM-7', 'Theodore Rummenigge', 'EAO-33');
insert into notes_details values ('2012-2013', 'SEM-7', 'Theodore Rummenigge', 'EAO-34', 11.32, 4.0, 'A', 2, 1);
insert into notes_details values ('2012-2013', 'SEM-7', 'Theodore Rummenigge', 'EAO-35', 11.32, 1.67, 'A', 0, 1);
insert into notes_details values ('2012-2013', 'SEM-7', 'Theodore Rummenigge', 'EAO-35', 11.32, 2.33, 'A', 0, 2);
insert into contentieux values ('2012-2013', 'SEM-7', 'Theodore Rummenigge', 'EAO-35');
insert into notes_details values ('2012-2013', 'SEM-7', 'Theodore Rummenigge', 'LCI-3', 11.32, 2.33, 'A', 0, 1);
insert into notes_details values ('2012-2013', 'SEM-7', 'Theodore Rummenigge', 'LCI-3', 11.32, 2.33, 'A', 0, 2);
insert into contentieux values ('2012-2013', 'SEM-7', 'Theodore Rummenigge', 'LCI-3');
insert into notes_details values ('2012-2013', 'SEM-7', 'Theodore Rummenigge', 'MAT-3', 11.32, 3.67, 'A', 3, 1);
insert into notes_details values ('2012-2013', 'SEM-7', 'Theodore Rummenigge', 'MNG-3', 11.32, 2.33, 'A', 0, 1);
insert into notes_details values ('2012-2013', 'SEM-7', 'Theodore Rummenigge', 'MNG-3', 11.32, 1.67, 'A', 0, 2);
insert into contentieux values ('2012-2013', 'SEM-7', 'Theodore Rummenigge', 'MNG-3');
insert into notes_details values ('2012-2013', 'SEM-7', 'Theodore Rummenigge', 'PJT-3', 11.32, 3.33, 'A', 5, 1);
insert into notes_details values ('2012-2013', 'SEM-7', 'Theodore Rummenigge', 'STD-3', 11.32, 1.33, 'A', 0, 1);
insert into notes_details values ('2012-2013', 'SEM-7', 'Theodore Rummenigge', 'STD-3', 11.32, 3.33, 'A', 2, 2);
insert into gpa values ('2011-2012', 'SEM-5', 'Theodore Rummenigge', 3.37);
insert into gpa values ('2011-2012', 'SEM-6', 'Theodore Rummenigge', 3.44);
insert into gpa values ('2012-2013', 'SEM-7', 'Theodore Rummenigge', 2.19);
insert into eleves values ('Campbell Dumas', 1, 'S', 'Tres bien', 'MP', null, 'cdumas');
insert into notes_details values ('2010-2011', 'SEM-5', 'Campbell Dumas', 'ALG-1', 11.32, 2.0, 'A', 0, 1);
insert into notes_details values ('2010-2011', 'SEM-5', 'Campbell Dumas', 'ALG-1', 11.32, 4.0, 'A', 3, 2);
insert into notes_details values ('2010-2011', 'SEM-5', 'Campbell Dumas', 'DPP-1', 11.32, 3.0, 'A', 2, 1);
insert into notes_details values ('2010-2011', 'SEM-5', 'Campbell Dumas', 'ELE-1', 11.32, 3.33, 'A', 3, 1);
insert into notes_details values ('2010-2011', 'SEM-5', 'Campbell Dumas', 'INP-1', 11.32, 1.67, 'A', 0, 1);
insert into notes_details values ('2010-2011', 'SEM-5', 'Campbell Dumas', 'INP-1', 11.32, 3.67, 'A', 3, 2);
insert into notes_details values ('2010-2011', 'SEM-5', 'Campbell Dumas', 'LCI-1', 11.32, 2.33, 'A', 0, 1);
insert into notes_details values ('2010-2011', 'SEM-5', 'Campbell Dumas', 'LCI-1', 11.32, 4.0, 'A', 3, 2);
insert into notes_details values ('2010-2011', 'SEM-5', 'Campbell Dumas', 'MAT-1', 11.32, 1.33, 'A', 0, 1);
insert into notes_details values ('2010-2011', 'SEM-5', 'Campbell Dumas', 'MAT-1', 11.32, 1.33, 'A', 3, 99);
insert into notes_details values ('2010-2011', 'SEM-5', 'Campbell Dumas', 'MGP-1', 11.32, 3.33, 'A', 4, 1);
insert into notes_details values ('2010-2011', 'SEM-5', 'Campbell Dumas', 'PHO-1', 11.32, 3.67, 'A', 3, 1);
insert into notes_details values ('2010-2011', 'SEM-5', 'Campbell Dumas', 'PHQ-1', 11.32, 4.0, 'A', 3, 1);
insert into notes_details values ('2010-2011', 'SEM-5', 'Campbell Dumas', 'SPM-1', 11.32, 1.67, 'A', 0, 1);
insert into notes_details values ('2010-2011', 'SEM-5', 'Campbell Dumas', 'SPM-1', 11.32, 4.0, 'A', 3, 2);
insert into notes_details values ('2010-2011', 'SEM-6', 'Campbell Dumas', 'DPP-2', 11.32, 2.67, 'A', 1, 1);
insert into notes_details values ('2010-2011', 'SEM-6', 'Campbell Dumas', 'EAO-2', 11.32, 2.67, 'A', 3, 1);
insert into notes_details values ('2010-2011', 'SEM-6', 'Campbell Dumas', 'ECO-2', 11.32, 2.0, 'A', 0, 1);
insert into notes_details values ('2010-2011', 'SEM-6', 'Campbell Dumas', 'ECO-2', 11.32, 4.0, 'A', 3, 2);
insert into notes_details values ('2010-2011', 'SEM-6', 'Campbell Dumas', 'LCI-2', 11.32, 3.0, 'A', 3, 1);
insert into notes_details values ('2010-2011', 'SEM-6', 'Campbell Dumas', 'MAT-2', 11.32, 1.0, 'A', 0, 1);
insert into notes_details values ('2010-2011', 'SEM-6', 'Campbell Dumas', 'MAT-2', 11.32, 2.67, 'A', 2, 2);
insert into notes_details values ('2010-2011', 'SEM-6', 'Campbell Dumas', 'MCO-2', 11.32, 4.0, 'A', 2, 1);
insert into notes_details values ('2010-2011', 'SEM-6', 'Campbell Dumas', 'MGP-2', 11.32, 1.0, 'A', 0, 1);
insert into notes_details values ('2010-2011', 'SEM-6', 'Campbell Dumas', 'MGP-2', 11.32, 3.33, 'A', 4, 2);
insert into notes_details values ('2010-2011', 'SEM-6', 'Campbell Dumas', 'PHS-2', 11.32, 2.67, 'A', 2, 1);
insert into notes_details values ('2010-2011', 'SEM-6', 'Campbell Dumas', 'PJT-2', 11.32, 1.0, 'A', 0, 1);
insert into notes_details values ('2010-2011', 'SEM-6', 'Campbell Dumas', 'PJT-2', 11.32, 3.0, 'A', 1, 2);
insert into notes_details values ('2010-2011', 'SEM-6', 'Campbell Dumas', 'RMS-2', 11.32, 1.0, 'A', 0, 1);
insert into notes_details values ('2010-2011', 'SEM-6', 'Campbell Dumas', 'RMS-2', 11.32, 3.33, 'A', 4, 2);
insert into notes_details values ('2010-2011', 'SEM-6', 'Campbell Dumas', 'STG-2', 11.32, 2.0, 'A', 0, 1);
insert into notes_details values ('2010-2011', 'SEM-6', 'Campbell Dumas', 'STG-2', 11.32, 2.0, 'A', 2, 99);
insert into notes_details values ('2010-2011', 'SEM-6', 'Campbell Dumas', 'THS-2', 11.32, 2.0, 'A', 0, 1);
insert into notes_details values ('2010-2011', 'SEM-6', 'Campbell Dumas', 'THS-2', 11.32, 4.0, 'A', 3, 2);
insert into notes_details values ('2011-2012', 'SEM-7', 'Campbell Dumas', 'ASL-3', 11.32, 1.33, 'A', 0, 1);
insert into notes_details values ('2011-2012', 'SEM-7', 'Campbell Dumas', 'ASL-3', 11.32, 4.0, 'A', 2, 2);
insert into notes_details values ('2011-2012', 'SEM-7', 'Campbell Dumas', 'DPP-3', 11.32, 1.33, 'A', 0, 1);
insert into notes_details values ('2011-2012', 'SEM-7', 'Campbell Dumas', 'DPP-3', 11.32, 3.67, 'A', 2, 2);
insert into notes_details values ('2011-2012', 'SEM-7', 'Campbell Dumas', 'EAO-31', 11.32, 2.33, 'A', 0, 1);
insert into notes_details values ('2011-2012', 'SEM-7', 'Campbell Dumas', 'EAO-31', 11.32, 3.67, 'A', 2, 2);
insert into notes_details values ('2011-2012', 'SEM-7', 'Campbell Dumas', 'EAO-32', 11.32, 2.67, 'A', 2, 1);
insert into notes_details values ('2011-2012', 'SEM-7', 'Campbell Dumas', 'EAO-33', 11.32, 2.33, 'A', 0, 1);
insert into notes_details values ('2011-2012', 'SEM-7', 'Campbell Dumas', 'EAO-33', 11.32, 3.33, 'A', 2, 2);
insert into notes_details values ('2011-2012', 'SEM-7', 'Campbell Dumas', 'EAO-34', 11.32, 4.0, 'A', 2, 1);
insert into notes_details values ('2011-2012', 'SEM-7', 'Campbell Dumas', 'EAO-35', 11.32, 2.0, 'A', 0, 1);
insert into notes_details values ('2011-2012', 'SEM-7', 'Campbell Dumas', 'EAO-35', 11.32, 2.0, 'A', 2, 99);
insert into notes_details values ('2011-2012', 'SEM-7', 'Campbell Dumas', 'LCI-3', 11.32, 3.0, 'A', 3, 1);
insert into notes_details values ('2011-2012', 'SEM-7', 'Campbell Dumas', 'MAT-3', 11.32, 3.33, 'A', 3, 1);
insert into notes_details values ('2011-2012', 'SEM-7', 'Campbell Dumas', 'MNG-3', 11.32, 3.33, 'A', 3, 1);
insert into notes_details values ('2011-2012', 'SEM-7', 'Campbell Dumas', 'PJT-3', 11.32, 1.67, 'A', 0, 1);
insert into notes_details values ('2011-2012', 'SEM-7', 'Campbell Dumas', 'PJT-3', 11.32, 3.67, 'A', 5, 2);
insert into notes_details values ('2011-2012', 'SEM-7', 'Campbell Dumas', 'STD-3', 11.32, 2.67, 'A', 2, 1);
insert into gpa values ('2010-2011', 'SEM-5', 'Campbell Dumas', 3.92);
insert into gpa values ('2010-2011', 'SEM-6', 'Campbell Dumas', 3.13);
insert into gpa values ('2011-2012', 'SEM-7', 'Campbell Dumas', 3.6);
insert into eleves values ('Xao David', 1, 'S', 'Tres bien', 'MP', null, 'xdavid');
insert into notes_details values ('2011-2012', 'SEM-5', 'Xao David', 'ALG-1', 11.32, 2.33, 'A', 0, 1);
insert into notes_details values ('2011-2012', 'SEM-5', 'Xao David', 'ALG-1', 11.32, 3.33, 'A', 3, 2);
insert into notes_details values ('2011-2012', 'SEM-5', 'Xao David', 'DPP-1', 11.32, 1.0, 'A', 0, 1);
insert into notes_details values ('2011-2012', 'SEM-5', 'Xao David', 'DPP-1', 11.32, 3.0, 'A', 2, 2);
insert into notes_details values ('2011-2012', 'SEM-5', 'Xao David', 'ELE-1', 11.32, 1.0, 'A', 0, 1);
insert into notes_details values ('2011-2012', 'SEM-5', 'Xao David', 'ELE-1', 11.32, 3.0, 'A', 3, 2);
insert into notes_details values ('2011-2012', 'SEM-5', 'Xao David', 'INP-1', 11.32, 3.33, 'A', 3, 1);
insert into notes_details values ('2011-2012', 'SEM-5', 'Xao David', 'LCI-1', 11.32, 1.0, 'A', 0, 1);
insert into notes_details values ('2011-2012', 'SEM-5', 'Xao David', 'LCI-1', 11.32, 3.67, 'A', 3, 2);
insert into notes_details values ('2011-2012', 'SEM-5', 'Xao David', 'MAT-1', 11.32, 3.67, 'A', 3, 1);
insert into notes_details values ('2011-2012', 'SEM-5', 'Xao David', 'MGP-1', 11.32, 2.33, 'A', 0, 1);
insert into notes_details values ('2011-2012', 'SEM-5', 'Xao David', 'MGP-1', 11.32, 2.67, 'A', 4, 2);
insert into notes_details values ('2011-2012', 'SEM-5', 'Xao David', 'PHO-1', 11.32, 3.0, 'A', 3, 1);
insert into notes_details values ('2011-2012', 'SEM-5', 'Xao David', 'PHQ-1', 11.32, 1.33, 'A', 0, 1);
insert into notes_details values ('2011-2012', 'SEM-5', 'Xao David', 'PHQ-1', 11.32, 1.67, 'A', 3, 99);
insert into notes_details values ('2011-2012', 'SEM-5', 'Xao David', 'SPM-1', 11.32, 1.0, 'A', 0, 1);
insert into notes_details values ('2011-2012', 'SEM-5', 'Xao David', 'SPM-1', 11.32, 2.67, 'A', 3, 2);
insert into notes_details values ('2011-2012', 'SEM-6', 'Xao David', 'DPP-2', 11.32, 3.33, 'A', 1, 1);
insert into notes_details values ('2011-2012', 'SEM-6', 'Xao David', 'EAO-2', 11.32, 3.0, 'A', 3, 1);
insert into notes_details values ('2011-2012', 'SEM-6', 'Xao David', 'ECO-2', 11.32, 1.33, 'A', 0, 1);
insert into notes_details values ('2011-2012', 'SEM-6', 'Xao David', 'ECO-2', 11.32, 2.33, 'A', 3, 99);
insert into notes_details values ('2011-2012', 'SEM-6', 'Xao David', 'LCI-2', 11.32, 2.67, 'A', 3, 1);
insert into notes_details values ('2011-2012', 'SEM-6', 'Xao David', 'MAT-2', 11.32, 3.67, 'A', 2, 1);
insert into notes_details values ('2011-2012', 'SEM-6', 'Xao David', 'MCO-2', 11.32, 2.67, 'A', 2, 1);
insert into notes_details values ('2011-2012', 'SEM-6', 'Xao David', 'MGP-2', 11.32, 1.67, 'A', 0, 1);
insert into notes_details values ('2011-2012', 'SEM-6', 'Xao David', 'MGP-2', 11.32, 1.0, 'A', 4, 99);
insert into notes_details values ('2011-2012', 'SEM-6', 'Xao David', 'PHS-2', 11.32, 2.67, 'A', 2, 1);
insert into notes_details values ('2011-2012', 'SEM-6', 'Xao David', 'PJT-2', 11.32, 2.33, 'A', 0, 1);
insert into notes_details values ('2011-2012', 'SEM-6', 'Xao David', 'PJT-2', 11.32, 2.33, 'A', 1, 99);
insert into notes_details values ('2011-2012', 'SEM-6', 'Xao David', 'RMS-2', 11.32, 3.67, 'A', 4, 1);
insert into notes_details values ('2011-2012', 'SEM-6', 'Xao David', 'STG-2', 11.32, 2.33, 'A', 0, 1);
insert into notes_details values ('2011-2012', 'SEM-6', 'Xao David', 'STG-2', 11.32, 2.33, 'A', 2, 99);
insert into notes_details values ('2011-2012', 'SEM-6', 'Xao David', 'THS-2', 11.32, 2.67, 'A', 3, 1);
insert into notes_details values ('2012-2013', 'SEM-7', 'Xao David', 'ASL-3', 11.32, 3.33, 'A', 2, 1);
insert into notes_details values ('2012-2013', 'SEM-7', 'Xao David', 'DPP-3', 11.32, 4.0, 'A', 2, 1);
insert into notes_details values ('2012-2013', 'SEM-7', 'Xao David', 'EAO-31', 11.32, 2.0, 'A', 0, 1);
insert into notes_details values ('2012-2013', 'SEM-7', 'Xao David', 'EAO-31', 11.32, 2.33, 'A', 0, 2);
insert into contentieux values ('2012-2013', 'SEM-7', 'Xao David', 'EAO-31');
insert into notes_details values ('2012-2013', 'SEM-7', 'Xao David', 'EAO-32', 11.32, 1.33, 'A', 0, 1);
insert into notes_details values ('2012-2013', 'SEM-7', 'Xao David', 'EAO-32', 11.32, 1.67, 'A', 0, 2);
insert into contentieux values ('2012-2013', 'SEM-7', 'Xao David', 'EAO-32');
insert into notes_details values ('2012-2013', 'SEM-7', 'Xao David', 'EAO-33', 11.32, 2.0, 'A', 0, 1);
insert into notes_details values ('2012-2013', 'SEM-7', 'Xao David', 'EAO-33', 11.32, 4.0, 'A', 2, 2);
insert into notes_details values ('2012-2013', 'SEM-7', 'Xao David', 'EAO-34', 11.32, 1.67, 'A', 0, 1);
insert into notes_details values ('2012-2013', 'SEM-7', 'Xao David', 'EAO-34', 11.32, 1.0, 'A', 0, 2);
insert into contentieux values ('2012-2013', 'SEM-7', 'Xao David', 'EAO-34');
insert into notes_details values ('2012-2013', 'SEM-7', 'Xao David', 'EAO-35', 11.32, 2.0, 'A', 0, 1);
insert into notes_details values ('2012-2013', 'SEM-7', 'Xao David', 'EAO-35', 11.32, 3.67, 'A', 2, 2);
insert into notes_details values ('2012-2013', 'SEM-7', 'Xao David', 'LCI-3', 11.32, 2.67, 'A', 3, 1);
insert into notes_details values ('2012-2013', 'SEM-7', 'Xao David', 'MAT-3', 11.32, 1.33, 'A', 0, 1);
insert into notes_details values ('2012-2013', 'SEM-7', 'Xao David', 'MAT-3', 11.32, 1.0, 'A', 3, 99);
insert into notes_details values ('2012-2013', 'SEM-7', 'Xao David', 'MNG-3', 11.32, 1.33, 'A', 0, 1);
insert into notes_details values ('2012-2013', 'SEM-7', 'Xao David', 'MNG-3', 11.32, 2.67, 'A', 3, 2);
insert into notes_details values ('2012-2013', 'SEM-7', 'Xao David', 'PJT-3', 11.32, 4.0, 'A', 5, 1);
insert into notes_details values ('2012-2013', 'SEM-7', 'Xao David', 'STD-3', 11.32, 2.67, 'A', 2, 1);
insert into gpa values ('2011-2012', 'SEM-5', 'Xao David', 3.18);
insert into gpa values ('2011-2012', 'SEM-6', 'Xao David', 3.01);
insert into gpa values ('2012-2013', 'SEM-7', 'Xao David', 2.02);
insert into eleves values ('Erembourg Perrot', 1, 'S', 'Tres bien', 'Etranger', null, 'eperrot');
insert into notes_details values ('2010-2011', 'SEM-5', 'Erembourg Perrot', 'ALG-1', 11.32, 1.67, 'A', 0, 1);
insert into notes_details values ('2010-2011', 'SEM-5', 'Erembourg Perrot', 'ALG-1', 11.32, 3.0, 'A', 3, 2);
insert into notes_details values ('2010-2011', 'SEM-5', 'Erembourg Perrot', 'DPP-1', 11.32, 1.0, 'A', 0, 1);
insert into notes_details values ('2010-2011', 'SEM-5', 'Erembourg Perrot', 'DPP-1', 11.32, 4.0, 'A', 2, 2);
insert into notes_details values ('2010-2011', 'SEM-5', 'Erembourg Perrot', 'ELE-1', 11.32, 2.67, 'A', 3, 1);
insert into notes_details values ('2010-2011', 'SEM-5', 'Erembourg Perrot', 'INP-1', 11.32, 2.0, 'A', 0, 1);
insert into notes_details values ('2010-2011', 'SEM-5', 'Erembourg Perrot', 'INP-1', 11.32, 4.0, 'A', 3, 2);
insert into notes_details values ('2010-2011', 'SEM-5', 'Erembourg Perrot', 'LCI-1', 11.32, 2.0, 'A', 0, 1);
insert into notes_details values ('2010-2011', 'SEM-5', 'Erembourg Perrot', 'LCI-1', 11.32, 3.33, 'A', 3, 2);
insert into notes_details values ('2010-2011', 'SEM-5', 'Erembourg Perrot', 'MAT-1', 11.32, 3.33, 'A', 3, 1);
insert into notes_details values ('2010-2011', 'SEM-5', 'Erembourg Perrot', 'MGP-1', 11.32, 2.33, 'A', 0, 1);
insert into notes_details values ('2010-2011', 'SEM-5', 'Erembourg Perrot', 'MGP-1', 11.32, 3.67, 'A', 4, 2);
insert into notes_details values ('2010-2011', 'SEM-5', 'Erembourg Perrot', 'PHO-1', 11.32, 3.33, 'A', 3, 1);
insert into notes_details values ('2010-2011', 'SEM-5', 'Erembourg Perrot', 'PHQ-1', 11.32, 1.33, 'A', 0, 1);
insert into notes_details values ('2010-2011', 'SEM-5', 'Erembourg Perrot', 'PHQ-1', 11.32, 3.67, 'A', 3, 2);
insert into notes_details values ('2010-2011', 'SEM-5', 'Erembourg Perrot', 'SPM-1', 11.32, 2.0, 'A', 0, 1);
insert into notes_details values ('2010-2011', 'SEM-5', 'Erembourg Perrot', 'SPM-1', 11.32, 3.0, 'A', 3, 2);
insert into notes_details values ('2010-2011', 'SEM-6', 'Erembourg Perrot', 'DPP-2', 11.32, 3.33, 'A', 1, 1);
insert into notes_details values ('2010-2011', 'SEM-6', 'Erembourg Perrot', 'EAO-2', 11.32, 1.67, 'A', 0, 1);
insert into notes_details values ('2010-2011', 'SEM-6', 'Erembourg Perrot', 'EAO-2', 11.32, 2.67, 'A', 3, 2);
insert into notes_details values ('2010-2011', 'SEM-6', 'Erembourg Perrot', 'ECO-2', 11.32, 2.0, 'A', 0, 1);
insert into notes_details values ('2010-2011', 'SEM-6', 'Erembourg Perrot', 'ECO-2', 11.32, 3.33, 'A', 3, 2);
insert into notes_details values ('2010-2011', 'SEM-6', 'Erembourg Perrot', 'LCI-2', 11.32, 1.33, 'A', 0, 1);
insert into notes_details values ('2010-2011', 'SEM-6', 'Erembourg Perrot', 'LCI-2', 11.32, 2.67, 'A', 3, 2);
insert into notes_details values ('2010-2011', 'SEM-6', 'Erembourg Perrot', 'MAT-2', 11.32, 2.0, 'A', 0, 1);
insert into notes_details values ('2010-2011', 'SEM-6', 'Erembourg Perrot', 'MAT-2', 11.32, 4.0, 'A', 2, 2);
insert into notes_details values ('2010-2011', 'SEM-6', 'Erembourg Perrot', 'MCO-2', 11.32, 3.0, 'A', 2, 1);
insert into notes_details values ('2010-2011', 'SEM-6', 'Erembourg Perrot', 'MGP-2', 11.32, 1.33, 'A', 0, 1);
insert into notes_details values ('2010-2011', 'SEM-6', 'Erembourg Perrot', 'MGP-2', 11.32, 2.67, 'A', 4, 2);
insert into notes_details values ('2010-2011', 'SEM-6', 'Erembourg Perrot', 'PHS-2', 11.32, 1.67, 'A', 0, 1);
insert into notes_details values ('2010-2011', 'SEM-6', 'Erembourg Perrot', 'PHS-2', 11.32, 4.0, 'A', 2, 2);
insert into notes_details values ('2010-2011', 'SEM-6', 'Erembourg Perrot', 'PJT-2', 11.32, 3.0, 'A', 1, 1);
insert into notes_details values ('2010-2011', 'SEM-6', 'Erembourg Perrot', 'RMS-2', 11.32, 2.33, 'A', 0, 1);
insert into notes_details values ('2010-2011', 'SEM-6', 'Erembourg Perrot', 'RMS-2', 11.32, 2.67, 'A', 4, 2);
insert into notes_details values ('2010-2011', 'SEM-6', 'Erembourg Perrot', 'STG-2', 11.32, 1.33, 'A', 0, 1);
insert into notes_details values ('2010-2011', 'SEM-6', 'Erembourg Perrot', 'STG-2', 11.32, 3.67, 'A', 2, 2);
insert into notes_details values ('2010-2011', 'SEM-6', 'Erembourg Perrot', 'THS-2', 11.32, 2.0, 'A', 0, 1);
insert into notes_details values ('2010-2011', 'SEM-6', 'Erembourg Perrot', 'THS-2', 11.32, 3.0, 'A', 3, 2);
insert into notes_details values ('2011-2012', 'SEM-7', 'Erembourg Perrot', 'ASL-3', 11.32, 2.33, 'A', 0, 1);
insert into notes_details values ('2011-2012', 'SEM-7', 'Erembourg Perrot', 'ASL-3', 11.32, 2.67, 'A', 2, 2);
insert into notes_details values ('2011-2012', 'SEM-7', 'Erembourg Perrot', 'DPP-3', 11.32, 1.33, 'A', 0, 1);
insert into notes_details values ('2011-2012', 'SEM-7', 'Erembourg Perrot', 'DPP-3', 11.32, 3.33, 'A', 2, 2);
insert into notes_details values ('2011-2012', 'SEM-7', 'Erembourg Perrot', 'EAO-31', 11.32, 1.33, 'A', 0, 1);
insert into notes_details values ('2011-2012', 'SEM-7', 'Erembourg Perrot', 'EAO-31', 11.32, 1.33, 'A', 0, 2);
insert into contentieux values ('2011-2012', 'SEM-7', 'Erembourg Perrot', 'EAO-31');
insert into notes_details values ('2011-2012', 'SEM-7', 'Erembourg Perrot', 'EAO-32', 11.32, 2.0, 'A', 0, 1);
insert into notes_details values ('2011-2012', 'SEM-7', 'Erembourg Perrot', 'EAO-32', 11.32, 2.0, 'A', 0, 2);
insert into contentieux values ('2011-2012', 'SEM-7', 'Erembourg Perrot', 'EAO-32');
insert into notes_details values ('2011-2012', 'SEM-7', 'Erembourg Perrot', 'EAO-33', 11.32, 1.33, 'A', 0, 1);
insert into notes_details values ('2011-2012', 'SEM-7', 'Erembourg Perrot', 'EAO-33', 11.32, 2.67, 'A', 2, 2);
insert into notes_details values ('2011-2012', 'SEM-7', 'Erembourg Perrot', 'EAO-34', 11.32, 3.0, 'A', 2, 1);
insert into notes_details values ('2011-2012', 'SEM-7', 'Erembourg Perrot', 'EAO-35', 11.32, 3.0, 'A', 2, 1);
insert into notes_details values ('2011-2012', 'SEM-7', 'Erembourg Perrot', 'LCI-3', 11.32, 2.33, 'A', 0, 1);
insert into notes_details values ('2011-2012', 'SEM-7', 'Erembourg Perrot', 'LCI-3', 11.32, 4.0, 'A', 3, 2);
insert into notes_details values ('2011-2012', 'SEM-7', 'Erembourg Perrot', 'MAT-3', 11.32, 2.33, 'A', 0, 1);
insert into notes_details values ('2011-2012', 'SEM-7', 'Erembourg Perrot', 'MAT-3', 11.32, 1.0, 'A', 0, 2);
insert into contentieux values ('2011-2012', 'SEM-7', 'Erembourg Perrot', 'MAT-3');
insert into notes_details values ('2011-2012', 'SEM-7', 'Erembourg Perrot', 'MNG-3', 11.32, 2.33, 'A', 0, 1);
insert into notes_details values ('2011-2012', 'SEM-7', 'Erembourg Perrot', 'MNG-3', 11.32, 1.33, 'A', 0, 2);
insert into contentieux values ('2011-2012', 'SEM-7', 'Erembourg Perrot', 'MNG-3');
insert into notes_details values ('2011-2012', 'SEM-7', 'Erembourg Perrot', 'PJT-3', 11.32, 3.67, 'A', 5, 1);
insert into notes_details values ('2011-2012', 'SEM-7', 'Erembourg Perrot', 'STD-3', 11.32, 2.33, 'A', 0, 1);
insert into notes_details values ('2011-2012', 'SEM-7', 'Erembourg Perrot', 'STD-3', 11.32, 2.0, 'A', 0, 2);
insert into contentieux values ('2011-2012', 'SEM-7', 'Erembourg Perrot', 'STD-3');
insert into gpa values ('2010-2011', 'SEM-5', 'Erembourg Perrot', 2.65);
insert into gpa values ('2010-2011', 'SEM-6', 'Erembourg Perrot', 2.47);
insert into gpa values ('2011-2012', 'SEM-7', 'Erembourg Perrot', 3.91);
insert into eleves values ('Thomas Laurent', 1, 'S', 'Tres bien', 'MP', null, 'tlaurent');
insert into notes_details values ('2011-2012', 'SEM-5', 'Thomas Laurent', 'ALG-1', 11.32, 3.33, 'A', 3, 1);
insert into notes_details values ('2011-2012', 'SEM-5', 'Thomas Laurent', 'DPP-1', 11.32, 4.0, 'A', 2, 1);
insert into notes_details values ('2011-2012', 'SEM-5', 'Thomas Laurent', 'ELE-1', 11.32, 2.33, 'A', 0, 1);
insert into notes_details values ('2011-2012', 'SEM-5', 'Thomas Laurent', 'ELE-1', 11.32, 3.67, 'A', 3, 2);
insert into notes_details values ('2011-2012', 'SEM-5', 'Thomas Laurent', 'INP-1', 11.32, 1.67, 'A', 0, 1);
insert into notes_details values ('2011-2012', 'SEM-5', 'Thomas Laurent', 'INP-1', 11.32, 2.33, 'A', 3, 99);
insert into notes_details values ('2011-2012', 'SEM-5', 'Thomas Laurent', 'LCI-1', 11.32, 2.67, 'A', 3, 1);
insert into notes_details values ('2011-2012', 'SEM-5', 'Thomas Laurent', 'MAT-1', 11.32, 4.0, 'A', 3, 1);
insert into notes_details values ('2011-2012', 'SEM-5', 'Thomas Laurent', 'MGP-1', 11.32, 3.33, 'A', 4, 1);
insert into notes_details values ('2011-2012', 'SEM-5', 'Thomas Laurent', 'PHO-1', 11.32, 4.0, 'A', 3, 1);
insert into notes_details values ('2011-2012', 'SEM-5', 'Thomas Laurent', 'PHQ-1', 11.32, 4.0, 'A', 3, 1);
insert into notes_details values ('2011-2012', 'SEM-5', 'Thomas Laurent', 'SPM-1', 11.32, 2.0, 'A', 0, 1);
insert into notes_details values ('2011-2012', 'SEM-5', 'Thomas Laurent', 'SPM-1', 11.32, 4.0, 'A', 3, 2);
insert into notes_details values ('2011-2012', 'SEM-6', 'Thomas Laurent', 'DPP-2', 11.32, 2.0, 'A', 0, 1);
insert into notes_details values ('2011-2012', 'SEM-6', 'Thomas Laurent', 'DPP-2', 11.32, 2.67, 'A', 1, 2);
insert into notes_details values ('2011-2012', 'SEM-6', 'Thomas Laurent', 'EAO-2', 11.32, 1.67, 'A', 0, 1);
insert into notes_details values ('2011-2012', 'SEM-6', 'Thomas Laurent', 'EAO-2', 11.32, 3.33, 'A', 3, 2);
insert into notes_details values ('2011-2012', 'SEM-6', 'Thomas Laurent', 'ECO-2', 11.32, 1.0, 'A', 0, 1);
insert into notes_details values ('2011-2012', 'SEM-6', 'Thomas Laurent', 'ECO-2', 11.32, 3.33, 'A', 3, 2);
insert into notes_details values ('2011-2012', 'SEM-6', 'Thomas Laurent', 'LCI-2', 11.32, 2.33, 'A', 0, 1);
insert into notes_details values ('2011-2012', 'SEM-6', 'Thomas Laurent', 'LCI-2', 11.32, 3.67, 'A', 3, 2);
insert into notes_details values ('2011-2012', 'SEM-6', 'Thomas Laurent', 'MAT-2', 11.32, 3.0, 'A', 2, 1);
insert into notes_details values ('2011-2012', 'SEM-6', 'Thomas Laurent', 'MCO-2', 11.32, 2.33, 'A', 0, 1);
insert into notes_details values ('2011-2012', 'SEM-6', 'Thomas Laurent', 'MCO-2', 11.32, 3.67, 'A', 2, 2);
insert into notes_details values ('2011-2012', 'SEM-6', 'Thomas Laurent', 'MGP-2', 11.32, 4.0, 'A', 4, 1);
insert into notes_details values ('2011-2012', 'SEM-6', 'Thomas Laurent', 'PHS-2', 11.32, 2.67, 'A', 2, 1);
insert into notes_details values ('2011-2012', 'SEM-6', 'Thomas Laurent', 'PJT-2', 11.32, 2.67, 'A', 1, 1);
insert into notes_details values ('2011-2012', 'SEM-6', 'Thomas Laurent', 'RMS-2', 11.32, 3.67, 'A', 4, 1);
insert into notes_details values ('2011-2012', 'SEM-6', 'Thomas Laurent', 'STG-2', 11.32, 3.0, 'A', 2, 1);
insert into notes_details values ('2011-2012', 'SEM-6', 'Thomas Laurent', 'THS-2', 11.32, 3.33, 'A', 3, 1);
insert into notes_details values ('2012-2013', 'SEM-7', 'Thomas Laurent', 'ASL-3', 11.32, 1.33, 'A', 0, 1);
insert into notes_details values ('2012-2013', 'SEM-7', 'Thomas Laurent', 'ASL-3', 11.32, 4.0, 'A', 2, 2);
insert into notes_details values ('2012-2013', 'SEM-7', 'Thomas Laurent', 'DPP-3', 11.32, 2.67, 'A', 2, 1);
insert into notes_details values ('2012-2013', 'SEM-7', 'Thomas Laurent', 'EAO-31', 11.32, 3.67, 'A', 2, 1);
insert into notes_details values ('2012-2013', 'SEM-7', 'Thomas Laurent', 'EAO-32', 11.32, 1.0, 'A', 0, 1);
insert into notes_details values ('2012-2013', 'SEM-7', 'Thomas Laurent', 'EAO-32', 11.32, 2.33, 'A', 0, 2);
insert into contentieux values ('2012-2013', 'SEM-7', 'Thomas Laurent', 'EAO-32');
insert into notes_details values ('2012-2013', 'SEM-7', 'Thomas Laurent', 'EAO-33', 11.32, 1.0, 'A', 0, 1);
insert into notes_details values ('2012-2013', 'SEM-7', 'Thomas Laurent', 'EAO-33', 11.32, 1.33, 'A', 0, 2);
insert into contentieux values ('2012-2013', 'SEM-7', 'Thomas Laurent', 'EAO-33');
insert into notes_details values ('2012-2013', 'SEM-7', 'Thomas Laurent', 'EAO-34', 11.32, 3.0, 'A', 2, 1);
insert into notes_details values ('2012-2013', 'SEM-7', 'Thomas Laurent', 'EAO-35', 11.32, 3.0, 'A', 2, 1);
insert into notes_details values ('2012-2013', 'SEM-7', 'Thomas Laurent', 'LCI-3', 11.32, 2.0, 'A', 0, 1);
insert into notes_details values ('2012-2013', 'SEM-7', 'Thomas Laurent', 'LCI-3', 11.32, 1.33, 'A', 0, 2);
insert into contentieux values ('2012-2013', 'SEM-7', 'Thomas Laurent', 'LCI-3');
insert into notes_details values ('2012-2013', 'SEM-7', 'Thomas Laurent', 'MAT-3', 11.32, 4.0, 'A', 3, 1);
insert into notes_details values ('2012-2013', 'SEM-7', 'Thomas Laurent', 'MNG-3', 11.32, 2.67, 'A', 3, 1);
insert into notes_details values ('2012-2013', 'SEM-7', 'Thomas Laurent', 'PJT-3', 11.32, 3.0, 'A', 5, 1);
insert into notes_details values ('2012-2013', 'SEM-7', 'Thomas Laurent', 'STD-3', 11.32, 3.67, 'A', 2, 1);
insert into gpa values ('2011-2012', 'SEM-5', 'Thomas Laurent', 2.57);
insert into gpa values ('2011-2012', 'SEM-6', 'Thomas Laurent', 3.5);
insert into gpa values ('2012-2013', 'SEM-7', 'Thomas Laurent', 2.46);
insert into eleves values ('Benoit Desforges', 1, 'S', 'Tres bien', 'MP', null, 'bdesforges');
insert into notes_details values ('2010-2011', 'SEM-5', 'Benoit Desforges', 'ALG-1', 11.32, 4.0, 'A', 3, 1);
insert into notes_details values ('2010-2011', 'SEM-5', 'Benoit Desforges', 'DPP-1', 11.32, 2.33, 'A', 0, 1);
insert into notes_details values ('2010-2011', 'SEM-5', 'Benoit Desforges', 'DPP-1', 11.32, 4.0, 'A', 2, 2);
insert into notes_details values ('2010-2011', 'SEM-5', 'Benoit Desforges', 'ELE-1', 11.32, 2.67, 'A', 3, 1);
insert into notes_details values ('2010-2011', 'SEM-5', 'Benoit Desforges', 'INP-1', 11.32, 2.0, 'A', 0, 1);
insert into notes_details values ('2010-2011', 'SEM-5', 'Benoit Desforges', 'INP-1', 11.32, 1.67, 'A', 3, 99);
insert into notes_details values ('2010-2011', 'SEM-5', 'Benoit Desforges', 'LCI-1', 11.32, 3.67, 'A', 3, 1);
insert into notes_details values ('2010-2011', 'SEM-5', 'Benoit Desforges', 'MAT-1', 11.32, 1.67, 'A', 0, 1);
insert into notes_details values ('2010-2011', 'SEM-5', 'Benoit Desforges', 'MAT-1', 11.32, 4.0, 'A', 3, 2);
insert into notes_details values ('2010-2011', 'SEM-5', 'Benoit Desforges', 'MGP-1', 11.32, 1.0, 'A', 0, 1);
insert into notes_details values ('2010-2011', 'SEM-5', 'Benoit Desforges', 'MGP-1', 11.32, 2.33, 'A', 4, 99);
insert into notes_details values ('2010-2011', 'SEM-5', 'Benoit Desforges', 'PHO-1', 11.32, 2.33, 'A', 0, 1);
insert into notes_details values ('2010-2011', 'SEM-5', 'Benoit Desforges', 'PHO-1', 11.32, 3.67, 'A', 3, 2);
insert into notes_details values ('2010-2011', 'SEM-5', 'Benoit Desforges', 'PHQ-1', 11.32, 1.33, 'A', 0, 1);
insert into notes_details values ('2010-2011', 'SEM-5', 'Benoit Desforges', 'PHQ-1', 11.32, 3.67, 'A', 3, 2);
insert into notes_details values ('2010-2011', 'SEM-5', 'Benoit Desforges', 'SPM-1', 11.32, 1.67, 'A', 0, 1);
insert into notes_details values ('2010-2011', 'SEM-5', 'Benoit Desforges', 'SPM-1', 11.32, 3.33, 'A', 3, 2);
insert into notes_details values ('2010-2011', 'SEM-6', 'Benoit Desforges', 'DPP-2', 11.32, 3.0, 'A', 1, 1);
insert into notes_details values ('2010-2011', 'SEM-6', 'Benoit Desforges', 'EAO-2', 11.32, 2.67, 'A', 3, 1);
insert into notes_details values ('2010-2011', 'SEM-6', 'Benoit Desforges', 'ECO-2', 11.32, 3.67, 'A', 3, 1);
insert into notes_details values ('2010-2011', 'SEM-6', 'Benoit Desforges', 'LCI-2', 11.32, 1.67, 'A', 0, 1);
insert into notes_details values ('2010-2011', 'SEM-6', 'Benoit Desforges', 'LCI-2', 11.32, 3.33, 'A', 3, 2);
insert into notes_details values ('2010-2011', 'SEM-6', 'Benoit Desforges', 'MAT-2', 11.32, 1.0, 'A', 0, 1);
insert into notes_details values ('2010-2011', 'SEM-6', 'Benoit Desforges', 'MAT-2', 11.32, 3.33, 'A', 2, 2);
insert into notes_details values ('2010-2011', 'SEM-6', 'Benoit Desforges', 'MCO-2', 11.32, 2.33, 'A', 0, 1);
insert into notes_details values ('2010-2011', 'SEM-6', 'Benoit Desforges', 'MCO-2', 11.32, 3.33, 'A', 2, 2);
insert into notes_details values ('2010-2011', 'SEM-6', 'Benoit Desforges', 'MGP-2', 11.32, 2.67, 'A', 4, 1);
insert into notes_details values ('2010-2011', 'SEM-6', 'Benoit Desforges', 'PHS-2', 11.32, 2.0, 'A', 0, 1);
insert into notes_details values ('2010-2011', 'SEM-6', 'Benoit Desforges', 'PHS-2', 11.32, 4.0, 'A', 2, 2);
insert into notes_details values ('2010-2011', 'SEM-6', 'Benoit Desforges', 'PJT-2', 11.32, 1.0, 'A', 0, 1);
insert into notes_details values ('2010-2011', 'SEM-6', 'Benoit Desforges', 'PJT-2', 11.32, 3.33, 'A', 1, 2);
insert into notes_details values ('2010-2011', 'SEM-6', 'Benoit Desforges', 'RMS-2', 11.32, 3.67, 'A', 4, 1);
insert into notes_details values ('2010-2011', 'SEM-6', 'Benoit Desforges', 'STG-2', 11.32, 2.67, 'A', 2, 1);
insert into notes_details values ('2010-2011', 'SEM-6', 'Benoit Desforges', 'THS-2', 11.32, 4.0, 'A', 3, 1);
insert into notes_details values ('2011-2012', 'SEM-7', 'Benoit Desforges', 'ASL-3', 11.32, 4.0, 'A', 2, 1);
insert into notes_details values ('2011-2012', 'SEM-7', 'Benoit Desforges', 'DPP-3', 11.32, 3.67, 'A', 2, 1);
insert into notes_details values ('2011-2012', 'SEM-7', 'Benoit Desforges', 'EAO-31', 11.32, 3.33, 'A', 2, 1);
insert into notes_details values ('2011-2012', 'SEM-7', 'Benoit Desforges', 'EAO-32', 11.32, 2.33, 'A', 0, 1);
insert into notes_details values ('2011-2012', 'SEM-7', 'Benoit Desforges', 'EAO-32', 11.32, 2.67, 'A', 2, 2);
insert into notes_details values ('2011-2012', 'SEM-7', 'Benoit Desforges', 'EAO-33', 11.32, 2.33, 'A', 0, 1);
insert into notes_details values ('2011-2012', 'SEM-7', 'Benoit Desforges', 'EAO-33', 11.32, 2.67, 'A', 2, 2);
insert into notes_details values ('2011-2012', 'SEM-7', 'Benoit Desforges', 'EAO-34', 11.32, 1.67, 'A', 0, 1);
insert into notes_details values ('2011-2012', 'SEM-7', 'Benoit Desforges', 'EAO-34', 11.32, 2.33, 'A', 0, 2);
insert into contentieux values ('2011-2012', 'SEM-7', 'Benoit Desforges', 'EAO-34');
insert into notes_details values ('2011-2012', 'SEM-7', 'Benoit Desforges', 'EAO-35', 11.32, 3.33, 'A', 2, 1);
insert into notes_details values ('2011-2012', 'SEM-7', 'Benoit Desforges', 'LCI-3', 11.32, 2.0, 'A', 0, 1);
insert into notes_details values ('2011-2012', 'SEM-7', 'Benoit Desforges', 'LCI-3', 11.32, 1.33, 'A', 0, 2);
insert into contentieux values ('2011-2012', 'SEM-7', 'Benoit Desforges', 'LCI-3');
insert into notes_details values ('2011-2012', 'SEM-7', 'Benoit Desforges', 'MAT-3', 11.32, 4.0, 'A', 3, 1);
insert into notes_details values ('2011-2012', 'SEM-7', 'Benoit Desforges', 'MNG-3', 11.32, 2.0, 'A', 0, 1);
insert into notes_details values ('2011-2012', 'SEM-7', 'Benoit Desforges', 'MNG-3', 11.32, 1.33, 'A', 3, 99);
insert into notes_details values ('2011-2012', 'SEM-7', 'Benoit Desforges', 'PJT-3', 11.32, 3.33, 'A', 5, 1);
insert into notes_details values ('2011-2012', 'SEM-7', 'Benoit Desforges', 'STD-3', 11.32, 1.33, 'A', 0, 1);
insert into notes_details values ('2011-2012', 'SEM-7', 'Benoit Desforges', 'STD-3', 11.32, 2.33, 'A', 2, 99);
insert into gpa values ('2010-2011', 'SEM-5', 'Benoit Desforges', 3.01);
insert into gpa values ('2010-2011', 'SEM-6', 'Benoit Desforges', 3.42);
insert into gpa values ('2011-2012', 'SEM-7', 'Benoit Desforges', 2.98);
insert into cesure values ('Benoit Desforges', 'CESURE');
insert into eleves values ('Omar Garcia', 1, 'S', 'Tres bien', 'MP', null, 'ogarcia');
insert into notes_details values ('2011-2012', 'SEM-5', 'Omar Garcia', 'ALG-1', 11.32, 2.33, 'A', 0, 1);
insert into notes_details values ('2011-2012', 'SEM-5', 'Omar Garcia', 'ALG-1', 11.32, 3.67, 'A', 3, 2);
insert into notes_details values ('2011-2012', 'SEM-5', 'Omar Garcia', 'DPP-1', 11.32, 3.0, 'A', 2, 1);
insert into notes_details values ('2011-2012', 'SEM-5', 'Omar Garcia', 'ELE-1', 11.32, 3.67, 'A', 3, 1);
insert into notes_details values ('2011-2012', 'SEM-5', 'Omar Garcia', 'INP-1', 11.32, 2.0, 'A', 0, 1);
insert into notes_details values ('2011-2012', 'SEM-5', 'Omar Garcia', 'INP-1', 11.32, 4.0, 'A', 3, 2);
insert into notes_details values ('2011-2012', 'SEM-5', 'Omar Garcia', 'LCI-1', 11.32, 2.0, 'A', 0, 1);
insert into notes_details values ('2011-2012', 'SEM-5', 'Omar Garcia', 'LCI-1', 11.32, 2.67, 'A', 3, 2);
insert into notes_details values ('2011-2012', 'SEM-5', 'Omar Garcia', 'MAT-1', 11.32, 1.0, 'A', 0, 1);
insert into notes_details values ('2011-2012', 'SEM-5', 'Omar Garcia', 'MAT-1', 11.32, 2.67, 'A', 3, 2);
insert into notes_details values ('2011-2012', 'SEM-5', 'Omar Garcia', 'MGP-1', 11.32, 2.67, 'A', 4, 1);
insert into notes_details values ('2011-2012', 'SEM-5', 'Omar Garcia', 'PHO-1', 11.32, 3.67, 'A', 3, 1);
insert into notes_details values ('2011-2012', 'SEM-5', 'Omar Garcia', 'PHQ-1', 11.32, 3.67, 'A', 3, 1);
insert into notes_details values ('2011-2012', 'SEM-5', 'Omar Garcia', 'SPM-1', 11.32, 1.67, 'A', 0, 1);
insert into notes_details values ('2011-2012', 'SEM-5', 'Omar Garcia', 'SPM-1', 11.32, 1.0, 'A', 3, 99);
insert into notes_details values ('2011-2012', 'SEM-6', 'Omar Garcia', 'DPP-2', 11.32, 2.67, 'A', 1, 1);
insert into notes_details values ('2011-2012', 'SEM-6', 'Omar Garcia', 'EAO-2', 11.32, 1.0, 'A', 0, 1);
insert into notes_details values ('2011-2012', 'SEM-6', 'Omar Garcia', 'EAO-2', 11.32, 3.67, 'A', 3, 2);
insert into notes_details values ('2011-2012', 'SEM-6', 'Omar Garcia', 'ECO-2', 11.32, 1.0, 'A', 0, 1);
insert into notes_details values ('2011-2012', 'SEM-6', 'Omar Garcia', 'ECO-2', 11.32, 3.0, 'A', 3, 2);
insert into notes_details values ('2011-2012', 'SEM-6', 'Omar Garcia', 'LCI-2', 11.32, 3.0, 'A', 3, 1);
insert into notes_details values ('2011-2012', 'SEM-6', 'Omar Garcia', 'MAT-2', 11.32, 2.33, 'A', 0, 1);
insert into notes_details values ('2011-2012', 'SEM-6', 'Omar Garcia', 'MAT-2', 11.32, 3.33, 'A', 2, 2);
insert into notes_details values ('2011-2012', 'SEM-6', 'Omar Garcia', 'MCO-2', 11.32, 2.67, 'A', 2, 1);
insert into notes_details values ('2011-2012', 'SEM-6', 'Omar Garcia', 'MGP-2', 11.32, 4.0, 'A', 4, 1);
insert into notes_details values ('2011-2012', 'SEM-6', 'Omar Garcia', 'PHS-2', 11.32, 1.0, 'A', 0, 1);
insert into notes_details values ('2011-2012', 'SEM-6', 'Omar Garcia', 'PHS-2', 11.32, 2.67, 'A', 2, 2);
insert into notes_details values ('2011-2012', 'SEM-6', 'Omar Garcia', 'PJT-2', 11.32, 3.33, 'A', 1, 1);
insert into notes_details values ('2011-2012', 'SEM-6', 'Omar Garcia', 'RMS-2', 11.32, 2.0, 'A', 0, 1);
insert into notes_details values ('2011-2012', 'SEM-6', 'Omar Garcia', 'RMS-2', 11.32, 3.33, 'A', 4, 2);
insert into notes_details values ('2011-2012', 'SEM-6', 'Omar Garcia', 'STG-2', 11.32, 1.67, 'A', 0, 1);
insert into notes_details values ('2011-2012', 'SEM-6', 'Omar Garcia', 'STG-2', 11.32, 4.0, 'A', 2, 2);
insert into notes_details values ('2011-2012', 'SEM-6', 'Omar Garcia', 'THS-2', 11.32, 2.67, 'A', 3, 1);
insert into notes_details values ('2012-2013', 'SEM-7', 'Omar Garcia', 'ASL-3', 11.32, 2.33, 'A', 0, 1);
insert into notes_details values ('2012-2013', 'SEM-7', 'Omar Garcia', 'ASL-3', 11.32, 4.0, 'A', 2, 2);
insert into notes_details values ('2012-2013', 'SEM-7', 'Omar Garcia', 'DPP-3', 11.32, 2.33, 'A', 0, 1);
insert into notes_details values ('2012-2013', 'SEM-7', 'Omar Garcia', 'DPP-3', 11.32, 2.0, 'A', 0, 2);
insert into contentieux values ('2012-2013', 'SEM-7', 'Omar Garcia', 'DPP-3');
insert into notes_details values ('2012-2013', 'SEM-7', 'Omar Garcia', 'EAO-31', 11.32, 2.0, 'A', 0, 1);
insert into notes_details values ('2012-2013', 'SEM-7', 'Omar Garcia', 'EAO-31', 11.32, 2.33, 'A', 0, 2);
insert into contentieux values ('2012-2013', 'SEM-7', 'Omar Garcia', 'EAO-31');
insert into notes_details values ('2012-2013', 'SEM-7', 'Omar Garcia', 'EAO-32', 11.32, 2.33, 'A', 0, 1);
insert into notes_details values ('2012-2013', 'SEM-7', 'Omar Garcia', 'EAO-32', 11.32, 3.33, 'A', 2, 2);
insert into notes_details values ('2012-2013', 'SEM-7', 'Omar Garcia', 'EAO-33', 11.32, 2.33, 'A', 0, 1);
insert into notes_details values ('2012-2013', 'SEM-7', 'Omar Garcia', 'EAO-33', 11.32, 4.0, 'A', 2, 2);
insert into notes_details values ('2012-2013', 'SEM-7', 'Omar Garcia', 'EAO-34', 11.32, 1.67, 'A', 0, 1);
insert into notes_details values ('2012-2013', 'SEM-7', 'Omar Garcia', 'EAO-34', 11.32, 3.67, 'A', 2, 2);
insert into notes_details values ('2012-2013', 'SEM-7', 'Omar Garcia', 'EAO-35', 11.32, 3.67, 'A', 2, 1);
insert into notes_details values ('2012-2013', 'SEM-7', 'Omar Garcia', 'LCI-3', 11.32, 2.67, 'A', 3, 1);
insert into notes_details values ('2012-2013', 'SEM-7', 'Omar Garcia', 'MAT-3', 11.32, 3.33, 'A', 3, 1);
insert into notes_details values ('2012-2013', 'SEM-7', 'Omar Garcia', 'MNG-3', 11.32, 1.67, 'A', 0, 1);
insert into notes_details values ('2012-2013', 'SEM-7', 'Omar Garcia', 'MNG-3', 11.32, 1.67, 'A', 3, 99);
insert into notes_details values ('2012-2013', 'SEM-7', 'Omar Garcia', 'PJT-3', 11.32, 1.0, 'A', 0, 1);
insert into notes_details values ('2012-2013', 'SEM-7', 'Omar Garcia', 'PJT-3', 11.32, 1.33, 'A', 0, 2);
insert into contentieux values ('2012-2013', 'SEM-7', 'Omar Garcia', 'PJT-3');
insert into notes_details values ('2012-2013', 'SEM-7', 'Omar Garcia', 'STD-3', 11.32, 2.0, 'A', 0, 1);
insert into notes_details values ('2012-2013', 'SEM-7', 'Omar Garcia', 'STD-3', 11.32, 3.33, 'A', 2, 2);
insert into gpa values ('2011-2012', 'SEM-5', 'Omar Garcia', 3.3);
insert into gpa values ('2011-2012', 'SEM-6', 'Omar Garcia', 3.67);
insert into gpa values ('2012-2013', 'SEM-7', 'Omar Garcia', 3.28);
insert into eleves values ('Gerard Simon', 1, 'S', 'Tres bien', 'MP', null, 'gsimon');
insert into notes_details values ('2010-2011', 'SEM-5', 'Gerard Simon', 'ALG-1', 11.32, 2.67, 'A', 3, 1);
insert into notes_details values ('2010-2011', 'SEM-5', 'Gerard Simon', 'DPP-1', 11.32, 2.33, 'A', 0, 1);
insert into notes_details values ('2010-2011', 'SEM-5', 'Gerard Simon', 'DPP-1', 11.32, 4.0, 'A', 2, 2);
insert into notes_details values ('2010-2011', 'SEM-5', 'Gerard Simon', 'ELE-1', 11.32, 2.33, 'A', 0, 1);
insert into notes_details values ('2010-2011', 'SEM-5', 'Gerard Simon', 'ELE-1', 11.32, 3.67, 'A', 3, 2);
insert into notes_details values ('2010-2011', 'SEM-5', 'Gerard Simon', 'INP-1', 11.32, 2.33, 'A', 0, 1);
insert into notes_details values ('2010-2011', 'SEM-5', 'Gerard Simon', 'INP-1', 11.32, 3.0, 'A', 3, 2);
insert into notes_details values ('2010-2011', 'SEM-5', 'Gerard Simon', 'LCI-1', 11.32, 2.67, 'A', 3, 1);
insert into notes_details values ('2010-2011', 'SEM-5', 'Gerard Simon', 'MAT-1', 11.32, 3.33, 'A', 3, 1);
insert into notes_details values ('2010-2011', 'SEM-5', 'Gerard Simon', 'MGP-1', 11.32, 4.0, 'A', 4, 1);
insert into notes_details values ('2010-2011', 'SEM-5', 'Gerard Simon', 'PHO-1', 11.32, 1.0, 'A', 0, 1);
insert into notes_details values ('2010-2011', 'SEM-5', 'Gerard Simon', 'PHO-1', 11.32, 3.0, 'A', 3, 2);
insert into notes_details values ('2010-2011', 'SEM-5', 'Gerard Simon', 'PHQ-1', 11.32, 4.0, 'A', 3, 1);
insert into notes_details values ('2010-2011', 'SEM-5', 'Gerard Simon', 'SPM-1', 11.32, 2.33, 'A', 0, 1);
insert into notes_details values ('2010-2011', 'SEM-5', 'Gerard Simon', 'SPM-1', 11.32, 4.0, 'A', 3, 2);
insert into notes_details values ('2010-2011', 'SEM-6', 'Gerard Simon', 'DPP-2', 11.32, 1.0, 'A', 0, 1);
insert into notes_details values ('2010-2011', 'SEM-6', 'Gerard Simon', 'DPP-2', 11.32, 4.0, 'A', 1, 2);
insert into notes_details values ('2010-2011', 'SEM-6', 'Gerard Simon', 'EAO-2', 11.32, 1.33, 'A', 0, 1);
insert into notes_details values ('2010-2011', 'SEM-6', 'Gerard Simon', 'EAO-2', 11.32, 4.0, 'A', 3, 2);
insert into notes_details values ('2010-2011', 'SEM-6', 'Gerard Simon', 'ECO-2', 11.32, 3.33, 'A', 3, 1);
insert into notes_details values ('2010-2011', 'SEM-6', 'Gerard Simon', 'LCI-2', 11.32, 1.67, 'A', 0, 1);
insert into notes_details values ('2010-2011', 'SEM-6', 'Gerard Simon', 'LCI-2', 11.32, 3.67, 'A', 3, 2);
insert into notes_details values ('2010-2011', 'SEM-6', 'Gerard Simon', 'MAT-2', 11.32, 2.67, 'A', 2, 1);
insert into notes_details values ('2010-2011', 'SEM-6', 'Gerard Simon', 'MCO-2', 11.32, 2.67, 'A', 2, 1);
insert into notes_details values ('2010-2011', 'SEM-6', 'Gerard Simon', 'MGP-2', 11.32, 2.33, 'A', 0, 1);
insert into notes_details values ('2010-2011', 'SEM-6', 'Gerard Simon', 'MGP-2', 11.32, 3.0, 'A', 4, 2);
insert into notes_details values ('2010-2011', 'SEM-6', 'Gerard Simon', 'PHS-2', 11.32, 1.67, 'A', 0, 1);
insert into notes_details values ('2010-2011', 'SEM-6', 'Gerard Simon', 'PHS-2', 11.32, 3.33, 'A', 2, 2);
insert into notes_details values ('2010-2011', 'SEM-6', 'Gerard Simon', 'PJT-2', 11.32, 3.67, 'A', 1, 1);
insert into notes_details values ('2010-2011', 'SEM-6', 'Gerard Simon', 'RMS-2', 11.32, 1.67, 'A', 0, 1);
insert into notes_details values ('2010-2011', 'SEM-6', 'Gerard Simon', 'RMS-2', 11.32, 3.33, 'A', 4, 2);
insert into notes_details values ('2010-2011', 'SEM-6', 'Gerard Simon', 'STG-2', 11.32, 2.67, 'A', 2, 1);
insert into notes_details values ('2010-2011', 'SEM-6', 'Gerard Simon', 'THS-2', 11.32, 2.67, 'A', 3, 1);
insert into notes_details values ('2011-2012', 'SEM-7', 'Gerard Simon', 'ASL-3', 11.32, 2.67, 'A', 2, 1);
insert into notes_details values ('2011-2012', 'SEM-7', 'Gerard Simon', 'DPP-3', 11.32, 2.0, 'A', 0, 1);
insert into notes_details values ('2011-2012', 'SEM-7', 'Gerard Simon', 'DPP-3', 11.32, 1.67, 'A', 0, 2);
insert into contentieux values ('2011-2012', 'SEM-7', 'Gerard Simon', 'DPP-3');
insert into notes_details values ('2011-2012', 'SEM-7', 'Gerard Simon', 'EAO-31', 11.32, 2.67, 'A', 2, 1);
insert into notes_details values ('2011-2012', 'SEM-7', 'Gerard Simon', 'EAO-32', 11.32, 1.67, 'A', 0, 1);
insert into notes_details values ('2011-2012', 'SEM-7', 'Gerard Simon', 'EAO-32', 11.32, 3.67, 'A', 2, 2);
insert into notes_details values ('2011-2012', 'SEM-7', 'Gerard Simon', 'EAO-33', 11.32, 1.33, 'A', 0, 1);
insert into notes_details values ('2011-2012', 'SEM-7', 'Gerard Simon', 'EAO-33', 11.32, 4.0, 'A', 2, 2);
insert into notes_details values ('2011-2012', 'SEM-7', 'Gerard Simon', 'EAO-34', 11.32, 3.0, 'A', 2, 1);
insert into notes_details values ('2011-2012', 'SEM-7', 'Gerard Simon', 'EAO-35', 11.32, 3.33, 'A', 2, 1);
insert into notes_details values ('2011-2012', 'SEM-7', 'Gerard Simon', 'LCI-3', 11.32, 3.33, 'A', 3, 1);
insert into notes_details values ('2011-2012', 'SEM-7', 'Gerard Simon', 'MAT-3', 11.32, 2.67, 'A', 3, 1);
insert into notes_details values ('2011-2012', 'SEM-7', 'Gerard Simon', 'MNG-3', 11.32, 1.33, 'A', 0, 1);
insert into notes_details values ('2011-2012', 'SEM-7', 'Gerard Simon', 'MNG-3', 11.32, 1.0, 'A', 0, 2);
insert into contentieux values ('2011-2012', 'SEM-7', 'Gerard Simon', 'MNG-3');
insert into notes_details values ('2011-2012', 'SEM-7', 'Gerard Simon', 'PJT-3', 11.32, 1.67, 'A', 0, 1);
insert into notes_details values ('2011-2012', 'SEM-7', 'Gerard Simon', 'PJT-3', 11.32, 3.0, 'A', 5, 2);
insert into notes_details values ('2011-2012', 'SEM-7', 'Gerard Simon', 'STD-3', 11.32, 1.0, 'A', 0, 1);
insert into notes_details values ('2011-2012', 'SEM-7', 'Gerard Simon', 'STD-3', 11.32, 4.0, 'A', 2, 2);
insert into gpa values ('2010-2011', 'SEM-5', 'Gerard Simon', 3.16);
insert into gpa values ('2010-2011', 'SEM-6', 'Gerard Simon', 2.63);
insert into gpa values ('2011-2012', 'SEM-7', 'Gerard Simon', 2.28);
insert into eleves values ('Daisi Lefevre', 1, 'S', 'Tres bien', 'MP', null, 'dlefevre');
insert into notes_details values ('2011-2012', 'SEM-5', 'Daisi Lefevre', 'ALG-1', 11.32, 4.0, 'A', 3, 1);
insert into notes_details values ('2011-2012', 'SEM-5', 'Daisi Lefevre', 'DPP-1', 11.32, 1.67, 'A', 0, 1);
insert into notes_details values ('2011-2012', 'SEM-5', 'Daisi Lefevre', 'DPP-1', 11.32, 2.67, 'A', 2, 2);
insert into notes_details values ('2011-2012', 'SEM-5', 'Daisi Lefevre', 'ELE-1', 11.32, 2.33, 'A', 0, 1);
insert into notes_details values ('2011-2012', 'SEM-5', 'Daisi Lefevre', 'ELE-1', 11.32, 3.0, 'A', 3, 2);
insert into notes_details values ('2011-2012', 'SEM-5', 'Daisi Lefevre', 'INP-1', 11.32, 2.67, 'A', 3, 1);
insert into notes_details values ('2011-2012', 'SEM-5', 'Daisi Lefevre', 'LCI-1', 11.32, 2.67, 'A', 3, 1);
insert into notes_details values ('2011-2012', 'SEM-5', 'Daisi Lefevre', 'MAT-1', 11.32, 1.33, 'A', 0, 1);
insert into notes_details values ('2011-2012', 'SEM-5', 'Daisi Lefevre', 'MAT-1', 11.32, 3.0, 'A', 3, 2);
insert into notes_details values ('2011-2012', 'SEM-5', 'Daisi Lefevre', 'MGP-1', 11.32, 3.0, 'A', 4, 1);
insert into notes_details values ('2011-2012', 'SEM-5', 'Daisi Lefevre', 'PHO-1', 11.32, 1.0, 'A', 0, 1);
insert into notes_details values ('2011-2012', 'SEM-5', 'Daisi Lefevre', 'PHO-1', 11.32, 1.67, 'A', 3, 99);
insert into notes_details values ('2011-2012', 'SEM-5', 'Daisi Lefevre', 'PHQ-1', 11.32, 3.67, 'A', 3, 1);
insert into notes_details values ('2011-2012', 'SEM-5', 'Daisi Lefevre', 'SPM-1', 11.32, 1.33, 'A', 0, 1);
insert into notes_details values ('2011-2012', 'SEM-5', 'Daisi Lefevre', 'SPM-1', 11.32, 3.0, 'A', 3, 2);
insert into notes_details values ('2011-2012', 'SEM-6', 'Daisi Lefevre', 'DPP-2', 11.32, 1.0, 'A', 0, 1);
insert into notes_details values ('2011-2012', 'SEM-6', 'Daisi Lefevre', 'DPP-2', 11.32, 2.67, 'A', 1, 2);
insert into notes_details values ('2011-2012', 'SEM-6', 'Daisi Lefevre', 'EAO-2', 11.32, 1.33, 'A', 0, 1);
insert into notes_details values ('2011-2012', 'SEM-6', 'Daisi Lefevre', 'EAO-2', 11.32, 1.67, 'A', 3, 99);
insert into notes_details values ('2011-2012', 'SEM-6', 'Daisi Lefevre', 'ECO-2', 11.32, 3.67, 'A', 3, 1);
insert into notes_details values ('2011-2012', 'SEM-6', 'Daisi Lefevre', 'LCI-2', 11.32, 2.33, 'A', 0, 1);
insert into notes_details values ('2011-2012', 'SEM-6', 'Daisi Lefevre', 'LCI-2', 11.32, 4.0, 'A', 3, 2);
insert into notes_details values ('2011-2012', 'SEM-6', 'Daisi Lefevre', 'MAT-2', 11.32, 2.67, 'A', 2, 1);
insert into notes_details values ('2011-2012', 'SEM-6', 'Daisi Lefevre', 'MCO-2', 11.32, 2.33, 'A', 0, 1);
insert into notes_details values ('2011-2012', 'SEM-6', 'Daisi Lefevre', 'MCO-2', 11.32, 3.0, 'A', 2, 2);
insert into notes_details values ('2011-2012', 'SEM-6', 'Daisi Lefevre', 'MGP-2', 11.32, 1.33, 'A', 0, 1);
insert into notes_details values ('2011-2012', 'SEM-6', 'Daisi Lefevre', 'MGP-2', 11.32, 2.67, 'A', 4, 2);
insert into notes_details values ('2011-2012', 'SEM-6', 'Daisi Lefevre', 'PHS-2', 11.32, 3.0, 'A', 2, 1);
insert into notes_details values ('2011-2012', 'SEM-6', 'Daisi Lefevre', 'PJT-2', 11.32, 2.0, 'A', 0, 1);
insert into notes_details values ('2011-2012', 'SEM-6', 'Daisi Lefevre', 'PJT-2', 11.32, 2.67, 'A', 1, 2);
insert into notes_details values ('2011-2012', 'SEM-6', 'Daisi Lefevre', 'RMS-2', 11.32, 1.67, 'A', 0, 1);
insert into notes_details values ('2011-2012', 'SEM-6', 'Daisi Lefevre', 'RMS-2', 11.32, 3.0, 'A', 4, 2);
insert into notes_details values ('2011-2012', 'SEM-6', 'Daisi Lefevre', 'STG-2', 11.32, 3.67, 'A', 2, 1);
insert into notes_details values ('2011-2012', 'SEM-6', 'Daisi Lefevre', 'THS-2', 11.32, 2.67, 'A', 3, 1);
insert into notes_details values ('2012-2013', 'SEM-7', 'Daisi Lefevre', 'ASL-3', 11.32, 2.67, 'A', 2, 1);
insert into notes_details values ('2012-2013', 'SEM-7', 'Daisi Lefevre', 'DPP-3', 11.32, 2.0, 'A', 0, 1);
insert into notes_details values ('2012-2013', 'SEM-7', 'Daisi Lefevre', 'DPP-3', 11.32, 2.0, 'A', 0, 2);
insert into contentieux values ('2012-2013', 'SEM-7', 'Daisi Lefevre', 'DPP-3');
insert into notes_details values ('2012-2013', 'SEM-7', 'Daisi Lefevre', 'EAO-31', 11.32, 3.33, 'A', 2, 1);
insert into notes_details values ('2012-2013', 'SEM-7', 'Daisi Lefevre', 'EAO-32', 11.32, 4.0, 'A', 2, 1);
insert into notes_details values ('2012-2013', 'SEM-7', 'Daisi Lefevre', 'EAO-33', 11.32, 2.33, 'A', 0, 1);
insert into notes_details values ('2012-2013', 'SEM-7', 'Daisi Lefevre', 'EAO-33', 11.32, 3.33, 'A', 2, 2);
insert into notes_details values ('2012-2013', 'SEM-7', 'Daisi Lefevre', 'EAO-34', 11.32, 3.0, 'A', 2, 1);
insert into notes_details values ('2012-2013', 'SEM-7', 'Daisi Lefevre', 'EAO-35', 11.32, 3.33, 'A', 2, 1);
insert into notes_details values ('2012-2013', 'SEM-7', 'Daisi Lefevre', 'LCI-3', 11.32, 3.67, 'A', 3, 1);
insert into notes_details values ('2012-2013', 'SEM-7', 'Daisi Lefevre', 'MAT-3', 11.32, 1.0, 'A', 0, 1);
insert into notes_details values ('2012-2013', 'SEM-7', 'Daisi Lefevre', 'MAT-3', 11.32, 4.0, 'A', 3, 2);
insert into notes_details values ('2012-2013', 'SEM-7', 'Daisi Lefevre', 'MNG-3', 11.32, 4.0, 'A', 3, 1);
insert into notes_details values ('2012-2013', 'SEM-7', 'Daisi Lefevre', 'PJT-3', 11.32, 1.0, 'A', 0, 1);
insert into notes_details values ('2012-2013', 'SEM-7', 'Daisi Lefevre', 'PJT-3', 11.32, 1.67, 'A', 0, 2);
insert into contentieux values ('2012-2013', 'SEM-7', 'Daisi Lefevre', 'PJT-3');
insert into notes_details values ('2012-2013', 'SEM-7', 'Daisi Lefevre', 'STD-3', 11.32, 2.33, 'A', 0, 1);
insert into notes_details values ('2012-2013', 'SEM-7', 'Daisi Lefevre', 'STD-3', 11.32, 2.67, 'A', 2, 2);
insert into gpa values ('2011-2012', 'SEM-5', 'Daisi Lefevre', 3.21);
insert into gpa values ('2011-2012', 'SEM-6', 'Daisi Lefevre', 3.26);
insert into gpa values ('2012-2013', 'SEM-7', 'Daisi Lefevre', 3.57);
insert into eleves values ('Martin Armstrong', 1, 'S', 'Tres bien', 'MP', null, 'marmstrong');
insert into notes_details values ('2010-2011', 'SEM-5', 'Martin Armstrong', 'ALG-1', 11.32, 3.67, 'A', 3, 1);
insert into notes_details values ('2010-2011', 'SEM-5', 'Martin Armstrong', 'DPP-1', 11.32, 1.0, 'A', 0, 1);
insert into notes_details values ('2010-2011', 'SEM-5', 'Martin Armstrong', 'DPP-1', 11.32, 2.67, 'A', 2, 2);
insert into notes_details values ('2010-2011', 'SEM-5', 'Martin Armstrong', 'ELE-1', 11.32, 3.67, 'A', 3, 1);
insert into notes_details values ('2010-2011', 'SEM-5', 'Martin Armstrong', 'INP-1', 11.32, 3.33, 'A', 3, 1);
insert into notes_details values ('2010-2011', 'SEM-5', 'Martin Armstrong', 'LCI-1', 11.32, 2.67, 'A', 3, 1);
insert into notes_details values ('2010-2011', 'SEM-5', 'Martin Armstrong', 'MAT-1', 11.32, 3.0, 'A', 3, 1);
insert into notes_details values ('2010-2011', 'SEM-5', 'Martin Armstrong', 'MGP-1', 11.32, 1.33, 'A', 0, 1);
insert into notes_details values ('2010-2011', 'SEM-5', 'Martin Armstrong', 'MGP-1', 11.32, 3.67, 'A', 4, 2);
insert into notes_details values ('2010-2011', 'SEM-5', 'Martin Armstrong', 'PHO-1', 11.32, 3.0, 'A', 3, 1);
insert into notes_details values ('2010-2011', 'SEM-5', 'Martin Armstrong', 'PHQ-1', 11.32, 2.67, 'A', 3, 1);
insert into notes_details values ('2010-2011', 'SEM-5', 'Martin Armstrong', 'SPM-1', 11.32, 1.67, 'A', 0, 1);
insert into notes_details values ('2010-2011', 'SEM-5', 'Martin Armstrong', 'SPM-1', 11.32, 4.0, 'A', 3, 2);
insert into notes_details values ('2010-2011', 'SEM-6', 'Martin Armstrong', 'DPP-2', 11.32, 3.67, 'A', 1, 1);
insert into notes_details values ('2010-2011', 'SEM-6', 'Martin Armstrong', 'EAO-2', 11.32, 1.67, 'A', 0, 1);
insert into notes_details values ('2010-2011', 'SEM-6', 'Martin Armstrong', 'EAO-2', 11.32, 3.33, 'A', 3, 2);
insert into notes_details values ('2010-2011', 'SEM-6', 'Martin Armstrong', 'ECO-2', 11.32, 2.67, 'A', 3, 1);
insert into notes_details values ('2010-2011', 'SEM-6', 'Martin Armstrong', 'LCI-2', 11.32, 3.67, 'A', 3, 1);
insert into notes_details values ('2010-2011', 'SEM-6', 'Martin Armstrong', 'MAT-2', 11.32, 4.0, 'A', 2, 1);
insert into notes_details values ('2010-2011', 'SEM-6', 'Martin Armstrong', 'MCO-2', 11.32, 1.0, 'A', 0, 1);
insert into notes_details values ('2010-2011', 'SEM-6', 'Martin Armstrong', 'MCO-2', 11.32, 4.0, 'A', 2, 2);
insert into notes_details values ('2010-2011', 'SEM-6', 'Martin Armstrong', 'MGP-2', 11.32, 1.33, 'A', 0, 1);
insert into notes_details values ('2010-2011', 'SEM-6', 'Martin Armstrong', 'MGP-2', 11.32, 3.67, 'A', 4, 2);
insert into notes_details values ('2010-2011', 'SEM-6', 'Martin Armstrong', 'PHS-2', 11.32, 4.0, 'A', 2, 1);
insert into notes_details values ('2010-2011', 'SEM-6', 'Martin Armstrong', 'PJT-2', 11.32, 4.0, 'A', 1, 1);
insert into notes_details values ('2010-2011', 'SEM-6', 'Martin Armstrong', 'RMS-2', 11.32, 1.0, 'A', 0, 1);
insert into notes_details values ('2010-2011', 'SEM-6', 'Martin Armstrong', 'RMS-2', 11.32, 4.0, 'A', 4, 2);
insert into notes_details values ('2010-2011', 'SEM-6', 'Martin Armstrong', 'STG-2', 11.32, 2.0, 'A', 0, 1);
insert into notes_details values ('2010-2011', 'SEM-6', 'Martin Armstrong', 'STG-2', 11.32, 3.0, 'A', 2, 2);
insert into notes_details values ('2010-2011', 'SEM-6', 'Martin Armstrong', 'THS-2', 11.32, 1.0, 'A', 0, 1);
insert into notes_details values ('2010-2011', 'SEM-6', 'Martin Armstrong', 'THS-2', 11.32, 3.0, 'A', 3, 2);
insert into notes_details values ('2011-2012', 'SEM-7', 'Martin Armstrong', 'ASL-3', 11.32, 2.33, 'A', 0, 1);
insert into notes_details values ('2011-2012', 'SEM-7', 'Martin Armstrong', 'ASL-3', 11.32, 3.0, 'A', 2, 2);
insert into notes_details values ('2011-2012', 'SEM-7', 'Martin Armstrong', 'DPP-3', 11.32, 1.67, 'A', 0, 1);
insert into notes_details values ('2011-2012', 'SEM-7', 'Martin Armstrong', 'DPP-3', 11.32, 1.67, 'A', 0, 2);
insert into contentieux values ('2011-2012', 'SEM-7', 'Martin Armstrong', 'DPP-3');
insert into notes_details values ('2011-2012', 'SEM-7', 'Martin Armstrong', 'EAO-31', 11.32, 4.0, 'A', 2, 1);
insert into notes_details values ('2011-2012', 'SEM-7', 'Martin Armstrong', 'EAO-32', 11.32, 1.0, 'A', 0, 1);
insert into notes_details values ('2011-2012', 'SEM-7', 'Martin Armstrong', 'EAO-32', 11.32, 3.67, 'A', 2, 2);
insert into notes_details values ('2011-2012', 'SEM-7', 'Martin Armstrong', 'EAO-33', 11.32, 1.0, 'A', 0, 1);
insert into notes_details values ('2011-2012', 'SEM-7', 'Martin Armstrong', 'EAO-33', 11.32, 3.33, 'A', 2, 2);
insert into notes_details values ('2011-2012', 'SEM-7', 'Martin Armstrong', 'EAO-34', 11.32, 2.0, 'A', 0, 1);
insert into notes_details values ('2011-2012', 'SEM-7', 'Martin Armstrong', 'EAO-34', 11.32, 3.0, 'A', 2, 2);
insert into notes_details values ('2011-2012', 'SEM-7', 'Martin Armstrong', 'EAO-35', 11.32, 3.67, 'A', 2, 1);
insert into notes_details values ('2011-2012', 'SEM-7', 'Martin Armstrong', 'LCI-3', 11.32, 1.0, 'A', 0, 1);
insert into notes_details values ('2011-2012', 'SEM-7', 'Martin Armstrong', 'LCI-3', 11.32, 1.33, 'A', 0, 2);
insert into contentieux values ('2011-2012', 'SEM-7', 'Martin Armstrong', 'LCI-3');
insert into notes_details values ('2011-2012', 'SEM-7', 'Martin Armstrong', 'MAT-3', 11.32, 2.33, 'A', 0, 1);
insert into notes_details values ('2011-2012', 'SEM-7', 'Martin Armstrong', 'MAT-3', 11.32, 3.0, 'A', 3, 2);
insert into notes_details values ('2011-2012', 'SEM-7', 'Martin Armstrong', 'MNG-3', 11.32, 1.33, 'A', 0, 1);
insert into notes_details values ('2011-2012', 'SEM-7', 'Martin Armstrong', 'MNG-3', 11.32, 1.0, 'A', 0, 2);
insert into contentieux values ('2011-2012', 'SEM-7', 'Martin Armstrong', 'MNG-3');
insert into notes_details values ('2011-2012', 'SEM-7', 'Martin Armstrong', 'PJT-3', 11.32, 3.67, 'A', 5, 1);
insert into notes_details values ('2011-2012', 'SEM-7', 'Martin Armstrong', 'STD-3', 11.32, 1.67, 'A', 0, 1);
insert into notes_details values ('2011-2012', 'SEM-7', 'Martin Armstrong', 'STD-3', 11.32, 4.0, 'A', 2, 2);
insert into gpa values ('2010-2011', 'SEM-5', 'Martin Armstrong', 3.79);
insert into gpa values ('2010-2011', 'SEM-6', 'Martin Armstrong', 3.48);
insert into gpa values ('2011-2012', 'SEM-7', 'Martin Armstrong', 2.49);
insert into eleves values ('Rafaela Loiseau', 1, 'S', 'Tres bien', 'MP', null, 'rloiseau');
insert into notes_details values ('2011-2012', 'SEM-5', 'Rafaela Loiseau', 'ALG-1', 11.32, 3.67, 'A', 3, 1);
insert into notes_details values ('2011-2012', 'SEM-5', 'Rafaela Loiseau', 'DPP-1', 11.32, 2.67, 'A', 2, 1);
insert into notes_details values ('2011-2012', 'SEM-5', 'Rafaela Loiseau', 'ELE-1', 11.32, 2.67, 'A', 3, 1);
insert into notes_details values ('2011-2012', 'SEM-5', 'Rafaela Loiseau', 'INP-1', 11.32, 3.67, 'A', 3, 1);
insert into notes_details values ('2011-2012', 'SEM-5', 'Rafaela Loiseau', 'LCI-1', 11.32, 1.0, 'A', 0, 1);
insert into notes_details values ('2011-2012', 'SEM-5', 'Rafaela Loiseau', 'LCI-1', 11.32, 1.33, 'A', 3, 99);
insert into notes_details values ('2011-2012', 'SEM-5', 'Rafaela Loiseau', 'MAT-1', 11.32, 2.0, 'A', 0, 1);
insert into notes_details values ('2011-2012', 'SEM-5', 'Rafaela Loiseau', 'MAT-1', 11.32, 1.67, 'A', 3, 99);
insert into notes_details values ('2011-2012', 'SEM-5', 'Rafaela Loiseau', 'MGP-1', 11.32, 1.67, 'A', 0, 1);
insert into notes_details values ('2011-2012', 'SEM-5', 'Rafaela Loiseau', 'MGP-1', 11.32, 1.0, 'A', 4, 99);
insert into notes_details values ('2011-2012', 'SEM-5', 'Rafaela Loiseau', 'PHO-1', 11.32, 2.67, 'A', 3, 1);
insert into notes_details values ('2011-2012', 'SEM-5', 'Rafaela Loiseau', 'PHQ-1', 11.32, 1.67, 'A', 0, 1);
insert into notes_details values ('2011-2012', 'SEM-5', 'Rafaela Loiseau', 'PHQ-1', 11.32, 3.33, 'A', 3, 2);
insert into notes_details values ('2011-2012', 'SEM-5', 'Rafaela Loiseau', 'SPM-1', 11.32, 3.0, 'A', 3, 1);
insert into notes_details values ('2011-2012', 'SEM-6', 'Rafaela Loiseau', 'DPP-2', 11.32, 2.0, 'A', 0, 1);
insert into notes_details values ('2011-2012', 'SEM-6', 'Rafaela Loiseau', 'DPP-2', 11.32, 1.33, 'A', 1, 99);
insert into notes_details values ('2011-2012', 'SEM-6', 'Rafaela Loiseau', 'EAO-2', 11.32, 1.33, 'A', 0, 1);
insert into notes_details values ('2011-2012', 'SEM-6', 'Rafaela Loiseau', 'EAO-2', 11.32, 1.33, 'A', 3, 99);
insert into notes_details values ('2011-2012', 'SEM-6', 'Rafaela Loiseau', 'ECO-2', 11.32, 3.0, 'A', 3, 1);
insert into notes_details values ('2011-2012', 'SEM-6', 'Rafaela Loiseau', 'LCI-2', 11.32, 1.0, 'A', 0, 1);
insert into notes_details values ('2011-2012', 'SEM-6', 'Rafaela Loiseau', 'LCI-2', 11.32, 4.0, 'A', 3, 2);
insert into notes_details values ('2011-2012', 'SEM-6', 'Rafaela Loiseau', 'MAT-2', 11.32, 1.0, 'A', 0, 1);
insert into notes_details values ('2011-2012', 'SEM-6', 'Rafaela Loiseau', 'MAT-2', 11.32, 4.0, 'A', 2, 2);
insert into notes_details values ('2011-2012', 'SEM-6', 'Rafaela Loiseau', 'MCO-2', 11.32, 2.67, 'A', 2, 1);
insert into notes_details values ('2011-2012', 'SEM-6', 'Rafaela Loiseau', 'MGP-2', 11.32, 1.67, 'A', 0, 1);
insert into notes_details values ('2011-2012', 'SEM-6', 'Rafaela Loiseau', 'MGP-2', 11.32, 1.0, 'A', 4, 99);
insert into notes_details values ('2011-2012', 'SEM-6', 'Rafaela Loiseau', 'PHS-2', 11.32, 3.67, 'A', 2, 1);
insert into notes_details values ('2011-2012', 'SEM-6', 'Rafaela Loiseau', 'PJT-2', 11.32, 1.33, 'A', 0, 1);
insert into notes_details values ('2011-2012', 'SEM-6', 'Rafaela Loiseau', 'PJT-2', 11.32, 3.0, 'A', 1, 2);
insert into notes_details values ('2011-2012', 'SEM-6', 'Rafaela Loiseau', 'RMS-2', 11.32, 3.0, 'A', 4, 1);
insert into notes_details values ('2011-2012', 'SEM-6', 'Rafaela Loiseau', 'STG-2', 11.32, 3.33, 'A', 2, 1);
insert into notes_details values ('2011-2012', 'SEM-6', 'Rafaela Loiseau', 'THS-2', 11.32, 1.33, 'A', 0, 1);
insert into notes_details values ('2011-2012', 'SEM-6', 'Rafaela Loiseau', 'THS-2', 11.32, 2.33, 'A', 3, 99);
insert into notes_details values ('2012-2013', 'SEM-7', 'Rafaela Loiseau', 'ASL-3', 11.32, 2.33, 'A', 0, 1);
insert into notes_details values ('2012-2013', 'SEM-7', 'Rafaela Loiseau', 'ASL-3', 11.32, 2.67, 'A', 2, 2);
insert into notes_details values ('2012-2013', 'SEM-7', 'Rafaela Loiseau', 'DPP-3', 11.32, 3.33, 'A', 2, 1);
insert into notes_details values ('2012-2013', 'SEM-7', 'Rafaela Loiseau', 'EAO-31', 11.32, 1.33, 'A', 0, 1);
insert into notes_details values ('2012-2013', 'SEM-7', 'Rafaela Loiseau', 'EAO-31', 11.32, 2.0, 'A', 0, 2);
insert into contentieux values ('2012-2013', 'SEM-7', 'Rafaela Loiseau', 'EAO-31');
insert into notes_details values ('2012-2013', 'SEM-7', 'Rafaela Loiseau', 'EAO-32', 11.32, 2.0, 'A', 0, 1);
insert into notes_details values ('2012-2013', 'SEM-7', 'Rafaela Loiseau', 'EAO-32', 11.32, 3.0, 'A', 2, 2);
insert into notes_details values ('2012-2013', 'SEM-7', 'Rafaela Loiseau', 'EAO-33', 11.32, 1.33, 'A', 0, 1);
insert into notes_details values ('2012-2013', 'SEM-7', 'Rafaela Loiseau', 'EAO-33', 11.32, 2.0, 'A', 0, 2);
insert into contentieux values ('2012-2013', 'SEM-7', 'Rafaela Loiseau', 'EAO-33');
insert into notes_details values ('2012-2013', 'SEM-7', 'Rafaela Loiseau', 'EAO-34', 11.32, 1.0, 'A', 0, 1);
insert into notes_details values ('2012-2013', 'SEM-7', 'Rafaela Loiseau', 'EAO-34', 11.32, 1.0, 'A', 0, 2);
insert into contentieux values ('2012-2013', 'SEM-7', 'Rafaela Loiseau', 'EAO-34');
insert into notes_details values ('2012-2013', 'SEM-7', 'Rafaela Loiseau', 'EAO-35', 11.32, 3.0, 'A', 2, 1);
insert into notes_details values ('2012-2013', 'SEM-7', 'Rafaela Loiseau', 'LCI-3', 11.32, 2.0, 'A', 0, 1);
insert into notes_details values ('2012-2013', 'SEM-7', 'Rafaela Loiseau', 'LCI-3', 11.32, 4.0, 'A', 3, 2);
insert into notes_details values ('2012-2013', 'SEM-7', 'Rafaela Loiseau', 'MAT-3', 11.32, 4.0, 'A', 3, 1);
insert into notes_details values ('2012-2013', 'SEM-7', 'Rafaela Loiseau', 'MNG-3', 11.32, 1.33, 'A', 0, 1);
insert into notes_details values ('2012-2013', 'SEM-7', 'Rafaela Loiseau', 'MNG-3', 11.32, 3.67, 'A', 3, 2);
insert into notes_details values ('2012-2013', 'SEM-7', 'Rafaela Loiseau', 'PJT-3', 11.32, 2.33, 'A', 0, 1);
insert into notes_details values ('2012-2013', 'SEM-7', 'Rafaela Loiseau', 'PJT-3', 11.32, 3.0, 'A', 5, 2);
insert into notes_details values ('2012-2013', 'SEM-7', 'Rafaela Loiseau', 'STD-3', 11.32, 1.33, 'A', 0, 1);
insert into notes_details values ('2012-2013', 'SEM-7', 'Rafaela Loiseau', 'STD-3', 11.32, 3.0, 'A', 2, 2);
insert into gpa values ('2011-2012', 'SEM-5', 'Rafaela Loiseau', 2.19);
insert into gpa values ('2011-2012', 'SEM-6', 'Rafaela Loiseau', 3.5);
insert into gpa values ('2012-2013', 'SEM-7', 'Rafaela Loiseau', 2.67);
insert into eleves values ('Fabrice Andre', 1, 'S', 'Tres bien', 'MP', null, 'fandre');
insert into notes_details values ('2010-2011', 'SEM-5', 'Fabrice Andre', 'ALG-1', 11.32, 3.33, 'A', 3, 1);
insert into notes_details values ('2010-2011', 'SEM-5', 'Fabrice Andre', 'DPP-1', 11.32, 3.67, 'A', 2, 1);
insert into notes_details values ('2010-2011', 'SEM-5', 'Fabrice Andre', 'ELE-1', 11.32, 3.67, 'A', 3, 1);
insert into notes_details values ('2010-2011', 'SEM-5', 'Fabrice Andre', 'INP-1', 11.32, 1.67, 'A', 0, 1);
insert into notes_details values ('2010-2011', 'SEM-5', 'Fabrice Andre', 'INP-1', 11.32, 4.0, 'A', 3, 2);
insert into notes_details values ('2010-2011', 'SEM-5', 'Fabrice Andre', 'LCI-1', 11.32, 2.67, 'A', 3, 1);
insert into notes_details values ('2010-2011', 'SEM-5', 'Fabrice Andre', 'MAT-1', 11.32, 4.0, 'A', 3, 1);
insert into notes_details values ('2010-2011', 'SEM-5', 'Fabrice Andre', 'MGP-1', 11.32, 1.33, 'A', 0, 1);
insert into notes_details values ('2010-2011', 'SEM-5', 'Fabrice Andre', 'MGP-1', 11.32, 3.0, 'A', 4, 2);
insert into notes_details values ('2010-2011', 'SEM-5', 'Fabrice Andre', 'PHO-1', 11.32, 2.33, 'A', 0, 1);
insert into notes_details values ('2010-2011', 'SEM-5', 'Fabrice Andre', 'PHO-1', 11.32, 4.0, 'A', 3, 2);
insert into notes_details values ('2010-2011', 'SEM-5', 'Fabrice Andre', 'PHQ-1', 11.32, 2.33, 'A', 0, 1);
insert into notes_details values ('2010-2011', 'SEM-5', 'Fabrice Andre', 'PHQ-1', 11.32, 2.67, 'A', 3, 2);
insert into notes_details values ('2010-2011', 'SEM-5', 'Fabrice Andre', 'SPM-1', 11.32, 1.67, 'A', 0, 1);
insert into notes_details values ('2010-2011', 'SEM-5', 'Fabrice Andre', 'SPM-1', 11.32, 2.67, 'A', 3, 2);
insert into notes_details values ('2010-2011', 'SEM-6', 'Fabrice Andre', 'DPP-2', 11.32, 3.0, 'A', 1, 1);
insert into notes_details values ('2010-2011', 'SEM-6', 'Fabrice Andre', 'EAO-2', 11.32, 2.0, 'A', 0, 1);
insert into notes_details values ('2010-2011', 'SEM-6', 'Fabrice Andre', 'EAO-2', 11.32, 3.33, 'A', 3, 2);
insert into notes_details values ('2010-2011', 'SEM-6', 'Fabrice Andre', 'ECO-2', 11.32, 1.33, 'A', 0, 1);
insert into notes_details values ('2010-2011', 'SEM-6', 'Fabrice Andre', 'ECO-2', 11.32, 3.67, 'A', 3, 2);
insert into notes_details values ('2010-2011', 'SEM-6', 'Fabrice Andre', 'LCI-2', 11.32, 3.33, 'A', 3, 1);
insert into notes_details values ('2010-2011', 'SEM-6', 'Fabrice Andre', 'MAT-2', 11.32, 3.33, 'A', 2, 1);
insert into notes_details values ('2010-2011', 'SEM-6', 'Fabrice Andre', 'MCO-2', 11.32, 1.67, 'A', 0, 1);
insert into notes_details values ('2010-2011', 'SEM-6', 'Fabrice Andre', 'MCO-2', 11.32, 3.0, 'A', 2, 2);
insert into notes_details values ('2010-2011', 'SEM-6', 'Fabrice Andre', 'MGP-2', 11.32, 2.0, 'A', 0, 1);
insert into notes_details values ('2010-2011', 'SEM-6', 'Fabrice Andre', 'MGP-2', 11.32, 2.67, 'A', 4, 2);
insert into notes_details values ('2010-2011', 'SEM-6', 'Fabrice Andre', 'PHS-2', 11.32, 1.67, 'A', 0, 1);
insert into notes_details values ('2010-2011', 'SEM-6', 'Fabrice Andre', 'PHS-2', 11.32, 3.33, 'A', 2, 2);
insert into notes_details values ('2010-2011', 'SEM-6', 'Fabrice Andre', 'PJT-2', 11.32, 1.0, 'A', 0, 1);
insert into notes_details values ('2010-2011', 'SEM-6', 'Fabrice Andre', 'PJT-2', 11.32, 4.0, 'A', 1, 2);
insert into notes_details values ('2010-2011', 'SEM-6', 'Fabrice Andre', 'RMS-2', 11.32, 3.33, 'A', 4, 1);
insert into notes_details values ('2010-2011', 'SEM-6', 'Fabrice Andre', 'STG-2', 11.32, 1.33, 'A', 0, 1);
insert into notes_details values ('2010-2011', 'SEM-6', 'Fabrice Andre', 'STG-2', 11.32, 3.0, 'A', 2, 2);
insert into notes_details values ('2010-2011', 'SEM-6', 'Fabrice Andre', 'THS-2', 11.32, 4.0, 'A', 3, 1);
insert into notes_details values ('2011-2012', 'SEM-7', 'Fabrice Andre', 'ASL-3', 11.32, 2.33, 'A', 0, 1);
insert into notes_details values ('2011-2012', 'SEM-7', 'Fabrice Andre', 'ASL-3', 11.32, 1.0, 'A', 0, 2);
insert into contentieux values ('2011-2012', 'SEM-7', 'Fabrice Andre', 'ASL-3');
insert into notes_details values ('2011-2012', 'SEM-7', 'Fabrice Andre', 'DPP-3', 11.32, 2.33, 'A', 0, 1);
insert into notes_details values ('2011-2012', 'SEM-7', 'Fabrice Andre', 'DPP-3', 11.32, 1.67, 'A', 0, 2);
insert into contentieux values ('2011-2012', 'SEM-7', 'Fabrice Andre', 'DPP-3');
insert into notes_details values ('2011-2012', 'SEM-7', 'Fabrice Andre', 'EAO-31', 11.32, 1.33, 'A', 0, 1);
insert into notes_details values ('2011-2012', 'SEM-7', 'Fabrice Andre', 'EAO-31', 11.32, 1.0, 'A', 2, 99);
insert into notes_details values ('2011-2012', 'SEM-7', 'Fabrice Andre', 'EAO-32', 11.32, 2.33, 'A', 0, 1);
insert into notes_details values ('2011-2012', 'SEM-7', 'Fabrice Andre', 'EAO-32', 11.32, 2.67, 'A', 2, 2);
insert into notes_details values ('2011-2012', 'SEM-7', 'Fabrice Andre', 'EAO-33', 11.32, 2.0, 'A', 0, 1);
insert into notes_details values ('2011-2012', 'SEM-7', 'Fabrice Andre', 'EAO-33', 11.32, 1.33, 'A', 0, 2);
insert into contentieux values ('2011-2012', 'SEM-7', 'Fabrice Andre', 'EAO-33');
insert into notes_details values ('2011-2012', 'SEM-7', 'Fabrice Andre', 'EAO-34', 11.32, 1.0, 'A', 0, 1);
insert into notes_details values ('2011-2012', 'SEM-7', 'Fabrice Andre', 'EAO-34', 11.32, 1.0, 'A', 2, 99);
insert into notes_details values ('2011-2012', 'SEM-7', 'Fabrice Andre', 'EAO-35', 11.32, 4.0, 'A', 2, 1);
insert into notes_details values ('2011-2012', 'SEM-7', 'Fabrice Andre', 'LCI-3', 11.32, 3.0, 'A', 3, 1);
insert into notes_details values ('2011-2012', 'SEM-7', 'Fabrice Andre', 'MAT-3', 11.32, 4.0, 'A', 3, 1);
insert into notes_details values ('2011-2012', 'SEM-7', 'Fabrice Andre', 'MNG-3', 11.32, 3.0, 'A', 3, 1);
insert into notes_details values ('2011-2012', 'SEM-7', 'Fabrice Andre', 'PJT-3', 11.32, 1.0, 'A', 0, 1);
insert into notes_details values ('2011-2012', 'SEM-7', 'Fabrice Andre', 'PJT-3', 11.32, 3.0, 'A', 5, 2);
insert into notes_details values ('2011-2012', 'SEM-7', 'Fabrice Andre', 'STD-3', 11.32, 1.67, 'A', 0, 1);
insert into notes_details values ('2011-2012', 'SEM-7', 'Fabrice Andre', 'STD-3', 11.32, 1.67, 'A', 0, 2);
insert into contentieux values ('2011-2012', 'SEM-7', 'Fabrice Andre', 'STD-3');
insert into gpa values ('2010-2011', 'SEM-5', 'Fabrice Andre', 2.54);
insert into gpa values ('2010-2011', 'SEM-6', 'Fabrice Andre', 3.51);
insert into gpa values ('2011-2012', 'SEM-7', 'Fabrice Andre', 3.48);
insert into eleves values ('Pavel Le Gall', 1, 'S', 'Tres bien', 'MP', null, 'ple gall');
insert into notes_details values ('2011-2012', 'SEM-5', 'Pavel Le Gall', 'ALG-1', 11.32, 2.0, 'A', 0, 1);
insert into notes_details values ('2011-2012', 'SEM-5', 'Pavel Le Gall', 'ALG-1', 11.32, 1.33, 'A', 3, 99);
insert into notes_details values ('2011-2012', 'SEM-5', 'Pavel Le Gall', 'DPP-1', 11.32, 3.33, 'A', 2, 1);
insert into notes_details values ('2011-2012', 'SEM-5', 'Pavel Le Gall', 'ELE-1', 11.32, 3.33, 'A', 3, 1);
insert into notes_details values ('2011-2012', 'SEM-5', 'Pavel Le Gall', 'INP-1', 11.32, 1.0, 'A', 0, 1);
insert into notes_details values ('2011-2012', 'SEM-5', 'Pavel Le Gall', 'INP-1', 11.32, 3.33, 'A', 3, 2);
insert into notes_details values ('2011-2012', 'SEM-5', 'Pavel Le Gall', 'LCI-1', 11.32, 3.0, 'A', 3, 1);
insert into notes_details values ('2011-2012', 'SEM-5', 'Pavel Le Gall', 'MAT-1', 11.32, 1.67, 'A', 0, 1);
insert into notes_details values ('2011-2012', 'SEM-5', 'Pavel Le Gall', 'MAT-1', 11.32, 4.0, 'A', 3, 2);
insert into notes_details values ('2011-2012', 'SEM-5', 'Pavel Le Gall', 'MGP-1', 11.32, 2.0, 'A', 0, 1);
insert into notes_details values ('2011-2012', 'SEM-5', 'Pavel Le Gall', 'MGP-1', 11.32, 4.0, 'A', 4, 2);
insert into notes_details values ('2011-2012', 'SEM-5', 'Pavel Le Gall', 'PHO-1', 11.32, 3.33, 'A', 3, 1);
insert into notes_details values ('2011-2012', 'SEM-5', 'Pavel Le Gall', 'PHQ-1', 11.32, 3.67, 'A', 3, 1);
insert into notes_details values ('2011-2012', 'SEM-5', 'Pavel Le Gall', 'SPM-1', 11.32, 1.67, 'A', 0, 1);
insert into notes_details values ('2011-2012', 'SEM-5', 'Pavel Le Gall', 'SPM-1', 11.32, 3.0, 'A', 3, 2);
insert into notes_details values ('2011-2012', 'SEM-6', 'Pavel Le Gall', 'DPP-2', 11.32, 2.67, 'A', 1, 1);
insert into notes_details values ('2011-2012', 'SEM-6', 'Pavel Le Gall', 'EAO-2', 11.32, 3.67, 'A', 3, 1);
insert into notes_details values ('2011-2012', 'SEM-6', 'Pavel Le Gall', 'ECO-2', 11.32, 2.67, 'A', 3, 1);
insert into notes_details values ('2011-2012', 'SEM-6', 'Pavel Le Gall', 'LCI-2', 11.32, 1.33, 'A', 0, 1);
insert into notes_details values ('2011-2012', 'SEM-6', 'Pavel Le Gall', 'LCI-2', 11.32, 2.67, 'A', 3, 2);
insert into notes_details values ('2011-2012', 'SEM-6', 'Pavel Le Gall', 'MAT-2', 11.32, 3.0, 'A', 2, 1);
insert into notes_details values ('2011-2012', 'SEM-6', 'Pavel Le Gall', 'MCO-2', 11.32, 2.0, 'A', 0, 1);
insert into notes_details values ('2011-2012', 'SEM-6', 'Pavel Le Gall', 'MCO-2', 11.32, 1.0, 'A', 2, 99);
insert into notes_details values ('2011-2012', 'SEM-6', 'Pavel Le Gall', 'MGP-2', 11.32, 2.33, 'A', 0, 1);
insert into notes_details values ('2011-2012', 'SEM-6', 'Pavel Le Gall', 'MGP-2', 11.32, 3.67, 'A', 4, 2);
insert into notes_details values ('2011-2012', 'SEM-6', 'Pavel Le Gall', 'PHS-2', 11.32, 3.67, 'A', 2, 1);
insert into notes_details values ('2011-2012', 'SEM-6', 'Pavel Le Gall', 'PJT-2', 11.32, 1.0, 'A', 0, 1);
insert into notes_details values ('2011-2012', 'SEM-6', 'Pavel Le Gall', 'PJT-2', 11.32, 3.0, 'A', 1, 2);
insert into notes_details values ('2011-2012', 'SEM-6', 'Pavel Le Gall', 'RMS-2', 11.32, 2.33, 'A', 0, 1);
insert into notes_details values ('2011-2012', 'SEM-6', 'Pavel Le Gall', 'RMS-2', 11.32, 3.0, 'A', 4, 2);
insert into notes_details values ('2011-2012', 'SEM-6', 'Pavel Le Gall', 'STG-2', 11.32, 4.0, 'A', 2, 1);
insert into notes_details values ('2011-2012', 'SEM-6', 'Pavel Le Gall', 'THS-2', 11.32, 3.33, 'A', 3, 1);
insert into notes_details values ('2012-2013', 'SEM-7', 'Pavel Le Gall', 'ASL-3', 11.32, 2.33, 'A', 0, 1);
insert into notes_details values ('2012-2013', 'SEM-7', 'Pavel Le Gall', 'ASL-3', 11.32, 1.0, 'A', 0, 2);
insert into contentieux values ('2012-2013', 'SEM-7', 'Pavel Le Gall', 'ASL-3');
insert into notes_details values ('2012-2013', 'SEM-7', 'Pavel Le Gall', 'DPP-3', 11.32, 4.0, 'A', 2, 1);
insert into notes_details values ('2012-2013', 'SEM-7', 'Pavel Le Gall', 'EAO-31', 11.32, 3.33, 'A', 2, 1);
insert into notes_details values ('2012-2013', 'SEM-7', 'Pavel Le Gall', 'EAO-32', 11.32, 3.67, 'A', 2, 1);
insert into notes_details values ('2012-2013', 'SEM-7', 'Pavel Le Gall', 'EAO-33', 11.32, 2.33, 'A', 0, 1);
insert into notes_details values ('2012-2013', 'SEM-7', 'Pavel Le Gall', 'EAO-33', 11.32, 1.33, 'A', 0, 2);
insert into contentieux values ('2012-2013', 'SEM-7', 'Pavel Le Gall', 'EAO-33');
insert into notes_details values ('2012-2013', 'SEM-7', 'Pavel Le Gall', 'EAO-34', 11.32, 2.0, 'A', 0, 1);
insert into notes_details values ('2012-2013', 'SEM-7', 'Pavel Le Gall', 'EAO-34', 11.32, 2.67, 'A', 2, 2);
insert into notes_details values ('2012-2013', 'SEM-7', 'Pavel Le Gall', 'EAO-35', 11.32, 3.0, 'A', 2, 1);
insert into notes_details values ('2012-2013', 'SEM-7', 'Pavel Le Gall', 'LCI-3', 11.32, 1.67, 'A', 0, 1);
insert into notes_details values ('2012-2013', 'SEM-7', 'Pavel Le Gall', 'LCI-3', 11.32, 3.33, 'A', 3, 2);
insert into notes_details values ('2012-2013', 'SEM-7', 'Pavel Le Gall', 'MAT-3', 11.32, 3.33, 'A', 3, 1);
insert into notes_details values ('2012-2013', 'SEM-7', 'Pavel Le Gall', 'MNG-3', 11.32, 1.0, 'A', 0, 1);
insert into notes_details values ('2012-2013', 'SEM-7', 'Pavel Le Gall', 'MNG-3', 11.32, 1.0, 'A', 0, 2);
insert into contentieux values ('2012-2013', 'SEM-7', 'Pavel Le Gall', 'MNG-3');
insert into notes_details values ('2012-2013', 'SEM-7', 'Pavel Le Gall', 'PJT-3', 11.32, 2.0, 'A', 0, 1);
insert into notes_details values ('2012-2013', 'SEM-7', 'Pavel Le Gall', 'PJT-3', 11.32, 1.33, 'A', 0, 2);
insert into contentieux values ('2012-2013', 'SEM-7', 'Pavel Le Gall', 'PJT-3');
insert into notes_details values ('2012-2013', 'SEM-7', 'Pavel Le Gall', 'STD-3', 11.32, 1.0, 'A', 0, 1);
insert into notes_details values ('2012-2013', 'SEM-7', 'Pavel Le Gall', 'STD-3', 11.32, 3.67, 'A', 2, 2);
insert into gpa values ('2011-2012', 'SEM-5', 'Pavel Le Gall', 2.71);
insert into gpa values ('2011-2012', 'SEM-6', 'Pavel Le Gall', 3.84);
insert into gpa values ('2012-2013', 'SEM-7', 'Pavel Le Gall', 3.11);
insert into eleves values ('Rio Monnier', 1, 'S', 'Tres bien', 'MP', null, 'rmonnier');
insert into notes_details values ('2010-2011', 'SEM-5', 'Rio Monnier', 'ALG-1', 11.32, 1.67, 'A', 0, 1);
insert into notes_details values ('2010-2011', 'SEM-5', 'Rio Monnier', 'ALG-1', 11.32, 2.67, 'A', 3, 2);
insert into notes_details values ('2010-2011', 'SEM-5', 'Rio Monnier', 'DPP-1', 11.32, 1.67, 'A', 0, 1);
insert into notes_details values ('2010-2011', 'SEM-5', 'Rio Monnier', 'DPP-1', 11.32, 3.67, 'A', 2, 2);
insert into notes_details values ('2010-2011', 'SEM-5', 'Rio Monnier', 'ELE-1', 11.32, 3.0, 'A', 3, 1);
insert into notes_details values ('2010-2011', 'SEM-5', 'Rio Monnier', 'INP-1', 11.32, 1.33, 'A', 0, 1);
insert into notes_details values ('2010-2011', 'SEM-5', 'Rio Monnier', 'INP-1', 11.32, 1.0, 'A', 3, 99);
insert into notes_details values ('2010-2011', 'SEM-5', 'Rio Monnier', 'LCI-1', 11.32, 1.33, 'A', 0, 1);
insert into notes_details values ('2010-2011', 'SEM-5', 'Rio Monnier', 'LCI-1', 11.32, 3.33, 'A', 3, 2);
insert into notes_details values ('2010-2011', 'SEM-5', 'Rio Monnier', 'MAT-1', 11.32, 1.33, 'A', 0, 1);
insert into notes_details values ('2010-2011', 'SEM-5', 'Rio Monnier', 'MAT-1', 11.32, 4.0, 'A', 3, 2);
insert into notes_details values ('2010-2011', 'SEM-5', 'Rio Monnier', 'MGP-1', 11.32, 1.33, 'A', 0, 1);
insert into notes_details values ('2010-2011', 'SEM-5', 'Rio Monnier', 'MGP-1', 11.32, 3.0, 'A', 4, 2);
insert into notes_details values ('2010-2011', 'SEM-5', 'Rio Monnier', 'PHO-1', 11.32, 1.67, 'A', 0, 1);
insert into notes_details values ('2010-2011', 'SEM-5', 'Rio Monnier', 'PHO-1', 11.32, 1.33, 'A', 3, 99);
insert into notes_details values ('2010-2011', 'SEM-5', 'Rio Monnier', 'PHQ-1', 11.32, 3.33, 'A', 3, 1);
insert into notes_details values ('2010-2011', 'SEM-5', 'Rio Monnier', 'SPM-1', 11.32, 3.0, 'A', 3, 1);
insert into notes_details values ('2010-2011', 'SEM-6', 'Rio Monnier', 'DPP-2', 11.32, 3.33, 'A', 1, 1);
insert into notes_details values ('2010-2011', 'SEM-6', 'Rio Monnier', 'EAO-2', 11.32, 2.0, 'A', 0, 1);
insert into notes_details values ('2010-2011', 'SEM-6', 'Rio Monnier', 'EAO-2', 11.32, 3.67, 'A', 3, 2);
insert into notes_details values ('2010-2011', 'SEM-6', 'Rio Monnier', 'ECO-2', 11.32, 2.33, 'A', 0, 1);
insert into notes_details values ('2010-2011', 'SEM-6', 'Rio Monnier', 'ECO-2', 11.32, 1.33, 'A', 3, 99);
insert into notes_details values ('2010-2011', 'SEM-6', 'Rio Monnier', 'LCI-2', 11.32, 4.0, 'A', 3, 1);
insert into notes_details values ('2010-2011', 'SEM-6', 'Rio Monnier', 'MAT-2', 11.32, 2.67, 'A', 2, 1);
insert into notes_details values ('2010-2011', 'SEM-6', 'Rio Monnier', 'MCO-2', 11.32, 1.0, 'A', 0, 1);
insert into notes_details values ('2010-2011', 'SEM-6', 'Rio Monnier', 'MCO-2', 11.32, 3.0, 'A', 2, 2);
insert into notes_details values ('2010-2011', 'SEM-6', 'Rio Monnier', 'MGP-2', 11.32, 2.67, 'A', 4, 1);
insert into notes_details values ('2010-2011', 'SEM-6', 'Rio Monnier', 'PHS-2', 11.32, 1.0, 'A', 0, 1);
insert into notes_details values ('2010-2011', 'SEM-6', 'Rio Monnier', 'PHS-2', 11.32, 3.0, 'A', 2, 2);
insert into notes_details values ('2010-2011', 'SEM-6', 'Rio Monnier', 'PJT-2', 11.32, 3.33, 'A', 1, 1);
insert into notes_details values ('2010-2011', 'SEM-6', 'Rio Monnier', 'RMS-2', 11.32, 1.33, 'A', 0, 1);
insert into notes_details values ('2010-2011', 'SEM-6', 'Rio Monnier', 'RMS-2', 11.32, 2.67, 'A', 4, 2);
insert into notes_details values ('2010-2011', 'SEM-6', 'Rio Monnier', 'STG-2', 11.32, 1.33, 'A', 0, 1);
insert into notes_details values ('2010-2011', 'SEM-6', 'Rio Monnier', 'STG-2', 11.32, 2.67, 'A', 2, 2);
insert into notes_details values ('2010-2011', 'SEM-6', 'Rio Monnier', 'THS-2', 11.32, 3.33, 'A', 3, 1);
insert into notes_details values ('2011-2012', 'SEM-7', 'Rio Monnier', 'ASL-3', 11.32, 1.67, 'A', 0, 1);
insert into notes_details values ('2011-2012', 'SEM-7', 'Rio Monnier', 'ASL-3', 11.32, 1.0, 'A', 0, 2);
insert into contentieux values ('2011-2012', 'SEM-7', 'Rio Monnier', 'ASL-3');
insert into notes_details values ('2011-2012', 'SEM-7', 'Rio Monnier', 'DPP-3', 11.32, 2.0, 'A', 0, 1);
insert into notes_details values ('2011-2012', 'SEM-7', 'Rio Monnier', 'DPP-3', 11.32, 2.33, 'A', 0, 2);
insert into contentieux values ('2011-2012', 'SEM-7', 'Rio Monnier', 'DPP-3');
insert into notes_details values ('2011-2012', 'SEM-7', 'Rio Monnier', 'EAO-31', 11.32, 3.67, 'A', 2, 1);
insert into notes_details values ('2011-2012', 'SEM-7', 'Rio Monnier', 'EAO-32', 11.32, 2.33, 'A', 0, 1);
insert into notes_details values ('2011-2012', 'SEM-7', 'Rio Monnier', 'EAO-32', 11.32, 2.0, 'A', 0, 2);
insert into contentieux values ('2011-2012', 'SEM-7', 'Rio Monnier', 'EAO-32');
insert into notes_details values ('2011-2012', 'SEM-7', 'Rio Monnier', 'EAO-33', 11.32, 1.67, 'A', 0, 1);
insert into notes_details values ('2011-2012', 'SEM-7', 'Rio Monnier', 'EAO-33', 11.32, 1.33, 'A', 0, 2);
insert into contentieux values ('2011-2012', 'SEM-7', 'Rio Monnier', 'EAO-33');
insert into notes_details values ('2011-2012', 'SEM-7', 'Rio Monnier', 'EAO-34', 11.32, 3.33, 'A', 2, 1);
insert into notes_details values ('2011-2012', 'SEM-7', 'Rio Monnier', 'EAO-35', 11.32, 1.67, 'A', 0, 1);
insert into notes_details values ('2011-2012', 'SEM-7', 'Rio Monnier', 'EAO-35', 11.32, 1.33, 'A', 0, 2);
insert into contentieux values ('2011-2012', 'SEM-7', 'Rio Monnier', 'EAO-35');
insert into notes_details values ('2011-2012', 'SEM-7', 'Rio Monnier', 'LCI-3', 11.32, 1.33, 'A', 0, 1);
insert into notes_details values ('2011-2012', 'SEM-7', 'Rio Monnier', 'LCI-3', 11.32, 3.0, 'A', 3, 2);
insert into notes_details values ('2011-2012', 'SEM-7', 'Rio Monnier', 'MAT-3', 11.32, 2.67, 'A', 3, 1);
insert into notes_details values ('2011-2012', 'SEM-7', 'Rio Monnier', 'MNG-3', 11.32, 1.0, 'A', 0, 1);
insert into notes_details values ('2011-2012', 'SEM-7', 'Rio Monnier', 'MNG-3', 11.32, 3.0, 'A', 3, 2);
insert into notes_details values ('2011-2012', 'SEM-7', 'Rio Monnier', 'PJT-3', 11.32, 1.33, 'A', 0, 1);
insert into notes_details values ('2011-2012', 'SEM-7', 'Rio Monnier', 'PJT-3', 11.32, 3.33, 'A', 5, 2);
insert into notes_details values ('2011-2012', 'SEM-7', 'Rio Monnier', 'STD-3', 11.32, 2.0, 'A', 0, 1);
insert into notes_details values ('2011-2012', 'SEM-7', 'Rio Monnier', 'STD-3', 11.32, 2.67, 'A', 2, 2);
insert into gpa values ('2010-2011', 'SEM-5', 'Rio Monnier', 2.88);
insert into gpa values ('2010-2011', 'SEM-6', 'Rio Monnier', 2.65);
insert into gpa values ('2011-2012', 'SEM-7', 'Rio Monnier', 3.66);
insert into eleves values ('Fabrice Therriault', 1, 'S', 'Tres bien', 'MP', null, 'ftherriault');
insert into notes_details values ('2011-2012', 'SEM-5', 'Fabrice Therriault', 'ALG-1', 11.32, 3.33, 'A', 3, 1);
insert into notes_details values ('2011-2012', 'SEM-5', 'Fabrice Therriault', 'DPP-1', 11.32, 3.67, 'A', 2, 1);
insert into notes_details values ('2011-2012', 'SEM-5', 'Fabrice Therriault', 'ELE-1', 11.32, 2.33, 'A', 0, 1);
insert into notes_details values ('2011-2012', 'SEM-5', 'Fabrice Therriault', 'ELE-1', 11.32, 3.33, 'A', 3, 2);
insert into notes_details values ('2011-2012', 'SEM-5', 'Fabrice Therriault', 'INP-1', 11.32, 3.33, 'A', 3, 1);
insert into notes_details values ('2011-2012', 'SEM-5', 'Fabrice Therriault', 'LCI-1', 11.32, 2.67, 'A', 3, 1);
insert into notes_details values ('2011-2012', 'SEM-5', 'Fabrice Therriault', 'MAT-1', 11.32, 3.33, 'A', 3, 1);
insert into notes_details values ('2011-2012', 'SEM-5', 'Fabrice Therriault', 'MGP-1', 11.32, 3.67, 'A', 4, 1);
insert into notes_details values ('2011-2012', 'SEM-5', 'Fabrice Therriault', 'PHO-1', 11.32, 3.67, 'A', 3, 1);
insert into notes_details values ('2011-2012', 'SEM-5', 'Fabrice Therriault', 'PHQ-1', 11.32, 2.0, 'A', 0, 1);
insert into notes_details values ('2011-2012', 'SEM-5', 'Fabrice Therriault', 'PHQ-1', 11.32, 4.0, 'A', 3, 2);
insert into notes_details values ('2011-2012', 'SEM-5', 'Fabrice Therriault', 'SPM-1', 11.32, 2.67, 'A', 3, 1);
insert into notes_details values ('2011-2012', 'SEM-6', 'Fabrice Therriault', 'DPP-2', 11.32, 2.33, 'A', 0, 1);
insert into notes_details values ('2011-2012', 'SEM-6', 'Fabrice Therriault', 'DPP-2', 11.32, 2.67, 'A', 1, 2);
insert into notes_details values ('2011-2012', 'SEM-6', 'Fabrice Therriault', 'EAO-2', 11.32, 2.67, 'A', 3, 1);
insert into notes_details values ('2011-2012', 'SEM-6', 'Fabrice Therriault', 'ECO-2', 11.32, 1.33, 'A', 0, 1);
insert into notes_details values ('2011-2012', 'SEM-6', 'Fabrice Therriault', 'ECO-2', 11.32, 2.67, 'A', 3, 2);
insert into notes_details values ('2011-2012', 'SEM-6', 'Fabrice Therriault', 'LCI-2', 11.32, 2.33, 'A', 0, 1);
insert into notes_details values ('2011-2012', 'SEM-6', 'Fabrice Therriault', 'LCI-2', 11.32, 4.0, 'A', 3, 2);
insert into notes_details values ('2011-2012', 'SEM-6', 'Fabrice Therriault', 'MAT-2', 11.32, 3.67, 'A', 2, 1);
insert into notes_details values ('2011-2012', 'SEM-6', 'Fabrice Therriault', 'MCO-2', 11.32, 3.0, 'A', 2, 1);
insert into notes_details values ('2011-2012', 'SEM-6', 'Fabrice Therriault', 'MGP-2', 11.32, 3.67, 'A', 4, 1);
insert into notes_details values ('2011-2012', 'SEM-6', 'Fabrice Therriault', 'PHS-2', 11.32, 3.67, 'A', 2, 1);
insert into notes_details values ('2011-2012', 'SEM-6', 'Fabrice Therriault', 'PJT-2', 11.32, 1.33, 'A', 0, 1);
insert into notes_details values ('2011-2012', 'SEM-6', 'Fabrice Therriault', 'PJT-2', 11.32, 3.0, 'A', 1, 2);
insert into notes_details values ('2011-2012', 'SEM-6', 'Fabrice Therriault', 'RMS-2', 11.32, 2.67, 'A', 4, 1);
insert into notes_details values ('2011-2012', 'SEM-6', 'Fabrice Therriault', 'STG-2', 11.32, 3.0, 'A', 2, 1);
insert into notes_details values ('2011-2012', 'SEM-6', 'Fabrice Therriault', 'THS-2', 11.32, 1.33, 'A', 0, 1);
insert into notes_details values ('2011-2012', 'SEM-6', 'Fabrice Therriault', 'THS-2', 11.32, 1.33, 'A', 3, 99);
insert into notes_details values ('2012-2013', 'SEM-7', 'Fabrice Therriault', 'ASL-3', 11.32, 3.33, 'A', 2, 1);
insert into notes_details values ('2012-2013', 'SEM-7', 'Fabrice Therriault', 'DPP-3', 11.32, 1.33, 'A', 0, 1);
insert into notes_details values ('2012-2013', 'SEM-7', 'Fabrice Therriault', 'DPP-3', 11.32, 3.0, 'A', 2, 2);
insert into notes_details values ('2012-2013', 'SEM-7', 'Fabrice Therriault', 'EAO-31', 11.32, 1.33, 'A', 0, 1);
insert into notes_details values ('2012-2013', 'SEM-7', 'Fabrice Therriault', 'EAO-31', 11.32, 1.0, 'A', 0, 2);
insert into contentieux values ('2012-2013', 'SEM-7', 'Fabrice Therriault', 'EAO-31');
insert into notes_details values ('2012-2013', 'SEM-7', 'Fabrice Therriault', 'EAO-32', 11.32, 3.67, 'A', 2, 1);
insert into notes_details values ('2012-2013', 'SEM-7', 'Fabrice Therriault', 'EAO-33', 11.32, 2.33, 'A', 0, 1);
insert into notes_details values ('2012-2013', 'SEM-7', 'Fabrice Therriault', 'EAO-33', 11.32, 2.0, 'A', 0, 2);
insert into contentieux values ('2012-2013', 'SEM-7', 'Fabrice Therriault', 'EAO-33');
insert into notes_details values ('2012-2013', 'SEM-7', 'Fabrice Therriault', 'EAO-34', 11.32, 1.33, 'A', 0, 1);
insert into notes_details values ('2012-2013', 'SEM-7', 'Fabrice Therriault', 'EAO-34', 11.32, 3.33, 'A', 2, 2);
insert into notes_details values ('2012-2013', 'SEM-7', 'Fabrice Therriault', 'EAO-35', 11.32, 3.0, 'A', 2, 1);
insert into notes_details values ('2012-2013', 'SEM-7', 'Fabrice Therriault', 'LCI-3', 11.32, 1.33, 'A', 0, 1);
insert into notes_details values ('2012-2013', 'SEM-7', 'Fabrice Therriault', 'LCI-3', 11.32, 2.0, 'A', 0, 2);
insert into contentieux values ('2012-2013', 'SEM-7', 'Fabrice Therriault', 'LCI-3');
insert into notes_details values ('2012-2013', 'SEM-7', 'Fabrice Therriault', 'MAT-3', 11.32, 3.0, 'A', 3, 1);
insert into notes_details values ('2012-2013', 'SEM-7', 'Fabrice Therriault', 'MNG-3', 11.32, 1.33, 'A', 0, 1);
insert into notes_details values ('2012-2013', 'SEM-7', 'Fabrice Therriault', 'MNG-3', 11.32, 3.67, 'A', 3, 2);
insert into notes_details values ('2012-2013', 'SEM-7', 'Fabrice Therriault', 'PJT-3', 11.32, 3.67, 'A', 5, 1);
insert into notes_details values ('2012-2013', 'SEM-7', 'Fabrice Therriault', 'STD-3', 11.32, 3.67, 'A', 2, 1);
insert into gpa values ('2011-2012', 'SEM-5', 'Fabrice Therriault', 2.14);
insert into gpa values ('2011-2012', 'SEM-6', 'Fabrice Therriault', 3.56);
insert into gpa values ('2012-2013', 'SEM-7', 'Fabrice Therriault', 3.29);
insert into eleves values ('Dreux Menard', 1, 'S', 'Tres bien', 'MP', null, 'dmenard');
insert into notes_details values ('2010-2011', 'SEM-5', 'Dreux Menard', 'ALG-1', 11.32, 4.0, 'A', 3, 1);
insert into notes_details values ('2010-2011', 'SEM-5', 'Dreux Menard', 'DPP-1', 11.32, 1.0, 'A', 0, 1);
insert into notes_details values ('2010-2011', 'SEM-5', 'Dreux Menard', 'DPP-1', 11.32, 2.67, 'A', 2, 2);
insert into notes_details values ('2010-2011', 'SEM-5', 'Dreux Menard', 'ELE-1', 11.32, 1.67, 'A', 0, 1);
insert into notes_details values ('2010-2011', 'SEM-5', 'Dreux Menard', 'ELE-1', 11.32, 4.0, 'A', 3, 2);
insert into notes_details values ('2010-2011', 'SEM-5', 'Dreux Menard', 'INP-1', 11.32, 4.0, 'A', 3, 1);
insert into notes_details values ('2010-2011', 'SEM-5', 'Dreux Menard', 'LCI-1', 11.32, 3.33, 'A', 3, 1);
insert into notes_details values ('2010-2011', 'SEM-5', 'Dreux Menard', 'MAT-1', 11.32, 2.67, 'A', 3, 1);
insert into notes_details values ('2010-2011', 'SEM-5', 'Dreux Menard', 'MGP-1', 11.32, 1.67, 'A', 0, 1);
insert into notes_details values ('2010-2011', 'SEM-5', 'Dreux Menard', 'MGP-1', 11.32, 2.67, 'A', 4, 2);
insert into notes_details values ('2010-2011', 'SEM-5', 'Dreux Menard', 'PHO-1', 11.32, 1.67, 'A', 0, 1);
insert into notes_details values ('2010-2011', 'SEM-5', 'Dreux Menard', 'PHO-1', 11.32, 2.33, 'A', 3, 99);
insert into notes_details values ('2010-2011', 'SEM-5', 'Dreux Menard', 'PHQ-1', 11.32, 1.0, 'A', 0, 1);
insert into notes_details values ('2010-2011', 'SEM-5', 'Dreux Menard', 'PHQ-1', 11.32, 4.0, 'A', 3, 2);
insert into notes_details values ('2010-2011', 'SEM-5', 'Dreux Menard', 'SPM-1', 11.32, 1.33, 'A', 0, 1);
insert into notes_details values ('2010-2011', 'SEM-5', 'Dreux Menard', 'SPM-1', 11.32, 2.67, 'A', 3, 2);
insert into notes_details values ('2010-2011', 'SEM-6', 'Dreux Menard', 'DPP-2', 11.32, 2.0, 'A', 0, 1);
insert into notes_details values ('2010-2011', 'SEM-6', 'Dreux Menard', 'DPP-2', 11.32, 3.67, 'A', 1, 2);
insert into notes_details values ('2010-2011', 'SEM-6', 'Dreux Menard', 'EAO-2', 11.32, 2.33, 'A', 0, 1);
insert into notes_details values ('2010-2011', 'SEM-6', 'Dreux Menard', 'EAO-2', 11.32, 2.67, 'A', 3, 2);
insert into notes_details values ('2010-2011', 'SEM-6', 'Dreux Menard', 'ECO-2', 11.32, 4.0, 'A', 3, 1);
insert into notes_details values ('2010-2011', 'SEM-6', 'Dreux Menard', 'LCI-2', 11.32, 3.67, 'A', 3, 1);
insert into notes_details values ('2010-2011', 'SEM-6', 'Dreux Menard', 'MAT-2', 11.32, 2.33, 'A', 0, 1);
insert into notes_details values ('2010-2011', 'SEM-6', 'Dreux Menard', 'MAT-2', 11.32, 2.0, 'A', 2, 99);
insert into notes_details values ('2010-2011', 'SEM-6', 'Dreux Menard', 'MCO-2', 11.32, 4.0, 'A', 2, 1);
insert into notes_details values ('2010-2011', 'SEM-6', 'Dreux Menard', 'MGP-2', 11.32, 2.33, 'A', 0, 1);
insert into notes_details values ('2010-2011', 'SEM-6', 'Dreux Menard', 'MGP-2', 11.32, 1.33, 'A', 4, 99);
insert into notes_details values ('2010-2011', 'SEM-6', 'Dreux Menard', 'PHS-2', 11.32, 1.67, 'A', 0, 1);
insert into notes_details values ('2010-2011', 'SEM-6', 'Dreux Menard', 'PHS-2', 11.32, 1.33, 'A', 2, 99);
insert into notes_details values ('2010-2011', 'SEM-6', 'Dreux Menard', 'PJT-2', 11.32, 3.0, 'A', 1, 1);
insert into notes_details values ('2010-2011', 'SEM-6', 'Dreux Menard', 'RMS-2', 11.32, 1.0, 'A', 0, 1);
insert into notes_details values ('2010-2011', 'SEM-6', 'Dreux Menard', 'RMS-2', 11.32, 2.67, 'A', 4, 2);
insert into notes_details values ('2010-2011', 'SEM-6', 'Dreux Menard', 'STG-2', 11.32, 2.0, 'A', 0, 1);
insert into notes_details values ('2010-2011', 'SEM-6', 'Dreux Menard', 'STG-2', 11.32, 3.0, 'A', 2, 2);
insert into notes_details values ('2010-2011', 'SEM-6', 'Dreux Menard', 'THS-2', 11.32, 1.67, 'A', 0, 1);
insert into notes_details values ('2010-2011', 'SEM-6', 'Dreux Menard', 'THS-2', 11.32, 2.67, 'A', 3, 2);
insert into notes_details values ('2011-2012', 'SEM-7', 'Dreux Menard', 'ASL-3', 11.32, 3.33, 'A', 2, 1);
insert into notes_details values ('2011-2012', 'SEM-7', 'Dreux Menard', 'DPP-3', 11.32, 2.0, 'A', 0, 1);
insert into notes_details values ('2011-2012', 'SEM-7', 'Dreux Menard', 'DPP-3', 11.32, 4.0, 'A', 2, 2);
insert into notes_details values ('2011-2012', 'SEM-7', 'Dreux Menard', 'EAO-31', 11.32, 1.33, 'A', 0, 1);
insert into notes_details values ('2011-2012', 'SEM-7', 'Dreux Menard', 'EAO-31', 11.32, 3.33, 'A', 2, 2);
insert into notes_details values ('2011-2012', 'SEM-7', 'Dreux Menard', 'EAO-32', 11.32, 3.0, 'A', 2, 1);
insert into notes_details values ('2011-2012', 'SEM-7', 'Dreux Menard', 'EAO-33', 11.32, 4.0, 'A', 2, 1);
insert into notes_details values ('2011-2012', 'SEM-7', 'Dreux Menard', 'EAO-34', 11.32, 1.33, 'A', 0, 1);
insert into notes_details values ('2011-2012', 'SEM-7', 'Dreux Menard', 'EAO-34', 11.32, 1.33, 'A', 2, 99);
insert into notes_details values ('2011-2012', 'SEM-7', 'Dreux Menard', 'EAO-35', 11.32, 2.0, 'A', 0, 1);
insert into notes_details values ('2011-2012', 'SEM-7', 'Dreux Menard', 'EAO-35', 11.32, 1.0, 'A', 0, 2);
insert into contentieux values ('2011-2012', 'SEM-7', 'Dreux Menard', 'EAO-35');
insert into notes_details values ('2011-2012', 'SEM-7', 'Dreux Menard', 'LCI-3', 11.32, 2.0, 'A', 0, 1);
insert into notes_details values ('2011-2012', 'SEM-7', 'Dreux Menard', 'LCI-3', 11.32, 1.67, 'A', 0, 2);
insert into contentieux values ('2011-2012', 'SEM-7', 'Dreux Menard', 'LCI-3');
insert into notes_details values ('2011-2012', 'SEM-7', 'Dreux Menard', 'MAT-3', 11.32, 2.33, 'A', 0, 1);
insert into notes_details values ('2011-2012', 'SEM-7', 'Dreux Menard', 'MAT-3', 11.32, 4.0, 'A', 3, 2);
insert into notes_details values ('2011-2012', 'SEM-7', 'Dreux Menard', 'MNG-3', 11.32, 2.33, 'A', 0, 1);
insert into notes_details values ('2011-2012', 'SEM-7', 'Dreux Menard', 'MNG-3', 11.32, 2.33, 'A', 0, 2);
insert into contentieux values ('2011-2012', 'SEM-7', 'Dreux Menard', 'MNG-3');
insert into notes_details values ('2011-2012', 'SEM-7', 'Dreux Menard', 'PJT-3', 11.32, 2.0, 'A', 0, 1);
insert into notes_details values ('2011-2012', 'SEM-7', 'Dreux Menard', 'PJT-3', 11.32, 1.67, 'A', 0, 2);
insert into contentieux values ('2011-2012', 'SEM-7', 'Dreux Menard', 'PJT-3');
insert into notes_details values ('2011-2012', 'SEM-7', 'Dreux Menard', 'STD-3', 11.32, 4.0, 'A', 2, 1);
insert into gpa values ('2010-2011', 'SEM-5', 'Dreux Menard', 3.65);
insert into gpa values ('2010-2011', 'SEM-6', 'Dreux Menard', 3.86);
insert into gpa values ('2011-2012', 'SEM-7', 'Dreux Menard', 3.35);
insert into eleves values ('Dexter Pompidou', 1, 'S', 'Tres bien', 'MP', null, 'dpompidou');
insert into notes_details values ('2011-2012', 'SEM-5', 'Dexter Pompidou', 'ALG-1', 11.32, 1.67, 'A', 0, 1);
insert into notes_details values ('2011-2012', 'SEM-5', 'Dexter Pompidou', 'ALG-1', 11.32, 1.33, 'A', 3, 99);
insert into notes_details values ('2011-2012', 'SEM-5', 'Dexter Pompidou', 'DPP-1', 11.32, 2.0, 'A', 0, 1);
insert into notes_details values ('2011-2012', 'SEM-5', 'Dexter Pompidou', 'DPP-1', 11.32, 3.0, 'A', 2, 2);
insert into notes_details values ('2011-2012', 'SEM-5', 'Dexter Pompidou', 'ELE-1', 11.32, 1.0, 'A', 0, 1);
insert into notes_details values ('2011-2012', 'SEM-5', 'Dexter Pompidou', 'ELE-1', 11.32, 3.0, 'A', 3, 2);
insert into notes_details values ('2011-2012', 'SEM-5', 'Dexter Pompidou', 'INP-1', 11.32, 1.0, 'A', 0, 1);
insert into notes_details values ('2011-2012', 'SEM-5', 'Dexter Pompidou', 'INP-1', 11.32, 2.33, 'A', 3, 99);
insert into notes_details values ('2011-2012', 'SEM-5', 'Dexter Pompidou', 'LCI-1', 11.32, 2.0, 'A', 0, 1);
insert into notes_details values ('2011-2012', 'SEM-5', 'Dexter Pompidou', 'LCI-1', 11.32, 2.33, 'A', 3, 99);
insert into notes_details values ('2011-2012', 'SEM-5', 'Dexter Pompidou', 'MAT-1', 11.32, 1.67, 'A', 0, 1);
insert into notes_details values ('2011-2012', 'SEM-5', 'Dexter Pompidou', 'MAT-1', 11.32, 3.67, 'A', 3, 2);
insert into notes_details values ('2011-2012', 'SEM-5', 'Dexter Pompidou', 'MGP-1', 11.32, 2.0, 'A', 0, 1);
insert into notes_details values ('2011-2012', 'SEM-5', 'Dexter Pompidou', 'MGP-1', 11.32, 4.0, 'A', 4, 2);
insert into notes_details values ('2011-2012', 'SEM-5', 'Dexter Pompidou', 'PHO-1', 11.32, 2.0, 'A', 0, 1);
insert into notes_details values ('2011-2012', 'SEM-5', 'Dexter Pompidou', 'PHO-1', 11.32, 2.0, 'A', 3, 99);
insert into notes_details values ('2011-2012', 'SEM-5', 'Dexter Pompidou', 'PHQ-1', 11.32, 1.33, 'A', 0, 1);
insert into notes_details values ('2011-2012', 'SEM-5', 'Dexter Pompidou', 'PHQ-1', 11.32, 2.67, 'A', 3, 2);
insert into notes_details values ('2011-2012', 'SEM-5', 'Dexter Pompidou', 'SPM-1', 11.32, 3.0, 'A', 3, 1);
insert into notes_details values ('2011-2012', 'SEM-6', 'Dexter Pompidou', 'DPP-2', 11.32, 4.0, 'A', 1, 1);
insert into notes_details values ('2011-2012', 'SEM-6', 'Dexter Pompidou', 'EAO-2', 11.32, 1.33, 'A', 0, 1);
insert into notes_details values ('2011-2012', 'SEM-6', 'Dexter Pompidou', 'EAO-2', 11.32, 3.0, 'A', 3, 2);
insert into notes_details values ('2011-2012', 'SEM-6', 'Dexter Pompidou', 'ECO-2', 11.32, 3.67, 'A', 3, 1);
insert into notes_details values ('2011-2012', 'SEM-6', 'Dexter Pompidou', 'LCI-2', 11.32, 3.33, 'A', 3, 1);
insert into notes_details values ('2011-2012', 'SEM-6', 'Dexter Pompidou', 'MAT-2', 11.32, 3.0, 'A', 2, 1);
insert into notes_details values ('2011-2012', 'SEM-6', 'Dexter Pompidou', 'MCO-2', 11.32, 1.67, 'A', 0, 1);
insert into notes_details values ('2011-2012', 'SEM-6', 'Dexter Pompidou', 'MCO-2', 11.32, 3.0, 'A', 2, 2);
insert into notes_details values ('2011-2012', 'SEM-6', 'Dexter Pompidou', 'MGP-2', 11.32, 3.33, 'A', 4, 1);
insert into notes_details values ('2011-2012', 'SEM-6', 'Dexter Pompidou', 'PHS-2', 11.32, 1.33, 'A', 0, 1);
insert into notes_details values ('2011-2012', 'SEM-6', 'Dexter Pompidou', 'PHS-2', 11.32, 3.67, 'A', 2, 2);
insert into notes_details values ('2011-2012', 'SEM-6', 'Dexter Pompidou', 'PJT-2', 11.32, 2.33, 'A', 0, 1);
insert into notes_details values ('2011-2012', 'SEM-6', 'Dexter Pompidou', 'PJT-2', 11.32, 3.33, 'A', 1, 2);
insert into notes_details values ('2011-2012', 'SEM-6', 'Dexter Pompidou', 'RMS-2', 11.32, 2.0, 'A', 0, 1);
insert into notes_details values ('2011-2012', 'SEM-6', 'Dexter Pompidou', 'RMS-2', 11.32, 3.0, 'A', 4, 2);
insert into notes_details values ('2011-2012', 'SEM-6', 'Dexter Pompidou', 'STG-2', 11.32, 1.0, 'A', 0, 1);
insert into notes_details values ('2011-2012', 'SEM-6', 'Dexter Pompidou', 'STG-2', 11.32, 3.0, 'A', 2, 2);
insert into notes_details values ('2011-2012', 'SEM-6', 'Dexter Pompidou', 'THS-2', 11.32, 2.67, 'A', 3, 1);
insert into notes_details values ('2012-2013', 'SEM-7', 'Dexter Pompidou', 'ASL-3', 11.32, 4.0, 'A', 2, 1);
insert into notes_details values ('2012-2013', 'SEM-7', 'Dexter Pompidou', 'DPP-3', 11.32, 1.33, 'A', 0, 1);
insert into notes_details values ('2012-2013', 'SEM-7', 'Dexter Pompidou', 'DPP-3', 11.32, 1.67, 'A', 0, 2);
insert into contentieux values ('2012-2013', 'SEM-7', 'Dexter Pompidou', 'DPP-3');
insert into notes_details values ('2012-2013', 'SEM-7', 'Dexter Pompidou', 'EAO-31', 11.32, 1.33, 'A', 0, 1);
insert into notes_details values ('2012-2013', 'SEM-7', 'Dexter Pompidou', 'EAO-31', 11.32, 1.67, 'A', 0, 2);
insert into contentieux values ('2012-2013', 'SEM-7', 'Dexter Pompidou', 'EAO-31');
insert into notes_details values ('2012-2013', 'SEM-7', 'Dexter Pompidou', 'EAO-32', 11.32, 2.33, 'A', 0, 1);
insert into notes_details values ('2012-2013', 'SEM-7', 'Dexter Pompidou', 'EAO-32', 11.32, 2.67, 'A', 2, 2);
insert into notes_details values ('2012-2013', 'SEM-7', 'Dexter Pompidou', 'EAO-33', 11.32, 1.0, 'A', 0, 1);
insert into notes_details values ('2012-2013', 'SEM-7', 'Dexter Pompidou', 'EAO-33', 11.32, 3.33, 'A', 2, 2);
insert into notes_details values ('2012-2013', 'SEM-7', 'Dexter Pompidou', 'EAO-34', 11.32, 1.33, 'A', 0, 1);
insert into notes_details values ('2012-2013', 'SEM-7', 'Dexter Pompidou', 'EAO-34', 11.32, 3.33, 'A', 2, 2);
insert into notes_details values ('2012-2013', 'SEM-7', 'Dexter Pompidou', 'EAO-35', 11.32, 1.67, 'A', 0, 1);
insert into notes_details values ('2012-2013', 'SEM-7', 'Dexter Pompidou', 'EAO-35', 11.32, 1.67, 'A', 2, 99);
insert into notes_details values ('2012-2013', 'SEM-7', 'Dexter Pompidou', 'LCI-3', 11.32, 2.33, 'A', 0, 1);
insert into notes_details values ('2012-2013', 'SEM-7', 'Dexter Pompidou', 'LCI-3', 11.32, 3.0, 'A', 3, 2);
insert into notes_details values ('2012-2013', 'SEM-7', 'Dexter Pompidou', 'MAT-3', 11.32, 2.0, 'A', 0, 1);
insert into notes_details values ('2012-2013', 'SEM-7', 'Dexter Pompidou', 'MAT-3', 11.32, 3.0, 'A', 3, 2);
insert into notes_details values ('2012-2013', 'SEM-7', 'Dexter Pompidou', 'MNG-3', 11.32, 3.0, 'A', 3, 1);
insert into notes_details values ('2012-2013', 'SEM-7', 'Dexter Pompidou', 'PJT-3', 11.32, 1.0, 'A', 0, 1);
insert into notes_details values ('2012-2013', 'SEM-7', 'Dexter Pompidou', 'PJT-3', 11.32, 1.0, 'A', 0, 2);
insert into contentieux values ('2012-2013', 'SEM-7', 'Dexter Pompidou', 'PJT-3');
insert into notes_details values ('2012-2013', 'SEM-7', 'Dexter Pompidou', 'STD-3', 11.32, 3.67, 'A', 2, 1);
insert into gpa values ('2011-2012', 'SEM-5', 'Dexter Pompidou', 3.1);
insert into gpa values ('2011-2012', 'SEM-6', 'Dexter Pompidou', 3.44);
insert into gpa values ('2012-2013', 'SEM-7', 'Dexter Pompidou', 2.62);
insert into eleves values ('Dexter Keegan', 1, 'S', 'Tres bien', 'MP', null, 'dkeegan');
insert into notes_details values ('2010-2011', 'SEM-5', 'Dexter Keegan', 'ALG-1', 11.32, 3.33, 'A', 3, 1);
insert into notes_details values ('2010-2011', 'SEM-5', 'Dexter Keegan', 'DPP-1', 11.32, 2.67, 'A', 2, 1);
insert into notes_details values ('2010-2011', 'SEM-5', 'Dexter Keegan', 'ELE-1', 11.32, 3.67, 'A', 3, 1);
insert into notes_details values ('2010-2011', 'SEM-5', 'Dexter Keegan', 'INP-1', 11.32, 4.0, 'A', 3, 1);
insert into notes_details values ('2010-2011', 'SEM-5', 'Dexter Keegan', 'LCI-1', 11.32, 2.67, 'A', 3, 1);
insert into notes_details values ('2010-2011', 'SEM-5', 'Dexter Keegan', 'MAT-1', 11.32, 1.33, 'A', 0, 1);
insert into notes_details values ('2010-2011', 'SEM-5', 'Dexter Keegan', 'MAT-1', 11.32, 3.33, 'A', 3, 2);
insert into notes_details values ('2010-2011', 'SEM-5', 'Dexter Keegan', 'MGP-1', 11.32, 3.33, 'A', 4, 1);
insert into notes_details values ('2010-2011', 'SEM-5', 'Dexter Keegan', 'PHO-1', 11.32, 2.33, 'A', 0, 1);
insert into notes_details values ('2010-2011', 'SEM-5', 'Dexter Keegan', 'PHO-1', 11.32, 3.33, 'A', 3, 2);
insert into notes_details values ('2010-2011', 'SEM-5', 'Dexter Keegan', 'PHQ-1', 11.32, 3.67, 'A', 3, 1);
insert into notes_details values ('2010-2011', 'SEM-5', 'Dexter Keegan', 'SPM-1', 11.32, 1.0, 'A', 0, 1);
insert into notes_details values ('2010-2011', 'SEM-5', 'Dexter Keegan', 'SPM-1', 11.32, 3.33, 'A', 3, 2);
insert into notes_details values ('2010-2011', 'SEM-6', 'Dexter Keegan', 'DPP-2', 11.32, 2.33, 'A', 0, 1);
insert into notes_details values ('2010-2011', 'SEM-6', 'Dexter Keegan', 'DPP-2', 11.32, 3.67, 'A', 1, 2);
insert into notes_details values ('2010-2011', 'SEM-6', 'Dexter Keegan', 'EAO-2', 11.32, 2.67, 'A', 3, 1);
insert into notes_details values ('2010-2011', 'SEM-6', 'Dexter Keegan', 'ECO-2', 11.32, 3.0, 'A', 3, 1);
insert into notes_details values ('2010-2011', 'SEM-6', 'Dexter Keegan', 'LCI-2', 11.32, 3.33, 'A', 3, 1);
insert into notes_details values ('2010-2011', 'SEM-6', 'Dexter Keegan', 'MAT-2', 11.32, 4.0, 'A', 2, 1);
insert into notes_details values ('2010-2011', 'SEM-6', 'Dexter Keegan', 'MCO-2', 11.32, 1.33, 'A', 0, 1);
insert into notes_details values ('2010-2011', 'SEM-6', 'Dexter Keegan', 'MCO-2', 11.32, 3.67, 'A', 2, 2);
insert into notes_details values ('2010-2011', 'SEM-6', 'Dexter Keegan', 'MGP-2', 11.32, 2.67, 'A', 4, 1);
insert into notes_details values ('2010-2011', 'SEM-6', 'Dexter Keegan', 'PHS-2', 11.32, 2.33, 'A', 0, 1);
insert into notes_details values ('2010-2011', 'SEM-6', 'Dexter Keegan', 'PHS-2', 11.32, 4.0, 'A', 2, 2);
insert into notes_details values ('2010-2011', 'SEM-6', 'Dexter Keegan', 'PJT-2', 11.32, 2.33, 'A', 0, 1);
insert into notes_details values ('2010-2011', 'SEM-6', 'Dexter Keegan', 'PJT-2', 11.32, 3.0, 'A', 1, 2);
insert into notes_details values ('2010-2011', 'SEM-6', 'Dexter Keegan', 'RMS-2', 11.32, 2.33, 'A', 0, 1);
insert into notes_details values ('2010-2011', 'SEM-6', 'Dexter Keegan', 'RMS-2', 11.32, 3.67, 'A', 4, 2);
insert into notes_details values ('2010-2011', 'SEM-6', 'Dexter Keegan', 'STG-2', 11.32, 3.33, 'A', 2, 1);
insert into notes_details values ('2010-2011', 'SEM-6', 'Dexter Keegan', 'THS-2', 11.32, 1.0, 'A', 0, 1);
insert into notes_details values ('2010-2011', 'SEM-6', 'Dexter Keegan', 'THS-2', 11.32, 3.0, 'A', 3, 2);
insert into notes_details values ('2011-2012', 'SEM-7', 'Dexter Keegan', 'ASL-3', 11.32, 1.33, 'A', 0, 1);
insert into notes_details values ('2011-2012', 'SEM-7', 'Dexter Keegan', 'ASL-3', 11.32, 3.0, 'A', 2, 2);
insert into notes_details values ('2011-2012', 'SEM-7', 'Dexter Keegan', 'DPP-3', 11.32, 1.0, 'A', 0, 1);
insert into notes_details values ('2011-2012', 'SEM-7', 'Dexter Keegan', 'DPP-3', 11.32, 2.0, 'A', 2, 99);
insert into notes_details values ('2011-2012', 'SEM-7', 'Dexter Keegan', 'EAO-31', 11.32, 1.0, 'A', 0, 1);
insert into notes_details values ('2011-2012', 'SEM-7', 'Dexter Keegan', 'EAO-31', 11.32, 2.33, 'A', 0, 2);
insert into contentieux values ('2011-2012', 'SEM-7', 'Dexter Keegan', 'EAO-31');
insert into notes_details values ('2011-2012', 'SEM-7', 'Dexter Keegan', 'EAO-32', 11.32, 4.0, 'A', 2, 1);
insert into notes_details values ('2011-2012', 'SEM-7', 'Dexter Keegan', 'EAO-33', 11.32, 4.0, 'A', 2, 1);
insert into notes_details values ('2011-2012', 'SEM-7', 'Dexter Keegan', 'EAO-34', 11.32, 2.0, 'A', 0, 1);
insert into notes_details values ('2011-2012', 'SEM-7', 'Dexter Keegan', 'EAO-34', 11.32, 1.67, 'A', 0, 2);
insert into contentieux values ('2011-2012', 'SEM-7', 'Dexter Keegan', 'EAO-34');
insert into notes_details values ('2011-2012', 'SEM-7', 'Dexter Keegan', 'EAO-35', 11.32, 3.33, 'A', 2, 1);
insert into notes_details values ('2011-2012', 'SEM-7', 'Dexter Keegan', 'LCI-3', 11.32, 1.0, 'A', 0, 1);
insert into notes_details values ('2011-2012', 'SEM-7', 'Dexter Keegan', 'LCI-3', 11.32, 3.67, 'A', 3, 2);
insert into notes_details values ('2011-2012', 'SEM-7', 'Dexter Keegan', 'MAT-3', 11.32, 2.33, 'A', 0, 1);
insert into notes_details values ('2011-2012', 'SEM-7', 'Dexter Keegan', 'MAT-3', 11.32, 1.33, 'A', 0, 2);
insert into contentieux values ('2011-2012', 'SEM-7', 'Dexter Keegan', 'MAT-3');
insert into notes_details values ('2011-2012', 'SEM-7', 'Dexter Keegan', 'MNG-3', 11.32, 1.0, 'A', 0, 1);
insert into notes_details values ('2011-2012', 'SEM-7', 'Dexter Keegan', 'MNG-3', 11.32, 2.67, 'A', 3, 2);
insert into notes_details values ('2011-2012', 'SEM-7', 'Dexter Keegan', 'PJT-3', 11.32, 1.0, 'A', 0, 1);
insert into notes_details values ('2011-2012', 'SEM-7', 'Dexter Keegan', 'PJT-3', 11.32, 2.67, 'A', 5, 2);
insert into notes_details values ('2011-2012', 'SEM-7', 'Dexter Keegan', 'STD-3', 11.32, 2.0, 'A', 0, 1);
insert into notes_details values ('2011-2012', 'SEM-7', 'Dexter Keegan', 'STD-3', 11.32, 1.33, 'A', 0, 2);
insert into contentieux values ('2011-2012', 'SEM-7', 'Dexter Keegan', 'STD-3');
insert into gpa values ('2010-2011', 'SEM-5', 'Dexter Keegan', 3.6);
insert into gpa values ('2010-2011', 'SEM-6', 'Dexter Keegan', 2.92);
insert into gpa values ('2011-2012', 'SEM-7', 'Dexter Keegan', 3.5);
insert into eleves values ('Andres Rodriguez', 1, 'S', 'Tres bien', 'MP', null, 'arodriguez');
insert into notes_details values ('2011-2012', 'SEM-5', 'Andres Rodriguez', 'ALG-1', 11.32, 3.67, 'A', 3, 1);
insert into notes_details values ('2011-2012', 'SEM-5', 'Andres Rodriguez', 'DPP-1', 11.32, 4.0, 'A', 2, 1);
insert into notes_details values ('2011-2012', 'SEM-5', 'Andres Rodriguez', 'ELE-1', 11.32, 3.67, 'A', 3, 1);
insert into notes_details values ('2011-2012', 'SEM-5', 'Andres Rodriguez', 'INP-1', 11.32, 3.67, 'A', 3, 1);
insert into notes_details values ('2011-2012', 'SEM-5', 'Andres Rodriguez', 'LCI-1', 11.32, 1.33, 'A', 0, 1);
insert into notes_details values ('2011-2012', 'SEM-5', 'Andres Rodriguez', 'LCI-1', 11.32, 2.67, 'A', 3, 2);
insert into notes_details values ('2011-2012', 'SEM-5', 'Andres Rodriguez', 'MAT-1', 11.32, 2.67, 'A', 3, 1);
insert into notes_details values ('2011-2012', 'SEM-5', 'Andres Rodriguez', 'MGP-1', 11.32, 2.0, 'A', 0, 1);
insert into notes_details values ('2011-2012', 'SEM-5', 'Andres Rodriguez', 'MGP-1', 11.32, 4.0, 'A', 4, 2);
insert into notes_details values ('2011-2012', 'SEM-5', 'Andres Rodriguez', 'PHO-1', 11.32, 4.0, 'A', 3, 1);
insert into notes_details values ('2011-2012', 'SEM-5', 'Andres Rodriguez', 'PHQ-1', 11.32, 3.33, 'A', 3, 1);
insert into notes_details values ('2011-2012', 'SEM-5', 'Andres Rodriguez', 'SPM-1', 11.32, 2.33, 'A', 0, 1);
insert into notes_details values ('2011-2012', 'SEM-5', 'Andres Rodriguez', 'SPM-1', 11.32, 4.0, 'A', 3, 2);
insert into notes_details values ('2011-2012', 'SEM-6', 'Andres Rodriguez', 'DPP-2', 11.32, 3.67, 'A', 1, 1);
insert into notes_details values ('2011-2012', 'SEM-6', 'Andres Rodriguez', 'EAO-2', 11.32, 2.33, 'A', 0, 1);
insert into notes_details values ('2011-2012', 'SEM-6', 'Andres Rodriguez', 'EAO-2', 11.32, 2.67, 'A', 3, 2);
insert into notes_details values ('2011-2012', 'SEM-6', 'Andres Rodriguez', 'ECO-2', 11.32, 2.0, 'A', 0, 1);
insert into notes_details values ('2011-2012', 'SEM-6', 'Andres Rodriguez', 'ECO-2', 11.32, 1.0, 'A', 3, 99);
insert into notes_details values ('2011-2012', 'SEM-6', 'Andres Rodriguez', 'LCI-2', 11.32, 2.33, 'A', 0, 1);
insert into notes_details values ('2011-2012', 'SEM-6', 'Andres Rodriguez', 'LCI-2', 11.32, 4.0, 'A', 3, 2);
insert into notes_details values ('2011-2012', 'SEM-6', 'Andres Rodriguez', 'MAT-2', 11.32, 3.0, 'A', 2, 1);
insert into notes_details values ('2011-2012', 'SEM-6', 'Andres Rodriguez', 'MCO-2', 11.32, 2.0, 'A', 0, 1);
insert into notes_details values ('2011-2012', 'SEM-6', 'Andres Rodriguez', 'MCO-2', 11.32, 3.33, 'A', 2, 2);
insert into notes_details values ('2011-2012', 'SEM-6', 'Andres Rodriguez', 'MGP-2', 11.32, 3.0, 'A', 4, 1);
insert into notes_details values ('2011-2012', 'SEM-6', 'Andres Rodriguez', 'PHS-2', 11.32, 3.67, 'A', 2, 1);
insert into notes_details values ('2011-2012', 'SEM-6', 'Andres Rodriguez', 'PJT-2', 11.32, 1.67, 'A', 0, 1);
insert into notes_details values ('2011-2012', 'SEM-6', 'Andres Rodriguez', 'PJT-2', 11.32, 4.0, 'A', 1, 2);
insert into notes_details values ('2011-2012', 'SEM-6', 'Andres Rodriguez', 'RMS-2', 11.32, 2.0, 'A', 0, 1);
insert into notes_details values ('2011-2012', 'SEM-6', 'Andres Rodriguez', 'RMS-2', 11.32, 3.33, 'A', 4, 2);
insert into notes_details values ('2011-2012', 'SEM-6', 'Andres Rodriguez', 'STG-2', 11.32, 1.67, 'A', 0, 1);
insert into notes_details values ('2011-2012', 'SEM-6', 'Andres Rodriguez', 'STG-2', 11.32, 3.33, 'A', 2, 2);
insert into notes_details values ('2011-2012', 'SEM-6', 'Andres Rodriguez', 'THS-2', 11.32, 2.67, 'A', 3, 1);
insert into notes_details values ('2012-2013', 'SEM-7', 'Andres Rodriguez', 'ASL-3', 11.32, 1.0, 'A', 0, 1);
insert into notes_details values ('2012-2013', 'SEM-7', 'Andres Rodriguez', 'ASL-3', 11.32, 1.67, 'A', 0, 2);
insert into contentieux values ('2012-2013', 'SEM-7', 'Andres Rodriguez', 'ASL-3');
insert into notes_details values ('2012-2013', 'SEM-7', 'Andres Rodriguez', 'DPP-3', 11.32, 1.0, 'A', 0, 1);
insert into notes_details values ('2012-2013', 'SEM-7', 'Andres Rodriguez', 'DPP-3', 11.32, 2.33, 'A', 0, 2);
insert into contentieux values ('2012-2013', 'SEM-7', 'Andres Rodriguez', 'DPP-3');
insert into notes_details values ('2012-2013', 'SEM-7', 'Andres Rodriguez', 'EAO-31', 11.32, 2.33, 'A', 0, 1);
insert into notes_details values ('2012-2013', 'SEM-7', 'Andres Rodriguez', 'EAO-31', 11.32, 4.0, 'A', 2, 2);
insert into notes_details values ('2012-2013', 'SEM-7', 'Andres Rodriguez', 'EAO-32', 11.32, 2.67, 'A', 2, 1);
insert into notes_details values ('2012-2013', 'SEM-7', 'Andres Rodriguez', 'EAO-33', 11.32, 1.33, 'A', 0, 1);
insert into notes_details values ('2012-2013', 'SEM-7', 'Andres Rodriguez', 'EAO-33', 11.32, 2.67, 'A', 2, 2);
insert into notes_details values ('2012-2013', 'SEM-7', 'Andres Rodriguez', 'EAO-34', 11.32, 2.67, 'A', 2, 1);
insert into notes_details values ('2012-2013', 'SEM-7', 'Andres Rodriguez', 'EAO-35', 11.32, 3.67, 'A', 2, 1);
insert into notes_details values ('2012-2013', 'SEM-7', 'Andres Rodriguez', 'LCI-3', 11.32, 1.0, 'A', 0, 1);
insert into notes_details values ('2012-2013', 'SEM-7', 'Andres Rodriguez', 'LCI-3', 11.32, 1.33, 'A', 0, 2);
insert into contentieux values ('2012-2013', 'SEM-7', 'Andres Rodriguez', 'LCI-3');
insert into notes_details values ('2012-2013', 'SEM-7', 'Andres Rodriguez', 'MAT-3', 11.32, 4.0, 'A', 3, 1);
insert into notes_details values ('2012-2013', 'SEM-7', 'Andres Rodriguez', 'MNG-3', 11.32, 3.67, 'A', 3, 1);
insert into notes_details values ('2012-2013', 'SEM-7', 'Andres Rodriguez', 'PJT-3', 11.32, 1.33, 'A', 0, 1);
insert into notes_details values ('2012-2013', 'SEM-7', 'Andres Rodriguez', 'PJT-3', 11.32, 1.33, 'A', 0, 2);
insert into contentieux values ('2012-2013', 'SEM-7', 'Andres Rodriguez', 'PJT-3');
insert into notes_details values ('2012-2013', 'SEM-7', 'Andres Rodriguez', 'STD-3', 11.32, 4.0, 'A', 2, 1);
insert into gpa values ('2011-2012', 'SEM-5', 'Andres Rodriguez', 3.45);
insert into gpa values ('2011-2012', 'SEM-6', 'Andres Rodriguez', 3.16);
insert into gpa values ('2012-2013', 'SEM-7', 'Andres Rodriguez', 2.54);
insert into eleves values ('Francois Clavette', 1, 'S', 'Tres bien', 'MP', null, 'fclavette');
insert into notes_details values ('2010-2011', 'SEM-5', 'Francois Clavette', 'ALG-1', 11.32, 2.33, 'A', 0, 1);
insert into notes_details values ('2010-2011', 'SEM-5', 'Francois Clavette', 'ALG-1', 11.32, 2.67, 'A', 3, 2);
insert into notes_details values ('2010-2011', 'SEM-5', 'Francois Clavette', 'DPP-1', 11.32, 1.33, 'A', 0, 1);
insert into notes_details values ('2010-2011', 'SEM-5', 'Francois Clavette', 'DPP-1', 11.32, 3.67, 'A', 2, 2);
insert into notes_details values ('2010-2011', 'SEM-5', 'Francois Clavette', 'ELE-1', 11.32, 1.67, 'A', 0, 1);
insert into notes_details values ('2010-2011', 'SEM-5', 'Francois Clavette', 'ELE-1', 11.32, 2.0, 'A', 3, 99);
insert into notes_details values ('2010-2011', 'SEM-5', 'Francois Clavette', 'INP-1', 11.32, 2.33, 'A', 0, 1);
insert into notes_details values ('2010-2011', 'SEM-5', 'Francois Clavette', 'INP-1', 11.32, 3.33, 'A', 3, 2);
insert into notes_details values ('2010-2011', 'SEM-5', 'Francois Clavette', 'LCI-1', 11.32, 2.33, 'A', 0, 1);
insert into notes_details values ('2010-2011', 'SEM-5', 'Francois Clavette', 'LCI-1', 11.32, 4.0, 'A', 3, 2);
insert into notes_details values ('2010-2011', 'SEM-5', 'Francois Clavette', 'MAT-1', 11.32, 3.0, 'A', 3, 1);
insert into notes_details values ('2010-2011', 'SEM-5', 'Francois Clavette', 'MGP-1', 11.32, 4.0, 'A', 4, 1);
insert into notes_details values ('2010-2011', 'SEM-5', 'Francois Clavette', 'PHO-1', 11.32, 4.0, 'A', 3, 1);
insert into notes_details values ('2010-2011', 'SEM-5', 'Francois Clavette', 'PHQ-1', 11.32, 3.33, 'A', 3, 1);
insert into notes_details values ('2010-2011', 'SEM-5', 'Francois Clavette', 'SPM-1', 11.32, 1.33, 'A', 0, 1);
insert into notes_details values ('2010-2011', 'SEM-5', 'Francois Clavette', 'SPM-1', 11.32, 2.67, 'A', 3, 2);
insert into notes_details values ('2010-2011', 'SEM-6', 'Francois Clavette', 'DPP-2', 11.32, 3.0, 'A', 1, 1);
insert into notes_details values ('2010-2011', 'SEM-6', 'Francois Clavette', 'EAO-2', 11.32, 4.0, 'A', 3, 1);
insert into notes_details values ('2010-2011', 'SEM-6', 'Francois Clavette', 'ECO-2', 11.32, 2.67, 'A', 3, 1);
insert into notes_details values ('2010-2011', 'SEM-6', 'Francois Clavette', 'LCI-2', 11.32, 1.33, 'A', 0, 1);
insert into notes_details values ('2010-2011', 'SEM-6', 'Francois Clavette', 'LCI-2', 11.32, 4.0, 'A', 3, 2);
insert into notes_details values ('2010-2011', 'SEM-6', 'Francois Clavette', 'MAT-2', 11.32, 1.67, 'A', 0, 1);
insert into notes_details values ('2010-2011', 'SEM-6', 'Francois Clavette', 'MAT-2', 11.32, 2.67, 'A', 2, 2);
insert into notes_details values ('2010-2011', 'SEM-6', 'Francois Clavette', 'MCO-2', 11.32, 1.33, 'A', 0, 1);
insert into notes_details values ('2010-2011', 'SEM-6', 'Francois Clavette', 'MCO-2', 11.32, 2.67, 'A', 2, 2);
insert into notes_details values ('2010-2011', 'SEM-6', 'Francois Clavette', 'MGP-2', 11.32, 2.0, 'A', 0, 1);
insert into notes_details values ('2010-2011', 'SEM-6', 'Francois Clavette', 'MGP-2', 11.32, 2.67, 'A', 4, 2);
insert into notes_details values ('2010-2011', 'SEM-6', 'Francois Clavette', 'PHS-2', 11.32, 1.67, 'A', 0, 1);
insert into notes_details values ('2010-2011', 'SEM-6', 'Francois Clavette', 'PHS-2', 11.32, 3.33, 'A', 2, 2);
insert into notes_details values ('2010-2011', 'SEM-6', 'Francois Clavette', 'PJT-2', 11.32, 2.0, 'A', 0, 1);
insert into notes_details values ('2010-2011', 'SEM-6', 'Francois Clavette', 'PJT-2', 11.32, 1.67, 'A', 1, 99);
insert into notes_details values ('2010-2011', 'SEM-6', 'Francois Clavette', 'RMS-2', 11.32, 1.33, 'A', 0, 1);
insert into notes_details values ('2010-2011', 'SEM-6', 'Francois Clavette', 'RMS-2', 11.32, 3.33, 'A', 4, 2);
insert into notes_details values ('2010-2011', 'SEM-6', 'Francois Clavette', 'STG-2', 11.32, 3.0, 'A', 2, 1);
insert into notes_details values ('2010-2011', 'SEM-6', 'Francois Clavette', 'THS-2', 11.32, 2.0, 'A', 0, 1);
insert into notes_details values ('2010-2011', 'SEM-6', 'Francois Clavette', 'THS-2', 11.32, 1.67, 'A', 3, 99);
insert into notes_details values ('2011-2012', 'SEM-7', 'Francois Clavette', 'ASL-3', 11.32, 2.33, 'A', 0, 1);
insert into notes_details values ('2011-2012', 'SEM-7', 'Francois Clavette', 'ASL-3', 11.32, 1.67, 'A', 0, 2);
insert into contentieux values ('2011-2012', 'SEM-7', 'Francois Clavette', 'ASL-3');
insert into notes_details values ('2011-2012', 'SEM-7', 'Francois Clavette', 'DPP-3', 11.32, 1.67, 'A', 0, 1);
insert into notes_details values ('2011-2012', 'SEM-7', 'Francois Clavette', 'DPP-3', 11.32, 1.67, 'A', 2, 99);
insert into notes_details values ('2011-2012', 'SEM-7', 'Francois Clavette', 'EAO-31', 11.32, 2.33, 'A', 0, 1);
insert into notes_details values ('2011-2012', 'SEM-7', 'Francois Clavette', 'EAO-31', 11.32, 1.67, 'A', 0, 2);
insert into contentieux values ('2011-2012', 'SEM-7', 'Francois Clavette', 'EAO-31');
insert into notes_details values ('2011-2012', 'SEM-7', 'Francois Clavette', 'EAO-32', 11.32, 1.67, 'A', 0, 1);
insert into notes_details values ('2011-2012', 'SEM-7', 'Francois Clavette', 'EAO-32', 11.32, 2.0, 'A', 2, 99);
insert into notes_details values ('2011-2012', 'SEM-7', 'Francois Clavette', 'EAO-33', 11.32, 2.33, 'A', 0, 1);
insert into notes_details values ('2011-2012', 'SEM-7', 'Francois Clavette', 'EAO-33', 11.32, 2.33, 'A', 0, 2);
insert into contentieux values ('2011-2012', 'SEM-7', 'Francois Clavette', 'EAO-33');
insert into notes_details values ('2011-2012', 'SEM-7', 'Francois Clavette', 'EAO-34', 11.32, 1.67, 'A', 0, 1);
insert into notes_details values ('2011-2012', 'SEM-7', 'Francois Clavette', 'EAO-34', 11.32, 1.0, 'A', 0, 2);
insert into contentieux values ('2011-2012', 'SEM-7', 'Francois Clavette', 'EAO-34');
insert into notes_details values ('2011-2012', 'SEM-7', 'Francois Clavette', 'EAO-35', 11.32, 3.33, 'A', 2, 1);
insert into notes_details values ('2011-2012', 'SEM-7', 'Francois Clavette', 'LCI-3', 11.32, 3.0, 'A', 3, 1);
insert into notes_details values ('2011-2012', 'SEM-7', 'Francois Clavette', 'MAT-3', 11.32, 2.67, 'A', 3, 1);
insert into notes_details values ('2011-2012', 'SEM-7', 'Francois Clavette', 'MNG-3', 11.32, 1.33, 'A', 0, 1);
insert into notes_details values ('2011-2012', 'SEM-7', 'Francois Clavette', 'MNG-3', 11.32, 3.67, 'A', 3, 2);
insert into notes_details values ('2011-2012', 'SEM-7', 'Francois Clavette', 'PJT-3', 11.32, 2.33, 'A', 0, 1);
insert into notes_details values ('2011-2012', 'SEM-7', 'Francois Clavette', 'PJT-3', 11.32, 1.0, 'A', 0, 2);
insert into contentieux values ('2011-2012', 'SEM-7', 'Francois Clavette', 'PJT-3');
insert into notes_details values ('2011-2012', 'SEM-7', 'Francois Clavette', 'STD-3', 11.32, 1.67, 'A', 0, 1);
insert into notes_details values ('2011-2012', 'SEM-7', 'Francois Clavette', 'STD-3', 11.32, 3.67, 'A', 2, 2);
insert into gpa values ('2010-2011', 'SEM-5', 'Francois Clavette', 3.18);
insert into gpa values ('2010-2011', 'SEM-6', 'Francois Clavette', 2.18);
insert into gpa values ('2011-2012', 'SEM-7', 'Francois Clavette', 2.72);
insert into eleves values ('Nadia Fabre', 1, 'S', 'Tres bien', 'MP', null, 'nfabre');
insert into notes_details values ('2011-2012', 'SEM-5', 'Nadia Fabre', 'ALG-1', 11.32, 2.67, 'A', 3, 1);
insert into notes_details values ('2011-2012', 'SEM-5', 'Nadia Fabre', 'DPP-1', 11.32, 2.67, 'A', 2, 1);
insert into notes_details values ('2011-2012', 'SEM-5', 'Nadia Fabre', 'ELE-1', 11.32, 2.67, 'A', 3, 1);
insert into notes_details values ('2011-2012', 'SEM-5', 'Nadia Fabre', 'INP-1', 11.32, 2.0, 'A', 0, 1);
insert into notes_details values ('2011-2012', 'SEM-5', 'Nadia Fabre', 'INP-1', 11.32, 1.33, 'A', 3, 99);
insert into notes_details values ('2011-2012', 'SEM-5', 'Nadia Fabre', 'LCI-1', 11.32, 3.33, 'A', 3, 1);
insert into notes_details values ('2011-2012', 'SEM-5', 'Nadia Fabre', 'MAT-1', 11.32, 1.33, 'A', 0, 1);
insert into notes_details values ('2011-2012', 'SEM-5', 'Nadia Fabre', 'MAT-1', 11.32, 2.33, 'A', 3, 99);
insert into notes_details values ('2011-2012', 'SEM-5', 'Nadia Fabre', 'MGP-1', 11.32, 4.0, 'A', 4, 1);
insert into notes_details values ('2011-2012', 'SEM-5', 'Nadia Fabre', 'PHO-1', 11.32, 2.0, 'A', 0, 1);
insert into notes_details values ('2011-2012', 'SEM-5', 'Nadia Fabre', 'PHO-1', 11.32, 3.0, 'A', 3, 2);
insert into notes_details values ('2011-2012', 'SEM-5', 'Nadia Fabre', 'PHQ-1', 11.32, 3.67, 'A', 3, 1);
insert into notes_details values ('2011-2012', 'SEM-5', 'Nadia Fabre', 'SPM-1', 11.32, 1.67, 'A', 0, 1);
insert into notes_details values ('2011-2012', 'SEM-5', 'Nadia Fabre', 'SPM-1', 11.32, 3.33, 'A', 3, 2);
insert into notes_details values ('2011-2012', 'SEM-6', 'Nadia Fabre', 'DPP-2', 11.32, 1.33, 'A', 0, 1);
insert into notes_details values ('2011-2012', 'SEM-6', 'Nadia Fabre', 'DPP-2', 11.32, 3.67, 'A', 1, 2);
insert into notes_details values ('2011-2012', 'SEM-6', 'Nadia Fabre', 'EAO-2', 11.32, 1.67, 'A', 0, 1);
insert into notes_details values ('2011-2012', 'SEM-6', 'Nadia Fabre', 'EAO-2', 11.32, 2.33, 'A', 3, 99);
insert into notes_details values ('2011-2012', 'SEM-6', 'Nadia Fabre', 'ECO-2', 11.32, 4.0, 'A', 3, 1);
insert into notes_details values ('2011-2012', 'SEM-6', 'Nadia Fabre', 'LCI-2', 11.32, 3.33, 'A', 3, 1);
insert into notes_details values ('2011-2012', 'SEM-6', 'Nadia Fabre', 'MAT-2', 11.32, 3.67, 'A', 2, 1);
insert into notes_details values ('2011-2012', 'SEM-6', 'Nadia Fabre', 'MCO-2', 11.32, 3.33, 'A', 2, 1);
insert into notes_details values ('2011-2012', 'SEM-6', 'Nadia Fabre', 'MGP-2', 11.32, 2.0, 'A', 0, 1);
insert into notes_details values ('2011-2012', 'SEM-6', 'Nadia Fabre', 'MGP-2', 11.32, 3.67, 'A', 4, 2);
insert into notes_details values ('2011-2012', 'SEM-6', 'Nadia Fabre', 'PHS-2', 11.32, 3.67, 'A', 2, 1);
insert into notes_details values ('2011-2012', 'SEM-6', 'Nadia Fabre', 'PJT-2', 11.32, 4.0, 'A', 1, 1);
insert into notes_details values ('2011-2012', 'SEM-6', 'Nadia Fabre', 'RMS-2', 11.32, 4.0, 'A', 4, 1);
insert into notes_details values ('2011-2012', 'SEM-6', 'Nadia Fabre', 'STG-2', 11.32, 2.0, 'A', 0, 1);
insert into notes_details values ('2011-2012', 'SEM-6', 'Nadia Fabre', 'STG-2', 11.32, 2.0, 'A', 2, 99);
insert into notes_details values ('2011-2012', 'SEM-6', 'Nadia Fabre', 'THS-2', 11.32, 3.0, 'A', 3, 1);
insert into notes_details values ('2012-2013', 'SEM-7', 'Nadia Fabre', 'ASL-3', 11.32, 4.0, 'A', 2, 1);
insert into notes_details values ('2012-2013', 'SEM-7', 'Nadia Fabre', 'DPP-3', 11.32, 2.0, 'A', 0, 1);
insert into notes_details values ('2012-2013', 'SEM-7', 'Nadia Fabre', 'DPP-3', 11.32, 2.0, 'A', 0, 2);
insert into contentieux values ('2012-2013', 'SEM-7', 'Nadia Fabre', 'DPP-3');
insert into notes_details values ('2012-2013', 'SEM-7', 'Nadia Fabre', 'EAO-31', 11.32, 2.0, 'A', 0, 1);
insert into notes_details values ('2012-2013', 'SEM-7', 'Nadia Fabre', 'EAO-31', 11.32, 1.67, 'A', 0, 2);
insert into contentieux values ('2012-2013', 'SEM-7', 'Nadia Fabre', 'EAO-31');
insert into notes_details values ('2012-2013', 'SEM-7', 'Nadia Fabre', 'EAO-32', 11.32, 1.0, 'A', 0, 1);
insert into notes_details values ('2012-2013', 'SEM-7', 'Nadia Fabre', 'EAO-32', 11.32, 2.0, 'A', 0, 2);
insert into contentieux values ('2012-2013', 'SEM-7', 'Nadia Fabre', 'EAO-32');
insert into notes_details values ('2012-2013', 'SEM-7', 'Nadia Fabre', 'EAO-33', 11.32, 3.67, 'A', 2, 1);
insert into notes_details values ('2012-2013', 'SEM-7', 'Nadia Fabre', 'EAO-34', 11.32, 3.67, 'A', 2, 1);
insert into notes_details values ('2012-2013', 'SEM-7', 'Nadia Fabre', 'EAO-35', 11.32, 3.33, 'A', 2, 1);
insert into notes_details values ('2012-2013', 'SEM-7', 'Nadia Fabre', 'LCI-3', 11.32, 2.0, 'A', 0, 1);
insert into notes_details values ('2012-2013', 'SEM-7', 'Nadia Fabre', 'LCI-3', 11.32, 1.0, 'A', 0, 2);
insert into contentieux values ('2012-2013', 'SEM-7', 'Nadia Fabre', 'LCI-3');
insert into notes_details values ('2012-2013', 'SEM-7', 'Nadia Fabre', 'MAT-3', 11.32, 4.0, 'A', 3, 1);
insert into notes_details values ('2012-2013', 'SEM-7', 'Nadia Fabre', 'MNG-3', 11.32, 3.0, 'A', 3, 1);
insert into notes_details values ('2012-2013', 'SEM-7', 'Nadia Fabre', 'PJT-3', 11.32, 3.67, 'A', 5, 1);
insert into notes_details values ('2012-2013', 'SEM-7', 'Nadia Fabre', 'STD-3', 11.32, 1.0, 'A', 0, 1);
insert into notes_details values ('2012-2013', 'SEM-7', 'Nadia Fabre', 'STD-3', 11.32, 1.0, 'A', 0, 2);
insert into contentieux values ('2012-2013', 'SEM-7', 'Nadia Fabre', 'STD-3');
insert into gpa values ('2011-2012', 'SEM-5', 'Nadia Fabre', 2.85);
insert into gpa values ('2011-2012', 'SEM-6', 'Nadia Fabre', 2.69);
insert into gpa values ('2012-2013', 'SEM-7', 'Nadia Fabre', 2.81);
insert into eleves values ('Rosemarie Masopust', 1, 'S', 'Tres bien', 'MP', null, 'rmasopust');
insert into notes_details values ('2010-2011', 'SEM-5', 'Rosemarie Masopust', 'ALG-1', 11.32, 3.0, 'A', 3, 1);
insert into notes_details values ('2010-2011', 'SEM-5', 'Rosemarie Masopust', 'DPP-1', 11.32, 2.0, 'A', 0, 1);
insert into notes_details values ('2010-2011', 'SEM-5', 'Rosemarie Masopust', 'DPP-1', 11.32, 2.67, 'A', 2, 2);
insert into notes_details values ('2010-2011', 'SEM-5', 'Rosemarie Masopust', 'ELE-1', 11.32, 1.67, 'A', 0, 1);
insert into notes_details values ('2010-2011', 'SEM-5', 'Rosemarie Masopust', 'ELE-1', 11.32, 2.67, 'A', 3, 2);
insert into notes_details values ('2010-2011', 'SEM-5', 'Rosemarie Masopust', 'INP-1', 11.32, 1.0, 'A', 0, 1);
insert into notes_details values ('2010-2011', 'SEM-5', 'Rosemarie Masopust', 'INP-1', 11.32, 3.0, 'A', 3, 2);
insert into notes_details values ('2010-2011', 'SEM-5', 'Rosemarie Masopust', 'LCI-1', 11.32, 3.0, 'A', 3, 1);
insert into notes_details values ('2010-2011', 'SEM-5', 'Rosemarie Masopust', 'MAT-1', 11.32, 2.33, 'A', 0, 1);
insert into notes_details values ('2010-2011', 'SEM-5', 'Rosemarie Masopust', 'MAT-1', 11.32, 4.0, 'A', 3, 2);
insert into notes_details values ('2010-2011', 'SEM-5', 'Rosemarie Masopust', 'MGP-1', 11.32, 1.33, 'A', 0, 1);
insert into notes_details values ('2010-2011', 'SEM-5', 'Rosemarie Masopust', 'MGP-1', 11.32, 3.67, 'A', 4, 2);
insert into notes_details values ('2010-2011', 'SEM-5', 'Rosemarie Masopust', 'PHO-1', 11.32, 1.0, 'A', 0, 1);
insert into notes_details values ('2010-2011', 'SEM-5', 'Rosemarie Masopust', 'PHO-1', 11.32, 2.67, 'A', 3, 2);
insert into notes_details values ('2010-2011', 'SEM-5', 'Rosemarie Masopust', 'PHQ-1', 11.32, 1.67, 'A', 0, 1);
insert into notes_details values ('2010-2011', 'SEM-5', 'Rosemarie Masopust', 'PHQ-1', 11.32, 2.67, 'A', 3, 2);
insert into notes_details values ('2010-2011', 'SEM-5', 'Rosemarie Masopust', 'SPM-1', 11.32, 2.67, 'A', 3, 1);
insert into notes_details values ('2010-2011', 'SEM-6', 'Rosemarie Masopust', 'DPP-2', 11.32, 3.33, 'A', 1, 1);
insert into notes_details values ('2010-2011', 'SEM-6', 'Rosemarie Masopust', 'EAO-2', 11.32, 2.33, 'A', 0, 1);
insert into notes_details values ('2010-2011', 'SEM-6', 'Rosemarie Masopust', 'EAO-2', 11.32, 2.67, 'A', 3, 2);
insert into notes_details values ('2010-2011', 'SEM-6', 'Rosemarie Masopust', 'ECO-2', 11.32, 1.0, 'A', 0, 1);
insert into notes_details values ('2010-2011', 'SEM-6', 'Rosemarie Masopust', 'ECO-2', 11.32, 3.0, 'A', 3, 2);
insert into notes_details values ('2010-2011', 'SEM-6', 'Rosemarie Masopust', 'LCI-2', 11.32, 3.33, 'A', 3, 1);
insert into notes_details values ('2010-2011', 'SEM-6', 'Rosemarie Masopust', 'MAT-2', 11.32, 4.0, 'A', 2, 1);
insert into notes_details values ('2010-2011', 'SEM-6', 'Rosemarie Masopust', 'MCO-2', 11.32, 1.33, 'A', 0, 1);
insert into notes_details values ('2010-2011', 'SEM-6', 'Rosemarie Masopust', 'MCO-2', 11.32, 2.67, 'A', 2, 2);
insert into notes_details values ('2010-2011', 'SEM-6', 'Rosemarie Masopust', 'MGP-2', 11.32, 3.67, 'A', 4, 1);
insert into notes_details values ('2010-2011', 'SEM-6', 'Rosemarie Masopust', 'PHS-2', 11.32, 1.33, 'A', 0, 1);
insert into notes_details values ('2010-2011', 'SEM-6', 'Rosemarie Masopust', 'PHS-2', 11.32, 4.0, 'A', 2, 2);
insert into notes_details values ('2010-2011', 'SEM-6', 'Rosemarie Masopust', 'PJT-2', 11.32, 3.33, 'A', 1, 1);
insert into notes_details values ('2010-2011', 'SEM-6', 'Rosemarie Masopust', 'RMS-2', 11.32, 1.67, 'A', 0, 1);
insert into notes_details values ('2010-2011', 'SEM-6', 'Rosemarie Masopust', 'RMS-2', 11.32, 3.0, 'A', 4, 2);
insert into notes_details values ('2010-2011', 'SEM-6', 'Rosemarie Masopust', 'STG-2', 11.32, 1.67, 'A', 0, 1);
insert into notes_details values ('2010-2011', 'SEM-6', 'Rosemarie Masopust', 'STG-2', 11.32, 3.0, 'A', 2, 2);
insert into notes_details values ('2010-2011', 'SEM-6', 'Rosemarie Masopust', 'THS-2', 11.32, 3.33, 'A', 3, 1);
insert into notes_details values ('2011-2012', 'SEM-7', 'Rosemarie Masopust', 'ASL-3', 11.32, 2.33, 'A', 0, 1);
insert into notes_details values ('2011-2012', 'SEM-7', 'Rosemarie Masopust', 'ASL-3', 11.32, 3.67, 'A', 2, 2);
insert into notes_details values ('2011-2012', 'SEM-7', 'Rosemarie Masopust', 'DPP-3', 11.32, 1.67, 'A', 0, 1);
insert into notes_details values ('2011-2012', 'SEM-7', 'Rosemarie Masopust', 'DPP-3', 11.32, 1.0, 'A', 0, 2);
insert into contentieux values ('2011-2012', 'SEM-7', 'Rosemarie Masopust', 'DPP-3');
insert into notes_details values ('2011-2012', 'SEM-7', 'Rosemarie Masopust', 'EAO-31', 11.32, 1.67, 'A', 0, 1);
insert into notes_details values ('2011-2012', 'SEM-7', 'Rosemarie Masopust', 'EAO-31', 11.32, 1.33, 'A', 0, 2);
insert into contentieux values ('2011-2012', 'SEM-7', 'Rosemarie Masopust', 'EAO-31');
insert into notes_details values ('2011-2012', 'SEM-7', 'Rosemarie Masopust', 'EAO-32', 11.32, 2.67, 'A', 2, 1);
insert into notes_details values ('2011-2012', 'SEM-7', 'Rosemarie Masopust', 'EAO-33', 11.32, 3.0, 'A', 2, 1);
insert into notes_details values ('2011-2012', 'SEM-7', 'Rosemarie Masopust', 'EAO-34', 11.32, 3.67, 'A', 2, 1);
insert into notes_details values ('2011-2012', 'SEM-7', 'Rosemarie Masopust', 'EAO-35', 11.32, 3.33, 'A', 2, 1);
insert into notes_details values ('2011-2012', 'SEM-7', 'Rosemarie Masopust', 'LCI-3', 11.32, 1.0, 'A', 0, 1);
insert into notes_details values ('2011-2012', 'SEM-7', 'Rosemarie Masopust', 'LCI-3', 11.32, 2.0, 'A', 0, 2);
insert into contentieux values ('2011-2012', 'SEM-7', 'Rosemarie Masopust', 'LCI-3');
insert into notes_details values ('2011-2012', 'SEM-7', 'Rosemarie Masopust', 'MAT-3', 11.32, 1.67, 'A', 0, 1);
insert into notes_details values ('2011-2012', 'SEM-7', 'Rosemarie Masopust', 'MAT-3', 11.32, 2.0, 'A', 0, 2);
insert into contentieux values ('2011-2012', 'SEM-7', 'Rosemarie Masopust', 'MAT-3');
insert into notes_details values ('2011-2012', 'SEM-7', 'Rosemarie Masopust', 'MNG-3', 11.32, 2.33, 'A', 0, 1);
insert into notes_details values ('2011-2012', 'SEM-7', 'Rosemarie Masopust', 'MNG-3', 11.32, 1.0, 'A', 0, 2);
insert into contentieux values ('2011-2012', 'SEM-7', 'Rosemarie Masopust', 'MNG-3');
insert into notes_details values ('2011-2012', 'SEM-7', 'Rosemarie Masopust', 'PJT-3', 11.32, 2.0, 'A', 0, 1);
insert into notes_details values ('2011-2012', 'SEM-7', 'Rosemarie Masopust', 'PJT-3', 11.32, 2.33, 'A', 0, 2);
insert into contentieux values ('2011-2012', 'SEM-7', 'Rosemarie Masopust', 'PJT-3');
insert into notes_details values ('2011-2012', 'SEM-7', 'Rosemarie Masopust', 'STD-3', 11.32, 1.33, 'A', 0, 1);
insert into notes_details values ('2011-2012', 'SEM-7', 'Rosemarie Masopust', 'STD-3', 11.32, 3.67, 'A', 2, 2);
insert into gpa values ('2010-2011', 'SEM-5', 'Rosemarie Masopust', 2.12);
insert into gpa values ('2010-2011', 'SEM-6', 'Rosemarie Masopust', 3.75);
insert into gpa values ('2011-2012', 'SEM-7', 'Rosemarie Masopust', 2.19);
insert into eleves values ('Gabriel Lebrun', 1, 'S', 'Tres bien', 'MP', null, 'glebrun');
insert into notes_details values ('2011-2012', 'SEM-5', 'Gabriel Lebrun', 'ALG-1', 11.32, 2.0, 'A', 0, 1);
insert into notes_details values ('2011-2012', 'SEM-5', 'Gabriel Lebrun', 'ALG-1', 11.32, 1.0, 'A', 3, 99);
insert into notes_details values ('2011-2012', 'SEM-5', 'Gabriel Lebrun', 'DPP-1', 11.32, 3.0, 'A', 2, 1);
insert into notes_details values ('2011-2012', 'SEM-5', 'Gabriel Lebrun', 'ELE-1', 11.32, 2.67, 'A', 3, 1);
insert into notes_details values ('2011-2012', 'SEM-5', 'Gabriel Lebrun', 'INP-1', 11.32, 2.67, 'A', 3, 1);
insert into notes_details values ('2011-2012', 'SEM-5', 'Gabriel Lebrun', 'LCI-1', 11.32, 2.67, 'A', 3, 1);
insert into notes_details values ('2011-2012', 'SEM-5', 'Gabriel Lebrun', 'MAT-1', 11.32, 1.67, 'A', 0, 1);
insert into notes_details values ('2011-2012', 'SEM-5', 'Gabriel Lebrun', 'MAT-1', 11.32, 2.67, 'A', 3, 2);
insert into notes_details values ('2011-2012', 'SEM-5', 'Gabriel Lebrun', 'MGP-1', 11.32, 2.33, 'A', 0, 1);
insert into notes_details values ('2011-2012', 'SEM-5', 'Gabriel Lebrun', 'MGP-1', 11.32, 2.67, 'A', 4, 2);
insert into notes_details values ('2011-2012', 'SEM-5', 'Gabriel Lebrun', 'PHO-1', 11.32, 2.0, 'A', 0, 1);
insert into notes_details values ('2011-2012', 'SEM-5', 'Gabriel Lebrun', 'PHO-1', 11.32, 3.0, 'A', 3, 2);
insert into notes_details values ('2011-2012', 'SEM-5', 'Gabriel Lebrun', 'PHQ-1', 11.32, 2.33, 'A', 0, 1);
insert into notes_details values ('2011-2012', 'SEM-5', 'Gabriel Lebrun', 'PHQ-1', 11.32, 3.0, 'A', 3, 2);
insert into notes_details values ('2011-2012', 'SEM-5', 'Gabriel Lebrun', 'SPM-1', 11.32, 2.67, 'A', 3, 1);
insert into notes_details values ('2011-2012', 'SEM-6', 'Gabriel Lebrun', 'DPP-2', 11.32, 3.67, 'A', 1, 1);
insert into notes_details values ('2011-2012', 'SEM-6', 'Gabriel Lebrun', 'EAO-2', 11.32, 2.67, 'A', 3, 1);
insert into notes_details values ('2011-2012', 'SEM-6', 'Gabriel Lebrun', 'ECO-2', 11.32, 1.33, 'A', 0, 1);
insert into notes_details values ('2011-2012', 'SEM-6', 'Gabriel Lebrun', 'ECO-2', 11.32, 3.33, 'A', 3, 2);
insert into notes_details values ('2011-2012', 'SEM-6', 'Gabriel Lebrun', 'LCI-2', 11.32, 3.67, 'A', 3, 1);
insert into notes_details values ('2011-2012', 'SEM-6', 'Gabriel Lebrun', 'MAT-2', 11.32, 2.0, 'A', 0, 1);
insert into notes_details values ('2011-2012', 'SEM-6', 'Gabriel Lebrun', 'MAT-2', 11.32, 3.0, 'A', 2, 2);
insert into notes_details values ('2011-2012', 'SEM-6', 'Gabriel Lebrun', 'MCO-2', 11.32, 1.0, 'A', 0, 1);
insert into notes_details values ('2011-2012', 'SEM-6', 'Gabriel Lebrun', 'MCO-2', 11.32, 3.33, 'A', 2, 2);
insert into notes_details values ('2011-2012', 'SEM-6', 'Gabriel Lebrun', 'MGP-2', 11.32, 2.67, 'A', 4, 1);
insert into notes_details values ('2011-2012', 'SEM-6', 'Gabriel Lebrun', 'PHS-2', 11.32, 2.67, 'A', 2, 1);
insert into notes_details values ('2011-2012', 'SEM-6', 'Gabriel Lebrun', 'PJT-2', 11.32, 2.67, 'A', 1, 1);
insert into notes_details values ('2011-2012', 'SEM-6', 'Gabriel Lebrun', 'RMS-2', 11.32, 1.0, 'A', 0, 1);
insert into notes_details values ('2011-2012', 'SEM-6', 'Gabriel Lebrun', 'RMS-2', 11.32, 3.33, 'A', 4, 2);
insert into notes_details values ('2011-2012', 'SEM-6', 'Gabriel Lebrun', 'STG-2', 11.32, 2.33, 'A', 0, 1);
insert into notes_details values ('2011-2012', 'SEM-6', 'Gabriel Lebrun', 'STG-2', 11.32, 3.33, 'A', 2, 2);
insert into notes_details values ('2011-2012', 'SEM-6', 'Gabriel Lebrun', 'THS-2', 11.32, 2.33, 'A', 0, 1);
insert into notes_details values ('2011-2012', 'SEM-6', 'Gabriel Lebrun', 'THS-2', 11.32, 3.33, 'A', 3, 2);
insert into notes_details values ('2012-2013', 'SEM-7', 'Gabriel Lebrun', 'ASL-3', 11.32, 1.67, 'A', 0, 1);
insert into notes_details values ('2012-2013', 'SEM-7', 'Gabriel Lebrun', 'ASL-3', 11.32, 2.67, 'A', 2, 2);
insert into notes_details values ('2012-2013', 'SEM-7', 'Gabriel Lebrun', 'DPP-3', 11.32, 1.33, 'A', 0, 1);
insert into notes_details values ('2012-2013', 'SEM-7', 'Gabriel Lebrun', 'DPP-3', 11.32, 1.33, 'A', 2, 99);
insert into notes_details values ('2012-2013', 'SEM-7', 'Gabriel Lebrun', 'EAO-31', 11.32, 1.67, 'A', 0, 1);
insert into notes_details values ('2012-2013', 'SEM-7', 'Gabriel Lebrun', 'EAO-31', 11.32, 1.0, 'A', 0, 2);
insert into contentieux values ('2012-2013', 'SEM-7', 'Gabriel Lebrun', 'EAO-31');
insert into notes_details values ('2012-2013', 'SEM-7', 'Gabriel Lebrun', 'EAO-32', 11.32, 2.33, 'A', 0, 1);
insert into notes_details values ('2012-2013', 'SEM-7', 'Gabriel Lebrun', 'EAO-32', 11.32, 3.0, 'A', 2, 2);
insert into notes_details values ('2012-2013', 'SEM-7', 'Gabriel Lebrun', 'EAO-33', 11.32, 3.33, 'A', 2, 1);
insert into notes_details values ('2012-2013', 'SEM-7', 'Gabriel Lebrun', 'EAO-34', 11.32, 3.0, 'A', 2, 1);
insert into notes_details values ('2012-2013', 'SEM-7', 'Gabriel Lebrun', 'EAO-35', 11.32, 3.67, 'A', 2, 1);
insert into notes_details values ('2012-2013', 'SEM-7', 'Gabriel Lebrun', 'LCI-3', 11.32, 1.67, 'A', 0, 1);
insert into notes_details values ('2012-2013', 'SEM-7', 'Gabriel Lebrun', 'LCI-3', 11.32, 1.33, 'A', 0, 2);
insert into contentieux values ('2012-2013', 'SEM-7', 'Gabriel Lebrun', 'LCI-3');
insert into notes_details values ('2012-2013', 'SEM-7', 'Gabriel Lebrun', 'MAT-3', 11.32, 2.33, 'A', 0, 1);
insert into notes_details values ('2012-2013', 'SEM-7', 'Gabriel Lebrun', 'MAT-3', 11.32, 2.0, 'A', 0, 2);
insert into contentieux values ('2012-2013', 'SEM-7', 'Gabriel Lebrun', 'MAT-3');
insert into notes_details values ('2012-2013', 'SEM-7', 'Gabriel Lebrun', 'MNG-3', 11.32, 2.0, 'A', 0, 1);
insert into notes_details values ('2012-2013', 'SEM-7', 'Gabriel Lebrun', 'MNG-3', 11.32, 2.33, 'A', 0, 2);
insert into contentieux values ('2012-2013', 'SEM-7', 'Gabriel Lebrun', 'MNG-3');
insert into notes_details values ('2012-2013', 'SEM-7', 'Gabriel Lebrun', 'PJT-3', 11.32, 4.0, 'A', 5, 1);
insert into notes_details values ('2012-2013', 'SEM-7', 'Gabriel Lebrun', 'STD-3', 11.32, 2.33, 'A', 0, 1);
insert into notes_details values ('2012-2013', 'SEM-7', 'Gabriel Lebrun', 'STD-3', 11.32, 1.33, 'A', 0, 2);
insert into contentieux values ('2012-2013', 'SEM-7', 'Gabriel Lebrun', 'STD-3');
insert into gpa values ('2011-2012', 'SEM-5', 'Gabriel Lebrun', 3.6);
insert into gpa values ('2011-2012', 'SEM-6', 'Gabriel Lebrun', 2.34);
insert into gpa values ('2012-2013', 'SEM-7', 'Gabriel Lebrun', 3.37);
insert into eleves values ('Lea Gervinho', 1, 'S', 'Tres bien', 'Etranger', null, 'lgervinho');
insert into notes_details values ('2010-2011', 'SEM-5', 'Lea Gervinho', 'ALG-1', 11.32, 3.0, 'A', 3, 1);
insert into notes_details values ('2010-2011', 'SEM-5', 'Lea Gervinho', 'DPP-1', 11.32, 3.0, 'A', 2, 1);
insert into notes_details values ('2010-2011', 'SEM-5', 'Lea Gervinho', 'ELE-1', 11.32, 3.67, 'A', 3, 1);
insert into notes_details values ('2010-2011', 'SEM-5', 'Lea Gervinho', 'INP-1', 11.32, 1.33, 'A', 0, 1);
insert into notes_details values ('2010-2011', 'SEM-5', 'Lea Gervinho', 'INP-1', 11.32, 2.0, 'A', 3, 99);
insert into notes_details values ('2010-2011', 'SEM-5', 'Lea Gervinho', 'LCI-1', 11.32, 3.67, 'A', 3, 1);
insert into notes_details values ('2010-2011', 'SEM-5', 'Lea Gervinho', 'MAT-1', 11.32, 2.33, 'A', 0, 1);
insert into notes_details values ('2010-2011', 'SEM-5', 'Lea Gervinho', 'MAT-1', 11.32, 2.67, 'A', 3, 2);
insert into notes_details values ('2010-2011', 'SEM-5', 'Lea Gervinho', 'MGP-1', 11.32, 3.0, 'A', 4, 1);
insert into notes_details values ('2010-2011', 'SEM-5', 'Lea Gervinho', 'PHO-1', 11.32, 3.67, 'A', 3, 1);
insert into notes_details values ('2010-2011', 'SEM-5', 'Lea Gervinho', 'PHQ-1', 11.32, 2.33, 'A', 0, 1);
insert into notes_details values ('2010-2011', 'SEM-5', 'Lea Gervinho', 'PHQ-1', 11.32, 2.33, 'A', 3, 99);
insert into notes_details values ('2010-2011', 'SEM-5', 'Lea Gervinho', 'SPM-1', 11.32, 3.67, 'A', 3, 1);
insert into notes_details values ('2010-2011', 'SEM-6', 'Lea Gervinho', 'DPP-2', 11.32, 2.67, 'A', 1, 1);
insert into notes_details values ('2010-2011', 'SEM-6', 'Lea Gervinho', 'EAO-2', 11.32, 2.33, 'A', 0, 1);
insert into notes_details values ('2010-2011', 'SEM-6', 'Lea Gervinho', 'EAO-2', 11.32, 3.33, 'A', 3, 2);
insert into notes_details values ('2010-2011', 'SEM-6', 'Lea Gervinho', 'ECO-2', 11.32, 3.0, 'A', 3, 1);
insert into notes_details values ('2010-2011', 'SEM-6', 'Lea Gervinho', 'LCI-2', 11.32, 3.67, 'A', 3, 1);
insert into notes_details values ('2010-2011', 'SEM-6', 'Lea Gervinho', 'MAT-2', 11.32, 3.33, 'A', 2, 1);
insert into notes_details values ('2010-2011', 'SEM-6', 'Lea Gervinho', 'MCO-2', 11.32, 3.67, 'A', 2, 1);
insert into notes_details values ('2010-2011', 'SEM-6', 'Lea Gervinho', 'MGP-2', 11.32, 3.0, 'A', 4, 1);
insert into notes_details values ('2010-2011', 'SEM-6', 'Lea Gervinho', 'PHS-2', 11.32, 2.67, 'A', 2, 1);
insert into notes_details values ('2010-2011', 'SEM-6', 'Lea Gervinho', 'PJT-2', 11.32, 2.0, 'A', 0, 1);
insert into notes_details values ('2010-2011', 'SEM-6', 'Lea Gervinho', 'PJT-2', 11.32, 1.67, 'A', 1, 99);
insert into notes_details values ('2010-2011', 'SEM-6', 'Lea Gervinho', 'RMS-2', 11.32, 4.0, 'A', 4, 1);
insert into notes_details values ('2010-2011', 'SEM-6', 'Lea Gervinho', 'STG-2', 11.32, 1.67, 'A', 0, 1);
insert into notes_details values ('2010-2011', 'SEM-6', 'Lea Gervinho', 'STG-2', 11.32, 2.33, 'A', 2, 99);
insert into notes_details values ('2010-2011', 'SEM-6', 'Lea Gervinho', 'THS-2', 11.32, 1.67, 'A', 0, 1);
insert into notes_details values ('2010-2011', 'SEM-6', 'Lea Gervinho', 'THS-2', 11.32, 2.33, 'A', 3, 99);
insert into notes_details values ('2011-2012', 'SEM-7', 'Lea Gervinho', 'ASL-3', 11.32, 2.33, 'A', 0, 1);
insert into notes_details values ('2011-2012', 'SEM-7', 'Lea Gervinho', 'ASL-3', 11.32, 1.33, 'A', 2, 99);
insert into notes_details values ('2011-2012', 'SEM-7', 'Lea Gervinho', 'DPP-3', 11.32, 2.0, 'A', 0, 1);
insert into notes_details values ('2011-2012', 'SEM-7', 'Lea Gervinho', 'DPP-3', 11.32, 1.33, 'A', 0, 2);
insert into contentieux values ('2011-2012', 'SEM-7', 'Lea Gervinho', 'DPP-3');
insert into notes_details values ('2011-2012', 'SEM-7', 'Lea Gervinho', 'EAO-31', 11.32, 2.33, 'A', 0, 1);
insert into notes_details values ('2011-2012', 'SEM-7', 'Lea Gervinho', 'EAO-31', 11.32, 3.67, 'A', 2, 2);
insert into notes_details values ('2011-2012', 'SEM-7', 'Lea Gervinho', 'EAO-32', 11.32, 3.33, 'A', 2, 1);
insert into notes_details values ('2011-2012', 'SEM-7', 'Lea Gervinho', 'EAO-33', 11.32, 2.33, 'A', 0, 1);
insert into notes_details values ('2011-2012', 'SEM-7', 'Lea Gervinho', 'EAO-33', 11.32, 1.0, 'A', 0, 2);
insert into contentieux values ('2011-2012', 'SEM-7', 'Lea Gervinho', 'EAO-33');
insert into notes_details values ('2011-2012', 'SEM-7', 'Lea Gervinho', 'EAO-34', 11.32, 3.0, 'A', 2, 1);
insert into notes_details values ('2011-2012', 'SEM-7', 'Lea Gervinho', 'EAO-35', 11.32, 3.0, 'A', 2, 1);
insert into notes_details values ('2011-2012', 'SEM-7', 'Lea Gervinho', 'LCI-3', 11.32, 2.33, 'A', 0, 1);
insert into notes_details values ('2011-2012', 'SEM-7', 'Lea Gervinho', 'LCI-3', 11.32, 2.0, 'A', 0, 2);
insert into contentieux values ('2011-2012', 'SEM-7', 'Lea Gervinho', 'LCI-3');
insert into notes_details values ('2011-2012', 'SEM-7', 'Lea Gervinho', 'MAT-3', 11.32, 3.0, 'A', 3, 1);
insert into notes_details values ('2011-2012', 'SEM-7', 'Lea Gervinho', 'MNG-3', 11.32, 2.33, 'A', 0, 1);
insert into notes_details values ('2011-2012', 'SEM-7', 'Lea Gervinho', 'MNG-3', 11.32, 2.67, 'A', 3, 2);
insert into notes_details values ('2011-2012', 'SEM-7', 'Lea Gervinho', 'PJT-3', 11.32, 3.67, 'A', 5, 1);
insert into notes_details values ('2011-2012', 'SEM-7', 'Lea Gervinho', 'STD-3', 11.32, 2.67, 'A', 2, 1);
insert into gpa values ('2010-2011', 'SEM-5', 'Lea Gervinho', 3.87);
insert into gpa values ('2010-2011', 'SEM-6', 'Lea Gervinho', 2.21);
insert into gpa values ('2011-2012', 'SEM-7', 'Lea Gervinho', 3.63);
insert into eleves values ('Jade Bailly', 1, 'S', 'Tres bien', 'MP', null, 'jbailly');
insert into notes_details values ('2011-2012', 'SEM-5', 'Jade Bailly', 'ALG-1', 11.32, 3.67, 'A', 3, 1);
insert into notes_details values ('2011-2012', 'SEM-5', 'Jade Bailly', 'DPP-1', 11.32, 1.67, 'A', 0, 1);
insert into notes_details values ('2011-2012', 'SEM-5', 'Jade Bailly', 'DPP-1', 11.32, 3.0, 'A', 2, 2);
insert into notes_details values ('2011-2012', 'SEM-5', 'Jade Bailly', 'ELE-1', 11.32, 1.67, 'A', 0, 1);
insert into notes_details values ('2011-2012', 'SEM-5', 'Jade Bailly', 'ELE-1', 11.32, 1.67, 'A', 3, 99);
insert into notes_details values ('2011-2012', 'SEM-5', 'Jade Bailly', 'INP-1', 11.32, 1.33, 'A', 0, 1);
insert into notes_details values ('2011-2012', 'SEM-5', 'Jade Bailly', 'INP-1', 11.32, 2.67, 'A', 3, 2);
insert into notes_details values ('2011-2012', 'SEM-5', 'Jade Bailly', 'LCI-1', 11.32, 2.0, 'A', 0, 1);
insert into notes_details values ('2011-2012', 'SEM-5', 'Jade Bailly', 'LCI-1', 11.32, 2.67, 'A', 3, 2);
insert into notes_details values ('2011-2012', 'SEM-5', 'Jade Bailly', 'MAT-1', 11.32, 2.0, 'A', 0, 1);
insert into notes_details values ('2011-2012', 'SEM-5', 'Jade Bailly', 'MAT-1', 11.32, 3.0, 'A', 3, 2);
insert into notes_details values ('2011-2012', 'SEM-5', 'Jade Bailly', 'MGP-1', 11.32, 4.0, 'A', 4, 1);
insert into notes_details values ('2011-2012', 'SEM-5', 'Jade Bailly', 'PHO-1', 11.32, 1.0, 'A', 0, 1);
insert into notes_details values ('2011-2012', 'SEM-5', 'Jade Bailly', 'PHO-1', 11.32, 4.0, 'A', 3, 2);
insert into notes_details values ('2011-2012', 'SEM-5', 'Jade Bailly', 'PHQ-1', 11.32, 1.0, 'A', 0, 1);
insert into notes_details values ('2011-2012', 'SEM-5', 'Jade Bailly', 'PHQ-1', 11.32, 4.0, 'A', 3, 2);
insert into notes_details values ('2011-2012', 'SEM-5', 'Jade Bailly', 'SPM-1', 11.32, 3.33, 'A', 3, 1);
insert into notes_details values ('2011-2012', 'SEM-6', 'Jade Bailly', 'DPP-2', 11.32, 1.67, 'A', 0, 1);
insert into notes_details values ('2011-2012', 'SEM-6', 'Jade Bailly', 'DPP-2', 11.32, 2.67, 'A', 1, 2);
insert into notes_details values ('2011-2012', 'SEM-6', 'Jade Bailly', 'EAO-2', 11.32, 4.0, 'A', 3, 1);
insert into notes_details values ('2011-2012', 'SEM-6', 'Jade Bailly', 'ECO-2', 11.32, 2.0, 'A', 0, 1);
insert into notes_details values ('2011-2012', 'SEM-6', 'Jade Bailly', 'ECO-2', 11.32, 4.0, 'A', 3, 2);
insert into notes_details values ('2011-2012', 'SEM-6', 'Jade Bailly', 'LCI-2', 11.32, 3.0, 'A', 3, 1);
insert into notes_details values ('2011-2012', 'SEM-6', 'Jade Bailly', 'MAT-2', 11.32, 1.0, 'A', 0, 1);
insert into notes_details values ('2011-2012', 'SEM-6', 'Jade Bailly', 'MAT-2', 11.32, 4.0, 'A', 2, 2);
insert into notes_details values ('2011-2012', 'SEM-6', 'Jade Bailly', 'MCO-2', 11.32, 3.67, 'A', 2, 1);
insert into notes_details values ('2011-2012', 'SEM-6', 'Jade Bailly', 'MGP-2', 11.32, 3.67, 'A', 4, 1);
insert into notes_details values ('2011-2012', 'SEM-6', 'Jade Bailly', 'PHS-2', 11.32, 2.33, 'A', 0, 1);
insert into notes_details values ('2011-2012', 'SEM-6', 'Jade Bailly', 'PHS-2', 11.32, 3.33, 'A', 2, 2);
insert into notes_details values ('2011-2012', 'SEM-6', 'Jade Bailly', 'PJT-2', 11.32, 2.33, 'A', 0, 1);
insert into notes_details values ('2011-2012', 'SEM-6', 'Jade Bailly', 'PJT-2', 11.32, 2.0, 'A', 1, 99);
insert into notes_details values ('2011-2012', 'SEM-6', 'Jade Bailly', 'RMS-2', 11.32, 1.67, 'A', 0, 1);
insert into notes_details values ('2011-2012', 'SEM-6', 'Jade Bailly', 'RMS-2', 11.32, 2.67, 'A', 4, 2);
insert into notes_details values ('2011-2012', 'SEM-6', 'Jade Bailly', 'STG-2', 11.32, 2.67, 'A', 2, 1);
insert into notes_details values ('2011-2012', 'SEM-6', 'Jade Bailly', 'THS-2', 11.32, 2.33, 'A', 0, 1);
insert into notes_details values ('2011-2012', 'SEM-6', 'Jade Bailly', 'THS-2', 11.32, 4.0, 'A', 3, 2);
insert into notes_details values ('2012-2013', 'SEM-7', 'Jade Bailly', 'ASL-3', 11.32, 1.33, 'A', 0, 1);
insert into notes_details values ('2012-2013', 'SEM-7', 'Jade Bailly', 'ASL-3', 11.32, 1.67, 'A', 0, 2);
insert into contentieux values ('2012-2013', 'SEM-7', 'Jade Bailly', 'ASL-3');
insert into notes_details values ('2012-2013', 'SEM-7', 'Jade Bailly', 'DPP-3', 11.32, 3.67, 'A', 2, 1);
insert into notes_details values ('2012-2013', 'SEM-7', 'Jade Bailly', 'EAO-31', 11.32, 4.0, 'A', 2, 1);
insert into notes_details values ('2012-2013', 'SEM-7', 'Jade Bailly', 'EAO-32', 11.32, 3.0, 'A', 2, 1);
insert into notes_details values ('2012-2013', 'SEM-7', 'Jade Bailly', 'EAO-33', 11.32, 1.0, 'A', 0, 1);
insert into notes_details values ('2012-2013', 'SEM-7', 'Jade Bailly', 'EAO-33', 11.32, 1.67, 'A', 2, 99);
insert into notes_details values ('2012-2013', 'SEM-7', 'Jade Bailly', 'EAO-34', 11.32, 2.0, 'A', 0, 1);
insert into notes_details values ('2012-2013', 'SEM-7', 'Jade Bailly', 'EAO-34', 11.32, 3.0, 'A', 2, 2);
insert into notes_details values ('2012-2013', 'SEM-7', 'Jade Bailly', 'EAO-35', 11.32, 2.33, 'A', 0, 1);
insert into notes_details values ('2012-2013', 'SEM-7', 'Jade Bailly', 'EAO-35', 11.32, 1.33, 'A', 0, 2);
insert into contentieux values ('2012-2013', 'SEM-7', 'Jade Bailly', 'EAO-35');
insert into notes_details values ('2012-2013', 'SEM-7', 'Jade Bailly', 'LCI-3', 11.32, 1.67, 'A', 0, 1);
insert into notes_details values ('2012-2013', 'SEM-7', 'Jade Bailly', 'LCI-3', 11.32, 3.67, 'A', 3, 2);
insert into notes_details values ('2012-2013', 'SEM-7', 'Jade Bailly', 'MAT-3', 11.32, 2.67, 'A', 3, 1);
insert into notes_details values ('2012-2013', 'SEM-7', 'Jade Bailly', 'MNG-3', 11.32, 1.67, 'A', 0, 1);
insert into notes_details values ('2012-2013', 'SEM-7', 'Jade Bailly', 'MNG-3', 11.32, 1.33, 'A', 0, 2);
insert into contentieux values ('2012-2013', 'SEM-7', 'Jade Bailly', 'MNG-3');
insert into notes_details values ('2012-2013', 'SEM-7', 'Jade Bailly', 'PJT-3', 11.32, 2.0, 'A', 0, 1);
insert into notes_details values ('2012-2013', 'SEM-7', 'Jade Bailly', 'PJT-3', 11.32, 3.33, 'A', 5, 2);
insert into notes_details values ('2012-2013', 'SEM-7', 'Jade Bailly', 'STD-3', 11.32, 2.0, 'A', 0, 1);
insert into notes_details values ('2012-2013', 'SEM-7', 'Jade Bailly', 'STD-3', 11.32, 1.67, 'A', 0, 2);
insert into contentieux values ('2012-2013', 'SEM-7', 'Jade Bailly', 'STD-3');
insert into gpa values ('2011-2012', 'SEM-5', 'Jade Bailly', 2.63);
insert into gpa values ('2011-2012', 'SEM-6', 'Jade Bailly', 3.8);
insert into gpa values ('2012-2013', 'SEM-7', 'Jade Bailly', 2.78);
insert into eleves values ('Lionel Lafontaine', 1, 'S', 'Tres bien', 'MP', null, 'llafontaine');
insert into notes_details values ('2010-2011', 'SEM-5', 'Lionel Lafontaine', 'ALG-1', 11.32, 1.33, 'A', 0, 1);
insert into notes_details values ('2010-2011', 'SEM-5', 'Lionel Lafontaine', 'ALG-1', 11.32, 3.67, 'A', 3, 2);
insert into notes_details values ('2010-2011', 'SEM-5', 'Lionel Lafontaine', 'DPP-1', 11.32, 3.67, 'A', 2, 1);
insert into notes_details values ('2010-2011', 'SEM-5', 'Lionel Lafontaine', 'ELE-1', 11.32, 3.33, 'A', 3, 1);
insert into notes_details values ('2010-2011', 'SEM-5', 'Lionel Lafontaine', 'INP-1', 11.32, 1.33, 'A', 0, 1);
insert into notes_details values ('2010-2011', 'SEM-5', 'Lionel Lafontaine', 'INP-1', 11.32, 2.0, 'A', 3, 99);
insert into notes_details values ('2010-2011', 'SEM-5', 'Lionel Lafontaine', 'LCI-1', 11.32, 1.0, 'A', 0, 1);
insert into notes_details values ('2010-2011', 'SEM-5', 'Lionel Lafontaine', 'LCI-1', 11.32, 4.0, 'A', 3, 2);
insert into notes_details values ('2010-2011', 'SEM-5', 'Lionel Lafontaine', 'MAT-1', 11.32, 3.0, 'A', 3, 1);
insert into notes_details values ('2010-2011', 'SEM-5', 'Lionel Lafontaine', 'MGP-1', 11.32, 1.0, 'A', 0, 1);
insert into notes_details values ('2010-2011', 'SEM-5', 'Lionel Lafontaine', 'MGP-1', 11.32, 2.67, 'A', 4, 2);
insert into notes_details values ('2010-2011', 'SEM-5', 'Lionel Lafontaine', 'PHO-1', 11.32, 3.33, 'A', 3, 1);
insert into notes_details values ('2010-2011', 'SEM-5', 'Lionel Lafontaine', 'PHQ-1', 11.32, 2.67, 'A', 3, 1);
insert into notes_details values ('2010-2011', 'SEM-5', 'Lionel Lafontaine', 'SPM-1', 11.32, 3.0, 'A', 3, 1);
insert into notes_details values ('2010-2011', 'SEM-6', 'Lionel Lafontaine', 'DPP-2', 11.32, 1.0, 'A', 0, 1);
insert into notes_details values ('2010-2011', 'SEM-6', 'Lionel Lafontaine', 'DPP-2', 11.32, 2.33, 'A', 1, 99);
insert into notes_details values ('2010-2011', 'SEM-6', 'Lionel Lafontaine', 'EAO-2', 11.32, 2.0, 'A', 0, 1);
insert into notes_details values ('2010-2011', 'SEM-6', 'Lionel Lafontaine', 'EAO-2', 11.32, 3.0, 'A', 3, 2);
insert into notes_details values ('2010-2011', 'SEM-6', 'Lionel Lafontaine', 'ECO-2', 11.32, 1.0, 'A', 0, 1);
insert into notes_details values ('2010-2011', 'SEM-6', 'Lionel Lafontaine', 'ECO-2', 11.32, 4.0, 'A', 3, 2);
insert into notes_details values ('2010-2011', 'SEM-6', 'Lionel Lafontaine', 'LCI-2', 11.32, 4.0, 'A', 3, 1);
insert into notes_details values ('2010-2011', 'SEM-6', 'Lionel Lafontaine', 'MAT-2', 11.32, 1.67, 'A', 0, 1);
insert into notes_details values ('2010-2011', 'SEM-6', 'Lionel Lafontaine', 'MAT-2', 11.32, 1.0, 'A', 2, 99);
insert into notes_details values ('2010-2011', 'SEM-6', 'Lionel Lafontaine', 'MCO-2', 11.32, 3.33, 'A', 2, 1);
insert into notes_details values ('2010-2011', 'SEM-6', 'Lionel Lafontaine', 'MGP-2', 11.32, 3.33, 'A', 4, 1);
insert into notes_details values ('2010-2011', 'SEM-6', 'Lionel Lafontaine', 'PHS-2', 11.32, 1.67, 'A', 0, 1);
insert into notes_details values ('2010-2011', 'SEM-6', 'Lionel Lafontaine', 'PHS-2', 11.32, 2.0, 'A', 2, 99);
insert into notes_details values ('2010-2011', 'SEM-6', 'Lionel Lafontaine', 'PJT-2', 11.32, 4.0, 'A', 1, 1);
insert into notes_details values ('2010-2011', 'SEM-6', 'Lionel Lafontaine', 'RMS-2', 11.32, 2.0, 'A', 0, 1);
insert into notes_details values ('2010-2011', 'SEM-6', 'Lionel Lafontaine', 'RMS-2', 11.32, 2.33, 'A', 4, 99);
insert into notes_details values ('2010-2011', 'SEM-6', 'Lionel Lafontaine', 'STG-2', 11.32, 2.33, 'A', 0, 1);
insert into notes_details values ('2010-2011', 'SEM-6', 'Lionel Lafontaine', 'STG-2', 11.32, 1.33, 'A', 2, 99);
insert into notes_details values ('2010-2011', 'SEM-6', 'Lionel Lafontaine', 'THS-2', 11.32, 3.67, 'A', 3, 1);
insert into notes_details values ('2011-2012', 'SEM-7', 'Lionel Lafontaine', 'ASL-3', 11.32, 2.0, 'A', 0, 1);
insert into notes_details values ('2011-2012', 'SEM-7', 'Lionel Lafontaine', 'ASL-3', 11.32, 3.67, 'A', 2, 2);
insert into notes_details values ('2011-2012', 'SEM-7', 'Lionel Lafontaine', 'DPP-3', 11.32, 1.33, 'A', 0, 1);
insert into notes_details values ('2011-2012', 'SEM-7', 'Lionel Lafontaine', 'DPP-3', 11.32, 4.0, 'A', 2, 2);
insert into notes_details values ('2011-2012', 'SEM-7', 'Lionel Lafontaine', 'EAO-31', 11.32, 4.0, 'A', 2, 1);
insert into notes_details values ('2011-2012', 'SEM-7', 'Lionel Lafontaine', 'EAO-32', 11.32, 2.67, 'A', 2, 1);
insert into notes_details values ('2011-2012', 'SEM-7', 'Lionel Lafontaine', 'EAO-33', 11.32, 2.33, 'A', 0, 1);
insert into notes_details values ('2011-2012', 'SEM-7', 'Lionel Lafontaine', 'EAO-33', 11.32, 4.0, 'A', 2, 2);
insert into notes_details values ('2011-2012', 'SEM-7', 'Lionel Lafontaine', 'EAO-34', 11.32, 3.33, 'A', 2, 1);
insert into notes_details values ('2011-2012', 'SEM-7', 'Lionel Lafontaine', 'EAO-35', 11.32, 3.67, 'A', 2, 1);
insert into notes_details values ('2011-2012', 'SEM-7', 'Lionel Lafontaine', 'LCI-3', 11.32, 1.33, 'A', 0, 1);
insert into notes_details values ('2011-2012', 'SEM-7', 'Lionel Lafontaine', 'LCI-3', 11.32, 3.67, 'A', 3, 2);
insert into notes_details values ('2011-2012', 'SEM-7', 'Lionel Lafontaine', 'MAT-3', 11.32, 2.67, 'A', 3, 1);
insert into notes_details values ('2011-2012', 'SEM-7', 'Lionel Lafontaine', 'MNG-3', 11.32, 2.67, 'A', 3, 1);
insert into notes_details values ('2011-2012', 'SEM-7', 'Lionel Lafontaine', 'PJT-3', 11.32, 2.33, 'A', 0, 1);
insert into notes_details values ('2011-2012', 'SEM-7', 'Lionel Lafontaine', 'PJT-3', 11.32, 2.67, 'A', 5, 2);
insert into notes_details values ('2011-2012', 'SEM-7', 'Lionel Lafontaine', 'STD-3', 11.32, 1.0, 'A', 0, 1);
insert into notes_details values ('2011-2012', 'SEM-7', 'Lionel Lafontaine', 'STD-3', 11.32, 3.67, 'A', 2, 2);
insert into gpa values ('2010-2011', 'SEM-5', 'Lionel Lafontaine', 2.85);
insert into gpa values ('2010-2011', 'SEM-6', 'Lionel Lafontaine', 2.22);
insert into gpa values ('2011-2012', 'SEM-7', 'Lionel Lafontaine', 2.72);
insert into cesure values ('Lionel Lafontaine', 'CESURE');
insert into eleves values ('Omar Lebel', 1, 'S', 'Tres bien', 'MP', null, 'olebel');
insert into notes_details values ('2011-2012', 'SEM-5', 'Omar Lebel', 'ALG-1', 11.32, 4.0, 'A', 3, 1);
insert into notes_details values ('2011-2012', 'SEM-5', 'Omar Lebel', 'DPP-1', 11.32, 2.67, 'A', 2, 1);
insert into notes_details values ('2011-2012', 'SEM-5', 'Omar Lebel', 'ELE-1', 11.32, 3.33, 'A', 3, 1);
insert into notes_details values ('2011-2012', 'SEM-5', 'Omar Lebel', 'INP-1', 11.32, 2.33, 'A', 0, 1);
insert into notes_details values ('2011-2012', 'SEM-5', 'Omar Lebel', 'INP-1', 11.32, 2.67, 'A', 3, 2);
insert into notes_details values ('2011-2012', 'SEM-5', 'Omar Lebel', 'LCI-1', 11.32, 4.0, 'A', 3, 1);
insert into notes_details values ('2011-2012', 'SEM-5', 'Omar Lebel', 'MAT-1', 11.32, 1.33, 'A', 0, 1);
insert into notes_details values ('2011-2012', 'SEM-5', 'Omar Lebel', 'MAT-1', 11.32, 1.33, 'A', 3, 99);
insert into notes_details values ('2011-2012', 'SEM-5', 'Omar Lebel', 'MGP-1', 11.32, 4.0, 'A', 4, 1);
insert into notes_details values ('2011-2012', 'SEM-5', 'Omar Lebel', 'PHO-1', 11.32, 3.0, 'A', 3, 1);
insert into notes_details values ('2011-2012', 'SEM-5', 'Omar Lebel', 'PHQ-1', 11.32, 3.33, 'A', 3, 1);
insert into notes_details values ('2011-2012', 'SEM-5', 'Omar Lebel', 'SPM-1', 11.32, 1.67, 'A', 0, 1);
insert into notes_details values ('2011-2012', 'SEM-5', 'Omar Lebel', 'SPM-1', 11.32, 2.0, 'A', 3, 99);
insert into notes_details values ('2011-2012', 'SEM-6', 'Omar Lebel', 'DPP-2', 11.32, 1.67, 'A', 0, 1);
insert into notes_details values ('2011-2012', 'SEM-6', 'Omar Lebel', 'DPP-2', 11.32, 3.33, 'A', 1, 2);
insert into notes_details values ('2011-2012', 'SEM-6', 'Omar Lebel', 'EAO-2', 11.32, 2.0, 'A', 0, 1);
insert into notes_details values ('2011-2012', 'SEM-6', 'Omar Lebel', 'EAO-2', 11.32, 3.0, 'A', 3, 2);
insert into notes_details values ('2011-2012', 'SEM-6', 'Omar Lebel', 'ECO-2', 11.32, 2.0, 'A', 0, 1);
insert into notes_details values ('2011-2012', 'SEM-6', 'Omar Lebel', 'ECO-2', 11.32, 4.0, 'A', 3, 2);
insert into notes_details values ('2011-2012', 'SEM-6', 'Omar Lebel', 'LCI-2', 11.32, 1.33, 'A', 0, 1);
insert into notes_details values ('2011-2012', 'SEM-6', 'Omar Lebel', 'LCI-2', 11.32, 2.67, 'A', 3, 2);
insert into notes_details values ('2011-2012', 'SEM-6', 'Omar Lebel', 'MAT-2', 11.32, 2.33, 'A', 0, 1);
insert into notes_details values ('2011-2012', 'SEM-6', 'Omar Lebel', 'MAT-2', 11.32, 3.0, 'A', 2, 2);
insert into notes_details values ('2011-2012', 'SEM-6', 'Omar Lebel', 'MCO-2', 11.32, 1.67, 'A', 0, 1);
insert into notes_details values ('2011-2012', 'SEM-6', 'Omar Lebel', 'MCO-2', 11.32, 2.67, 'A', 2, 2);
insert into notes_details values ('2011-2012', 'SEM-6', 'Omar Lebel', 'MGP-2', 11.32, 3.0, 'A', 4, 1);
insert into notes_details values ('2011-2012', 'SEM-6', 'Omar Lebel', 'PHS-2', 11.32, 1.33, 'A', 0, 1);
insert into notes_details values ('2011-2012', 'SEM-6', 'Omar Lebel', 'PHS-2', 11.32, 1.33, 'A', 2, 99);
insert into notes_details values ('2011-2012', 'SEM-6', 'Omar Lebel', 'PJT-2', 11.32, 1.67, 'A', 0, 1);
insert into notes_details values ('2011-2012', 'SEM-6', 'Omar Lebel', 'PJT-2', 11.32, 3.67, 'A', 1, 2);
insert into notes_details values ('2011-2012', 'SEM-6', 'Omar Lebel', 'RMS-2', 11.32, 1.0, 'A', 0, 1);
insert into notes_details values ('2011-2012', 'SEM-6', 'Omar Lebel', 'RMS-2', 11.32, 3.33, 'A', 4, 2);
insert into notes_details values ('2011-2012', 'SEM-6', 'Omar Lebel', 'STG-2', 11.32, 3.0, 'A', 2, 1);
insert into notes_details values ('2011-2012', 'SEM-6', 'Omar Lebel', 'THS-2', 11.32, 1.33, 'A', 0, 1);
insert into notes_details values ('2011-2012', 'SEM-6', 'Omar Lebel', 'THS-2', 11.32, 3.0, 'A', 3, 2);
insert into notes_details values ('2012-2013', 'SEM-7', 'Omar Lebel', 'ASL-3', 11.32, 2.0, 'A', 0, 1);
insert into notes_details values ('2012-2013', 'SEM-7', 'Omar Lebel', 'ASL-3', 11.32, 2.67, 'A', 2, 2);
insert into notes_details values ('2012-2013', 'SEM-7', 'Omar Lebel', 'DPP-3', 11.32, 4.0, 'A', 2, 1);
insert into notes_details values ('2012-2013', 'SEM-7', 'Omar Lebel', 'EAO-31', 11.32, 2.0, 'A', 0, 1);
insert into notes_details values ('2012-2013', 'SEM-7', 'Omar Lebel', 'EAO-31', 11.32, 2.67, 'A', 2, 2);
insert into notes_details values ('2012-2013', 'SEM-7', 'Omar Lebel', 'EAO-32', 11.32, 2.0, 'A', 0, 1);
insert into notes_details values ('2012-2013', 'SEM-7', 'Omar Lebel', 'EAO-32', 11.32, 4.0, 'A', 2, 2);
insert into notes_details values ('2012-2013', 'SEM-7', 'Omar Lebel', 'EAO-33', 11.32, 1.33, 'A', 0, 1);
insert into notes_details values ('2012-2013', 'SEM-7', 'Omar Lebel', 'EAO-33', 11.32, 1.33, 'A', 0, 2);
insert into contentieux values ('2012-2013', 'SEM-7', 'Omar Lebel', 'EAO-33');
insert into notes_details values ('2012-2013', 'SEM-7', 'Omar Lebel', 'EAO-34', 11.32, 2.67, 'A', 2, 1);
insert into notes_details values ('2012-2013', 'SEM-7', 'Omar Lebel', 'EAO-35', 11.32, 3.33, 'A', 2, 1);
insert into notes_details values ('2012-2013', 'SEM-7', 'Omar Lebel', 'LCI-3', 11.32, 3.67, 'A', 3, 1);
insert into notes_details values ('2012-2013', 'SEM-7', 'Omar Lebel', 'MAT-3', 11.32, 1.67, 'A', 0, 1);
insert into notes_details values ('2012-2013', 'SEM-7', 'Omar Lebel', 'MAT-3', 11.32, 1.0, 'A', 0, 2);
insert into contentieux values ('2012-2013', 'SEM-7', 'Omar Lebel', 'MAT-3');
insert into notes_details values ('2012-2013', 'SEM-7', 'Omar Lebel', 'MNG-3', 11.32, 2.0, 'A', 0, 1);
insert into notes_details values ('2012-2013', 'SEM-7', 'Omar Lebel', 'MNG-3', 11.32, 1.0, 'A', 3, 99);
insert into notes_details values ('2012-2013', 'SEM-7', 'Omar Lebel', 'PJT-3', 11.32, 1.0, 'A', 0, 1);
insert into notes_details values ('2012-2013', 'SEM-7', 'Omar Lebel', 'PJT-3', 11.32, 2.67, 'A', 5, 2);
insert into notes_details values ('2012-2013', 'SEM-7', 'Omar Lebel', 'STD-3', 11.32, 1.33, 'A', 0, 1);
insert into notes_details values ('2012-2013', 'SEM-7', 'Omar Lebel', 'STD-3', 11.32, 3.0, 'A', 2, 2);
insert into gpa values ('2011-2012', 'SEM-5', 'Omar Lebel', 2.22);
insert into gpa values ('2011-2012', 'SEM-6', 'Omar Lebel', 2.62);
insert into gpa values ('2012-2013', 'SEM-7', 'Omar Lebel', 2.24);
insert into eleves values ('Allan Fontaine', 1, 'S', 'Tres bien', 'MP', null, 'afontaine');
insert into notes_details values ('2010-2011', 'SEM-5', 'Allan Fontaine', 'ALG-1', 11.32, 1.33, 'A', 0, 1);
insert into notes_details values ('2010-2011', 'SEM-5', 'Allan Fontaine', 'ALG-1', 11.32, 3.67, 'A', 3, 2);
insert into notes_details values ('2010-2011', 'SEM-5', 'Allan Fontaine', 'DPP-1', 11.32, 3.33, 'A', 2, 1);
insert into notes_details values ('2010-2011', 'SEM-5', 'Allan Fontaine', 'ELE-1', 11.32, 3.67, 'A', 3, 1);
insert into notes_details values ('2010-2011', 'SEM-5', 'Allan Fontaine', 'INP-1', 11.32, 2.33, 'A', 0, 1);
insert into notes_details values ('2010-2011', 'SEM-5', 'Allan Fontaine', 'INP-1', 11.32, 2.0, 'A', 3, 99);
insert into notes_details values ('2010-2011', 'SEM-5', 'Allan Fontaine', 'LCI-1', 11.32, 3.67, 'A', 3, 1);
insert into notes_details values ('2010-2011', 'SEM-5', 'Allan Fontaine', 'MAT-1', 11.32, 3.67, 'A', 3, 1);
insert into notes_details values ('2010-2011', 'SEM-5', 'Allan Fontaine', 'MGP-1', 11.32, 2.0, 'A', 0, 1);
insert into notes_details values ('2010-2011', 'SEM-5', 'Allan Fontaine', 'MGP-1', 11.32, 3.0, 'A', 4, 2);
insert into notes_details values ('2010-2011', 'SEM-5', 'Allan Fontaine', 'PHO-1', 11.32, 2.67, 'A', 3, 1);
insert into notes_details values ('2010-2011', 'SEM-5', 'Allan Fontaine', 'PHQ-1', 11.32, 3.0, 'A', 3, 1);
insert into notes_details values ('2010-2011', 'SEM-5', 'Allan Fontaine', 'SPM-1', 11.32, 1.0, 'A', 0, 1);
insert into notes_details values ('2010-2011', 'SEM-5', 'Allan Fontaine', 'SPM-1', 11.32, 2.67, 'A', 3, 2);
insert into notes_details values ('2010-2011', 'SEM-6', 'Allan Fontaine', 'DPP-2', 11.32, 2.67, 'A', 1, 1);
insert into notes_details values ('2010-2011', 'SEM-6', 'Allan Fontaine', 'EAO-2', 11.32, 3.67, 'A', 3, 1);
insert into notes_details values ('2010-2011', 'SEM-6', 'Allan Fontaine', 'ECO-2', 11.32, 3.33, 'A', 3, 1);
insert into notes_details values ('2010-2011', 'SEM-6', 'Allan Fontaine', 'LCI-2', 11.32, 4.0, 'A', 3, 1);
insert into notes_details values ('2010-2011', 'SEM-6', 'Allan Fontaine', 'MAT-2', 11.32, 1.0, 'A', 0, 1);
insert into notes_details values ('2010-2011', 'SEM-6', 'Allan Fontaine', 'MAT-2', 11.32, 4.0, 'A', 2, 2);
insert into notes_details values ('2010-2011', 'SEM-6', 'Allan Fontaine', 'MCO-2', 11.32, 2.67, 'A', 2, 1);
insert into notes_details values ('2010-2011', 'SEM-6', 'Allan Fontaine', 'MGP-2', 11.32, 2.67, 'A', 4, 1);
insert into notes_details values ('2010-2011', 'SEM-6', 'Allan Fontaine', 'PHS-2', 11.32, 2.67, 'A', 2, 1);
insert into notes_details values ('2010-2011', 'SEM-6', 'Allan Fontaine', 'PJT-2', 11.32, 3.0, 'A', 1, 1);
insert into notes_details values ('2010-2011', 'SEM-6', 'Allan Fontaine', 'RMS-2', 11.32, 2.0, 'A', 0, 1);
insert into notes_details values ('2010-2011', 'SEM-6', 'Allan Fontaine', 'RMS-2', 11.32, 3.67, 'A', 4, 2);
insert into notes_details values ('2010-2011', 'SEM-6', 'Allan Fontaine', 'STG-2', 11.32, 3.67, 'A', 2, 1);
insert into notes_details values ('2010-2011', 'SEM-6', 'Allan Fontaine', 'THS-2', 11.32, 3.33, 'A', 3, 1);
insert into notes_details values ('2011-2012', 'SEM-7', 'Allan Fontaine', 'ASL-3', 11.32, 3.0, 'A', 2, 1);
insert into notes_details values ('2011-2012', 'SEM-7', 'Allan Fontaine', 'DPP-3', 11.32, 3.67, 'A', 2, 1);
insert into notes_details values ('2011-2012', 'SEM-7', 'Allan Fontaine', 'EAO-31', 11.32, 3.33, 'A', 2, 1);
insert into notes_details values ('2011-2012', 'SEM-7', 'Allan Fontaine', 'EAO-32', 11.32, 2.33, 'A', 0, 1);
insert into notes_details values ('2011-2012', 'SEM-7', 'Allan Fontaine', 'EAO-32', 11.32, 1.0, 'A', 0, 2);
insert into contentieux values ('2011-2012', 'SEM-7', 'Allan Fontaine', 'EAO-32');
insert into notes_details values ('2011-2012', 'SEM-7', 'Allan Fontaine', 'EAO-33', 11.32, 4.0, 'A', 2, 1);
insert into notes_details values ('2011-2012', 'SEM-7', 'Allan Fontaine', 'EAO-34', 11.32, 4.0, 'A', 2, 1);
insert into notes_details values ('2011-2012', 'SEM-7', 'Allan Fontaine', 'EAO-35', 11.32, 2.33, 'A', 0, 1);
insert into notes_details values ('2011-2012', 'SEM-7', 'Allan Fontaine', 'EAO-35', 11.32, 1.67, 'A', 0, 2);
insert into contentieux values ('2011-2012', 'SEM-7', 'Allan Fontaine', 'EAO-35');
insert into notes_details values ('2011-2012', 'SEM-7', 'Allan Fontaine', 'LCI-3', 11.32, 1.67, 'A', 0, 1);
insert into notes_details values ('2011-2012', 'SEM-7', 'Allan Fontaine', 'LCI-3', 11.32, 1.67, 'A', 0, 2);
insert into contentieux values ('2011-2012', 'SEM-7', 'Allan Fontaine', 'LCI-3');
insert into notes_details values ('2011-2012', 'SEM-7', 'Allan Fontaine', 'MAT-3', 11.32, 4.0, 'A', 3, 1);
insert into notes_details values ('2011-2012', 'SEM-7', 'Allan Fontaine', 'MNG-3', 11.32, 1.67, 'A', 0, 1);
insert into notes_details values ('2011-2012', 'SEM-7', 'Allan Fontaine', 'MNG-3', 11.32, 3.0, 'A', 3, 2);
insert into notes_details values ('2011-2012', 'SEM-7', 'Allan Fontaine', 'PJT-3', 11.32, 1.67, 'A', 0, 1);
insert into notes_details values ('2011-2012', 'SEM-7', 'Allan Fontaine', 'PJT-3', 11.32, 2.67, 'A', 5, 2);
insert into notes_details values ('2011-2012', 'SEM-7', 'Allan Fontaine', 'STD-3', 11.32, 1.67, 'A', 0, 1);
insert into notes_details values ('2011-2012', 'SEM-7', 'Allan Fontaine', 'STD-3', 11.32, 3.0, 'A', 2, 2);
insert into gpa values ('2010-2011', 'SEM-5', 'Allan Fontaine', 2.08);
insert into gpa values ('2010-2011', 'SEM-6', 'Allan Fontaine', 2.69);
insert into gpa values ('2011-2012', 'SEM-7', 'Allan Fontaine', 2.91);
insert into eleves values ('Huette Rene', 1, 'S', 'Tres bien', 'MP', null, 'hrene');
insert into notes_details values ('2011-2012', 'SEM-5', 'Huette Rene', 'ALG-1', 11.32, 1.0, 'A', 0, 1);
insert into notes_details values ('2011-2012', 'SEM-5', 'Huette Rene', 'ALG-1', 11.32, 3.33, 'A', 3, 2);
insert into notes_details values ('2011-2012', 'SEM-5', 'Huette Rene', 'DPP-1', 11.32, 3.33, 'A', 2, 1);
insert into notes_details values ('2011-2012', 'SEM-5', 'Huette Rene', 'ELE-1', 11.32, 1.67, 'A', 0, 1);
insert into notes_details values ('2011-2012', 'SEM-5', 'Huette Rene', 'ELE-1', 11.32, 3.67, 'A', 3, 2);
insert into notes_details values ('2011-2012', 'SEM-5', 'Huette Rene', 'INP-1', 11.32, 3.0, 'A', 3, 1);
insert into notes_details values ('2011-2012', 'SEM-5', 'Huette Rene', 'LCI-1', 11.32, 1.33, 'A', 0, 1);
insert into notes_details values ('2011-2012', 'SEM-5', 'Huette Rene', 'LCI-1', 11.32, 3.67, 'A', 3, 2);
insert into notes_details values ('2011-2012', 'SEM-5', 'Huette Rene', 'MAT-1', 11.32, 3.33, 'A', 3, 1);
insert into notes_details values ('2011-2012', 'SEM-5', 'Huette Rene', 'MGP-1', 11.32, 1.33, 'A', 0, 1);
insert into notes_details values ('2011-2012', 'SEM-5', 'Huette Rene', 'MGP-1', 11.32, 3.67, 'A', 4, 2);
insert into notes_details values ('2011-2012', 'SEM-5', 'Huette Rene', 'PHO-1', 11.32, 3.67, 'A', 3, 1);
insert into notes_details values ('2011-2012', 'SEM-5', 'Huette Rene', 'PHQ-1', 11.32, 2.0, 'A', 0, 1);
insert into notes_details values ('2011-2012', 'SEM-5', 'Huette Rene', 'PHQ-1', 11.32, 3.0, 'A', 3, 2);
insert into notes_details values ('2011-2012', 'SEM-5', 'Huette Rene', 'SPM-1', 11.32, 4.0, 'A', 3, 1);
insert into notes_details values ('2011-2012', 'SEM-6', 'Huette Rene', 'DPP-2', 11.32, 3.33, 'A', 1, 1);
insert into notes_details values ('2011-2012', 'SEM-6', 'Huette Rene', 'EAO-2', 11.32, 3.67, 'A', 3, 1);
insert into notes_details values ('2011-2012', 'SEM-6', 'Huette Rene', 'ECO-2', 11.32, 2.33, 'A', 0, 1);
insert into notes_details values ('2011-2012', 'SEM-6', 'Huette Rene', 'ECO-2', 11.32, 2.67, 'A', 3, 2);
insert into notes_details values ('2011-2012', 'SEM-6', 'Huette Rene', 'LCI-2', 11.32, 2.67, 'A', 3, 1);
insert into notes_details values ('2011-2012', 'SEM-6', 'Huette Rene', 'MAT-2', 11.32, 2.0, 'A', 0, 1);
insert into notes_details values ('2011-2012', 'SEM-6', 'Huette Rene', 'MAT-2', 11.32, 3.67, 'A', 2, 2);
insert into notes_details values ('2011-2012', 'SEM-6', 'Huette Rene', 'MCO-2', 11.32, 2.0, 'A', 0, 1);
insert into notes_details values ('2011-2012', 'SEM-6', 'Huette Rene', 'MCO-2', 11.32, 3.0, 'A', 2, 2);
insert into notes_details values ('2011-2012', 'SEM-6', 'Huette Rene', 'MGP-2', 11.32, 2.0, 'A', 0, 1);
insert into notes_details values ('2011-2012', 'SEM-6', 'Huette Rene', 'MGP-2', 11.32, 4.0, 'A', 4, 2);
insert into notes_details values ('2011-2012', 'SEM-6', 'Huette Rene', 'PHS-2', 11.32, 3.67, 'A', 2, 1);
insert into notes_details values ('2011-2012', 'SEM-6', 'Huette Rene', 'PJT-2', 11.32, 3.0, 'A', 1, 1);
insert into notes_details values ('2011-2012', 'SEM-6', 'Huette Rene', 'RMS-2', 11.32, 2.33, 'A', 0, 1);
insert into notes_details values ('2011-2012', 'SEM-6', 'Huette Rene', 'RMS-2', 11.32, 4.0, 'A', 4, 2);
insert into notes_details values ('2011-2012', 'SEM-6', 'Huette Rene', 'STG-2', 11.32, 1.33, 'A', 0, 1);
insert into notes_details values ('2011-2012', 'SEM-6', 'Huette Rene', 'STG-2', 11.32, 3.0, 'A', 2, 2);
insert into notes_details values ('2011-2012', 'SEM-6', 'Huette Rene', 'THS-2', 11.32, 4.0, 'A', 3, 1);
insert into notes_details values ('2012-2013', 'SEM-7', 'Huette Rene', 'ASL-3', 11.32, 3.33, 'A', 2, 1);
insert into notes_details values ('2012-2013', 'SEM-7', 'Huette Rene', 'DPP-3', 11.32, 1.0, 'A', 0, 1);
insert into notes_details values ('2012-2013', 'SEM-7', 'Huette Rene', 'DPP-3', 11.32, 2.0, 'A', 2, 99);
insert into notes_details values ('2012-2013', 'SEM-7', 'Huette Rene', 'EAO-31', 11.32, 3.67, 'A', 2, 1);
insert into notes_details values ('2012-2013', 'SEM-7', 'Huette Rene', 'EAO-32', 11.32, 2.0, 'A', 0, 1);
insert into notes_details values ('2012-2013', 'SEM-7', 'Huette Rene', 'EAO-32', 11.32, 3.0, 'A', 2, 2);
insert into notes_details values ('2012-2013', 'SEM-7', 'Huette Rene', 'EAO-33', 11.32, 1.67, 'A', 0, 1);
insert into notes_details values ('2012-2013', 'SEM-7', 'Huette Rene', 'EAO-33', 11.32, 1.33, 'A', 0, 2);
insert into contentieux values ('2012-2013', 'SEM-7', 'Huette Rene', 'EAO-33');
insert into notes_details values ('2012-2013', 'SEM-7', 'Huette Rene', 'EAO-34', 11.32, 2.33, 'A', 0, 1);
insert into notes_details values ('2012-2013', 'SEM-7', 'Huette Rene', 'EAO-34', 11.32, 4.0, 'A', 2, 2);
insert into notes_details values ('2012-2013', 'SEM-7', 'Huette Rene', 'EAO-35', 11.32, 1.33, 'A', 0, 1);
insert into notes_details values ('2012-2013', 'SEM-7', 'Huette Rene', 'EAO-35', 11.32, 1.67, 'A', 0, 2);
insert into contentieux values ('2012-2013', 'SEM-7', 'Huette Rene', 'EAO-35');
insert into notes_details values ('2012-2013', 'SEM-7', 'Huette Rene', 'LCI-3', 11.32, 1.33, 'A', 0, 1);
insert into notes_details values ('2012-2013', 'SEM-7', 'Huette Rene', 'LCI-3', 11.32, 1.33, 'A', 0, 2);
insert into contentieux values ('2012-2013', 'SEM-7', 'Huette Rene', 'LCI-3');
insert into notes_details values ('2012-2013', 'SEM-7', 'Huette Rene', 'MAT-3', 11.32, 3.67, 'A', 3, 1);
insert into notes_details values ('2012-2013', 'SEM-7', 'Huette Rene', 'MNG-3', 11.32, 3.67, 'A', 3, 1);
insert into notes_details values ('2012-2013', 'SEM-7', 'Huette Rene', 'PJT-3', 11.32, 3.33, 'A', 5, 1);
insert into notes_details values ('2012-2013', 'SEM-7', 'Huette Rene', 'STD-3', 11.32, 1.0, 'A', 0, 1);
insert into notes_details values ('2012-2013', 'SEM-7', 'Huette Rene', 'STD-3', 11.32, 2.67, 'A', 2, 2);
insert into gpa values ('2011-2012', 'SEM-5', 'Huette Rene', 2.75);
insert into gpa values ('2011-2012', 'SEM-6', 'Huette Rene', 3.67);
insert into gpa values ('2012-2013', 'SEM-7', 'Huette Rene', 3.71);
insert into eleves values ('Imane Bergeron', 1, 'S', 'Tres bien', 'MP', null, 'ibergeron');
insert into notes_details values ('2010-2011', 'SEM-5', 'Imane Bergeron', 'ALG-1', 11.32, 1.33, 'A', 0, 1);
insert into notes_details values ('2010-2011', 'SEM-5', 'Imane Bergeron', 'ALG-1', 11.32, 3.67, 'A', 3, 2);
insert into notes_details values ('2010-2011', 'SEM-5', 'Imane Bergeron', 'DPP-1', 11.32, 3.0, 'A', 2, 1);
insert into notes_details values ('2010-2011', 'SEM-5', 'Imane Bergeron', 'ELE-1', 11.32, 4.0, 'A', 3, 1);
insert into notes_details values ('2010-2011', 'SEM-5', 'Imane Bergeron', 'INP-1', 11.32, 4.0, 'A', 3, 1);
insert into notes_details values ('2010-2011', 'SEM-5', 'Imane Bergeron', 'LCI-1', 11.32, 3.67, 'A', 3, 1);
insert into notes_details values ('2010-2011', 'SEM-5', 'Imane Bergeron', 'MAT-1', 11.32, 2.33, 'A', 0, 1);
insert into notes_details values ('2010-2011', 'SEM-5', 'Imane Bergeron', 'MAT-1', 11.32, 1.33, 'A', 3, 99);
insert into notes_details values ('2010-2011', 'SEM-5', 'Imane Bergeron', 'MGP-1', 11.32, 2.0, 'A', 0, 1);
insert into notes_details values ('2010-2011', 'SEM-5', 'Imane Bergeron', 'MGP-1', 11.32, 3.67, 'A', 4, 2);
insert into notes_details values ('2010-2011', 'SEM-5', 'Imane Bergeron', 'PHO-1', 11.32, 2.67, 'A', 3, 1);
insert into notes_details values ('2010-2011', 'SEM-5', 'Imane Bergeron', 'PHQ-1', 11.32, 3.33, 'A', 3, 1);
insert into notes_details values ('2010-2011', 'SEM-5', 'Imane Bergeron', 'SPM-1', 11.32, 1.33, 'A', 0, 1);
insert into notes_details values ('2010-2011', 'SEM-5', 'Imane Bergeron', 'SPM-1', 11.32, 2.67, 'A', 3, 2);
insert into notes_details values ('2010-2011', 'SEM-6', 'Imane Bergeron', 'DPP-2', 11.32, 3.0, 'A', 1, 1);
insert into notes_details values ('2010-2011', 'SEM-6', 'Imane Bergeron', 'EAO-2', 11.32, 1.67, 'A', 0, 1);
insert into notes_details values ('2010-2011', 'SEM-6', 'Imane Bergeron', 'EAO-2', 11.32, 3.67, 'A', 3, 2);
insert into notes_details values ('2010-2011', 'SEM-6', 'Imane Bergeron', 'ECO-2', 11.32, 4.0, 'A', 3, 1);
insert into notes_details values ('2010-2011', 'SEM-6', 'Imane Bergeron', 'LCI-2', 11.32, 2.67, 'A', 3, 1);
insert into notes_details values ('2010-2011', 'SEM-6', 'Imane Bergeron', 'MAT-2', 11.32, 2.67, 'A', 2, 1);
insert into notes_details values ('2010-2011', 'SEM-6', 'Imane Bergeron', 'MCO-2', 11.32, 2.67, 'A', 2, 1);
insert into notes_details values ('2010-2011', 'SEM-6', 'Imane Bergeron', 'MGP-2', 11.32, 3.33, 'A', 4, 1);
insert into notes_details values ('2010-2011', 'SEM-6', 'Imane Bergeron', 'PHS-2', 11.32, 3.67, 'A', 2, 1);
insert into notes_details values ('2010-2011', 'SEM-6', 'Imane Bergeron', 'PJT-2', 11.32, 3.33, 'A', 1, 1);
insert into notes_details values ('2010-2011', 'SEM-6', 'Imane Bergeron', 'RMS-2', 11.32, 1.33, 'A', 0, 1);
insert into notes_details values ('2010-2011', 'SEM-6', 'Imane Bergeron', 'RMS-2', 11.32, 3.67, 'A', 4, 2);
insert into notes_details values ('2010-2011', 'SEM-6', 'Imane Bergeron', 'STG-2', 11.32, 1.67, 'A', 0, 1);
insert into notes_details values ('2010-2011', 'SEM-6', 'Imane Bergeron', 'STG-2', 11.32, 1.0, 'A', 2, 99);
insert into notes_details values ('2010-2011', 'SEM-6', 'Imane Bergeron', 'THS-2', 11.32, 1.33, 'A', 0, 1);
insert into notes_details values ('2010-2011', 'SEM-6', 'Imane Bergeron', 'THS-2', 11.32, 3.67, 'A', 3, 2);
insert into notes_details values ('2011-2012', 'SEM-7', 'Imane Bergeron', 'ASL-3', 11.32, 1.67, 'A', 0, 1);
insert into notes_details values ('2011-2012', 'SEM-7', 'Imane Bergeron', 'ASL-3', 11.32, 1.67, 'A', 0, 2);
insert into contentieux values ('2011-2012', 'SEM-7', 'Imane Bergeron', 'ASL-3');
insert into notes_details values ('2011-2012', 'SEM-7', 'Imane Bergeron', 'DPP-3', 11.32, 3.67, 'A', 2, 1);
insert into notes_details values ('2011-2012', 'SEM-7', 'Imane Bergeron', 'EAO-31', 11.32, 3.0, 'A', 2, 1);
insert into notes_details values ('2011-2012', 'SEM-7', 'Imane Bergeron', 'EAO-32', 11.32, 1.33, 'A', 0, 1);
insert into notes_details values ('2011-2012', 'SEM-7', 'Imane Bergeron', 'EAO-32', 11.32, 2.33, 'A', 0, 2);
insert into contentieux values ('2011-2012', 'SEM-7', 'Imane Bergeron', 'EAO-32');
insert into notes_details values ('2011-2012', 'SEM-7', 'Imane Bergeron', 'EAO-33', 11.32, 3.33, 'A', 2, 1);
insert into notes_details values ('2011-2012', 'SEM-7', 'Imane Bergeron', 'EAO-34', 11.32, 1.67, 'A', 0, 1);
insert into notes_details values ('2011-2012', 'SEM-7', 'Imane Bergeron', 'EAO-34', 11.32, 1.33, 'A', 0, 2);
insert into contentieux values ('2011-2012', 'SEM-7', 'Imane Bergeron', 'EAO-34');
insert into notes_details values ('2011-2012', 'SEM-7', 'Imane Bergeron', 'EAO-35', 11.32, 3.67, 'A', 2, 1);
insert into notes_details values ('2011-2012', 'SEM-7', 'Imane Bergeron', 'LCI-3', 11.32, 2.0, 'A', 0, 1);
insert into notes_details values ('2011-2012', 'SEM-7', 'Imane Bergeron', 'LCI-3', 11.32, 3.0, 'A', 3, 2);
insert into notes_details values ('2011-2012', 'SEM-7', 'Imane Bergeron', 'MAT-3', 11.32, 2.67, 'A', 3, 1);
insert into notes_details values ('2011-2012', 'SEM-7', 'Imane Bergeron', 'MNG-3', 11.32, 4.0, 'A', 3, 1);
insert into notes_details values ('2011-2012', 'SEM-7', 'Imane Bergeron', 'PJT-3', 11.32, 1.0, 'A', 0, 1);
insert into notes_details values ('2011-2012', 'SEM-7', 'Imane Bergeron', 'PJT-3', 11.32, 1.33, 'A', 0, 2);
insert into contentieux values ('2011-2012', 'SEM-7', 'Imane Bergeron', 'PJT-3');
insert into notes_details values ('2011-2012', 'SEM-7', 'Imane Bergeron', 'STD-3', 11.32, 1.67, 'A', 0, 1);
insert into notes_details values ('2011-2012', 'SEM-7', 'Imane Bergeron', 'STD-3', 11.32, 3.0, 'A', 2, 2);
insert into gpa values ('2010-2011', 'SEM-5', 'Imane Bergeron', 3.4);
insert into gpa values ('2010-2011', 'SEM-6', 'Imane Bergeron', 3.12);
insert into gpa values ('2011-2012', 'SEM-7', 'Imane Bergeron', 2.51);
insert into eleves values ('Theodore Perrot', 1, 'S', 'Tres bien', 'MP', null, 'tperrot');
insert into notes_details values ('2011-2012', 'SEM-5', 'Theodore Perrot', 'ALG-1', 11.32, 3.67, 'A', 3, 1);
insert into notes_details values ('2011-2012', 'SEM-5', 'Theodore Perrot', 'DPP-1', 11.32, 2.67, 'A', 2, 1);
insert into notes_details values ('2011-2012', 'SEM-5', 'Theodore Perrot', 'ELE-1', 11.32, 2.0, 'A', 0, 1);
insert into notes_details values ('2011-2012', 'SEM-5', 'Theodore Perrot', 'ELE-1', 11.32, 3.67, 'A', 3, 2);
insert into notes_details values ('2011-2012', 'SEM-5', 'Theodore Perrot', 'INP-1', 11.32, 1.67, 'A', 0, 1);
insert into notes_details values ('2011-2012', 'SEM-5', 'Theodore Perrot', 'INP-1', 11.32, 2.67, 'A', 3, 2);
insert into notes_details values ('2011-2012', 'SEM-5', 'Theodore Perrot', 'LCI-1', 11.32, 1.0, 'A', 0, 1);
insert into notes_details values ('2011-2012', 'SEM-5', 'Theodore Perrot', 'LCI-1', 11.32, 3.33, 'A', 3, 2);
insert into notes_details values ('2011-2012', 'SEM-5', 'Theodore Perrot', 'MAT-1', 11.32, 2.33, 'A', 0, 1);
insert into notes_details values ('2011-2012', 'SEM-5', 'Theodore Perrot', 'MAT-1', 11.32, 3.33, 'A', 3, 2);
insert into notes_details values ('2011-2012', 'SEM-5', 'Theodore Perrot', 'MGP-1', 11.32, 1.0, 'A', 0, 1);
insert into notes_details values ('2011-2012', 'SEM-5', 'Theodore Perrot', 'MGP-1', 11.32, 3.67, 'A', 4, 2);
insert into notes_details values ('2011-2012', 'SEM-5', 'Theodore Perrot', 'PHO-1', 11.32, 2.33, 'A', 0, 1);
insert into notes_details values ('2011-2012', 'SEM-5', 'Theodore Perrot', 'PHO-1', 11.32, 2.67, 'A', 3, 2);
insert into notes_details values ('2011-2012', 'SEM-5', 'Theodore Perrot', 'PHQ-1', 11.32, 3.33, 'A', 3, 1);
insert into notes_details values ('2011-2012', 'SEM-5', 'Theodore Perrot', 'SPM-1', 11.32, 3.67, 'A', 3, 1);
insert into notes_details values ('2011-2012', 'SEM-6', 'Theodore Perrot', 'DPP-2', 11.32, 4.0, 'A', 1, 1);
insert into notes_details values ('2011-2012', 'SEM-6', 'Theodore Perrot', 'EAO-2', 11.32, 1.0, 'A', 0, 1);
insert into notes_details values ('2011-2012', 'SEM-6', 'Theodore Perrot', 'EAO-2', 11.32, 3.0, 'A', 3, 2);
insert into notes_details values ('2011-2012', 'SEM-6', 'Theodore Perrot', 'ECO-2', 11.32, 1.0, 'A', 0, 1);
insert into notes_details values ('2011-2012', 'SEM-6', 'Theodore Perrot', 'ECO-2', 11.32, 1.67, 'A', 3, 99);
insert into notes_details values ('2011-2012', 'SEM-6', 'Theodore Perrot', 'LCI-2', 11.32, 4.0, 'A', 3, 1);
insert into notes_details values ('2011-2012', 'SEM-6', 'Theodore Perrot', 'MAT-2', 11.32, 1.67, 'A', 0, 1);
insert into notes_details values ('2011-2012', 'SEM-6', 'Theodore Perrot', 'MAT-2', 11.32, 3.67, 'A', 2, 2);
insert into notes_details values ('2011-2012', 'SEM-6', 'Theodore Perrot', 'MCO-2', 11.32, 4.0, 'A', 2, 1);
insert into notes_details values ('2011-2012', 'SEM-6', 'Theodore Perrot', 'MGP-2', 11.32, 1.67, 'A', 0, 1);
insert into notes_details values ('2011-2012', 'SEM-6', 'Theodore Perrot', 'MGP-2', 11.32, 2.0, 'A', 4, 99);
insert into notes_details values ('2011-2012', 'SEM-6', 'Theodore Perrot', 'PHS-2', 11.32, 1.0, 'A', 0, 1);
insert into notes_details values ('2011-2012', 'SEM-6', 'Theodore Perrot', 'PHS-2', 11.32, 4.0, 'A', 2, 2);
insert into notes_details values ('2011-2012', 'SEM-6', 'Theodore Perrot', 'PJT-2', 11.32, 3.67, 'A', 1, 1);
insert into notes_details values ('2011-2012', 'SEM-6', 'Theodore Perrot', 'RMS-2', 11.32, 2.33, 'A', 0, 1);
insert into notes_details values ('2011-2012', 'SEM-6', 'Theodore Perrot', 'RMS-2', 11.32, 3.67, 'A', 4, 2);
insert into notes_details values ('2011-2012', 'SEM-6', 'Theodore Perrot', 'STG-2', 11.32, 2.67, 'A', 2, 1);
insert into notes_details values ('2011-2012', 'SEM-6', 'Theodore Perrot', 'THS-2', 11.32, 1.67, 'A', 0, 1);
insert into notes_details values ('2011-2012', 'SEM-6', 'Theodore Perrot', 'THS-2', 11.32, 3.67, 'A', 3, 2);
insert into notes_details values ('2012-2013', 'SEM-7', 'Theodore Perrot', 'ASL-3', 11.32, 1.0, 'A', 0, 1);
insert into notes_details values ('2012-2013', 'SEM-7', 'Theodore Perrot', 'ASL-3', 11.32, 1.67, 'A', 0, 2);
insert into contentieux values ('2012-2013', 'SEM-7', 'Theodore Perrot', 'ASL-3');
insert into notes_details values ('2012-2013', 'SEM-7', 'Theodore Perrot', 'DPP-3', 11.32, 1.67, 'A', 0, 1);
insert into notes_details values ('2012-2013', 'SEM-7', 'Theodore Perrot', 'DPP-3', 11.32, 2.0, 'A', 0, 2);
insert into contentieux values ('2012-2013', 'SEM-7', 'Theodore Perrot', 'DPP-3');
insert into notes_details values ('2012-2013', 'SEM-7', 'Theodore Perrot', 'EAO-31', 11.32, 4.0, 'A', 2, 1);
insert into notes_details values ('2012-2013', 'SEM-7', 'Theodore Perrot', 'EAO-32', 11.32, 1.0, 'A', 0, 1);
insert into notes_details values ('2012-2013', 'SEM-7', 'Theodore Perrot', 'EAO-32', 11.32, 3.67, 'A', 2, 2);
insert into notes_details values ('2012-2013', 'SEM-7', 'Theodore Perrot', 'EAO-33', 11.32, 2.33, 'A', 0, 1);
insert into notes_details values ('2012-2013', 'SEM-7', 'Theodore Perrot', 'EAO-33', 11.32, 1.33, 'A', 2, 99);
insert into notes_details values ('2012-2013', 'SEM-7', 'Theodore Perrot', 'EAO-34', 11.32, 3.0, 'A', 2, 1);
insert into notes_details values ('2012-2013', 'SEM-7', 'Theodore Perrot', 'EAO-35', 11.32, 2.33, 'A', 0, 1);
insert into notes_details values ('2012-2013', 'SEM-7', 'Theodore Perrot', 'EAO-35', 11.32, 3.0, 'A', 2, 2);
insert into notes_details values ('2012-2013', 'SEM-7', 'Theodore Perrot', 'LCI-3', 11.32, 1.33, 'A', 0, 1);
insert into notes_details values ('2012-2013', 'SEM-7', 'Theodore Perrot', 'LCI-3', 11.32, 2.0, 'A', 0, 2);
insert into contentieux values ('2012-2013', 'SEM-7', 'Theodore Perrot', 'LCI-3');
insert into notes_details values ('2012-2013', 'SEM-7', 'Theodore Perrot', 'MAT-3', 11.32, 2.33, 'A', 0, 1);
insert into notes_details values ('2012-2013', 'SEM-7', 'Theodore Perrot', 'MAT-3', 11.32, 1.33, 'A', 0, 2);
insert into contentieux values ('2012-2013', 'SEM-7', 'Theodore Perrot', 'MAT-3');
insert into notes_details values ('2012-2013', 'SEM-7', 'Theodore Perrot', 'MNG-3', 11.32, 2.0, 'A', 0, 1);
insert into notes_details values ('2012-2013', 'SEM-7', 'Theodore Perrot', 'MNG-3', 11.32, 3.33, 'A', 3, 2);
insert into notes_details values ('2012-2013', 'SEM-7', 'Theodore Perrot', 'PJT-3', 11.32, 3.33, 'A', 5, 1);
insert into notes_details values ('2012-2013', 'SEM-7', 'Theodore Perrot', 'STD-3', 11.32, 2.0, 'A', 0, 1);
insert into notes_details values ('2012-2013', 'SEM-7', 'Theodore Perrot', 'STD-3', 11.32, 1.33, 'A', 0, 2);
insert into contentieux values ('2012-2013', 'SEM-7', 'Theodore Perrot', 'STD-3');
insert into gpa values ('2011-2012', 'SEM-5', 'Theodore Perrot', 3.53);
insert into gpa values ('2011-2012', 'SEM-6', 'Theodore Perrot', 3.77);
insert into gpa values ('2012-2013', 'SEM-7', 'Theodore Perrot', 2.81);
insert into eleves values ('Claire Vidal', 1, 'S', 'Tres bien', 'MP', null, 'cvidal');
insert into notes_details values ('2010-2011', 'SEM-5', 'Claire Vidal', 'ALG-1', 11.32, 1.67, 'A', 0, 1);
insert into notes_details values ('2010-2011', 'SEM-5', 'Claire Vidal', 'ALG-1', 11.32, 2.67, 'A', 3, 2);
insert into notes_details values ('2010-2011', 'SEM-5', 'Claire Vidal', 'DPP-1', 11.32, 2.0, 'A', 0, 1);
insert into notes_details values ('2010-2011', 'SEM-5', 'Claire Vidal', 'DPP-1', 11.32, 1.67, 'A', 2, 99);
insert into notes_details values ('2010-2011', 'SEM-5', 'Claire Vidal', 'ELE-1', 11.32, 3.0, 'A', 3, 1);
insert into notes_details values ('2010-2011', 'SEM-5', 'Claire Vidal', 'INP-1', 11.32, 1.0, 'A', 0, 1);
insert into notes_details values ('2010-2011', 'SEM-5', 'Claire Vidal', 'INP-1', 11.32, 2.33, 'A', 3, 99);
insert into notes_details values ('2010-2011', 'SEM-5', 'Claire Vidal', 'LCI-1', 11.32, 1.33, 'A', 0, 1);
insert into notes_details values ('2010-2011', 'SEM-5', 'Claire Vidal', 'LCI-1', 11.32, 3.0, 'A', 3, 2);
insert into notes_details values ('2010-2011', 'SEM-5', 'Claire Vidal', 'MAT-1', 11.32, 3.33, 'A', 3, 1);
insert into notes_details values ('2010-2011', 'SEM-5', 'Claire Vidal', 'MGP-1', 11.32, 3.0, 'A', 4, 1);
insert into notes_details values ('2010-2011', 'SEM-5', 'Claire Vidal', 'PHO-1', 11.32, 2.33, 'A', 0, 1);
insert into notes_details values ('2010-2011', 'SEM-5', 'Claire Vidal', 'PHO-1', 11.32, 4.0, 'A', 3, 2);
insert into notes_details values ('2010-2011', 'SEM-5', 'Claire Vidal', 'PHQ-1', 11.32, 1.33, 'A', 0, 1);
insert into notes_details values ('2010-2011', 'SEM-5', 'Claire Vidal', 'PHQ-1', 11.32, 2.67, 'A', 3, 2);
insert into notes_details values ('2010-2011', 'SEM-5', 'Claire Vidal', 'SPM-1', 11.32, 1.0, 'A', 0, 1);
insert into notes_details values ('2010-2011', 'SEM-5', 'Claire Vidal', 'SPM-1', 11.32, 2.67, 'A', 3, 2);
insert into notes_details values ('2010-2011', 'SEM-6', 'Claire Vidal', 'DPP-2', 11.32, 3.67, 'A', 1, 1);
insert into notes_details values ('2010-2011', 'SEM-6', 'Claire Vidal', 'EAO-2', 11.32, 4.0, 'A', 3, 1);
insert into notes_details values ('2010-2011', 'SEM-6', 'Claire Vidal', 'ECO-2', 11.32, 1.67, 'A', 0, 1);
insert into notes_details values ('2010-2011', 'SEM-6', 'Claire Vidal', 'ECO-2', 11.32, 2.67, 'A', 3, 2);
insert into notes_details values ('2010-2011', 'SEM-6', 'Claire Vidal', 'LCI-2', 11.32, 3.33, 'A', 3, 1);
insert into notes_details values ('2010-2011', 'SEM-6', 'Claire Vidal', 'MAT-2', 11.32, 1.0, 'A', 0, 1);
insert into notes_details values ('2010-2011', 'SEM-6', 'Claire Vidal', 'MAT-2', 11.32, 2.33, 'A', 2, 99);
insert into notes_details values ('2010-2011', 'SEM-6', 'Claire Vidal', 'MCO-2', 11.32, 1.67, 'A', 0, 1);
insert into notes_details values ('2010-2011', 'SEM-6', 'Claire Vidal', 'MCO-2', 11.32, 3.33, 'A', 2, 2);
insert into notes_details values ('2010-2011', 'SEM-6', 'Claire Vidal', 'MGP-2', 11.32, 3.67, 'A', 4, 1);
insert into notes_details values ('2010-2011', 'SEM-6', 'Claire Vidal', 'PHS-2', 11.32, 4.0, 'A', 2, 1);
insert into notes_details values ('2010-2011', 'SEM-6', 'Claire Vidal', 'PJT-2', 11.32, 1.0, 'A', 0, 1);
insert into notes_details values ('2010-2011', 'SEM-6', 'Claire Vidal', 'PJT-2', 11.32, 3.0, 'A', 1, 2);
insert into notes_details values ('2010-2011', 'SEM-6', 'Claire Vidal', 'RMS-2', 11.32, 2.0, 'A', 0, 1);
insert into notes_details values ('2010-2011', 'SEM-6', 'Claire Vidal', 'RMS-2', 11.32, 2.0, 'A', 4, 99);
insert into notes_details values ('2010-2011', 'SEM-6', 'Claire Vidal', 'STG-2', 11.32, 2.67, 'A', 2, 1);
insert into notes_details values ('2010-2011', 'SEM-6', 'Claire Vidal', 'THS-2', 11.32, 1.0, 'A', 0, 1);
insert into notes_details values ('2010-2011', 'SEM-6', 'Claire Vidal', 'THS-2', 11.32, 4.0, 'A', 3, 2);
insert into notes_details values ('2011-2012', 'SEM-7', 'Claire Vidal', 'ASL-3', 11.32, 2.33, 'A', 0, 1);
insert into notes_details values ('2011-2012', 'SEM-7', 'Claire Vidal', 'ASL-3', 11.32, 3.33, 'A', 2, 2);
insert into notes_details values ('2011-2012', 'SEM-7', 'Claire Vidal', 'DPP-3', 11.32, 1.33, 'A', 0, 1);
insert into notes_details values ('2011-2012', 'SEM-7', 'Claire Vidal', 'DPP-3', 11.32, 2.33, 'A', 0, 2);
insert into contentieux values ('2011-2012', 'SEM-7', 'Claire Vidal', 'DPP-3');
insert into notes_details values ('2011-2012', 'SEM-7', 'Claire Vidal', 'EAO-31', 11.32, 2.33, 'A', 0, 1);
insert into notes_details values ('2011-2012', 'SEM-7', 'Claire Vidal', 'EAO-31', 11.32, 1.33, 'A', 0, 2);
insert into contentieux values ('2011-2012', 'SEM-7', 'Claire Vidal', 'EAO-31');
insert into notes_details values ('2011-2012', 'SEM-7', 'Claire Vidal', 'EAO-32', 11.32, 1.0, 'A', 0, 1);
insert into notes_details values ('2011-2012', 'SEM-7', 'Claire Vidal', 'EAO-32', 11.32, 3.67, 'A', 2, 2);
insert into notes_details values ('2011-2012', 'SEM-7', 'Claire Vidal', 'EAO-33', 11.32, 4.0, 'A', 2, 1);
insert into notes_details values ('2011-2012', 'SEM-7', 'Claire Vidal', 'EAO-34', 11.32, 1.0, 'A', 0, 1);
insert into notes_details values ('2011-2012', 'SEM-7', 'Claire Vidal', 'EAO-34', 11.32, 2.67, 'A', 2, 2);
insert into notes_details values ('2011-2012', 'SEM-7', 'Claire Vidal', 'EAO-35', 11.32, 4.0, 'A', 2, 1);
insert into notes_details values ('2011-2012', 'SEM-7', 'Claire Vidal', 'LCI-3', 11.32, 4.0, 'A', 3, 1);
insert into notes_details values ('2011-2012', 'SEM-7', 'Claire Vidal', 'MAT-3', 11.32, 1.33, 'A', 0, 1);
insert into notes_details values ('2011-2012', 'SEM-7', 'Claire Vidal', 'MAT-3', 11.32, 3.0, 'A', 3, 2);
insert into notes_details values ('2011-2012', 'SEM-7', 'Claire Vidal', 'MNG-3', 11.32, 3.67, 'A', 3, 1);
insert into notes_details values ('2011-2012', 'SEM-7', 'Claire Vidal', 'PJT-3', 11.32, 2.33, 'A', 0, 1);
insert into notes_details values ('2011-2012', 'SEM-7', 'Claire Vidal', 'PJT-3', 11.32, 2.33, 'A', 0, 2);
insert into contentieux values ('2011-2012', 'SEM-7', 'Claire Vidal', 'PJT-3');
insert into notes_details values ('2011-2012', 'SEM-7', 'Claire Vidal', 'STD-3', 11.32, 1.67, 'A', 0, 1);
insert into notes_details values ('2011-2012', 'SEM-7', 'Claire Vidal', 'STD-3', 11.32, 4.0, 'A', 2, 2);
insert into gpa values ('2010-2011', 'SEM-5', 'Claire Vidal', 3.28);
insert into gpa values ('2010-2011', 'SEM-6', 'Claire Vidal', 2.73);
insert into gpa values ('2011-2012', 'SEM-7', 'Claire Vidal', 2.73);
insert into eleves values ('Wilfired Beckham', 1, 'S', 'Tres bien', 'MP', null, 'wbeckham');
insert into notes_details values ('2011-2012', 'SEM-5', 'Wilfired Beckham', 'ALG-1', 11.32, 3.33, 'A', 3, 1);
insert into notes_details values ('2011-2012', 'SEM-5', 'Wilfired Beckham', 'DPP-1', 11.32, 2.33, 'A', 0, 1);
insert into notes_details values ('2011-2012', 'SEM-5', 'Wilfired Beckham', 'DPP-1', 11.32, 3.33, 'A', 2, 2);
insert into notes_details values ('2011-2012', 'SEM-5', 'Wilfired Beckham', 'ELE-1', 11.32, 4.0, 'A', 3, 1);
insert into notes_details values ('2011-2012', 'SEM-5', 'Wilfired Beckham', 'INP-1', 11.32, 2.0, 'A', 0, 1);
insert into notes_details values ('2011-2012', 'SEM-5', 'Wilfired Beckham', 'INP-1', 11.32, 3.67, 'A', 3, 2);
insert into notes_details values ('2011-2012', 'SEM-5', 'Wilfired Beckham', 'LCI-1', 11.32, 1.33, 'A', 0, 1);
insert into notes_details values ('2011-2012', 'SEM-5', 'Wilfired Beckham', 'LCI-1', 11.32, 2.67, 'A', 3, 2);
insert into notes_details values ('2011-2012', 'SEM-5', 'Wilfired Beckham', 'MAT-1', 11.32, 4.0, 'A', 3, 1);
insert into notes_details values ('2011-2012', 'SEM-5', 'Wilfired Beckham', 'MGP-1', 11.32, 4.0, 'A', 4, 1);
insert into notes_details values ('2011-2012', 'SEM-5', 'Wilfired Beckham', 'PHO-1', 11.32, 3.67, 'A', 3, 1);
insert into notes_details values ('2011-2012', 'SEM-5', 'Wilfired Beckham', 'PHQ-1', 11.32, 4.0, 'A', 3, 1);
insert into notes_details values ('2011-2012', 'SEM-5', 'Wilfired Beckham', 'SPM-1', 11.32, 3.67, 'A', 3, 1);
insert into notes_details values ('2011-2012', 'SEM-6', 'Wilfired Beckham', 'DPP-2', 11.32, 3.67, 'A', 1, 1);
insert into notes_details values ('2011-2012', 'SEM-6', 'Wilfired Beckham', 'EAO-2', 11.32, 4.0, 'A', 3, 1);
insert into notes_details values ('2011-2012', 'SEM-6', 'Wilfired Beckham', 'ECO-2', 11.32, 2.33, 'A', 0, 1);
insert into notes_details values ('2011-2012', 'SEM-6', 'Wilfired Beckham', 'ECO-2', 11.32, 3.0, 'A', 3, 2);
insert into notes_details values ('2011-2012', 'SEM-6', 'Wilfired Beckham', 'LCI-2', 11.32, 2.0, 'A', 0, 1);
insert into notes_details values ('2011-2012', 'SEM-6', 'Wilfired Beckham', 'LCI-2', 11.32, 2.67, 'A', 3, 2);
insert into notes_details values ('2011-2012', 'SEM-6', 'Wilfired Beckham', 'MAT-2', 11.32, 1.0, 'A', 0, 1);
insert into notes_details values ('2011-2012', 'SEM-6', 'Wilfired Beckham', 'MAT-2', 11.32, 2.33, 'A', 2, 99);
insert into notes_details values ('2011-2012', 'SEM-6', 'Wilfired Beckham', 'MCO-2', 11.32, 3.33, 'A', 2, 1);
insert into notes_details values ('2011-2012', 'SEM-6', 'Wilfired Beckham', 'MGP-2', 11.32, 4.0, 'A', 4, 1);
insert into notes_details values ('2011-2012', 'SEM-6', 'Wilfired Beckham', 'PHS-2', 11.32, 2.67, 'A', 2, 1);
insert into notes_details values ('2011-2012', 'SEM-6', 'Wilfired Beckham', 'PJT-2', 11.32, 3.67, 'A', 1, 1);
insert into notes_details values ('2011-2012', 'SEM-6', 'Wilfired Beckham', 'RMS-2', 11.32, 3.67, 'A', 4, 1);
insert into notes_details values ('2011-2012', 'SEM-6', 'Wilfired Beckham', 'STG-2', 11.32, 1.67, 'A', 0, 1);
insert into notes_details values ('2011-2012', 'SEM-6', 'Wilfired Beckham', 'STG-2', 11.32, 4.0, 'A', 2, 2);
insert into notes_details values ('2011-2012', 'SEM-6', 'Wilfired Beckham', 'THS-2', 11.32, 3.33, 'A', 3, 1);
insert into notes_details values ('2012-2013', 'SEM-7', 'Wilfired Beckham', 'ASL-3', 11.32, 2.33, 'A', 0, 1);
insert into notes_details values ('2012-2013', 'SEM-7', 'Wilfired Beckham', 'ASL-3', 11.32, 3.0, 'A', 2, 2);
insert into notes_details values ('2012-2013', 'SEM-7', 'Wilfired Beckham', 'DPP-3', 11.32, 2.0, 'A', 0, 1);
insert into notes_details values ('2012-2013', 'SEM-7', 'Wilfired Beckham', 'DPP-3', 11.32, 1.67, 'A', 0, 2);
insert into contentieux values ('2012-2013', 'SEM-7', 'Wilfired Beckham', 'DPP-3');
insert into notes_details values ('2012-2013', 'SEM-7', 'Wilfired Beckham', 'EAO-31', 11.32, 2.33, 'A', 0, 1);
insert into notes_details values ('2012-2013', 'SEM-7', 'Wilfired Beckham', 'EAO-31', 11.32, 3.67, 'A', 2, 2);
insert into notes_details values ('2012-2013', 'SEM-7', 'Wilfired Beckham', 'EAO-32', 11.32, 1.33, 'A', 0, 1);
insert into notes_details values ('2012-2013', 'SEM-7', 'Wilfired Beckham', 'EAO-32', 11.32, 3.67, 'A', 2, 2);
insert into notes_details values ('2012-2013', 'SEM-7', 'Wilfired Beckham', 'EAO-33', 11.32, 1.33, 'A', 0, 1);
insert into notes_details values ('2012-2013', 'SEM-7', 'Wilfired Beckham', 'EAO-33', 11.32, 4.0, 'A', 2, 2);
insert into notes_details values ('2012-2013', 'SEM-7', 'Wilfired Beckham', 'EAO-34', 11.32, 4.0, 'A', 2, 1);
insert into notes_details values ('2012-2013', 'SEM-7', 'Wilfired Beckham', 'EAO-35', 11.32, 1.67, 'A', 0, 1);
insert into notes_details values ('2012-2013', 'SEM-7', 'Wilfired Beckham', 'EAO-35', 11.32, 2.0, 'A', 0, 2);
insert into contentieux values ('2012-2013', 'SEM-7', 'Wilfired Beckham', 'EAO-35');
insert into notes_details values ('2012-2013', 'SEM-7', 'Wilfired Beckham', 'LCI-3', 11.32, 1.33, 'A', 0, 1);
insert into notes_details values ('2012-2013', 'SEM-7', 'Wilfired Beckham', 'LCI-3', 11.32, 3.67, 'A', 3, 2);
insert into notes_details values ('2012-2013', 'SEM-7', 'Wilfired Beckham', 'MAT-3', 11.32, 2.33, 'A', 0, 1);
insert into notes_details values ('2012-2013', 'SEM-7', 'Wilfired Beckham', 'MAT-3', 11.32, 2.67, 'A', 3, 2);
insert into notes_details values ('2012-2013', 'SEM-7', 'Wilfired Beckham', 'MNG-3', 11.32, 1.33, 'A', 0, 1);
insert into notes_details values ('2012-2013', 'SEM-7', 'Wilfired Beckham', 'MNG-3', 11.32, 2.0, 'A', 0, 2);
insert into contentieux values ('2012-2013', 'SEM-7', 'Wilfired Beckham', 'MNG-3');
insert into notes_details values ('2012-2013', 'SEM-7', 'Wilfired Beckham', 'PJT-3', 11.32, 3.67, 'A', 5, 1);
insert into notes_details values ('2012-2013', 'SEM-7', 'Wilfired Beckham', 'STD-3', 11.32, 1.33, 'A', 0, 1);
insert into notes_details values ('2012-2013', 'SEM-7', 'Wilfired Beckham', 'STD-3', 11.32, 3.33, 'A', 2, 2);
insert into gpa values ('2011-2012', 'SEM-5', 'Wilfired Beckham', 3.1);
insert into gpa values ('2011-2012', 'SEM-6', 'Wilfired Beckham', 2.15);
insert into gpa values ('2012-2013', 'SEM-7', 'Wilfired Beckham', 3.21);
insert into eleves values ('Sarah Durand', 1, 'S', 'Tres bien', 'MP', null, 'sdurand');
insert into notes_details values ('2010-2011', 'SEM-5', 'Sarah Durand', 'ALG-1', 11.32, 4.0, 'A', 3, 1);
insert into notes_details values ('2010-2011', 'SEM-5', 'Sarah Durand', 'DPP-1', 11.32, 1.33, 'A', 0, 1);
insert into notes_details values ('2010-2011', 'SEM-5', 'Sarah Durand', 'DPP-1', 11.32, 4.0, 'A', 2, 2);
insert into notes_details values ('2010-2011', 'SEM-5', 'Sarah Durand', 'ELE-1', 11.32, 1.33, 'A', 0, 1);
insert into notes_details values ('2010-2011', 'SEM-5', 'Sarah Durand', 'ELE-1', 11.32, 1.0, 'A', 3, 99);
insert into notes_details values ('2010-2011', 'SEM-5', 'Sarah Durand', 'INP-1', 11.32, 3.33, 'A', 3, 1);
insert into notes_details values ('2010-2011', 'SEM-5', 'Sarah Durand', 'LCI-1', 11.32, 3.0, 'A', 3, 1);
insert into notes_details values ('2010-2011', 'SEM-5', 'Sarah Durand', 'MAT-1', 11.32, 1.0, 'A', 0, 1);
insert into notes_details values ('2010-2011', 'SEM-5', 'Sarah Durand', 'MAT-1', 11.32, 3.33, 'A', 3, 2);
insert into notes_details values ('2010-2011', 'SEM-5', 'Sarah Durand', 'MGP-1', 11.32, 2.33, 'A', 0, 1);
insert into notes_details values ('2010-2011', 'SEM-5', 'Sarah Durand', 'MGP-1', 11.32, 2.67, 'A', 4, 2);
insert into notes_details values ('2010-2011', 'SEM-5', 'Sarah Durand', 'PHO-1', 11.32, 3.0, 'A', 3, 1);
insert into notes_details values ('2010-2011', 'SEM-5', 'Sarah Durand', 'PHQ-1', 11.32, 4.0, 'A', 3, 1);
insert into notes_details values ('2010-2011', 'SEM-5', 'Sarah Durand', 'SPM-1', 11.32, 3.0, 'A', 3, 1);
insert into notes_details values ('2010-2011', 'SEM-6', 'Sarah Durand', 'DPP-2', 11.32, 1.33, 'A', 0, 1);
insert into notes_details values ('2010-2011', 'SEM-6', 'Sarah Durand', 'DPP-2', 11.32, 4.0, 'A', 1, 2);
insert into notes_details values ('2010-2011', 'SEM-6', 'Sarah Durand', 'EAO-2', 11.32, 2.0, 'A', 0, 1);
insert into notes_details values ('2010-2011', 'SEM-6', 'Sarah Durand', 'EAO-2', 11.32, 3.0, 'A', 3, 2);
insert into notes_details values ('2010-2011', 'SEM-6', 'Sarah Durand', 'ECO-2', 11.32, 3.0, 'A', 3, 1);
insert into notes_details values ('2010-2011', 'SEM-6', 'Sarah Durand', 'LCI-2', 11.32, 1.0, 'A', 0, 1);
insert into notes_details values ('2010-2011', 'SEM-6', 'Sarah Durand', 'LCI-2', 11.32, 3.0, 'A', 3, 2);
insert into notes_details values ('2010-2011', 'SEM-6', 'Sarah Durand', 'MAT-2', 11.32, 2.67, 'A', 2, 1);
insert into notes_details values ('2010-2011', 'SEM-6', 'Sarah Durand', 'MCO-2', 11.32, 2.67, 'A', 2, 1);
insert into notes_details values ('2010-2011', 'SEM-6', 'Sarah Durand', 'MGP-2', 11.32, 1.0, 'A', 0, 1);
insert into notes_details values ('2010-2011', 'SEM-6', 'Sarah Durand', 'MGP-2', 11.32, 4.0, 'A', 4, 2);
insert into notes_details values ('2010-2011', 'SEM-6', 'Sarah Durand', 'PHS-2', 11.32, 3.0, 'A', 2, 1);
insert into notes_details values ('2010-2011', 'SEM-6', 'Sarah Durand', 'PJT-2', 11.32, 2.67, 'A', 1, 1);
insert into notes_details values ('2010-2011', 'SEM-6', 'Sarah Durand', 'RMS-2', 11.32, 3.33, 'A', 4, 1);
insert into notes_details values ('2010-2011', 'SEM-6', 'Sarah Durand', 'STG-2', 11.32, 4.0, 'A', 2, 1);
insert into notes_details values ('2010-2011', 'SEM-6', 'Sarah Durand', 'THS-2', 11.32, 1.33, 'A', 0, 1);
insert into notes_details values ('2010-2011', 'SEM-6', 'Sarah Durand', 'THS-2', 11.32, 3.0, 'A', 3, 2);
insert into notes_details values ('2011-2012', 'SEM-7', 'Sarah Durand', 'ASL-3', 11.32, 2.0, 'A', 0, 1);
insert into notes_details values ('2011-2012', 'SEM-7', 'Sarah Durand', 'ASL-3', 11.32, 3.0, 'A', 2, 2);
insert into notes_details values ('2011-2012', 'SEM-7', 'Sarah Durand', 'DPP-3', 11.32, 1.67, 'A', 0, 1);
insert into notes_details values ('2011-2012', 'SEM-7', 'Sarah Durand', 'DPP-3', 11.32, 3.33, 'A', 2, 2);
insert into notes_details values ('2011-2012', 'SEM-7', 'Sarah Durand', 'EAO-31', 11.32, 2.67, 'A', 2, 1);
insert into notes_details values ('2011-2012', 'SEM-7', 'Sarah Durand', 'EAO-32', 11.32, 2.33, 'A', 0, 1);
insert into notes_details values ('2011-2012', 'SEM-7', 'Sarah Durand', 'EAO-32', 11.32, 3.67, 'A', 2, 2);
insert into notes_details values ('2011-2012', 'SEM-7', 'Sarah Durand', 'EAO-33', 11.32, 1.0, 'A', 0, 1);
insert into notes_details values ('2011-2012', 'SEM-7', 'Sarah Durand', 'EAO-33', 11.32, 1.33, 'A', 0, 2);
insert into contentieux values ('2011-2012', 'SEM-7', 'Sarah Durand', 'EAO-33');
insert into notes_details values ('2011-2012', 'SEM-7', 'Sarah Durand', 'EAO-34', 11.32, 2.33, 'A', 0, 1);
insert into notes_details values ('2011-2012', 'SEM-7', 'Sarah Durand', 'EAO-34', 11.32, 1.67, 'A', 2, 99);
insert into notes_details values ('2011-2012', 'SEM-7', 'Sarah Durand', 'EAO-35', 11.32, 1.0, 'A', 0, 1);
insert into notes_details values ('2011-2012', 'SEM-7', 'Sarah Durand', 'EAO-35', 11.32, 1.0, 'A', 0, 2);
insert into contentieux values ('2011-2012', 'SEM-7', 'Sarah Durand', 'EAO-35');
insert into notes_details values ('2011-2012', 'SEM-7', 'Sarah Durand', 'LCI-3', 11.32, 3.0, 'A', 3, 1);
insert into notes_details values ('2011-2012', 'SEM-7', 'Sarah Durand', 'MAT-3', 11.32, 2.0, 'A', 0, 1);
insert into notes_details values ('2011-2012', 'SEM-7', 'Sarah Durand', 'MAT-3', 11.32, 3.0, 'A', 3, 2);
insert into notes_details values ('2011-2012', 'SEM-7', 'Sarah Durand', 'MNG-3', 11.32, 1.33, 'A', 0, 1);
insert into notes_details values ('2011-2012', 'SEM-7', 'Sarah Durand', 'MNG-3', 11.32, 1.33, 'A', 0, 2);
insert into contentieux values ('2011-2012', 'SEM-7', 'Sarah Durand', 'MNG-3');
insert into notes_details values ('2011-2012', 'SEM-7', 'Sarah Durand', 'PJT-3', 11.32, 2.67, 'A', 5, 1);
insert into notes_details values ('2011-2012', 'SEM-7', 'Sarah Durand', 'STD-3', 11.32, 4.0, 'A', 2, 1);
insert into gpa values ('2010-2011', 'SEM-5', 'Sarah Durand', 3.98);
insert into gpa values ('2010-2011', 'SEM-6', 'Sarah Durand', 3.8);
insert into gpa values ('2011-2012', 'SEM-7', 'Sarah Durand', 3.26);
insert into cesure values ('Sarah Durand', 'CESURE');
insert into eleves values ('Fabien van Basten', 1, 'S', 'Tres bien', 'MP', null, 'fvan basten');
insert into notes_details values ('2011-2012', 'SEM-5', 'Fabien van Basten', 'ALG-1', 11.32, 3.67, 'A', 3, 1);
insert into notes_details values ('2011-2012', 'SEM-5', 'Fabien van Basten', 'DPP-1', 11.32, 3.67, 'A', 2, 1);
insert into notes_details values ('2011-2012', 'SEM-5', 'Fabien van Basten', 'ELE-1', 11.32, 3.33, 'A', 3, 1);
insert into notes_details values ('2011-2012', 'SEM-5', 'Fabien van Basten', 'INP-1', 11.32, 3.33, 'A', 3, 1);
insert into notes_details values ('2011-2012', 'SEM-5', 'Fabien van Basten', 'LCI-1', 11.32, 1.67, 'A', 0, 1);
insert into notes_details values ('2011-2012', 'SEM-5', 'Fabien van Basten', 'LCI-1', 11.32, 1.33, 'A', 3, 99);
insert into notes_details values ('2011-2012', 'SEM-5', 'Fabien van Basten', 'MAT-1', 11.32, 1.33, 'A', 0, 1);
insert into notes_details values ('2011-2012', 'SEM-5', 'Fabien van Basten', 'MAT-1', 11.32, 3.0, 'A', 3, 2);
insert into notes_details values ('2011-2012', 'SEM-5', 'Fabien van Basten', 'MGP-1', 11.32, 1.33, 'A', 0, 1);
insert into notes_details values ('2011-2012', 'SEM-5', 'Fabien van Basten', 'MGP-1', 11.32, 1.0, 'A', 4, 99);
insert into notes_details values ('2011-2012', 'SEM-5', 'Fabien van Basten', 'PHO-1', 11.32, 2.33, 'A', 0, 1);
insert into notes_details values ('2011-2012', 'SEM-5', 'Fabien van Basten', 'PHO-1', 11.32, 3.33, 'A', 3, 2);
insert into notes_details values ('2011-2012', 'SEM-5', 'Fabien van Basten', 'PHQ-1', 11.32, 1.67, 'A', 0, 1);
insert into notes_details values ('2011-2012', 'SEM-5', 'Fabien van Basten', 'PHQ-1', 11.32, 2.67, 'A', 3, 2);
insert into notes_details values ('2011-2012', 'SEM-5', 'Fabien van Basten', 'SPM-1', 11.32, 2.33, 'A', 0, 1);
insert into notes_details values ('2011-2012', 'SEM-5', 'Fabien van Basten', 'SPM-1', 11.32, 3.33, 'A', 3, 2);
insert into notes_details values ('2011-2012', 'SEM-6', 'Fabien van Basten', 'DPP-2', 11.32, 3.33, 'A', 1, 1);
insert into notes_details values ('2011-2012', 'SEM-6', 'Fabien van Basten', 'EAO-2', 11.32, 3.67, 'A', 3, 1);
insert into notes_details values ('2011-2012', 'SEM-6', 'Fabien van Basten', 'ECO-2', 11.32, 1.67, 'A', 0, 1);
insert into notes_details values ('2011-2012', 'SEM-6', 'Fabien van Basten', 'ECO-2', 11.32, 3.67, 'A', 3, 2);
insert into notes_details values ('2011-2012', 'SEM-6', 'Fabien van Basten', 'LCI-2', 11.32, 3.67, 'A', 3, 1);
insert into notes_details values ('2011-2012', 'SEM-6', 'Fabien van Basten', 'MAT-2', 11.32, 1.67, 'A', 0, 1);
insert into notes_details values ('2011-2012', 'SEM-6', 'Fabien van Basten', 'MAT-2', 11.32, 3.33, 'A', 2, 2);
insert into notes_details values ('2011-2012', 'SEM-6', 'Fabien van Basten', 'MCO-2', 11.32, 1.33, 'A', 0, 1);
insert into notes_details values ('2011-2012', 'SEM-6', 'Fabien van Basten', 'MCO-2', 11.32, 3.33, 'A', 2, 2);
insert into notes_details values ('2011-2012', 'SEM-6', 'Fabien van Basten', 'MGP-2', 11.32, 4.0, 'A', 4, 1);
insert into notes_details values ('2011-2012', 'SEM-6', 'Fabien van Basten', 'PHS-2', 11.32, 1.67, 'A', 0, 1);
insert into notes_details values ('2011-2012', 'SEM-6', 'Fabien van Basten', 'PHS-2', 11.32, 3.0, 'A', 2, 2);
insert into notes_details values ('2011-2012', 'SEM-6', 'Fabien van Basten', 'PJT-2', 11.32, 3.33, 'A', 1, 1);
insert into notes_details values ('2011-2012', 'SEM-6', 'Fabien van Basten', 'RMS-2', 11.32, 4.0, 'A', 4, 1);
insert into notes_details values ('2011-2012', 'SEM-6', 'Fabien van Basten', 'STG-2', 11.32, 2.33, 'A', 0, 1);
insert into notes_details values ('2011-2012', 'SEM-6', 'Fabien van Basten', 'STG-2', 11.32, 4.0, 'A', 2, 2);
insert into notes_details values ('2011-2012', 'SEM-6', 'Fabien van Basten', 'THS-2', 11.32, 1.33, 'A', 0, 1);
insert into notes_details values ('2011-2012', 'SEM-6', 'Fabien van Basten', 'THS-2', 11.32, 2.33, 'A', 3, 99);
insert into notes_details values ('2012-2013', 'SEM-7', 'Fabien van Basten', 'ASL-3', 11.32, 1.33, 'A', 0, 1);
insert into notes_details values ('2012-2013', 'SEM-7', 'Fabien van Basten', 'ASL-3', 11.32, 2.33, 'A', 0, 2);
insert into contentieux values ('2012-2013', 'SEM-7', 'Fabien van Basten', 'ASL-3');
insert into notes_details values ('2012-2013', 'SEM-7', 'Fabien van Basten', 'DPP-3', 11.32, 2.33, 'A', 0, 1);
insert into notes_details values ('2012-2013', 'SEM-7', 'Fabien van Basten', 'DPP-3', 11.32, 3.33, 'A', 2, 2);
insert into notes_details values ('2012-2013', 'SEM-7', 'Fabien van Basten', 'EAO-31', 11.32, 2.67, 'A', 2, 1);
insert into notes_details values ('2012-2013', 'SEM-7', 'Fabien van Basten', 'EAO-32', 11.32, 1.67, 'A', 0, 1);
insert into notes_details values ('2012-2013', 'SEM-7', 'Fabien van Basten', 'EAO-32', 11.32, 2.0, 'A', 0, 2);
insert into contentieux values ('2012-2013', 'SEM-7', 'Fabien van Basten', 'EAO-32');
insert into notes_details values ('2012-2013', 'SEM-7', 'Fabien van Basten', 'EAO-33', 11.32, 2.0, 'A', 0, 1);
insert into notes_details values ('2012-2013', 'SEM-7', 'Fabien van Basten', 'EAO-33', 11.32, 2.33, 'A', 2, 99);
insert into notes_details values ('2012-2013', 'SEM-7', 'Fabien van Basten', 'EAO-34', 11.32, 2.67, 'A', 2, 1);
insert into notes_details values ('2012-2013', 'SEM-7', 'Fabien van Basten', 'EAO-35', 11.32, 2.67, 'A', 2, 1);
insert into notes_details values ('2012-2013', 'SEM-7', 'Fabien van Basten', 'LCI-3', 11.32, 1.67, 'A', 0, 1);
insert into notes_details values ('2012-2013', 'SEM-7', 'Fabien van Basten', 'LCI-3', 11.32, 3.0, 'A', 3, 2);
insert into notes_details values ('2012-2013', 'SEM-7', 'Fabien van Basten', 'MAT-3', 11.32, 3.67, 'A', 3, 1);
insert into notes_details values ('2012-2013', 'SEM-7', 'Fabien van Basten', 'MNG-3', 11.32, 3.0, 'A', 3, 1);
insert into notes_details values ('2012-2013', 'SEM-7', 'Fabien van Basten', 'PJT-3', 11.32, 1.33, 'A', 0, 1);
insert into notes_details values ('2012-2013', 'SEM-7', 'Fabien van Basten', 'PJT-3', 11.32, 1.0, 'A', 0, 2);
insert into contentieux values ('2012-2013', 'SEM-7', 'Fabien van Basten', 'PJT-3');
insert into notes_details values ('2012-2013', 'SEM-7', 'Fabien van Basten', 'STD-3', 11.32, 1.33, 'A', 0, 1);
insert into notes_details values ('2012-2013', 'SEM-7', 'Fabien van Basten', 'STD-3', 11.32, 2.67, 'A', 2, 2);
insert into gpa values ('2011-2012', 'SEM-5', 'Fabien van Basten', 3.6);
insert into gpa values ('2011-2012', 'SEM-6', 'Fabien van Basten', 2.34);
insert into gpa values ('2012-2013', 'SEM-7', 'Fabien van Basten', 2.19);
insert into eleves values ('Sarah Zico', 1, 'S', 'Tres bien', 'MP', null, 'szico');
insert into notes_details values ('2010-2011', 'SEM-5', 'Sarah Zico', 'ALG-1', 11.32, 2.0, 'A', 0, 1);
insert into notes_details values ('2010-2011', 'SEM-5', 'Sarah Zico', 'ALG-1', 11.32, 3.67, 'A', 3, 2);
insert into notes_details values ('2010-2011', 'SEM-5', 'Sarah Zico', 'DPP-1', 11.32, 4.0, 'A', 2, 1);
insert into notes_details values ('2010-2011', 'SEM-5', 'Sarah Zico', 'ELE-1', 11.32, 3.0, 'A', 3, 1);
insert into notes_details values ('2010-2011', 'SEM-5', 'Sarah Zico', 'INP-1', 11.32, 1.33, 'A', 0, 1);
insert into notes_details values ('2010-2011', 'SEM-5', 'Sarah Zico', 'INP-1', 11.32, 3.0, 'A', 3, 2);
insert into notes_details values ('2010-2011', 'SEM-5', 'Sarah Zico', 'LCI-1', 11.32, 1.0, 'A', 0, 1);
insert into notes_details values ('2010-2011', 'SEM-5', 'Sarah Zico', 'LCI-1', 11.32, 3.0, 'A', 3, 2);
insert into notes_details values ('2010-2011', 'SEM-5', 'Sarah Zico', 'MAT-1', 11.32, 2.0, 'A', 0, 1);
insert into notes_details values ('2010-2011', 'SEM-5', 'Sarah Zico', 'MAT-1', 11.32, 3.67, 'A', 3, 2);
insert into notes_details values ('2010-2011', 'SEM-5', 'Sarah Zico', 'MGP-1', 11.32, 1.33, 'A', 0, 1);
insert into notes_details values ('2010-2011', 'SEM-5', 'Sarah Zico', 'MGP-1', 11.32, 4.0, 'A', 4, 2);
insert into notes_details values ('2010-2011', 'SEM-5', 'Sarah Zico', 'PHO-1', 11.32, 1.33, 'A', 0, 1);
insert into notes_details values ('2010-2011', 'SEM-5', 'Sarah Zico', 'PHO-1', 11.32, 2.0, 'A', 3, 99);
insert into notes_details values ('2010-2011', 'SEM-5', 'Sarah Zico', 'PHQ-1', 11.32, 1.67, 'A', 0, 1);
insert into notes_details values ('2010-2011', 'SEM-5', 'Sarah Zico', 'PHQ-1', 11.32, 3.33, 'A', 3, 2);
insert into notes_details values ('2010-2011', 'SEM-5', 'Sarah Zico', 'SPM-1', 11.32, 3.0, 'A', 3, 1);
insert into notes_details values ('2010-2011', 'SEM-6', 'Sarah Zico', 'DPP-2', 11.32, 3.67, 'A', 1, 1);
insert into notes_details values ('2010-2011', 'SEM-6', 'Sarah Zico', 'EAO-2', 11.32, 1.33, 'A', 0, 1);
insert into notes_details values ('2010-2011', 'SEM-6', 'Sarah Zico', 'EAO-2', 11.32, 3.67, 'A', 3, 2);
insert into notes_details values ('2010-2011', 'SEM-6', 'Sarah Zico', 'ECO-2', 11.32, 3.33, 'A', 3, 1);
insert into notes_details values ('2010-2011', 'SEM-6', 'Sarah Zico', 'LCI-2', 11.32, 1.0, 'A', 0, 1);
insert into notes_details values ('2010-2011', 'SEM-6', 'Sarah Zico', 'LCI-2', 11.32, 3.33, 'A', 3, 2);
insert into notes_details values ('2010-2011', 'SEM-6', 'Sarah Zico', 'MAT-2', 11.32, 2.67, 'A', 2, 1);
insert into notes_details values ('2010-2011', 'SEM-6', 'Sarah Zico', 'MCO-2', 11.32, 1.67, 'A', 0, 1);
insert into notes_details values ('2010-2011', 'SEM-6', 'Sarah Zico', 'MCO-2', 11.32, 2.67, 'A', 2, 2);
insert into notes_details values ('2010-2011', 'SEM-6', 'Sarah Zico', 'MGP-2', 11.32, 3.67, 'A', 4, 1);
insert into notes_details values ('2010-2011', 'SEM-6', 'Sarah Zico', 'PHS-2', 11.32, 1.0, 'A', 0, 1);
insert into notes_details values ('2010-2011', 'SEM-6', 'Sarah Zico', 'PHS-2', 11.32, 2.67, 'A', 2, 2);
insert into notes_details values ('2010-2011', 'SEM-6', 'Sarah Zico', 'PJT-2', 11.32, 2.0, 'A', 0, 1);
insert into notes_details values ('2010-2011', 'SEM-6', 'Sarah Zico', 'PJT-2', 11.32, 4.0, 'A', 1, 2);
insert into notes_details values ('2010-2011', 'SEM-6', 'Sarah Zico', 'RMS-2', 11.32, 1.0, 'A', 0, 1);
insert into notes_details values ('2010-2011', 'SEM-6', 'Sarah Zico', 'RMS-2', 11.32, 2.33, 'A', 4, 99);
insert into notes_details values ('2010-2011', 'SEM-6', 'Sarah Zico', 'STG-2', 11.32, 3.33, 'A', 2, 1);
insert into notes_details values ('2010-2011', 'SEM-6', 'Sarah Zico', 'THS-2', 11.32, 3.0, 'A', 3, 1);
insert into notes_details values ('2011-2012', 'SEM-7', 'Sarah Zico', 'ASL-3', 11.32, 2.67, 'A', 2, 1);
insert into notes_details values ('2011-2012', 'SEM-7', 'Sarah Zico', 'DPP-3', 11.32, 1.0, 'A', 0, 1);
insert into notes_details values ('2011-2012', 'SEM-7', 'Sarah Zico', 'DPP-3', 11.32, 2.0, 'A', 0, 2);
insert into contentieux values ('2011-2012', 'SEM-7', 'Sarah Zico', 'DPP-3');
insert into notes_details values ('2011-2012', 'SEM-7', 'Sarah Zico', 'EAO-31', 11.32, 1.67, 'A', 0, 1);
insert into notes_details values ('2011-2012', 'SEM-7', 'Sarah Zico', 'EAO-31', 11.32, 1.0, 'A', 0, 2);
insert into contentieux values ('2011-2012', 'SEM-7', 'Sarah Zico', 'EAO-31');
insert into notes_details values ('2011-2012', 'SEM-7', 'Sarah Zico', 'EAO-32', 11.32, 1.0, 'A', 0, 1);
insert into notes_details values ('2011-2012', 'SEM-7', 'Sarah Zico', 'EAO-32', 11.32, 1.0, 'A', 0, 2);
insert into contentieux values ('2011-2012', 'SEM-7', 'Sarah Zico', 'EAO-32');
insert into notes_details values ('2011-2012', 'SEM-7', 'Sarah Zico', 'EAO-33', 11.32, 1.0, 'A', 0, 1);
insert into notes_details values ('2011-2012', 'SEM-7', 'Sarah Zico', 'EAO-33', 11.32, 2.33, 'A', 0, 2);
insert into contentieux values ('2011-2012', 'SEM-7', 'Sarah Zico', 'EAO-33');
insert into notes_details values ('2011-2012', 'SEM-7', 'Sarah Zico', 'EAO-34', 11.32, 1.33, 'A', 0, 1);
insert into notes_details values ('2011-2012', 'SEM-7', 'Sarah Zico', 'EAO-34', 11.32, 1.67, 'A', 0, 2);
insert into contentieux values ('2011-2012', 'SEM-7', 'Sarah Zico', 'EAO-34');
insert into notes_details values ('2011-2012', 'SEM-7', 'Sarah Zico', 'EAO-35', 11.32, 3.0, 'A', 2, 1);
insert into notes_details values ('2011-2012', 'SEM-7', 'Sarah Zico', 'LCI-3', 11.32, 2.0, 'A', 0, 1);
insert into notes_details values ('2011-2012', 'SEM-7', 'Sarah Zico', 'LCI-3', 11.32, 2.67, 'A', 3, 2);
insert into notes_details values ('2011-2012', 'SEM-7', 'Sarah Zico', 'MAT-3', 11.32, 2.0, 'A', 0, 1);
insert into notes_details values ('2011-2012', 'SEM-7', 'Sarah Zico', 'MAT-3', 11.32, 2.67, 'A', 3, 2);
insert into notes_details values ('2011-2012', 'SEM-7', 'Sarah Zico', 'MNG-3', 11.32, 2.0, 'A', 0, 1);
insert into notes_details values ('2011-2012', 'SEM-7', 'Sarah Zico', 'MNG-3', 11.32, 3.67, 'A', 3, 2);
insert into notes_details values ('2011-2012', 'SEM-7', 'Sarah Zico', 'PJT-3', 11.32, 2.33, 'A', 0, 1);
insert into notes_details values ('2011-2012', 'SEM-7', 'Sarah Zico', 'PJT-3', 11.32, 1.67, 'A', 0, 2);
insert into contentieux values ('2011-2012', 'SEM-7', 'Sarah Zico', 'PJT-3');
insert into notes_details values ('2011-2012', 'SEM-7', 'Sarah Zico', 'STD-3', 11.32, 3.0, 'A', 2, 1);
insert into gpa values ('2010-2011', 'SEM-5', 'Sarah Zico', 2.44);
insert into gpa values ('2010-2011', 'SEM-6', 'Sarah Zico', 3.77);
insert into gpa values ('2011-2012', 'SEM-7', 'Sarah Zico', 3.77);
insert into cesure values ('Sarah Zico', 'CESURE');
insert into eleves values ('Yannick Dimecco', 1, 'S', 'Tres bien', 'MP', null, 'ydimecco');
insert into notes_details values ('2011-2012', 'SEM-5', 'Yannick Dimecco', 'ALG-1', 11.32, 4.0, 'A', 3, 1);
insert into notes_details values ('2011-2012', 'SEM-5', 'Yannick Dimecco', 'DPP-1', 11.32, 1.67, 'A', 0, 1);
insert into notes_details values ('2011-2012', 'SEM-5', 'Yannick Dimecco', 'DPP-1', 11.32, 3.67, 'A', 2, 2);
insert into notes_details values ('2011-2012', 'SEM-5', 'Yannick Dimecco', 'ELE-1', 11.32, 3.0, 'A', 3, 1);
insert into notes_details values ('2011-2012', 'SEM-5', 'Yannick Dimecco', 'INP-1', 11.32, 2.0, 'A', 0, 1);
insert into notes_details values ('2011-2012', 'SEM-5', 'Yannick Dimecco', 'INP-1', 11.32, 4.0, 'A', 3, 2);
insert into notes_details values ('2011-2012', 'SEM-5', 'Yannick Dimecco', 'LCI-1', 11.32, 1.33, 'A', 0, 1);
insert into notes_details values ('2011-2012', 'SEM-5', 'Yannick Dimecco', 'LCI-1', 11.32, 3.67, 'A', 3, 2);
insert into notes_details values ('2011-2012', 'SEM-5', 'Yannick Dimecco', 'MAT-1', 11.32, 1.0, 'A', 0, 1);
insert into notes_details values ('2011-2012', 'SEM-5', 'Yannick Dimecco', 'MAT-1', 11.32, 3.33, 'A', 3, 2);
insert into notes_details values ('2011-2012', 'SEM-5', 'Yannick Dimecco', 'MGP-1', 11.32, 1.0, 'A', 0, 1);
insert into notes_details values ('2011-2012', 'SEM-5', 'Yannick Dimecco', 'MGP-1', 11.32, 3.33, 'A', 4, 2);
insert into notes_details values ('2011-2012', 'SEM-5', 'Yannick Dimecco', 'PHO-1', 11.32, 1.67, 'A', 0, 1);
insert into notes_details values ('2011-2012', 'SEM-5', 'Yannick Dimecco', 'PHO-1', 11.32, 2.33, 'A', 3, 99);
insert into notes_details values ('2011-2012', 'SEM-5', 'Yannick Dimecco', 'PHQ-1', 11.32, 2.0, 'A', 0, 1);
insert into notes_details values ('2011-2012', 'SEM-5', 'Yannick Dimecco', 'PHQ-1', 11.32, 3.67, 'A', 3, 2);
insert into notes_details values ('2011-2012', 'SEM-5', 'Yannick Dimecco', 'SPM-1', 11.32, 1.0, 'A', 0, 1);
insert into notes_details values ('2011-2012', 'SEM-5', 'Yannick Dimecco', 'SPM-1', 11.32, 4.0, 'A', 3, 2);
insert into notes_details values ('2011-2012', 'SEM-6', 'Yannick Dimecco', 'DPP-2', 11.32, 2.0, 'A', 0, 1);
insert into notes_details values ('2011-2012', 'SEM-6', 'Yannick Dimecco', 'DPP-2', 11.32, 3.0, 'A', 1, 2);
insert into notes_details values ('2011-2012', 'SEM-6', 'Yannick Dimecco', 'EAO-2', 11.32, 1.67, 'A', 0, 1);
insert into notes_details values ('2011-2012', 'SEM-6', 'Yannick Dimecco', 'EAO-2', 11.32, 2.67, 'A', 3, 2);
insert into notes_details values ('2011-2012', 'SEM-6', 'Yannick Dimecco', 'ECO-2', 11.32, 4.0, 'A', 3, 1);
insert into notes_details values ('2011-2012', 'SEM-6', 'Yannick Dimecco', 'LCI-2', 11.32, 1.0, 'A', 0, 1);
insert into notes_details values ('2011-2012', 'SEM-6', 'Yannick Dimecco', 'LCI-2', 11.32, 4.0, 'A', 3, 2);
insert into notes_details values ('2011-2012', 'SEM-6', 'Yannick Dimecco', 'MAT-2', 11.32, 4.0, 'A', 2, 1);
insert into notes_details values ('2011-2012', 'SEM-6', 'Yannick Dimecco', 'MCO-2', 11.32, 2.0, 'A', 0, 1);
insert into notes_details values ('2011-2012', 'SEM-6', 'Yannick Dimecco', 'MCO-2', 11.32, 3.0, 'A', 2, 2);
insert into notes_details values ('2011-2012', 'SEM-6', 'Yannick Dimecco', 'MGP-2', 11.32, 2.33, 'A', 0, 1);
insert into notes_details values ('2011-2012', 'SEM-6', 'Yannick Dimecco', 'MGP-2', 11.32, 2.33, 'A', 4, 99);
insert into notes_details values ('2011-2012', 'SEM-6', 'Yannick Dimecco', 'PHS-2', 11.32, 3.67, 'A', 2, 1);
insert into notes_details values ('2011-2012', 'SEM-6', 'Yannick Dimecco', 'PJT-2', 11.32, 3.33, 'A', 1, 1);
insert into notes_details values ('2011-2012', 'SEM-6', 'Yannick Dimecco', 'RMS-2', 11.32, 1.67, 'A', 0, 1);
insert into notes_details values ('2011-2012', 'SEM-6', 'Yannick Dimecco', 'RMS-2', 11.32, 3.33, 'A', 4, 2);
insert into notes_details values ('2011-2012', 'SEM-6', 'Yannick Dimecco', 'STG-2', 11.32, 2.67, 'A', 2, 1);
insert into notes_details values ('2011-2012', 'SEM-6', 'Yannick Dimecco', 'THS-2', 11.32, 1.67, 'A', 0, 1);
insert into notes_details values ('2011-2012', 'SEM-6', 'Yannick Dimecco', 'THS-2', 11.32, 4.0, 'A', 3, 2);
insert into notes_details values ('2012-2013', 'SEM-7', 'Yannick Dimecco', 'ASL-3', 11.32, 3.33, 'A', 2, 1);
insert into notes_details values ('2012-2013', 'SEM-7', 'Yannick Dimecco', 'DPP-3', 11.32, 2.33, 'A', 0, 1);
insert into notes_details values ('2012-2013', 'SEM-7', 'Yannick Dimecco', 'DPP-3', 11.32, 3.33, 'A', 2, 2);
insert into notes_details values ('2012-2013', 'SEM-7', 'Yannick Dimecco', 'EAO-31', 11.32, 1.67, 'A', 0, 1);
insert into notes_details values ('2012-2013', 'SEM-7', 'Yannick Dimecco', 'EAO-31', 11.32, 4.0, 'A', 2, 2);
insert into notes_details values ('2012-2013', 'SEM-7', 'Yannick Dimecco', 'EAO-32', 11.32, 1.67, 'A', 0, 1);
insert into notes_details values ('2012-2013', 'SEM-7', 'Yannick Dimecco', 'EAO-32', 11.32, 2.33, 'A', 2, 99);
insert into notes_details values ('2012-2013', 'SEM-7', 'Yannick Dimecco', 'EAO-33', 11.32, 1.33, 'A', 0, 1);
insert into notes_details values ('2012-2013', 'SEM-7', 'Yannick Dimecco', 'EAO-33', 11.32, 3.33, 'A', 2, 2);
insert into notes_details values ('2012-2013', 'SEM-7', 'Yannick Dimecco', 'EAO-34', 11.32, 2.33, 'A', 0, 1);
insert into notes_details values ('2012-2013', 'SEM-7', 'Yannick Dimecco', 'EAO-34', 11.32, 1.67, 'A', 0, 2);
insert into contentieux values ('2012-2013', 'SEM-7', 'Yannick Dimecco', 'EAO-34');
insert into notes_details values ('2012-2013', 'SEM-7', 'Yannick Dimecco', 'EAO-35', 11.32, 3.0, 'A', 2, 1);
insert into notes_details values ('2012-2013', 'SEM-7', 'Yannick Dimecco', 'LCI-3', 11.32, 3.0, 'A', 3, 1);
insert into notes_details values ('2012-2013', 'SEM-7', 'Yannick Dimecco', 'MAT-3', 11.32, 1.0, 'A', 0, 1);
insert into notes_details values ('2012-2013', 'SEM-7', 'Yannick Dimecco', 'MAT-3', 11.32, 2.0, 'A', 0, 2);
insert into contentieux values ('2012-2013', 'SEM-7', 'Yannick Dimecco', 'MAT-3');
insert into notes_details values ('2012-2013', 'SEM-7', 'Yannick Dimecco', 'MNG-3', 11.32, 4.0, 'A', 3, 1);
insert into notes_details values ('2012-2013', 'SEM-7', 'Yannick Dimecco', 'PJT-3', 11.32, 2.0, 'A', 0, 1);
insert into notes_details values ('2012-2013', 'SEM-7', 'Yannick Dimecco', 'PJT-3', 11.32, 1.0, 'A', 0, 2);
insert into contentieux values ('2012-2013', 'SEM-7', 'Yannick Dimecco', 'PJT-3');
insert into notes_details values ('2012-2013', 'SEM-7', 'Yannick Dimecco', 'STD-3', 11.32, 3.67, 'A', 2, 1);
insert into gpa values ('2011-2012', 'SEM-5', 'Yannick Dimecco', 2.75);
insert into gpa values ('2011-2012', 'SEM-6', 'Yannick Dimecco', 3.81);
insert into gpa values ('2012-2013', 'SEM-7', 'Yannick Dimecco', 2.74);
insert into eleves values ('Searlas Picard', 1, 'S', 'Tres bien', 'MP', null, 'spicard');
insert into notes_details values ('2010-2011', 'SEM-5', 'Searlas Picard', 'ALG-1', 11.32, 1.67, 'A', 0, 1);
insert into notes_details values ('2010-2011', 'SEM-5', 'Searlas Picard', 'ALG-1', 11.32, 1.0, 'A', 3, 99);
insert into notes_details values ('2010-2011', 'SEM-5', 'Searlas Picard', 'DPP-1', 11.32, 3.67, 'A', 2, 1);
insert into notes_details values ('2010-2011', 'SEM-5', 'Searlas Picard', 'ELE-1', 11.32, 4.0, 'A', 3, 1);
insert into notes_details values ('2010-2011', 'SEM-5', 'Searlas Picard', 'INP-1', 11.32, 1.33, 'A', 0, 1);
insert into notes_details values ('2010-2011', 'SEM-5', 'Searlas Picard', 'INP-1', 11.32, 1.67, 'A', 3, 99);
insert into notes_details values ('2010-2011', 'SEM-5', 'Searlas Picard', 'LCI-1', 11.32, 1.0, 'A', 0, 1);
insert into notes_details values ('2010-2011', 'SEM-5', 'Searlas Picard', 'LCI-1', 11.32, 4.0, 'A', 3, 2);
insert into notes_details values ('2010-2011', 'SEM-5', 'Searlas Picard', 'MAT-1', 11.32, 2.0, 'A', 0, 1);
insert into notes_details values ('2010-2011', 'SEM-5', 'Searlas Picard', 'MAT-1', 11.32, 3.67, 'A', 3, 2);
insert into notes_details values ('2010-2011', 'SEM-5', 'Searlas Picard', 'MGP-1', 11.32, 3.0, 'A', 4, 1);
insert into notes_details values ('2010-2011', 'SEM-5', 'Searlas Picard', 'PHO-1', 11.32, 2.67, 'A', 3, 1);
insert into notes_details values ('2010-2011', 'SEM-5', 'Searlas Picard', 'PHQ-1', 11.32, 1.67, 'A', 0, 1);
insert into notes_details values ('2010-2011', 'SEM-5', 'Searlas Picard', 'PHQ-1', 11.32, 4.0, 'A', 3, 2);
insert into notes_details values ('2010-2011', 'SEM-5', 'Searlas Picard', 'SPM-1', 11.32, 1.67, 'A', 0, 1);
insert into notes_details values ('2010-2011', 'SEM-5', 'Searlas Picard', 'SPM-1', 11.32, 2.67, 'A', 3, 2);
insert into notes_details values ('2010-2011', 'SEM-6', 'Searlas Picard', 'DPP-2', 11.32, 1.0, 'A', 0, 1);
insert into notes_details values ('2010-2011', 'SEM-6', 'Searlas Picard', 'DPP-2', 11.32, 4.0, 'A', 1, 2);
insert into notes_details values ('2010-2011', 'SEM-6', 'Searlas Picard', 'EAO-2', 11.32, 1.67, 'A', 0, 1);
insert into notes_details values ('2010-2011', 'SEM-6', 'Searlas Picard', 'EAO-2', 11.32, 3.67, 'A', 3, 2);
insert into notes_details values ('2010-2011', 'SEM-6', 'Searlas Picard', 'ECO-2', 11.32, 2.0, 'A', 0, 1);
insert into notes_details values ('2010-2011', 'SEM-6', 'Searlas Picard', 'ECO-2', 11.32, 3.33, 'A', 3, 2);
insert into notes_details values ('2010-2011', 'SEM-6', 'Searlas Picard', 'LCI-2', 11.32, 2.67, 'A', 3, 1);
insert into notes_details values ('2010-2011', 'SEM-6', 'Searlas Picard', 'MAT-2', 11.32, 2.33, 'A', 0, 1);
insert into notes_details values ('2010-2011', 'SEM-6', 'Searlas Picard', 'MAT-2', 11.32, 3.67, 'A', 2, 2);
insert into notes_details values ('2010-2011', 'SEM-6', 'Searlas Picard', 'MCO-2', 11.32, 1.67, 'A', 0, 1);
insert into notes_details values ('2010-2011', 'SEM-6', 'Searlas Picard', 'MCO-2', 11.32, 3.67, 'A', 2, 2);
insert into notes_details values ('2010-2011', 'SEM-6', 'Searlas Picard', 'MGP-2', 11.32, 3.0, 'A', 4, 1);
insert into notes_details values ('2010-2011', 'SEM-6', 'Searlas Picard', 'PHS-2', 11.32, 1.0, 'A', 0, 1);
insert into notes_details values ('2010-2011', 'SEM-6', 'Searlas Picard', 'PHS-2', 11.32, 1.0, 'A', 2, 99);
insert into notes_details values ('2010-2011', 'SEM-6', 'Searlas Picard', 'PJT-2', 11.32, 3.33, 'A', 1, 1);
insert into notes_details values ('2010-2011', 'SEM-6', 'Searlas Picard', 'RMS-2', 11.32, 2.0, 'A', 0, 1);
insert into notes_details values ('2010-2011', 'SEM-6', 'Searlas Picard', 'RMS-2', 11.32, 2.67, 'A', 4, 2);
insert into notes_details values ('2010-2011', 'SEM-6', 'Searlas Picard', 'STG-2', 11.32, 3.0, 'A', 2, 1);
insert into notes_details values ('2010-2011', 'SEM-6', 'Searlas Picard', 'THS-2', 11.32, 2.33, 'A', 0, 1);
insert into notes_details values ('2010-2011', 'SEM-6', 'Searlas Picard', 'THS-2', 11.32, 3.67, 'A', 3, 2);
insert into notes_details values ('2011-2012', 'SEM-7', 'Searlas Picard', 'ASL-3', 11.32, 3.67, 'A', 2, 1);
insert into notes_details values ('2011-2012', 'SEM-7', 'Searlas Picard', 'DPP-3', 11.32, 2.33, 'A', 0, 1);
insert into notes_details values ('2011-2012', 'SEM-7', 'Searlas Picard', 'DPP-3', 11.32, 1.67, 'A', 0, 2);
insert into contentieux values ('2011-2012', 'SEM-7', 'Searlas Picard', 'DPP-3');
insert into notes_details values ('2011-2012', 'SEM-7', 'Searlas Picard', 'EAO-31', 11.32, 2.33, 'A', 0, 1);
insert into notes_details values ('2011-2012', 'SEM-7', 'Searlas Picard', 'EAO-31', 11.32, 1.67, 'A', 0, 2);
insert into contentieux values ('2011-2012', 'SEM-7', 'Searlas Picard', 'EAO-31');
insert into notes_details values ('2011-2012', 'SEM-7', 'Searlas Picard', 'EAO-32', 11.32, 2.33, 'A', 0, 1);
insert into notes_details values ('2011-2012', 'SEM-7', 'Searlas Picard', 'EAO-32', 11.32, 1.33, 'A', 0, 2);
insert into contentieux values ('2011-2012', 'SEM-7', 'Searlas Picard', 'EAO-32');
insert into notes_details values ('2011-2012', 'SEM-7', 'Searlas Picard', 'EAO-33', 11.32, 1.67, 'A', 0, 1);
insert into notes_details values ('2011-2012', 'SEM-7', 'Searlas Picard', 'EAO-33', 11.32, 3.33, 'A', 2, 2);
insert into notes_details values ('2011-2012', 'SEM-7', 'Searlas Picard', 'EAO-34', 11.32, 2.67, 'A', 2, 1);
insert into notes_details values ('2011-2012', 'SEM-7', 'Searlas Picard', 'EAO-35', 11.32, 1.33, 'A', 0, 1);
insert into notes_details values ('2011-2012', 'SEM-7', 'Searlas Picard', 'EAO-35', 11.32, 1.0, 'A', 0, 2);
insert into contentieux values ('2011-2012', 'SEM-7', 'Searlas Picard', 'EAO-35');
insert into notes_details values ('2011-2012', 'SEM-7', 'Searlas Picard', 'LCI-3', 11.32, 3.67, 'A', 3, 1);
insert into notes_details values ('2011-2012', 'SEM-7', 'Searlas Picard', 'MAT-3', 11.32, 1.33, 'A', 0, 1);
insert into notes_details values ('2011-2012', 'SEM-7', 'Searlas Picard', 'MAT-3', 11.32, 1.67, 'A', 3, 99);
insert into notes_details values ('2011-2012', 'SEM-7', 'Searlas Picard', 'MNG-3', 11.32, 1.33, 'A', 0, 1);
insert into notes_details values ('2011-2012', 'SEM-7', 'Searlas Picard', 'MNG-3', 11.32, 2.33, 'A', 0, 2);
insert into contentieux values ('2011-2012', 'SEM-7', 'Searlas Picard', 'MNG-3');
insert into notes_details values ('2011-2012', 'SEM-7', 'Searlas Picard', 'PJT-3', 11.32, 3.33, 'A', 5, 1);
insert into notes_details values ('2011-2012', 'SEM-7', 'Searlas Picard', 'STD-3', 11.32, 1.67, 'A', 0, 1);
insert into notes_details values ('2011-2012', 'SEM-7', 'Searlas Picard', 'STD-3', 11.32, 1.0, 'A', 0, 2);
insert into contentieux values ('2011-2012', 'SEM-7', 'Searlas Picard', 'STD-3');
insert into gpa values ('2010-2011', 'SEM-5', 'Searlas Picard', 2.74);
insert into gpa values ('2010-2011', 'SEM-6', 'Searlas Picard', 3.98);
insert into gpa values ('2011-2012', 'SEM-7', 'Searlas Picard', 2.73);
